domain,name,n_nodes,n_edges,method,level,value,coarsen_seconds,n_nodes_reduced,n_edges_reduced
Biological,Fonseca_Ganade_plant-ant_web_Fonseca_Ganade_plant-ant_web,29,38,variation_neighborhood,100,0.902127659574468,0.0,29.0,38.0
Biological,Fonseca_Ganade_plant-ant_web_Fonseca_Ganade_plant-ant_web,29,38,variation_neighborhood,80,0.8939213349225268,0.014836708,24.0,29.0
Biological,Fonseca_Ganade_plant-ant_web_Fonseca_Ganade_plant-ant_web,29,38,variation_neighborhood,60,0.9712230215827338,0.0087709579999999,18.0,20.0
Biological,Fonseca_Ganade_plant-ant_web_Fonseca_Ganade_plant-ant_web,29,38,variation_neighborhood,40,0.9281437125748504,0.0072656669999999,12.0,14.0
Biological,Fonseca_Ganade_plant-ant_web_Fonseca_Ganade_plant-ant_web,29,38,variation_neighborhood,20,1.0377358490566038,0.0080445829999999,6.0,6.0
Biological,Fonseca_Ganade_plant-ant_web_Fonseca_Ganade_plant-ant_web,29,38,variation_edges,100,0.8796680497925311,0.0,29.0,38.0
Biological,Fonseca_Ganade_plant-ant_web_Fonseca_Ganade_plant-ant_web,29,38,variation_edges,80,0.8307045215562566,0.0090222080000001,24.0,32.0
Biological,Fonseca_Ganade_plant-ant_web_Fonseca_Ganade_plant-ant_web,29,38,variation_edges,60,0.8656716417910447,0.0075512910000001,19.0,25.0
Biological,Fonseca_Ganade_plant-ant_web_Fonseca_Ganade_plant-ant_web,29,38,variation_edges,40,0.9703504043126684,0.0066773340000001,13.0,14.0
Biological,Fonseca_Ganade_plant-ant_web_Fonseca_Ganade_plant-ant_web,29,38,variation_edges,20,1.2,0.0060044169999999,6.0,6.0
Biological,Aishihik_Lake_host-parasite_web_Aishihik_Lake_host-parasite_web,36,78,variation_neighborhood,100,0.5625935162094763,0.0,36.0,78.0
Biological,Aishihik_Lake_host-parasite_web_Aishihik_Lake_host-parasite_web,36,78,variation_neighborhood,80,0.6275033377837116,0.0192583750000001,30.0,49.0
Biological,Aishihik_Lake_host-parasite_web_Aishihik_Lake_host-parasite_web,36,78,variation_neighborhood,60,0.7291666666666666,0.0156569159999999,23.0,33.0
Biological,Aishihik_Lake_host-parasite_web_Aishihik_Lake_host-parasite_web,36,78,variation_neighborhood,40,0.9544468546637744,0.0107887499999999,16.0,18.0
Biological,Aishihik_Lake_host-parasite_web_Aishihik_Lake_host-parasite_web,36,78,variation_neighborhood,20,0.8955223880597014,0.0093796670000001,8.0,10.0
Biological,Aishihik_Lake_host-parasite_web_Aishihik_Lake_host-parasite_web,36,78,variation_edges,100,0.5683192261185006,0.0,36.0,78.0
Biological,Aishihik_Lake_host-parasite_web_Aishihik_Lake_host-parasite_web,36,78,variation_edges,80,0.8091853471842536,0.0153319579999999,29.0,65.0
Biological,Aishihik_Lake_host-parasite_web_Aishihik_Lake_host-parasite_web,36,78,variation_edges,60,0.848,0.0122004590000002,22.0,50.0
Biological,Aishihik_Lake_host-parasite_web_Aishihik_Lake_host-parasite_web,36,78,variation_edges,40,0.9889624724061812,0.0096375829999999,16.0,27.0
Biological,Aishihik_Lake_host-parasite_web_Aishihik_Lake_host-parasite_web,36,78,variation_edges,20,0.8708708708708709,0.0087237079999997,12.0,14.0
Biological,Binary_interactomes_various species_2012_C_elegans_nematode_binary_lc,50,53,variation_neighborhood,100,0.7512953367875648,0.0,50.0,53.0
Biological,Binary_interactomes_various species_2012_C_elegans_nematode_binary_lc,50,53,variation_neighborhood,80,0.8695652173913044,0.02340475,41.0,44.0
Biological,Binary_interactomes_various species_2012_C_elegans_nematode_binary_lc,50,53,variation_neighborhood,60,0.8533333333333334,0.0185166250000001,32.0,34.0
Biological,Binary_interactomes_various species_2012_C_elegans_nematode_binary_lc,50,53,variation_neighborhood,40,1.036036036036036,0.013377959,21.0,23.0
Biological,Binary_interactomes_various species_2012_C_elegans_nematode_binary_lc,50,53,variation_neighborhood,20,0.8928571428571429,0.011310791,10.0,10.0
Biological,Binary_interactomes_various species_2012_C_elegans_nematode_binary_lc,50,53,variation_edges,100,0.7659799260433174,0.0,50.0,53.0
Biological,Binary_interactomes_various species_2012_C_elegans_nematode_binary_lc,50,53,variation_edges,80,0.8286908077994429,0.0154164999999997,40.0,43.0
Biological,Binary_interactomes_various species_2012_C_elegans_nematode_binary_lc,50,53,variation_edges,60,0.7833163784333672,0.0124214170000001,30.0,31.0
Biological,Binary_interactomes_various species_2012_C_elegans_nematode_binary_lc,50,53,variation_edges,40,0.743801652892562,0.0104342920000002,20.0,20.0
Biological,Binary_interactomes_various species_2012_C_elegans_nematode_binary_lc,50,53,variation_edges,20,0.6970509383378016,0.0106491669999999,15.0,14.0
Biological,Parsnip_and_McGregor_host-parasite_webs_Parsnip_River,70,158,variation_neighborhood,100,0.7192362093352193,0.0,70.0,158.0
Biological,Parsnip_and_McGregor_host-parasite_webs_Parsnip_River,70,158,variation_neighborhood,80,0.7205950720595072,0.052072791,57.0,114.0
Biological,Parsnip_and_McGregor_host-parasite_webs_Parsnip_River,70,158,variation_neighborhood,60,0.7066869300911853,0.0254854169999996,42.0,63.0
Biological,Parsnip_and_McGregor_host-parasite_webs_Parsnip_River,70,158,variation_neighborhood,40,0.8554572271386431,0.0193601249999999,28.0,45.0
Biological,Parsnip_and_McGregor_host-parasite_webs_Parsnip_River,70,158,variation_neighborhood,20,0.8979591836734694,0.0164704579999996,14.0,21.0
Biological,Parsnip_and_McGregor_host-parasite_webs_Parsnip_River,70,158,variation_edges,100,0.724707391374058,0.0,70.0,158.0
Biological,Parsnip_and_McGregor_host-parasite_webs_Parsnip_River,70,158,variation_edges,80,0.7773851590106007,0.0389427910000002,56.0,135.0
Biological,Parsnip_and_McGregor_host-parasite_webs_Parsnip_River,70,158,variation_edges,60,0.8078880407124682,0.030009042,42.0,93.0
Biological,Parsnip_and_McGregor_host-parasite_webs_Parsnip_River,70,158,variation_edges,40,0.7881210736721873,0.0189005409999998,29.0,59.0
Biological,Parsnip_and_McGregor_host-parasite_webs_Parsnip_River,70,158,variation_edges,20,0.8977556109725685,0.0128942919999999,16.0,22.0
Biological,56e98770a6d70217090cdd7f,84,86,variation_neighborhood,100,0.8298631766805473,0.0,84.0,86.0
Biological,56e98770a6d70217090cdd7f,84,86,variation_neighborhood,80,0.9146110056925996,0.0431349170000001,68.0,70.0
Biological,56e98770a6d70217090cdd7f,84,86,variation_neighborhood,60,1.0228471001757469,0.031161875,51.0,53.0
Biological,56e98770a6d70217090cdd7f,84,86,variation_neighborhood,40,1.0740740740740742,0.0251027920000002,34.0,34.0
Biological,56e98770a6d70217090cdd7f,84,86,variation_neighborhood,20,0.9906542056074766,0.0214954999999998,19.0,19.0
Biological,56e98770a6d70217090cdd7f,84,86,variation_edges,100,0.8189823874755381,0.0,84.0,86.0
Biological,56e98770a6d70217090cdd7f,84,86,variation_edges,80,0.871475649945075,0.0363708749999998,68.0,70.0
Biological,56e98770a6d70217090cdd7f,84,86,variation_edges,60,0.98159509202454,0.026760625,53.0,54.0
Biological,56e98770a6d70217090cdd7f,84,86,variation_edges,40,0.8868778280542986,0.014578417,34.0,34.0
Biological,56e98770a6d70217090cdd7f,84,86,variation_edges,20,0.8101851851851851,0.0103102920000002,17.0,16.0
Biological,Barrett_Helenurm_plant-pollinator_web_Barrett_Helenurm_plant-pollinator_web,112,166,variation_neighborhood,100,0.5166303162486369,0.0,112.0,166.0
Biological,Barrett_Helenurm_plant-pollinator_web_Barrett_Helenurm_plant-pollinator_web,112,166,variation_neighborhood,80,0.4556768140915183,0.0799997910000001,91.0,123.0
Biological,Barrett_Helenurm_plant-pollinator_web_Barrett_Helenurm_plant-pollinator_web,112,166,variation_neighborhood,60,0.5202474690663667,0.0495069169999999,68.0,91.0
Biological,Barrett_Helenurm_plant-pollinator_web_Barrett_Helenurm_plant-pollinator_web,112,166,variation_neighborhood,40,0.6756598240469208,0.0297053329999998,45.0,61.0
Biological,Barrett_Helenurm_plant-pollinator_web_Barrett_Helenurm_plant-pollinator_web,112,166,variation_neighborhood,20,0.8686210640608035,0.0186627909999996,23.0,33.0
Biological,Barrett_Helenurm_plant-pollinator_web_Barrett_Helenurm_plant-pollinator_web,112,166,variation_edges,100,0.5148057593045368,0.0,112.0,166.0
Biological,Barrett_Helenurm_plant-pollinator_web_Barrett_Helenurm_plant-pollinator_web,112,166,variation_edges,80,0.5379759321365162,0.0718225829999998,91.0,133.0
Biological,Barrett_Helenurm_plant-pollinator_web_Barrett_Helenurm_plant-pollinator_web,112,166,variation_edges,60,0.4759881002974925,0.0413838750000001,69.0,89.0
Biological,Barrett_Helenurm_plant-pollinator_web_Barrett_Helenurm_plant-pollinator_web,112,166,variation_edges,40,0.5755775577557756,0.032025291,47.0,52.0
Biological,Barrett_Helenurm_plant-pollinator_web_Barrett_Helenurm_plant-pollinator_web,112,166,variation_edges,20,0.3780487804878049,0.03019725,46.0,46.0
Biological,Binary_interactomes_various species_2012_A_thaliana_mustard_cocomp_hq,128,134,variation_neighborhood,100,0.3497869318181817,0.0,128.0,134.0
Biological,Binary_interactomes_various species_2012_A_thaliana_mustard_cocomp_hq,128,134,variation_neighborhood,80,0.2197802197802198,0.0715150420000001,106.0,109.0
Biological,Binary_interactomes_various species_2012_A_thaliana_mustard_cocomp_hq,128,134,variation_neighborhood,60,0.1263712154453707,0.0706935829999997,94.0,93.0
Biological,Binary_interactomes_various species_2012_A_thaliana_mustard_cocomp_hq,128,134,variation_neighborhood,40,0.1298701298701298,0.069536625,94.0,93.0
Biological,Binary_interactomes_various species_2012_A_thaliana_mustard_cocomp_hq,128,134,variation_neighborhood,20,0.574585635359116,0.0196806660000001,26.0,29.0
Biological,Binary_interactomes_various species_2012_A_thaliana_mustard_cocomp_hq,128,134,variation_edges,100,0.3415987515172533,0.0,128.0,134.0
Biological,Binary_interactomes_various species_2012_A_thaliana_mustard_cocomp_hq,128,134,variation_edges,80,0.1781844449795328,0.0598278750000003,103.0,103.0
Biological,Binary_interactomes_various species_2012_A_thaliana_mustard_cocomp_hq,128,134,variation_edges,60,0.1850582590815627,0.0635857080000001,100.0,99.0
Biological,Binary_interactomes_various species_2012_A_thaliana_mustard_cocomp_hq,128,134,variation_edges,40,0.1705069124423963,0.069902458,100.0,99.0
Biological,Binary_interactomes_various species_2012_A_thaliana_mustard_cocomp_hq,128,134,variation_edges,20,0.1849037487335359,0.0593344579999994,100.0,99.0
Biological,573f4b0f3d097b601f7bab26,155,744,variation_neighborhood,100,0.8940603757903173,0.0,155.0,744.0
Biological,573f4b0f3d097b601f7bab26,155,744,variation_neighborhood,80,0.8727910427627141,0.2989113750000003,125.0,510.0
Biological,573f4b0f3d097b601f7bab26,155,744,variation_neighborhood,60,0.9221536641027808,0.1234822920000002,93.0,286.0
Biological,573f4b0f3d097b601f7bab26,155,744,variation_neighborhood,40,0.9136573445560684,0.0789792919999996,62.0,204.0
Biological,573f4b0f3d097b601f7bab26,155,744,variation_neighborhood,20,0.8136614766449021,0.0457154590000001,31.0,66.0
Biological,573f4b0f3d097b601f7bab26,155,744,variation_edges,100,0.8935299178260998,0.0,155.0,744.0
Biological,573f4b0f3d097b601f7bab26,155,744,variation_edges,80,0.8798969530070179,0.1759043340000001,124.0,530.0
Biological,573f4b0f3d097b601f7bab26,155,744,variation_edges,60,0.8794613597092296,0.1259344169999998,93.0,439.0
Biological,573f4b0f3d097b601f7bab26,155,744,variation_edges,40,0.8511445554571898,0.0687381250000003,63.0,230.0
Biological,573f4b0f3d097b601f7bab26,155,744,variation_edges,20,0.8022388059701492,0.0299872920000003,32.0,69.0
Biological,56e98770a6d70217090cde4f,192,307,variation_neighborhood,100,0.8375767071419246,0.0,192.0,307.0
Biological,56e98770a6d70217090cde4f,192,307,variation_neighborhood,80,0.8351741716227697,0.1931839169999998,155.0,245.0
Biological,56e98770a6d70217090cde4f,192,307,variation_neighborhood,60,0.8636479267361994,0.1162510829999998,116.0,174.0
Biological,56e98770a6d70217090cde4f,192,307,variation_neighborhood,40,0.8761826408885233,0.074858292,78.0,119.0
Biological,56e98770a6d70217090cde4f,192,307,variation_neighborhood,20,0.9929435483870968,0.046296292,39.0,60.0
Biological,56e98770a6d70217090cde4f,192,307,variation_edges,100,0.836539088478842,0.0,192.0,307.0
Biological,56e98770a6d70217090cde4f,192,307,variation_edges,80,0.8574007220216606,0.1580920829999996,154.0,235.0
Biological,56e98770a6d70217090cde4f,192,307,variation_edges,60,0.8695652173913043,0.1123205,116.0,172.0
Biological,56e98770a6d70217090cde4f,192,307,variation_edges,40,0.9168539325842696,0.0536691249999998,77.0,112.0
Biological,56e98770a6d70217090cde4f,192,307,variation_edges,20,0.9465776293823038,0.0270786249999996,39.0,59.0
Biological,Malaria_var_DBLa_HVR_networks_HVR_networks_8,273,3933,variation_neighborhood,100,0.6807811535025392,0.0,273.0,3933.0
Biological,Malaria_var_DBLa_HVR_networks_HVR_networks_8,273,3933,variation_neighborhood,80,0.643355763788441,0.771593417000001,220.0,2202.0
Biological,Malaria_var_DBLa_HVR_networks_HVR_networks_8,273,3933,variation_neighborhood,60,0.6473704612999095,0.396443875000001,164.0,847.0
Biological,Malaria_var_DBLa_HVR_networks_HVR_networks_8,273,3933,variation_neighborhood,40,0.7379636937647988,0.235709374999999,110.0,420.0
Biological,Malaria_var_DBLa_HVR_networks_HVR_networks_8,273,3933,variation_neighborhood,20,0.8448182311448724,0.1176096669999999,55.0,178.0
Biological,Malaria_var_DBLa_HVR_networks_HVR_networks_8,273,3933,variation_edges,100,0.6820939816650446,0.0,273.0,3933.0
Biological,Malaria_var_DBLa_HVR_networks_HVR_networks_8,273,3933,variation_edges,80,0.776161052421766,0.6401770829999993,219.0,2354.0
Biological,Malaria_var_DBLa_HVR_networks_HVR_networks_8,273,3933,variation_edges,60,0.8093688131270763,0.3672153750000007,164.0,1480.0
Biological,Malaria_var_DBLa_HVR_networks_HVR_networks_8,273,3933,variation_edges,40,0.8295598623437783,0.1940320409999998,110.0,727.0
Biological,Malaria_var_DBLa_HVR_networks_HVR_networks_8,273,3933,variation_edges,20,0.878330582409809,0.0864932499999984,55.0,274.0
Biological,Malaria_var_DBLa_HVR_networks_HVR_networks_9,297,7562,variation_neighborhood,100,0.6510012884627984,0.0,297.0,7562.0
Biological,Malaria_var_DBLa_HVR_networks_HVR_networks_9,297,7562,variation_neighborhood,80,0.7360049803471594,1.0519509580000008,239.0,4375.0
Biological,Malaria_var_DBLa_HVR_networks_HVR_networks_9,297,7562,variation_neighborhood,60,0.7163314663951119,0.659392458000001,180.0,2612.0
Biological,Malaria_var_DBLa_HVR_networks_HVR_networks_9,297,7562,variation_neighborhood,40,0.7720315398886828,0.4376557500000011,120.0,1268.0
Biological,Malaria_var_DBLa_HVR_networks_HVR_networks_9,297,7562,variation_neighborhood,20,0.8107638888888888,0.2171262499999997,60.0,397.0
Biological,Malaria_var_DBLa_HVR_networks_HVR_networks_9,297,7562,variation_edges,100,0.6522975929978119,0.0,297.0,7562.0
Biological,Malaria_var_DBLa_HVR_networks_HVR_networks_9,297,7562,variation_edges,80,0.7687299951174523,0.8474465420000001,238.0,4498.0
Biological,Malaria_var_DBLa_HVR_networks_HVR_networks_9,297,7562,variation_edges,60,0.8076353921480997,0.497170208,179.0,2938.0
Biological,Malaria_var_DBLa_HVR_networks_HVR_networks_9,297,7562,variation_edges,40,0.8538285875957399,0.3213953750000016,119.0,1625.0
Biological,Malaria_var_DBLa_HVR_networks_HVR_networks_9,297,7562,variation_edges,20,0.855794226296347,0.125956084000002,60.0,646.0
Biological,56e98770a6d70217090cdd80,332,412,variation_neighborhood,100,0.8757590977580932,0.0,332.0,412.0
Biological,56e98770a6d70217090cdd80,332,412,variation_neighborhood,80,0.88107202680067,0.4368947079999969,266.0,344.0
Biological,56e98770a6d70217090cdd80,332,412,variation_neighborhood,60,0.9242718446601942,0.261087916000001,201.0,261.0
Biological,56e98770a6d70217090cdd80,332,412,variation_neighborhood,40,0.9294342021614748,0.1618501250000008,133.0,175.0
Biological,56e98770a6d70217090cdd80,332,412,variation_neighborhood,20,0.9468934397778548,0.095711915999999,67.0,92.0
Biological,56e98770a6d70217090cdd80,332,412,variation_edges,100,0.8727702948671278,0.0,332.0,412.0
Biological,56e98770a6d70217090cdd80,332,412,variation_edges,80,0.8897041962852557,0.3697344579999999,266.0,343.0
Biological,56e98770a6d70217090cdd80,332,412,variation_edges,60,0.905100167611142,0.2380354999999987,200.0,255.0
Biological,56e98770a6d70217090cdd80,332,412,variation_edges,40,0.9262709608730372,0.121348790999999,133.0,168.0
Biological,56e98770a6d70217090cdd80,332,412,variation_edges,20,0.9363944298080542,0.0490740840000007,67.0,84.0
Biological,Clements_Long_plant-pollinator_web_Clements_Long_plant-pollinator_web,361,918,variation_neighborhood,100,0.7869674185463659,0.0,361.0,918.0
Biological,Clements_Long_plant-pollinator_web_Clements_Long_plant-pollinator_web,361,918,variation_neighborhood,80,0.7458377442017131,0.7288530829999971,289.0,742.0
Biological,Clements_Long_plant-pollinator_web_Clements_Long_plant-pollinator_web,361,918,variation_neighborhood,60,0.6873679919961463,0.4672708750000005,217.0,515.0
Biological,Clements_Long_plant-pollinator_web_Clements_Long_plant-pollinator_web,361,918,variation_neighborhood,40,0.7225536688593137,0.2921844999999976,145.0,413.0
Biological,Clements_Long_plant-pollinator_web_Clements_Long_plant-pollinator_web,361,918,variation_neighborhood,20,0.8232105210320249,0.1261152909999978,74.0,263.0
Biological,Clements_Long_plant-pollinator_web_Clements_Long_plant-pollinator_web,361,918,variation_edges,100,0.791907190494872,0.0,361.0,918.0
Biological,Clements_Long_plant-pollinator_web_Clements_Long_plant-pollinator_web,361,918,variation_edges,80,0.8256565526423157,0.7697548330000004,289.0,834.0
Biological,Clements_Long_plant-pollinator_web_Clements_Long_plant-pollinator_web,361,918,variation_edges,60,0.7982385412144142,0.421118959000001,217.0,619.0
Biological,Clements_Long_plant-pollinator_web_Clements_Long_plant-pollinator_web,361,918,variation_edges,40,0.6714383094751193,0.1958601249999993,145.0,309.0
Biological,Clements_Long_plant-pollinator_web_Clements_Long_plant-pollinator_web,361,918,variation_edges,20,0.2219026094103143,0.1005456250000023,97.0,117.0
Biological,56e9e0d7a6d70217090cdfef,598,1425,variation_neighborhood,100,0.7674776179623349,0.0,598.0,1425.0
Biological,56e9e0d7a6d70217090cdfef,598,1425,variation_neighborhood,80,0.7611940298507462,2.044321249999999,480.0,1152.0
Biological,56e9e0d7a6d70217090cdfef,598,1425,variation_neighborhood,60,0.7402659830155425,1.2487559579999967,360.0,960.0
Biological,56e9e0d7a6d70217090cdfef,598,1425,variation_neighborhood,40,0.7564211120519333,0.7464034159999997,240.0,803.0
Biological,56e9e0d7a6d70217090cdfef,598,1425,variation_neighborhood,20,0.6908094948265369,0.3666142080000014,120.0,366.0
Biological,56e9e0d7a6d70217090cdfef,598,1425,variation_edges,100,0.7700387317009125,0.0,598.0,1425.0
Biological,56e9e0d7a6d70217090cdfef,598,1425,variation_edges,80,0.7527472527472527,1.949015750000001,479.0,1266.0
Biological,56e9e0d7a6d70217090cdfef,598,1425,variation_edges,60,0.7453743333113847,1.2949363330000023,359.0,1043.0
Biological,56e9e0d7a6d70217090cdfef,598,1425,variation_edges,40,0.7359751670964028,0.6195194169999994,240.0,749.0
Biological,56e9e0d7a6d70217090cdfef,598,1425,variation_edges,20,0.6664350243224462,0.2556329579999996,120.0,317.0
Biological,C_elegans_interactomes_2009_Genetic,683,1543,variation_neighborhood,100,0.792771728900205,0.0,683.0,1543.0
Biological,C_elegans_interactomes_2009_Genetic,683,1543,variation_neighborhood,80,0.7729251649763607,2.2681402499999948,547.0,1265.0
Biological,C_elegans_interactomes_2009_Genetic,683,1543,variation_neighborhood,60,0.7975065640237913,1.491592040999997,410.0,940.0
Biological,C_elegans_interactomes_2009_Genetic,683,1543,variation_neighborhood,40,0.8765271894816737,0.802384625000002,275.0,741.0
Biological,C_elegans_interactomes_2009_Genetic,683,1543,variation_neighborhood,20,0.8860692008316895,0.3617727919999964,137.0,402.0
Biological,C_elegans_interactomes_2009_Genetic,683,1543,variation_edges,100,0.7923399873257287,0.0,683.0,1543.0
Biological,C_elegans_interactomes_2009_Genetic,683,1543,variation_edges,80,0.8090778377958264,2.237653917000003,547.0,1225.0
Biological,C_elegans_interactomes_2009_Genetic,683,1543,variation_edges,60,0.8029158982567243,1.405232374999997,410.0,960.0
Biological,C_elegans_interactomes_2009_Genetic,683,1543,variation_edges,40,0.8217643764553306,0.6224720409999946,274.0,617.0
Biological,C_elegans_interactomes_2009_Genetic,683,1543,variation_edges,20,0.7405626352488579,0.2484431249999943,137.0,262.0
Biological,56e9e0d7a6d70217090cdfe0,783,1986,variation_neighborhood,100,0.7752251341822183,0.0,783.0,1986.0
Biological,56e9e0d7a6d70217090cdfe0,783,1986,variation_neighborhood,80,0.7170563911150145,3.342566665999996,627.0,1690.0
Biological,56e9e0d7a6d70217090cdfe0,783,1986,variation_neighborhood,60,0.7010271077710488,2.125298041999997,470.0,1409.0
Biological,56e9e0d7a6d70217090cdfe0,783,1986,variation_neighborhood,40,0.7394766780432309,1.1502182079999983,314.0,1144.0
Biological,56e9e0d7a6d70217090cdfe0,783,1986,variation_neighborhood,20,0.6230467184870582,0.4541855829999974,157.0,501.0
Biological,56e9e0d7a6d70217090cdfe0,783,1986,variation_edges,100,0.7716380543633763,0.0,783.0,1986.0
Biological,56e9e0d7a6d70217090cdfe0,783,1986,variation_edges,80,0.743809598727395,3.247497249999995,627.0,1765.0
Biological,56e9e0d7a6d70217090cdfe0,783,1986,variation_edges,60,0.7272353812391217,1.9331801670000035,470.0,1510.0
Biological,56e9e0d7a6d70217090cdfe0,783,1986,variation_edges,40,0.703277378097522,1.0370987499999984,314.0,1146.0
Biological,56e9e0d7a6d70217090cdfe0,783,1986,variation_edges,20,0.4660615847207528,0.3695703340000023,157.0,361.0
Biological,Binary_interactomes_various species_2012_E_coli_K12_cocomp_hq,974,2299,variation_neighborhood,100,0.8656110434429557,0.0,974.0,2299.0
Biological,Binary_interactomes_various species_2012_E_coli_K12_cocomp_hq,974,2299,variation_neighborhood,80,0.8361844594959879,4.621245791999996,780.0,1922.0
Biological,Binary_interactomes_various species_2012_E_coli_K12_cocomp_hq,974,2299,variation_neighborhood,60,0.8471773876072751,2.837914708,585.0,1588.0
Biological,Binary_interactomes_various species_2012_E_coli_K12_cocomp_hq,974,2299,variation_neighborhood,40,0.900059829485965,1.5637714159999945,390.0,1376.0
Biological,Binary_interactomes_various species_2012_E_coli_K12_cocomp_hq,974,2299,variation_neighborhood,20,0.8919638349625958,0.6649664170000023,195.0,821.0
Biological,Binary_interactomes_various species_2012_E_coli_K12_cocomp_hq,974,2299,variation_edges,100,0.8629375245188087,0.0,974.0,2299.0
Biological,Binary_interactomes_various species_2012_E_coli_K12_cocomp_hq,974,2299,variation_edges,80,0.8505526897568165,4.561433333000011,780.0,1995.0
Biological,Binary_interactomes_various species_2012_E_coli_K12_cocomp_hq,974,2299,variation_edges,60,0.85040071237756,2.692591957999994,585.0,1469.0
Biological,Binary_interactomes_various species_2012_E_coli_K12_cocomp_hq,974,2299,variation_edges,40,0.8140456716360192,1.2767135840000066,390.0,845.0
Biological,Binary_interactomes_various species_2012_E_coli_K12_cocomp_hq,974,2299,variation_edges,20,0.2164846077457795,0.3284951249999892,195.0,214.0
Biological,Binary_interactomes_various species_2012_H_sapiens_human_binary_lc,3155,5648,variation_neighborhood,100,0.8079826154050702,0.0,3155.0,5648.0
Biological,Binary_interactomes_various species_2012_H_sapiens_human_binary_lc,3155,5648,variation_neighborhood,80,0.7941832981467215,37.38005908300002,2525.0,4769.0
Biological,Binary_interactomes_various species_2012_H_sapiens_human_binary_lc,3155,5648,variation_neighborhood,60,0.8227998144680558,22.68364529199999,1893.0,3803.0
Biological,Binary_interactomes_various species_2012_H_sapiens_human_binary_lc,3155,5648,variation_neighborhood,40,0.9133164877379218,12.118273165999994,1262.0,3084.0
Biological,Binary_interactomes_various species_2012_H_sapiens_human_binary_lc,3155,5648,variation_neighborhood,20,0.9048000369588988,4.195059917000009,632.0,1992.0
Biological,Binary_interactomes_various species_2012_H_sapiens_human_binary_lc,3155,5648,variation_edges,100,0.8075601748878631,0.0,3155.0,5648.0
Biological,Binary_interactomes_various species_2012_H_sapiens_human_binary_lc,3155,5648,variation_edges,80,0.8076603267783558,36.46055495799999,2524.0,4809.0
Biological,Binary_interactomes_various species_2012_H_sapiens_human_binary_lc,3155,5648,variation_edges,60,0.8239384492747434,21.336228667,1893.0,3690.0
Biological,Binary_interactomes_various species_2012_H_sapiens_human_binary_lc,3155,5648,variation_edges,40,0.7785972086599517,10.597368832999962,1262.0,2560.0
Biological,Binary_interactomes_various species_2012_H_sapiens_human_binary_lc,3155,5648,variation_edges,20,0.2432362122788761,2.2047461249999856,665.0,847.0
Social,Family_planning_in_Korea1,33,68,variation_neighborhood,100,0.7977707006369427,0.0,33.0,68.0
Social,Family_planning_in_Korea1,33,68,variation_neighborhood,80,0.8899876390605685,0.0162736670000072,28.0,45.0
Social,Family_planning_in_Korea1,33,68,variation_neighborhood,60,0.8936170212765957,0.0107964580000157,20.0,25.0
Social,Family_planning_in_Korea1,33,68,variation_neighborhood,40,0.8944954128440367,0.0108480840000311,15.0,17.0
Social,Family_planning_in_Korea1,33,68,variation_neighborhood,20,1.0,0.009277958000041,7.0,7.0
Social,Family_planning_in_Korea1,33,68,variation_edges,100,0.7938205585264408,0.0,33.0,68.0
Social,Family_planning_in_Korea1,33,68,variation_edges,80,0.914326853851692,0.0128425420000439,27.0,46.0
Social,Family_planning_in_Korea1,33,68,variation_edges,60,0.8868144690781796,0.0089848749999532,20.0,32.0
Social,Family_planning_in_Korea1,33,68,variation_edges,40,1.0389610389610389,0.0067294579999952,14.0,19.0
Social,Family_planning_in_Korea1,33,68,variation_edges,20,0.9852216748768472,0.0063252499999748,9.0,9.0
Social,Dolphin_social_network_Dolphins,62,159,variation_neighborhood,100,0.9103146558976948,0.0,62.0,159.0
Social,Dolphin_social_network_Dolphins,62,159,variation_neighborhood,80,0.9014810045074052,0.0405354579999652,50.0,134.0
Social,Dolphin_social_network_Dolphins,62,159,variation_neighborhood,60,0.8459448971672487,0.0257754590000445,38.0,79.0
Social,Dolphin_social_network_Dolphins,62,159,variation_neighborhood,40,0.88871096877502,0.0174240419999591,25.0,42.0
Social,Dolphin_social_network_Dolphins,62,159,variation_neighborhood,20,0.9448818897637796,0.0158747080000125,13.0,26.0
Social,Dolphin_social_network_Dolphins,62,159,variation_edges,100,0.9069572506286672,0.0,62.0,159.0
Social,Dolphin_social_network_Dolphins,62,159,variation_edges,80,0.8852071005917159,0.0348845419999861,50.0,119.0
Social,Dolphin_social_network_Dolphins,62,159,variation_edges,60,0.9082240762812872,0.0187960000000089,38.0,86.0
Social,Dolphin_social_network_Dolphins,62,159,variation_edges,40,0.9405568096313016,0.0142983750000098,25.0,47.0
Social,Dolphin_social_network_Dolphins,62,159,variation_edges,20,0.9181141439205956,0.0094663750000449,13.0,17.0
Social,Norwegian_Board_of_Directors_net1mode_2002-08-01,142,779,variation_neighborhood,100,0.3570042685292976,0.0,142.0,779.0
Social,Norwegian_Board_of_Directors_net1mode_2002-08-01,142,779,variation_neighborhood,80,0.4453992873611402,0.1736314169999673,114.0,447.0
Social,Norwegian_Board_of_Directors_net1mode_2002-08-01,142,779,variation_neighborhood,60,0.4918835141528672,0.1077203330000315,86.0,310.0
Social,Norwegian_Board_of_Directors_net1mode_2002-08-01,142,779,variation_neighborhood,40,0.576955144238786,0.1036852499999554,58.0,164.0
Social,Norwegian_Board_of_Directors_net1mode_2002-08-01,142,779,variation_neighborhood,20,0.7142857142857143,0.0323237079999785,29.0,63.0
Social,Norwegian_Board_of_Directors_net1mode_2002-08-01,142,779,variation_edges,100,0.3565466253279274,0.0,142.0,779.0
Social,Norwegian_Board_of_Directors_net1mode_2002-08-01,142,779,variation_edges,80,0.4124038026256224,0.1573037499999827,114.0,484.0
Social,Norwegian_Board_of_Directors_net1mode_2002-08-01,142,779,variation_edges,60,0.5199660152931181,0.0961077079999768,86.0,292.0
Social,Norwegian_Board_of_Directors_net1mode_2002-08-01,142,779,variation_edges,40,0.6636980491942324,0.0457214999999564,57.0,127.0
Social,Norwegian_Board_of_Directors_net1mode_2002-08-01,142,779,variation_edges,20,0.8307926829268294,0.0212840410000012,29.0,42.0
Social,Norwegian_Board_of_Directors_net1mode_2003-01-01,337,1397,variation_neighborhood,100,0.3573890179460342,0.0,337.0,1397.0
Social,Norwegian_Board_of_Directors_net1mode_2003-01-01,337,1397,variation_neighborhood,80,0.3705425555727741,0.7276129159999982,271.0,1080.0
Social,Norwegian_Board_of_Directors_net1mode_2003-01-01,337,1397,variation_neighborhood,60,0.3957446808510638,0.4145070829999895,203.0,742.0
Social,Norwegian_Board_of_Directors_net1mode_2003-01-01,337,1397,variation_neighborhood,40,0.4712182061579651,0.2174034999999889,135.0,402.0
Social,Norwegian_Board_of_Directors_net1mode_2003-01-01,337,1397,variation_neighborhood,20,0.6841395259202159,0.0941081670000016,68.0,132.0
Social,Norwegian_Board_of_Directors_net1mode_2003-01-01,337,1397,variation_edges,100,0.3557498062434091,0.0,337.0,1397.0
Social,Norwegian_Board_of_Directors_net1mode_2003-01-01,337,1397,variation_edges,80,0.4274586789943638,0.6822765409999647,270.0,884.0
Social,Norwegian_Board_of_Directors_net1mode_2003-01-01,337,1397,variation_edges,60,0.5083758193736344,0.3808692499999893,203.0,532.0
Social,Norwegian_Board_of_Directors_net1mode_2003-01-01,337,1397,variation_edges,40,0.6555823569951758,0.1547127090000231,135.0,265.0
Social,Norwegian_Board_of_Directors_net1mode_2003-01-01,337,1397,variation_edges,20,0.8415796640944166,0.0492704170000024,68.0,94.0
Social,Norwegian_Board_of_Directors_net1mode_2004-01-01,374,1610,variation_neighborhood,100,0.3684466281518276,0.0,374.0,1610.0
Social,Norwegian_Board_of_Directors_net1mode_2004-01-01,374,1610,variation_neighborhood,80,0.3997739146374996,0.914182209000046,301.0,1186.0
Social,Norwegian_Board_of_Directors_net1mode_2004-01-01,374,1610,variation_neighborhood,60,0.426975354033731,0.5412198330000138,225.0,811.0
Social,Norwegian_Board_of_Directors_net1mode_2004-01-01,374,1610,variation_neighborhood,40,0.4704944178628389,0.2781220420000068,151.0,474.0
Social,Norwegian_Board_of_Directors_net1mode_2004-01-01,374,1610,variation_neighborhood,20,0.7338820301783264,0.1323496670000281,75.0,143.0
Social,Norwegian_Board_of_Directors_net1mode_2004-01-01,374,1610,variation_edges,100,0.3690404084104871,0.0,374.0,1610.0
Social,Norwegian_Board_of_Directors_net1mode_2004-01-01,374,1610,variation_edges,80,0.4351498361431129,0.7747500419999938,300.0,1116.0
Social,Norwegian_Board_of_Directors_net1mode_2004-01-01,374,1610,variation_edges,60,0.5296134663341646,0.4248147079999853,225.0,610.0
Social,Norwegian_Board_of_Directors_net1mode_2004-01-01,374,1610,variation_edges,40,0.7038357959094548,0.2780107079999538,150.0,289.0
Social,Norwegian_Board_of_Directors_net1mode_2004-01-01,374,1610,variation_edges,20,0.8952164009111617,0.0732704580000245,75.0,109.0
Social,Norwegian_Board_of_Directors_net1mode_2005-09-01,393,1490,variation_neighborhood,100,0.4491704202063972,0.0,393.0,1490.0
Social,Norwegian_Board_of_Directors_net1mode_2005-09-01,393,1490,variation_neighborhood,80,0.4698869794085771,1.0425037499999803,315.0,1151.0
Social,Norwegian_Board_of_Directors_net1mode_2005-09-01,393,1490,variation_neighborhood,60,0.508923151632876,0.6552100409999753,237.0,778.0
Social,Norwegian_Board_of_Directors_net1mode_2005-09-01,393,1490,variation_neighborhood,40,0.5462320477650475,0.352838040999984,158.0,518.0
Social,Norwegian_Board_of_Directors_net1mode_2005-09-01,393,1490,variation_neighborhood,20,0.8068706697459584,0.1458802500000047,79.0,170.0
Social,Norwegian_Board_of_Directors_net1mode_2005-09-01,393,1490,variation_edges,100,0.4502434675262327,0.0,393.0,1490.0
Social,Norwegian_Board_of_Directors_net1mode_2005-09-01,393,1490,variation_edges,80,0.5439075707799639,0.9626585830000068,315.0,1004.0
Social,Norwegian_Board_of_Directors_net1mode_2005-09-01,393,1490,variation_edges,60,0.6271710379553204,0.5144503749999672,236.0,585.0
Social,Norwegian_Board_of_Directors_net1mode_2005-09-01,393,1490,variation_edges,40,0.8000834144306965,0.2833704169999578,158.0,298.0
Social,Norwegian_Board_of_Directors_net1mode_2005-09-01,393,1490,variation_edges,20,0.9143890675241158,0.1263885839999829,79.0,122.0
Social,Norwegian_Board_of_Directors_net1mode_2004-06-01,423,1747,variation_neighborhood,100,0.3835590035175637,0.0,423.0,1747.0
Social,Norwegian_Board_of_Directors_net1mode_2004-06-01,423,1747,variation_neighborhood,80,0.3882575757575758,1.282055874999969,340.0,1380.0
Social,Norwegian_Board_of_Directors_net1mode_2004-06-01,423,1747,variation_neighborhood,60,0.4396052524263926,0.7292015829999627,254.0,920.0
Social,Norwegian_Board_of_Directors_net1mode_2004-06-01,423,1747,variation_neighborhood,40,0.5046822229045134,0.4514111249999928,170.0,535.0
Social,Norwegian_Board_of_Directors_net1mode_2004-06-01,423,1747,variation_neighborhood,20,0.7485738138305273,0.1632335420000004,85.0,171.0
Social,Norwegian_Board_of_Directors_net1mode_2004-06-01,423,1747,variation_edges,100,0.3846153846153846,0.0,423.0,1747.0
Social,Norwegian_Board_of_Directors_net1mode_2004-06-01,423,1747,variation_edges,80,0.4716139109368525,1.0844368329999838,339.0,1301.0
Social,Norwegian_Board_of_Directors_net1mode_2004-06-01,423,1747,variation_edges,60,0.5425508641435134,0.6451706659999559,254.0,678.0
Social,Norwegian_Board_of_Directors_net1mode_2004-06-01,423,1747,variation_edges,40,0.6726967772852521,0.3542623750000189,170.0,343.0
Social,Norwegian_Board_of_Directors_net1mode_2004-06-01,423,1747,variation_edges,20,0.7900512070226775,0.1173549580000212,85.0,131.0
Social,Norwegian_Board_of_Directors_net1mode_2004-10-01,452,1886,variation_neighborhood,100,0.3765338712388636,0.0,452.0,1886.0
Social,Norwegian_Board_of_Directors_net1mode_2004-10-01,452,1886,variation_neighborhood,80,0.3754704962649835,1.4149302500000545,363.0,1510.0
Social,Norwegian_Board_of_Directors_net1mode_2004-10-01,452,1886,variation_neighborhood,60,0.4023607012671411,0.8554392080000071,273.0,1068.0
Social,Norwegian_Board_of_Directors_net1mode_2004-10-01,452,1886,variation_neighborhood,40,0.4849061926929045,0.4365533339999956,181.0,567.0
Social,Norwegian_Board_of_Directors_net1mode_2004-10-01,452,1886,variation_neighborhood,20,0.7098804279421019,0.1597395000000006,91.0,186.0
Social,Norwegian_Board_of_Directors_net1mode_2004-10-01,452,1886,variation_edges,100,0.375795784659126,0.0,452.0,1886.0
Social,Norwegian_Board_of_Directors_net1mode_2004-10-01,452,1886,variation_edges,80,0.4281036834924966,1.421674625000037,362.0,1235.0
Social,Norwegian_Board_of_Directors_net1mode_2004-10-01,452,1886,variation_edges,60,0.5343320223452491,0.7346438750000175,272.0,723.0
Social,Norwegian_Board_of_Directors_net1mode_2004-10-01,452,1886,variation_edges,40,0.6632943048766624,0.3489232089999632,181.0,352.0
Social,Norwegian_Board_of_Directors_net1mode_2004-10-01,452,1886,variation_edges,20,0.8353140916808149,0.1185953749999839,91.0,140.0
Social,Norwegian_Board_of_Directors_net1mode_2005-01-01,465,1995,variation_neighborhood,100,0.3829599473846333,0.0,465.0,1995.0
Social,Norwegian_Board_of_Directors_net1mode_2005-01-01,465,1995,variation_neighborhood,80,0.390839490189951,1.4266174580000095,373.0,1556.0
Social,Norwegian_Board_of_Directors_net1mode_2005-01-01,465,1995,variation_neighborhood,60,0.4502508756981918,0.8532460419999666,279.0,964.0
Social,Norwegian_Board_of_Directors_net1mode_2005-01-01,465,1995,variation_neighborhood,40,0.4864230640295005,0.4416903339999862,186.0,596.0
Social,Norwegian_Board_of_Directors_net1mode_2005-01-01,465,1995,variation_neighborhood,20,0.75737507525587,0.2006161660000316,93.0,194.0
Social,Norwegian_Board_of_Directors_net1mode_2005-01-01,465,1995,variation_edges,100,0.3815242724083305,0.0,465.0,1995.0
Social,Norwegian_Board_of_Directors_net1mode_2005-01-01,465,1995,variation_edges,80,0.45042194092827,1.2538231670000073,372.0,1285.0
Social,Norwegian_Board_of_Directors_net1mode_2005-01-01,465,1995,variation_edges,60,0.5503898493873796,0.7456232080000404,279.0,750.0
Social,Norwegian_Board_of_Directors_net1mode_2005-01-01,465,1995,variation_edges,40,0.6885547382085677,0.3760773750000226,186.0,364.0
Social,Norwegian_Board_of_Directors_net1mode_2005-01-01,465,1995,variation_edges,20,0.8230699909882848,0.1655631670000161,93.0,155.0
Social,Norwegian_Board_of_Directors_net1mode_2006-03-01,492,1805,variation_neighborhood,100,0.4474377115835856,0.0,492.0,1805.0
Social,Norwegian_Board_of_Directors_net1mode_2006-03-01,492,1805,variation_neighborhood,80,0.4705233484495649,1.5770762080000509,394.0,1385.0
Social,Norwegian_Board_of_Directors_net1mode_2006-03-01,492,1805,variation_neighborhood,60,0.4887912087912088,0.9832976250000344,297.0,1022.0
Social,Norwegian_Board_of_Directors_net1mode_2006-03-01,492,1805,variation_neighborhood,40,0.5370944073047448,0.5566246249999836,197.0,600.0
Social,Norwegian_Board_of_Directors_net1mode_2006-03-01,492,1805,variation_neighborhood,20,0.8059229117214874,0.1978146249999781,99.0,205.0
Social,Norwegian_Board_of_Directors_net1mode_2006-03-01,492,1805,variation_edges,100,0.4485383897148603,0.0,492.0,1805.0
Social,Norwegian_Board_of_Directors_net1mode_2006-03-01,492,1805,variation_edges,80,0.516157677845458,1.350620750000019,394.0,1323.0
Social,Norwegian_Board_of_Directors_net1mode_2006-03-01,492,1805,variation_edges,60,0.6099139003633106,0.7992957079999883,296.0,718.0
Social,Norwegian_Board_of_Directors_net1mode_2006-03-01,492,1805,variation_edges,40,0.761402186204297,0.4098629160000087,197.0,365.0
Social,Norwegian_Board_of_Directors_net1mode_2006-03-01,492,1805,variation_edges,20,0.8717105263157895,0.1430635410000036,99.0,159.0
Social,Norwegian_Board_of_Directors_net1mode_2006-10-01,592,2122,variation_neighborhood,100,0.4226266920567438,0.0,592.0,2122.0
Social,Norwegian_Board_of_Directors_net1mode_2006-10-01,592,2122,variation_neighborhood,80,0.4168460784403544,2.1087872500000344,474.0,1792.0
Social,Norwegian_Board_of_Directors_net1mode_2006-10-01,592,2122,variation_neighborhood,60,0.4469983700306655,1.238946833,356.0,1254.0
Social,Norwegian_Board_of_Directors_net1mode_2006-10-01,592,2122,variation_neighborhood,40,0.5339503667018484,0.7438955420000184,237.0,693.0
Social,Norwegian_Board_of_Directors_net1mode_2006-10-01,592,2122,variation_neighborhood,20,0.7855688100087286,0.2471881660000008,119.0,227.0
Social,Norwegian_Board_of_Directors_net1mode_2006-10-01,592,2122,variation_edges,100,0.4232514820454444,0.0,592.0,2122.0
Social,Norwegian_Board_of_Directors_net1mode_2006-10-01,592,2122,variation_edges,80,0.4554044232166961,1.9803070840000032,474.0,1510.0
Social,Norwegian_Board_of_Directors_net1mode_2006-10-01,592,2122,variation_edges,60,0.5817566221868153,1.1215606249999723,356.0,861.0
Social,Norwegian_Board_of_Directors_net1mode_2006-10-01,592,2122,variation_edges,40,0.7042680287421003,0.5027215420000175,237.0,438.0
Social,Norwegian_Board_of_Directors_net1mode_2006-10-01,592,2122,variation_edges,20,0.8455284552845529,0.2052880420000065,118.0,176.0
Social,Norwegian_Board_of_Directors_net1mode_2007-04-01,672,2350,variation_neighborhood,100,0.4385359116022099,0.0,672.0,2350.0
Social,Norwegian_Board_of_Directors_net1mode_2007-04-01,672,2350,variation_neighborhood,80,0.4451216423832114,2.6852347909999708,539.0,1887.0
Social,Norwegian_Board_of_Directors_net1mode_2007-04-01,672,2350,variation_neighborhood,60,0.4789434401447204,1.5308499590000224,404.0,1329.0
Social,Norwegian_Board_of_Directors_net1mode_2007-04-01,672,2350,variation_neighborhood,40,0.545527666721866,0.7443297500000199,269.0,770.0
Social,Norwegian_Board_of_Directors_net1mode_2007-04-01,672,2350,variation_neighborhood,20,0.7874960025583627,0.3088614999999777,136.0,267.0
Social,Norwegian_Board_of_Directors_net1mode_2007-04-01,672,2350,variation_edges,100,0.4359653611238852,0.0,672.0,2350.0
Social,Norwegian_Board_of_Directors_net1mode_2007-04-01,672,2350,variation_edges,80,0.505183544366949,2.4442887080000446,538.0,1625.0
Social,Norwegian_Board_of_Directors_net1mode_2007-04-01,672,2350,variation_edges,60,0.6088943943332694,1.2989140000000248,404.0,961.0
Social,Norwegian_Board_of_Directors_net1mode_2007-04-01,672,2350,variation_edges,40,0.745791683698116,0.6294581249999851,269.0,498.0
Social,Norwegian_Board_of_Directors_net1mode_2007-04-01,672,2350,variation_edges,20,0.8612137203166227,0.2350440829999911,135.0,203.0
Social,Norwegian_Board_of_Directors_net1mode_2010-01-01,770,2511,variation_neighborhood,100,0.4720368812145202,0.0,770.0,2511.0
Social,Norwegian_Board_of_Directors_net1mode_2010-01-01,770,2511,variation_neighborhood,80,0.4625699837457107,3.312420583000005,617.0,2059.0
Social,Norwegian_Board_of_Directors_net1mode_2010-01-01,770,2511,variation_neighborhood,60,0.4702639492148346,1.9955103750000376,462.0,1572.0
Social,Norwegian_Board_of_Directors_net1mode_2010-01-01,770,2511,variation_neighborhood,40,0.5267353684619872,0.9639021250000042,308.0,915.0
Social,Norwegian_Board_of_Directors_net1mode_2010-01-01,770,2511,variation_neighborhood,20,0.7112917566366062,0.3751897079999935,154.0,325.0
Social,Norwegian_Board_of_Directors_net1mode_2010-01-01,770,2511,variation_edges,100,0.4712689238196092,0.0,770.0,2511.0
Social,Norwegian_Board_of_Directors_net1mode_2010-01-01,770,2511,variation_edges,80,0.5061986133663239,3.0507536249999703,616.0,1809.0
Social,Norwegian_Board_of_Directors_net1mode_2010-01-01,770,2511,variation_edges,60,0.6183375486834143,1.6803988329999695,462.0,1060.0
Social,Norwegian_Board_of_Directors_net1mode_2010-01-01,770,2511,variation_edges,40,0.7393416082029142,0.7886128750000125,308.0,563.0
Social,Norwegian_Board_of_Directors_net1mode_2010-01-01,770,2511,variation_edges,20,0.845771144278607,0.3334174579999853,154.0,233.0
Social,Norwegian_Board_of_Directors_net1mode_2011-05-01,784,2522,variation_neighborhood,100,0.4819990734170385,0.0,784.0,2522.0
Social,Norwegian_Board_of_Directors_net1mode_2011-05-01,784,2522,variation_neighborhood,80,0.4776340506116465,3.314901292000002,628.0,2020.0
Social,Norwegian_Board_of_Directors_net1mode_2011-05-01,784,2522,variation_neighborhood,60,0.4868519250186575,2.124928042000022,471.0,1484.0
Social,Norwegian_Board_of_Directors_net1mode_2011-05-01,784,2522,variation_neighborhood,40,0.5530831529147623,1.119763958999954,314.0,886.0
Social,Norwegian_Board_of_Directors_net1mode_2011-05-01,784,2522,variation_neighborhood,20,0.7741894710231941,0.4179780830000368,158.0,327.0
Social,Norwegian_Board_of_Directors_net1mode_2011-05-01,784,2522,variation_edges,100,0.4807501082111814,0.0,784.0,2522.0
Social,Norwegian_Board_of_Directors_net1mode_2011-05-01,784,2522,variation_edges,80,0.5314585113637345,3.175121084000012,628.0,1798.0
Social,Norwegian_Board_of_Directors_net1mode_2011-05-01,784,2522,variation_edges,60,0.6379265071592962,1.6644275830000197,470.0,1059.0
Social,Norwegian_Board_of_Directors_net1mode_2011-05-01,784,2522,variation_edges,40,0.7683992711325242,0.8087515420000386,314.0,575.0
Social,Norwegian_Board_of_Directors_net1mode_2011-05-01,784,2522,variation_edges,20,0.8707718993928881,0.261199165999983,157.0,244.0
Social,Norwegian_Board_of_Directors_net1mode_2011-01-01,794,2577,variation_neighborhood,100,0.4945080196700215,0.0,794.0,2577.0
Social,Norwegian_Board_of_Directors_net1mode_2011-01-01,794,2577,variation_neighborhood,80,0.4937134226920898,3.4313802089999967,636.0,2035.0
Social,Norwegian_Board_of_Directors_net1mode_2011-01-01,794,2577,variation_neighborhood,60,0.5046859908509079,2.1499999999999773,478.0,1534.0
Social,Norwegian_Board_of_Directors_net1mode_2011-01-01,794,2577,variation_neighborhood,40,0.562173014923068,1.1051308749999862,318.0,911.0
Social,Norwegian_Board_of_Directors_net1mode_2011-01-01,794,2577,variation_neighborhood,20,0.7913713028599364,0.4114914159999898,159.0,335.0
Social,Norwegian_Board_of_Directors_net1mode_2011-01-01,794,2577,variation_edges,100,0.4941730294505999,0.0,794.0,2577.0
Social,Norwegian_Board_of_Directors_net1mode_2011-01-01,794,2577,variation_edges,80,0.53999429731135,3.359038250000026,636.0,1850.0
Social,Norwegian_Board_of_Directors_net1mode_2011-01-01,794,2577,variation_edges,60,0.6578075091906226,1.7476435410000022,477.0,1081.0
Social,Norwegian_Board_of_Directors_net1mode_2011-01-01,794,2577,variation_edges,40,0.7735399284862932,0.7911674169999969,318.0,593.0
Social,Norwegian_Board_of_Directors_net1mode_2011-01-01,794,2577,variation_edges,20,0.8642574177378931,0.3245209579999937,159.0,257.0
Social,Norwegian_Board_of_Directors_net1mode_2009-05-01,809,2506,variation_neighborhood,100,0.5078067570349025,0.0,809.0,2506.0
Social,Norwegian_Board_of_Directors_net1mode_2009-05-01,809,2506,variation_neighborhood,80,0.5105562088338599,3.630055416999994,649.0,1994.0
Social,Norwegian_Board_of_Directors_net1mode_2009-05-01,809,2506,variation_neighborhood,60,0.5213587858406691,2.15119900000002,486.0,1471.0
Social,Norwegian_Board_of_Directors_net1mode_2009-05-01,809,2506,variation_neighborhood,40,0.5799173202488119,1.044076333000021,324.0,905.0
Social,Norwegian_Board_of_Directors_net1mode_2009-05-01,809,2506,variation_neighborhood,20,0.8068600368324126,0.4709490830000504,163.0,353.0
Social,Norwegian_Board_of_Directors_net1mode_2009-05-01,809,2506,variation_edges,100,0.506692328906988,0.0,809.0,2506.0
Social,Norwegian_Board_of_Directors_net1mode_2009-05-01,809,2506,variation_edges,80,0.5693231065556855,3.4252757079999583,648.0,1794.0
Social,Norwegian_Board_of_Directors_net1mode_2009-05-01,809,2506,variation_edges,60,0.6660721842693913,1.7142504580000375,486.0,1074.0
Social,Norwegian_Board_of_Directors_net1mode_2009-05-01,809,2506,variation_edges,40,0.7625226312613156,0.8059638329999643,324.0,590.0
Social,Norwegian_Board_of_Directors_net1mode_2009-05-01,809,2506,variation_edges,20,0.8778937072057386,0.3162061670000184,162.0,255.0
Social,Norwegian_Board_of_Directors_net1mode_2009-02-01,827,2556,variation_neighborhood,100,0.508063914199264,0.0,827.0,2556.0
Social,Norwegian_Board_of_Directors_net1mode_2009-02-01,827,2556,variation_neighborhood,80,0.5119453924914676,3.620062332999965,662.0,2018.0
Social,Norwegian_Board_of_Directors_net1mode_2009-02-01,827,2556,variation_neighborhood,60,0.5230127782758509,2.1775592499999448,497.0,1495.0
Social,Norwegian_Board_of_Directors_net1mode_2009-02-01,827,2556,variation_neighborhood,40,0.5711303027427161,1.0962891249999984,331.0,922.0
Social,Norwegian_Board_of_Directors_net1mode_2009-02-01,827,2556,variation_neighborhood,20,0.766063067636938,0.4234452499999861,167.0,359.0
Social,Norwegian_Board_of_Directors_net1mode_2009-02-01,827,2556,variation_edges,100,0.5080784998220089,0.0,827.0,2556.0
Social,Norwegian_Board_of_Directors_net1mode_2009-02-01,827,2556,variation_edges,80,0.560180264444539,3.466793208000013,662.0,1844.0
Social,Norwegian_Board_of_Directors_net1mode_2009-02-01,827,2556,variation_edges,60,0.6613870179853453,1.849066290999985,496.0,1090.0
Social,Norwegian_Board_of_Directors_net1mode_2009-02-01,827,2556,variation_edges,40,0.7792596136594702,0.9487222079999356,331.0,593.0
Social,Norwegian_Board_of_Directors_net1mode_2009-02-01,827,2556,variation_edges,20,0.8532970114574153,0.3069813749999639,166.0,260.0
Social,Norwegian_Board_of_Directors_net1mode_2008-09-01,837,2632,variation_neighborhood,100,0.5019736476344027,0.0,837.0,2632.0
Social,Norwegian_Board_of_Directors_net1mode_2008-09-01,837,2632,variation_neighborhood,80,0.4957993390293868,3.833821291999925,671.0,2133.0
Social,Norwegian_Board_of_Directors_net1mode_2008-09-01,837,2632,variation_neighborhood,60,0.5207666758082701,2.2692301669999324,503.0,1583.0
Social,Norwegian_Board_of_Directors_net1mode_2008-09-01,837,2632,variation_neighborhood,40,0.5937934228809634,1.1194874579999805,335.0,954.0
Social,Norwegian_Board_of_Directors_net1mode_2008-09-01,837,2632,variation_neighborhood,20,0.766743648960739,0.4780144580000751,169.0,392.0
Social,Norwegian_Board_of_Directors_net1mode_2008-09-01,837,2632,variation_edges,100,0.5010516034872171,0.0,837.0,2632.0
Social,Norwegian_Board_of_Directors_net1mode_2008-09-01,837,2632,variation_edges,80,0.5678940109499728,3.5875482499999407,670.0,1956.0
Social,Norwegian_Board_of_Directors_net1mode_2008-09-01,837,2632,variation_edges,60,0.6666855716878403,1.9192179579999904,503.0,1136.0
Social,Norwegian_Board_of_Directors_net1mode_2008-09-01,837,2632,variation_edges,40,0.7701320226324513,0.8728547919999983,335.0,615.0
Social,Norwegian_Board_of_Directors_net1mode_2008-09-01,837,2632,variation_edges,20,0.8652449743942521,0.3026831660000653,168.0,269.0
Social,Norwegian_Board_of_Directors_net1mode_2011-07-01,848,2721,variation_neighborhood,100,0.4847122592301819,0.0,848.0,2721.0
Social,Norwegian_Board_of_Directors_net1mode_2011-07-01,848,2721,variation_neighborhood,80,0.481740374824559,3.957323582999947,679.0,2207.0
Social,Norwegian_Board_of_Directors_net1mode_2011-07-01,848,2721,variation_neighborhood,60,0.5045267737818909,2.2600693330000468,509.0,1598.0
Social,Norwegian_Board_of_Directors_net1mode_2011-07-01,848,2721,variation_neighborhood,40,0.5785922684172137,1.172476749999987,340.0,949.0
Social,Norwegian_Board_of_Directors_net1mode_2011-07-01,848,2721,variation_neighborhood,20,0.7851860090085081,0.5406305840000414,170.0,363.0
Social,Norwegian_Board_of_Directors_net1mode_2011-07-01,848,2721,variation_edges,100,0.4839289836632361,0.0,848.0,2721.0
Social,Norwegian_Board_of_Directors_net1mode_2011-07-01,848,2721,variation_edges,80,0.5335323413864572,3.717733666000072,679.0,1951.0
Social,Norwegian_Board_of_Directors_net1mode_2011-07-01,848,2721,variation_edges,60,0.6489268231454751,1.9565584580000177,509.0,1155.0
Social,Norwegian_Board_of_Directors_net1mode_2011-07-01,848,2721,variation_edges,40,0.7430453879941435,0.8609826250000197,340.0,625.0
Social,Norwegian_Board_of_Directors_net1mode_2011-07-01,848,2721,variation_edges,20,0.8872596693349293,0.3553787499999998,170.0,275.0
Social,Norwegian_Board_of_Directors_net1mode_2008-02-01,882,2937,variation_neighborhood,100,0.4774363624651275,0.0,882.0,2937.0
Social,Norwegian_Board_of_Directors_net1mode_2008-02-01,882,2937,variation_neighborhood,80,0.4921663031334787,4.1006547089999685,706.0,2274.0
Social,Norwegian_Board_of_Directors_net1mode_2008-02-01,882,2937,variation_neighborhood,60,0.5035294117647059,2.484847082999977,531.0,1693.0
Social,Norwegian_Board_of_Directors_net1mode_2008-02-01,882,2937,variation_neighborhood,40,0.58093414484032,1.3096659169999612,353.0,1009.0
Social,Norwegian_Board_of_Directors_net1mode_2008-02-01,882,2937,variation_neighborhood,20,0.8015692095636962,0.439262625000083,177.0,378.0
Social,Norwegian_Board_of_Directors_net1mode_2008-02-01,882,2937,variation_edges,100,0.4753400395664464,0.0,882.0,2937.0
Social,Norwegian_Board_of_Directors_net1mode_2008-02-01,882,2937,variation_edges,80,0.5315295657866027,4.251860416,706.0,2060.0
Social,Norwegian_Board_of_Directors_net1mode_2008-02-01,882,2937,variation_edges,60,0.6421320124350193,2.1606674170000133,530.0,1235.0
Social,Norwegian_Board_of_Directors_net1mode_2008-02-01,882,2937,variation_edges,40,0.7669387226324653,1.0336050000000796,353.0,671.0
Social,Norwegian_Board_of_Directors_net1mode_2008-02-01,882,2937,variation_edges,20,0.8517591433736615,0.3659635829999388,177.0,292.0
Economic,Midieval_Russia_trade_network_Medieval_Russian_Trade_Network,39,53,variation_neighborhood,100,0.958980044345898,0.0,39.0,53.0
Economic,Midieval_Russia_trade_network_Medieval_Russian_Trade_Network,39,53,variation_neighborhood,80,0.9672929714683368,0.0173104589999866,32.0,45.0
Economic,Midieval_Russia_trade_network_Medieval_Russian_Trade_Network,39,53,variation_neighborhood,60,0.9439252336448598,0.0173401659999399,25.0,36.0
Economic,Midieval_Russia_trade_network_Medieval_Russian_Trade_Network,39,53,variation_neighborhood,40,0.9297912713472484,0.0091961670000273,16.0,21.0
Economic,Midieval_Russia_trade_network_Medieval_Russian_Trade_Network,39,53,variation_neighborhood,20,0.9090909090909092,0.0097017089999553,8.0,8.0
Economic,Midieval_Russia_trade_network_Medieval_Russian_Trade_Network,39,53,variation_edges,100,0.9438079650845608,0.0,39.0,53.0
Economic,Midieval_Russia_trade_network_Medieval_Russian_Trade_Network,39,53,variation_edges,80,0.9986320109439124,0.012973167000041,32.0,45.0
Economic,Midieval_Russia_trade_network_Medieval_Russian_Trade_Network,39,53,variation_edges,60,0.8975609756097561,0.0104580420000957,24.0,35.0
Economic,Midieval_Russia_trade_network_Medieval_Russian_Trade_Network,39,53,variation_edges,40,0.9982788296041308,0.0073927909999156,16.0,23.0
Economic,Midieval_Russia_trade_network_Medieval_Russian_Trade_Network,39,53,variation_edges,20,1.1731843575418994,0.0061932499999102,8.0,10.0
Economic,5936021067ec90f1500d6597,194,774,variation_neighborhood,100,0.9202357563850688,0.0,194.0,774.0
Economic,5936021067ec90f1500d6597,194,774,variation_neighborhood,80,0.899615137908916,0.3556797920000463,157.0,669.0
Economic,5936021067ec90f1500d6597,194,774,variation_neighborhood,60,0.8808217250598003,0.1852241249999906,117.0,500.0
Economic,5936021067ec90f1500d6597,194,774,variation_neighborhood,40,0.8596342310363453,0.1156469579999566,78.0,354.0
Economic,5936021067ec90f1500d6597,194,774,variation_neighborhood,20,0.707968476357268,0.0672187919999487,40.0,101.0
Economic,5936021067ec90f1500d6597,194,774,variation_edges,100,0.9174719247845392,0.0,194.0,774.0
Economic,5936021067ec90f1500d6597,194,774,variation_edges,80,0.933502956952276,0.2777187919999733,156.0,629.0
Economic,5936021067ec90f1500d6597,194,774,variation_edges,60,0.9096958174904944,0.1631445410000651,117.0,495.0
Economic,5936021067ec90f1500d6597,194,774,variation_edges,40,0.8923123856009761,0.0943379580000964,78.0,348.0
Economic,5936021067ec90f1500d6597,194,774,variation_edges,20,0.8745098039215686,0.0445231669999657,39.0,199.0
Economic,Norwegian_Board_of_Directors_net2mode_2003-03-01,401,403,variation_neighborhood,100,0.5372137404580153,0.0,401.0,403.0
Economic,Norwegian_Board_of_Directors_net2mode_2003-03-01,401,403,variation_neighborhood,80,0.5939379064915941,0.5120379160000539,321.0,323.0
Economic,Norwegian_Board_of_Directors_net2mode_2003-03-01,401,403,variation_neighborhood,60,0.6227544910179641,0.4104445840000608,241.0,242.0
Economic,Norwegian_Board_of_Directors_net2mode_2003-03-01,401,403,variation_neighborhood,40,0.7642522721013495,0.2179967499999975,161.0,162.0
Economic,Norwegian_Board_of_Directors_net2mode_2003-03-01,401,403,variation_neighborhood,20,0.9605597964376592,0.1324730000000045,81.0,81.0
Economic,Norwegian_Board_of_Directors_net2mode_2003-03-01,401,403,variation_edges,100,0.5298324863542255,0.0,401.0,403.0
Economic,Norwegian_Board_of_Directors_net2mode_2003-03-01,401,403,variation_edges,80,0.6054434364006666,0.5176044999999476,321.0,323.0
Economic,Norwegian_Board_of_Directors_net2mode_2003-03-01,401,403,variation_edges,60,0.5767888307155323,0.3262249580000116,241.0,242.0
Economic,Norwegian_Board_of_Directors_net2mode_2003-03-01,401,403,variation_edges,40,0.5072266157622034,0.1773097079999388,161.0,162.0
Economic,Norwegian_Board_of_Directors_net2mode_2003-03-01,401,403,variation_edges,20,0.6383485510123065,0.0853298750000703,81.0,81.0
Economic,Norwegian_Board_of_Directors_net2mode_2003-07-01,425,434,variation_neighborhood,100,0.5616643209007741,0.0,425.0,434.0
Economic,Norwegian_Board_of_Directors_net2mode_2003-07-01,425,434,variation_neighborhood,80,0.6207328174783796,0.5826174169999376,341.0,346.0
Economic,Norwegian_Board_of_Directors_net2mode_2003-07-01,425,434,variation_neighborhood,60,0.666930693069307,0.4121633340000699,255.0,260.0
Economic,Norwegian_Board_of_Directors_net2mode_2003-07-01,425,434,variation_neighborhood,40,0.8117777425993351,0.2277999169999702,170.0,174.0
Economic,Norwegian_Board_of_Directors_net2mode_2003-07-01,425,434,variation_neighborhood,20,0.9871977240398292,0.1520706670000891,85.0,88.0
Economic,Norwegian_Board_of_Directors_net2mode_2003-07-01,425,434,variation_edges,100,0.5505259527504742,0.0,425.0,434.0
Economic,Norwegian_Board_of_Directors_net2mode_2003-07-01,425,434,variation_edges,80,0.6076077199281866,0.5897518330000366,340.0,347.0
Economic,Norwegian_Board_of_Directors_net2mode_2003-07-01,425,434,variation_edges,60,0.5249364675984752,0.3530771659999345,255.0,260.0
Economic,Norwegian_Board_of_Directors_net2mode_2003-07-01,425,434,variation_edges,40,0.5200556750601038,0.2255577500000072,170.0,174.0
Economic,Norwegian_Board_of_Directors_net2mode_2003-07-01,425,434,variation_edges,20,0.5470322804581742,0.1116248330000644,86.0,90.0
Economic,Norwegian_Board_of_Directors_net2mode_2003-09-01,465,481,variation_neighborhood,100,0.5684250764525994,0.0,465.0,481.0
Economic,Norwegian_Board_of_Directors_net2mode_2003-09-01,465,481,variation_neighborhood,80,0.6250954441333673,0.6954647500000419,373.0,379.0
Economic,Norwegian_Board_of_Directors_net2mode_2003-09-01,465,481,variation_neighborhood,60,0.6612504415400918,0.4271242080000093,279.0,285.0
Economic,Norwegian_Board_of_Directors_net2mode_2003-09-01,465,481,variation_neighborhood,40,0.859402256076288,0.2661970829999518,186.0,191.0
Economic,Norwegian_Board_of_Directors_net2mode_2003-09-01,465,481,variation_neighborhood,20,0.9569752281616688,0.1968459580000399,93.0,96.0
Economic,Norwegian_Board_of_Directors_net2mode_2003-09-01,465,481,variation_edges,100,0.5698409657022419,0.0,465.0,481.0
Economic,Norwegian_Board_of_Directors_net2mode_2003-09-01,465,481,variation_edges,80,0.6070920544604755,0.6097435830000677,372.0,380.0
Economic,Norwegian_Board_of_Directors_net2mode_2003-09-01,465,481,variation_edges,60,0.5406367974926989,0.4164802499999496,279.0,286.0
Economic,Norwegian_Board_of_Directors_net2mode_2003-09-01,465,481,variation_edges,40,0.4938550005637614,0.2355025409999598,187.0,191.0
Economic,Norwegian_Board_of_Directors_net2mode_2003-09-01,465,481,variation_edges,20,0.5720228809152366,0.1129183750000493,93.0,96.0
Economic,Norwegian_Board_of_Directors_net2mode_2004-09-01,522,545,variation_neighborhood,100,0.5579671430479497,0.0,522.0,545.0
Economic,Norwegian_Board_of_Directors_net2mode_2004-09-01,522,545,variation_neighborhood,80,0.6095379379554081,0.8187015419999852,418.0,431.0
Economic,Norwegian_Board_of_Directors_net2mode_2004-09-01,522,545,variation_neighborhood,60,0.6760212036170876,0.4980897919999734,314.0,324.0
Economic,Norwegian_Board_of_Directors_net2mode_2004-09-01,522,545,variation_neighborhood,40,0.7820954254795868,0.2990185419999989,209.0,219.0
Economic,Norwegian_Board_of_Directors_net2mode_2004-09-01,522,545,variation_neighborhood,20,0.8841399539073957,0.1835484580000184,105.0,114.0
Economic,Norwegian_Board_of_Directors_net2mode_2004-09-01,522,545,variation_edges,100,0.5492735520347117,0.0,522.0,545.0
Economic,Norwegian_Board_of_Directors_net2mode_2004-09-01,522,545,variation_edges,80,0.600166469531695,0.7674095410000064,418.0,433.0
Economic,Norwegian_Board_of_Directors_net2mode_2004-09-01,522,545,variation_edges,60,0.5648510014655593,0.5112953749999178,314.0,325.0
Economic,Norwegian_Board_of_Directors_net2mode_2004-09-01,522,545,variation_edges,40,0.5210132412204951,0.3243207079999592,210.0,220.0
Economic,Norwegian_Board_of_Directors_net2mode_2004-09-01,522,545,variation_edges,20,0.5319380858949204,0.1450421660000529,107.0,111.0
Economic,Norwegian_Board_of_Directors_net2mode_2004-05-01,541,564,variation_neighborhood,100,0.5578889993266857,0.0,541.0,564.0
Economic,Norwegian_Board_of_Directors_net2mode_2004-05-01,541,564,variation_neighborhood,80,0.5936796464604353,0.9333329999999478,434.0,447.0
Economic,Norwegian_Board_of_Directors_net2mode_2004-05-01,541,564,variation_neighborhood,60,0.6732309152381517,0.5926359589999493,326.0,335.0
Economic,Norwegian_Board_of_Directors_net2mode_2004-05-01,541,564,variation_neighborhood,40,0.7939669891861126,0.3720796669999799,217.0,225.0
Economic,Norwegian_Board_of_Directors_net2mode_2004-05-01,541,564,variation_neighborhood,20,0.9466834592779176,0.1902337500000612,110.0,115.0
Economic,Norwegian_Board_of_Directors_net2mode_2004-05-01,541,564,variation_edges,100,0.5514181587704009,0.0,541.0,564.0
Economic,Norwegian_Board_of_Directors_net2mode_2004-05-01,541,564,variation_edges,80,0.5996575771495386,0.8153935840000486,433.0,446.0
Economic,Norwegian_Board_of_Directors_net2mode_2004-05-01,541,564,variation_edges,60,0.5969447708578144,0.567627874999971,325.0,336.0
Economic,Norwegian_Board_of_Directors_net2mode_2004-05-01,541,564,variation_edges,40,0.5441286462228871,0.3289363749998983,217.0,225.0
Economic,Norwegian_Board_of_Directors_net2mode_2004-05-01,541,564,variation_edges,20,0.4786870298609528,0.1203161670000554,109.0,110.0
Economic,Norwegian_Board_of_Directors_net2mode_2005-07-01,564,592,variation_neighborhood,100,0.5956579907565069,0.0,564.0,592.0
Economic,Norwegian_Board_of_Directors_net2mode_2005-07-01,564,592,variation_neighborhood,80,0.6475500236332125,0.9205604590000576,453.0,472.0
Economic,Norwegian_Board_of_Directors_net2mode_2005-07-01,564,592,variation_neighborhood,60,0.6971892841458059,0.616698958000029,339.0,355.0
Economic,Norwegian_Board_of_Directors_net2mode_2005-07-01,564,592,variation_neighborhood,40,0.8319098052613598,0.4195545829999219,227.0,243.0
Economic,Norwegian_Board_of_Directors_net2mode_2005-07-01,564,592,variation_neighborhood,20,0.9182894234440628,0.2226395000000138,113.0,124.0
Economic,Norwegian_Board_of_Directors_net2mode_2005-07-01,564,592,variation_edges,100,0.5870190578928444,0.0,564.0,592.0
Economic,Norwegian_Board_of_Directors_net2mode_2005-07-01,564,592,variation_edges,80,0.6466908395425749,0.8460990830000128,452.0,468.0
Economic,Norwegian_Board_of_Directors_net2mode_2005-07-01,564,592,variation_edges,60,0.6031310079648449,0.5487353749999784,339.0,353.0
Economic,Norwegian_Board_of_Directors_net2mode_2005-07-01,564,592,variation_edges,40,0.5218457227913493,0.3469441669999469,226.0,237.0
Economic,Norwegian_Board_of_Directors_net2mode_2005-07-01,564,592,variation_edges,20,0.6262307995273729,0.1383883749999768,113.0,120.0
Economic,Norwegian_Board_of_Directors_net2mode_2006-03-01,604,649,variation_neighborhood,100,0.6224598347017266,0.0,604.0,649.0
Economic,Norwegian_Board_of_Directors_net2mode_2006-03-01,604,649,variation_neighborhood,80,0.6983545329621931,0.9448222500000156,484.0,519.0
Economic,Norwegian_Board_of_Directors_net2mode_2006-03-01,604,649,variation_neighborhood,60,0.7296137339055794,0.6675612500000625,363.0,390.0
Economic,Norwegian_Board_of_Directors_net2mode_2006-03-01,604,649,variation_neighborhood,40,0.8284839203675345,0.4075209579999637,242.0,267.0
Economic,Norwegian_Board_of_Directors_net2mode_2006-03-01,604,649,variation_neighborhood,20,0.9508582968697408,0.2299481660000992,121.0,137.0
Economic,Norwegian_Board_of_Directors_net2mode_2006-03-01,604,649,variation_edges,100,0.615276766696325,0.0,604.0,649.0
Economic,Norwegian_Board_of_Directors_net2mode_2006-03-01,604,649,variation_edges,80,0.6902724571264903,0.933394749999934,484.0,511.0
Economic,Norwegian_Board_of_Directors_net2mode_2006-03-01,604,649,variation_edges,60,0.6665002496255616,0.671887374999983,363.0,384.0
Economic,Norwegian_Board_of_Directors_net2mode_2006-03-01,604,649,variation_edges,40,0.6477635782747604,0.3544432910000523,242.0,258.0
Economic,Norwegian_Board_of_Directors_net2mode_2006-03-01,604,649,variation_edges,20,0.6617113850616388,0.1557288330000119,121.0,131.0
Economic,Norwegian_Board_of_Directors_net2mode_2006-10-01,730,790,variation_neighborhood,100,0.5808188734079835,0.0,730.0,790.0
Economic,Norwegian_Board_of_Directors_net2mode_2006-10-01,730,790,variation_neighborhood,80,0.653831764942876,1.4053033339999956,585.0,616.0
Economic,Norwegian_Board_of_Directors_net2mode_2006-10-01,730,790,variation_neighborhood,60,0.688809361051912,0.9096393339999622,438.0,464.0
Economic,Norwegian_Board_of_Directors_net2mode_2006-10-01,730,790,variation_neighborhood,40,0.7901311680199875,0.5043839579999485,292.0,318.0
Economic,Norwegian_Board_of_Directors_net2mode_2006-10-01,730,790,variation_neighborhood,20,0.908201760514182,0.3192234159999998,147.0,160.0
Economic,Norwegian_Board_of_Directors_net2mode_2006-10-01,730,790,variation_edges,100,0.5780641868180949,0.0,730.0,790.0
Economic,Norwegian_Board_of_Directors_net2mode_2006-10-01,730,790,variation_edges,80,0.6667824275047751,1.3128724580000153,584.0,616.0
Economic,Norwegian_Board_of_Directors_net2mode_2006-10-01,730,790,variation_edges,60,0.6260696517412936,0.8854835829999956,438.0,464.0
Economic,Norwegian_Board_of_Directors_net2mode_2006-10-01,730,790,variation_edges,40,0.6096393233322694,0.4448514160000059,293.0,312.0
Economic,Norwegian_Board_of_Directors_net2mode_2006-10-01,730,790,variation_edges,20,0.6068563092633115,0.1929061250000359,146.0,156.0
Economic,Norwegian_Board_of_Directors_net2mode_2007-03-01,805,871,variation_neighborhood,100,0.5721938626967644,0.0,805.0,871.0
Economic,Norwegian_Board_of_Directors_net2mode_2007-03-01,805,871,variation_neighborhood,80,0.6487644403641649,1.9637215839999271,645.0,681.0
Economic,Norwegian_Board_of_Directors_net2mode_2007-03-01,805,871,variation_neighborhood,60,0.6969664410300491,1.025830707999944,483.0,513.0
Economic,Norwegian_Board_of_Directors_net2mode_2007-03-01,805,871,variation_neighborhood,40,0.7902028150282612,0.6867151669999885,322.0,351.0
Economic,Norwegian_Board_of_Directors_net2mode_2007-03-01,805,871,variation_neighborhood,20,0.8902291917973462,0.3761806669999714,162.0,183.0
Economic,Norwegian_Board_of_Directors_net2mode_2007-03-01,805,871,variation_edges,100,0.5613420416246168,0.0,805.0,871.0
Economic,Norwegian_Board_of_Directors_net2mode_2007-03-01,805,871,variation_edges,80,0.6625355021946812,1.598473833000071,644.0,681.0
Economic,Norwegian_Board_of_Directors_net2mode_2007-03-01,805,871,variation_edges,60,0.6333602499736685,0.9241408749999208,483.0,514.0
Economic,Norwegian_Board_of_Directors_net2mode_2007-03-01,805,871,variation_edges,40,0.6216908625106746,0.6141812089999803,322.0,346.0
Economic,Norwegian_Board_of_Directors_net2mode_2007-03-01,805,871,variation_edges,20,0.5621934347880769,0.2335892920000333,161.0,176.0
Economic,Norwegian_Board_of_Directors_net2mode_2007-06-01,876,942,variation_neighborhood,100,0.5931096913462041,0.0,876.0,942.0
Economic,Norwegian_Board_of_Directors_net2mode_2007-06-01,876,942,variation_neighborhood,80,0.664292530782301,1.9529430000000048,702.0,739.0
Economic,Norwegian_Board_of_Directors_net2mode_2007-06-01,876,942,variation_neighborhood,60,0.7032385134480643,1.2847181669999372,526.0,559.0
Economic,Norwegian_Board_of_Directors_net2mode_2007-06-01,876,942,variation_neighborhood,40,0.8332490646172515,0.6751155420000714,351.0,382.0
Economic,Norwegian_Board_of_Directors_net2mode_2007-06-01,876,942,variation_neighborhood,20,0.8863636363636364,0.3709622079999235,176.0,200.0
Economic,Norwegian_Board_of_Directors_net2mode_2007-06-01,876,942,variation_edges,100,0.5993701950987809,0.0,876.0,942.0
Economic,Norwegian_Board_of_Directors_net2mode_2007-06-01,876,942,variation_edges,80,0.6747516747516747,1.9803882500000327,701.0,742.0
Economic,Norwegian_Board_of_Directors_net2mode_2007-06-01,876,942,variation_edges,60,0.6613148609717411,1.2312524579999715,526.0,560.0
Economic,Norwegian_Board_of_Directors_net2mode_2007-06-01,876,942,variation_edges,40,0.5569775775570799,0.6992590419999942,351.0,375.0
Economic,Norwegian_Board_of_Directors_net2mode_2007-06-01,876,942,variation_edges,20,0.5227992029070448,0.3452251669999668,176.0,188.0
Economic,Norwegian_Board_of_Directors_net2mode_2010-02-01,971,1052,variation_neighborhood,100,0.6617545687106509,0.0,971.0,1052.0
Economic,Norwegian_Board_of_Directors_net2mode_2010-02-01,971,1052,variation_neighborhood,80,0.7480157938818649,2.254570625000042,778.0,844.0
Economic,Norwegian_Board_of_Directors_net2mode_2010-02-01,971,1052,variation_neighborhood,60,0.7783706474503548,1.4459737500000074,584.0,640.0
Economic,Norwegian_Board_of_Directors_net2mode_2010-02-01,971,1052,variation_neighborhood,40,0.9049869209349424,0.9337483330000396,390.0,440.0
Economic,Norwegian_Board_of_Directors_net2mode_2010-02-01,971,1052,variation_neighborhood,20,0.949085047880914,0.4063477909999164,195.0,224.0
Economic,Norwegian_Board_of_Directors_net2mode_2010-02-01,971,1052,variation_edges,100,0.6655881673214699,0.0,971.0,1052.0
Economic,Norwegian_Board_of_Directors_net2mode_2010-02-01,971,1052,variation_edges,80,0.7548456218953931,2.496915082999976,777.0,856.0
Economic,Norwegian_Board_of_Directors_net2mode_2010-02-01,971,1052,variation_edges,60,0.7423593098003834,1.3893609579999977,583.0,630.0
Economic,Norwegian_Board_of_Directors_net2mode_2010-02-01,971,1052,variation_edges,40,0.7205686361617059,0.7232901669999592,389.0,422.0
Economic,Norwegian_Board_of_Directors_net2mode_2010-02-01,971,1052,variation_edges,20,0.7131091948454608,0.3104534999999941,195.0,217.0
Economic,Norwegian_Board_of_Directors_net2mode_2009-11-01,983,1057,variation_neighborhood,100,0.6506797238526809,0.0,983.0,1057.0
Economic,Norwegian_Board_of_Directors_net2mode_2009-11-01,983,1057,variation_neighborhood,80,0.7555703489055097,2.5581227080000417,788.0,853.0
Economic,Norwegian_Board_of_Directors_net2mode_2009-11-01,983,1057,variation_neighborhood,60,0.7791888570258091,1.585060666000004,591.0,644.0
Economic,Norwegian_Board_of_Directors_net2mode_2009-11-01,983,1057,variation_neighborhood,40,0.9100156826177256,0.8555398749999767,394.0,439.0
Economic,Norwegian_Board_of_Directors_net2mode_2009-11-01,983,1057,variation_neighborhood,20,0.954114378771913,0.4620587499999828,197.0,222.0
Economic,Norwegian_Board_of_Directors_net2mode_2009-11-01,983,1057,variation_edges,100,0.6547619047619048,0.0,983.0,1057.0
Economic,Norwegian_Board_of_Directors_net2mode_2009-11-01,983,1057,variation_edges,80,0.752311680272372,2.3308380409999927,787.0,859.0
Economic,Norwegian_Board_of_Directors_net2mode_2009-11-01,983,1057,variation_edges,60,0.746363410527478,1.4249905000000354,590.0,639.0
Economic,Norwegian_Board_of_Directors_net2mode_2009-11-01,983,1057,variation_edges,40,0.6969616204690832,0.8066191249999974,394.0,426.0
Economic,Norwegian_Board_of_Directors_net2mode_2009-11-01,983,1057,variation_edges,20,0.7001536688436419,0.3094200419999424,197.0,219.0
Economic,Norwegian_Board_of_Directors_net2mode_2011-01-01,993,1080,variation_neighborhood,100,0.6664668415136755,0.0,993.0,1080.0
Economic,Norwegian_Board_of_Directors_net2mode_2011-01-01,993,1080,variation_neighborhood,80,0.7509835006752392,2.453866916000038,795.0,862.0
Economic,Norwegian_Board_of_Directors_net2mode_2011-01-01,993,1080,variation_neighborhood,60,0.7851405086600305,1.5225417079999488,596.0,654.0
Economic,Norwegian_Board_of_Directors_net2mode_2011-01-01,993,1080,variation_neighborhood,40,0.912230215827338,0.9184144999999262,399.0,451.0
Economic,Norwegian_Board_of_Directors_net2mode_2011-01-01,993,1080,variation_neighborhood,20,0.967741935483871,0.4802100409999639,200.0,236.0
Economic,Norwegian_Board_of_Directors_net2mode_2011-01-01,993,1080,variation_edges,100,0.6625743105323539,0.0,993.0,1080.0
Economic,Norwegian_Board_of_Directors_net2mode_2011-01-01,993,1080,variation_edges,80,0.7457385028848503,2.288131625000005,795.0,879.0
Economic,Norwegian_Board_of_Directors_net2mode_2011-01-01,993,1080,variation_edges,60,0.7315281276238456,1.4568070420000367,596.0,656.0
Economic,Norwegian_Board_of_Directors_net2mode_2011-01-01,993,1080,variation_edges,40,0.677475390851187,0.7400190419999717,398.0,446.0
Economic,Norwegian_Board_of_Directors_net2mode_2011-01-01,993,1080,variation_edges,20,0.6535063998557779,0.322484083000063,199.0,231.0
Economic,Norwegian_Board_of_Directors_net2mode_2011-06-01,1016,1095,variation_neighborhood,100,0.6616068014002883,0.0,1016.0,1095.0
Economic,Norwegian_Board_of_Directors_net2mode_2011-06-01,1016,1095,variation_neighborhood,80,0.7388273726994738,2.6357201250000344,814.0,872.0
Economic,Norwegian_Board_of_Directors_net2mode_2011-06-01,1016,1095,variation_neighborhood,60,0.7924317716776063,1.657060709000007,611.0,660.0
Economic,Norwegian_Board_of_Directors_net2mode_2011-06-01,1016,1095,variation_neighborhood,40,0.9360088094946776,0.8585390000000643,407.0,453.0
Economic,Norwegian_Board_of_Directors_net2mode_2011-06-01,1016,1095,variation_neighborhood,20,0.9491315136476426,0.4517265829999815,204.0,234.0
Economic,Norwegian_Board_of_Directors_net2mode_2011-06-01,1016,1095,variation_edges,100,0.6656110806931352,0.0,1016.0,1095.0
Economic,Norwegian_Board_of_Directors_net2mode_2011-06-01,1016,1095,variation_edges,80,0.7578530609195832,2.703546832999905,813.0,889.0
Economic,Norwegian_Board_of_Directors_net2mode_2011-06-01,1016,1095,variation_edges,60,0.7588097308979732,1.5372921670000324,610.0,663.0
Economic,Norwegian_Board_of_Directors_net2mode_2011-06-01,1016,1095,variation_edges,40,0.7353302234225386,0.7131886250000434,407.0,452.0
Economic,Norwegian_Board_of_Directors_net2mode_2011-06-01,1016,1095,variation_edges,20,0.6856111862877763,0.3265140419999852,204.0,232.0
Economic,Norwegian_Board_of_Directors_net2mode_2009-01-01,1030,1104,variation_neighborhood,100,0.6578697966027557,0.0,1030.0,1104.0
Economic,Norwegian_Board_of_Directors_net2mode_2009-01-01,1030,1104,variation_neighborhood,80,0.7562036035009777,2.348124041999995,825.0,882.0
Economic,Norwegian_Board_of_Directors_net2mode_2009-01-01,1030,1104,variation_neighborhood,60,0.8072916666666666,1.8021843750000244,618.0,669.0
Economic,Norwegian_Board_of_Directors_net2mode_2009-01-01,1030,1104,variation_neighborhood,40,0.9240751188845008,0.8538392499999645,412.0,460.0
Economic,Norwegian_Board_of_Directors_net2mode_2009-01-01,1030,1104,variation_neighborhood,20,1.0041695621959694,0.4378749160000552,206.0,240.0
Economic,Norwegian_Board_of_Directors_net2mode_2009-01-01,1030,1104,variation_edges,100,0.6601799692735386,0.0,1030.0,1104.0
Economic,Norwegian_Board_of_Directors_net2mode_2009-01-01,1030,1104,variation_edges,80,0.7753574868489294,2.6141854169999306,824.0,894.0
Economic,Norwegian_Board_of_Directors_net2mode_2009-01-01,1030,1104,variation_edges,60,0.7447828904731043,1.5809555409999805,618.0,669.0
Economic,Norwegian_Board_of_Directors_net2mode_2009-01-01,1030,1104,variation_edges,40,0.6673360947240702,0.7852492089999714,412.0,449.0
Economic,Norwegian_Board_of_Directors_net2mode_2009-01-01,1030,1104,variation_edges,20,0.6560672514619883,0.3803991249999399,206.0,230.0
Economic,Norwegian_Board_of_Directors_net2mode_2009-03-01,1047,1129,variation_neighborhood,100,0.6584830964654952,0.0,1047.0,1129.0
Economic,Norwegian_Board_of_Directors_net2mode_2009-03-01,1047,1129,variation_neighborhood,80,0.7398926523658613,2.5772857079999767,838.0,901.0
Economic,Norwegian_Board_of_Directors_net2mode_2009-03-01,1047,1129,variation_neighborhood,60,0.8012820512820513,1.5493620419999845,629.0,679.0
Economic,Norwegian_Board_of_Directors_net2mode_2009-03-01,1047,1129,variation_neighborhood,40,0.9072189442838474,1.073857332999978,419.0,466.0
Economic,Norwegian_Board_of_Directors_net2mode_2009-03-01,1047,1129,variation_neighborhood,20,0.9859514687100894,0.4936689170000363,211.0,243.0
Economic,Norwegian_Board_of_Directors_net2mode_2009-03-01,1047,1129,variation_edges,100,0.6579677561648903,0.0,1047.0,1129.0
Economic,Norwegian_Board_of_Directors_net2mode_2009-03-01,1047,1129,variation_edges,80,0.7776970577551762,2.751621249999971,838.0,915.0
Economic,Norwegian_Board_of_Directors_net2mode_2009-03-01,1047,1129,variation_edges,60,0.7656752411575563,1.6182202080000252,629.0,690.0
Economic,Norwegian_Board_of_Directors_net2mode_2009-03-01,1047,1129,variation_edges,40,0.7096800193439188,0.8431077920000689,419.0,459.0
Economic,Norwegian_Board_of_Directors_net2mode_2009-03-01,1047,1129,variation_edges,20,0.7316230456940486,0.3830730000000812,210.0,240.0
Economic,Norwegian_Board_of_Directors_net2mode_2008-01-01,1066,1164,variation_neighborhood,100,0.6372755283482415,0.0,1066.0,1164.0
Economic,Norwegian_Board_of_Directors_net2mode_2008-01-01,1066,1164,variation_neighborhood,80,0.7230586370839936,2.84900095799992,854.0,921.0
Economic,Norwegian_Board_of_Directors_net2mode_2008-01-01,1066,1164,variation_neighborhood,60,0.7857054225089961,1.8057829170001016,641.0,697.0
Economic,Norwegian_Board_of_Directors_net2mode_2008-01-01,1066,1164,variation_neighborhood,40,0.9070047839446151,1.040827375000049,428.0,475.0
Economic,Norwegian_Board_of_Directors_net2mode_2008-01-01,1066,1164,variation_neighborhood,20,0.9551208285385502,0.5011868340000092,214.0,248.0
Economic,Norwegian_Board_of_Directors_net2mode_2008-01-01,1066,1164,variation_edges,100,0.6384193851049075,0.0,1066.0,1164.0
Economic,Norwegian_Board_of_Directors_net2mode_2008-01-01,1066,1164,variation_edges,80,0.7328713045003947,2.7303369169999314,853.0,934.0
Economic,Norwegian_Board_of_Directors_net2mode_2008-01-01,1066,1164,variation_edges,60,0.7109644517774112,1.6059719999999515,640.0,689.0
Economic,Norwegian_Board_of_Directors_net2mode_2008-01-01,1066,1164,variation_edges,40,0.6532524807056229,0.8624707080000462,427.0,470.0
Economic,Norwegian_Board_of_Directors_net2mode_2008-01-01,1066,1164,variation_edges,20,0.6114381094614777,0.3658532079999759,214.0,239.0
Economic,Norwegian_Board_of_Directors_net2mode_2008-02-01,1100,1198,variation_neighborhood,100,0.6562611794946537,0.0,1100.0,1198.0
Economic,Norwegian_Board_of_Directors_net2mode_2008-02-01,1100,1198,variation_neighborhood,80,0.7242044852853263,2.809363791999999,881.0,959.0
Economic,Norwegian_Board_of_Directors_net2mode_2008-02-01,1100,1198,variation_neighborhood,60,0.7944234404536862,2.0026486670000168,660.0,725.0
Economic,Norwegian_Board_of_Directors_net2mode_2008-02-01,1100,1198,variation_neighborhood,40,0.9143896643896644,1.0009229170000251,440.0,491.0
Economic,Norwegian_Board_of_Directors_net2mode_2008-02-01,1100,1198,variation_neighborhood,20,1.005591054313099,0.5033534579999923,220.0,258.0
Economic,Norwegian_Board_of_Directors_net2mode_2008-02-01,1100,1198,variation_edges,100,0.6581447572983244,0.0,1100.0,1198.0
Economic,Norwegian_Board_of_Directors_net2mode_2008-02-01,1100,1198,variation_edges,80,0.7474106247911794,3.130810707999899,882.0,974.0
Economic,Norwegian_Board_of_Directors_net2mode_2008-02-01,1100,1198,variation_edges,60,0.755142226756186,1.8153515420000303,660.0,725.0
Economic,Norwegian_Board_of_Directors_net2mode_2008-02-01,1100,1198,variation_edges,40,0.6602376703747295,0.9853741670000318,440.0,484.0
Economic,Norwegian_Board_of_Directors_net2mode_2008-02-01,1100,1198,variation_edges,20,0.5659756498848306,0.3925901669999803,220.0,249.0
Transportation,595b1429549f067e0263b515,108,123,variation_neighborhood,100,1.055276381909548,0.0,108.0,123.0
Transportation,595b1429549f067e0263b515,108,123,variation_neighborhood,80,1.0245413390517035,0.0650333749999845,88.0,103.0
Transportation,595b1429549f067e0263b515,108,123,variation_neighborhood,60,1.084834834834835,0.040355833000035,65.0,73.0
Transportation,595b1429549f067e0263b515,108,123,variation_neighborhood,40,1.0554371002132197,0.0394211249999898,46.0,53.0
Transportation,595b1429549f067e0263b515,108,123,variation_neighborhood,20,1.1522633744855966,0.0291642920000185,23.0,24.0
Transportation,595b1429549f067e0263b515,108,123,variation_edges,100,1.0756501182033096,0.0,108.0,123.0
Transportation,595b1429549f067e0263b515,108,123,variation_edges,80,1.0207528957528955,0.0495667090000324,87.0,101.0
Transportation,595b1429549f067e0263b515,108,123,variation_edges,60,1.019450033534541,0.0369869590000462,65.0,78.0
Transportation,595b1429549f067e0263b515,108,123,variation_edges,40,1.0966340933767644,0.0233348750000459,44.0,54.0
Transportation,595b1429549f067e0263b515,108,123,variation_edges,20,1.027027027027027,0.0119305419999591,22.0,25.0
Transportation,595b1429549f067e0263b51f,128,143,variation_neighborhood,100,1.052968474955993,0.0,128.0,143.0
Transportation,595b1429549f067e0263b51f,128,143,variation_neighborhood,80,1.040082219938335,0.1198453340000469,103.0,116.0
Transportation,595b1429549f067e0263b51f,128,143,variation_neighborhood,60,1.0420801905518065,0.0553807920000508,77.0,90.0
Transportation,595b1429549f067e0263b51f,128,143,variation_neighborhood,40,1.0423357664233577,0.0481739169999855,52.0,63.0
Transportation,595b1429549f067e0263b51f,128,143,variation_neighborhood,20,1.0351966873706004,0.0337220830000433,26.0,32.0
Transportation,595b1429549f067e0263b51f,128,143,variation_edges,100,1.0563493337614385,0.0,128.0,143.0
Transportation,595b1429549f067e0263b51f,128,143,variation_edges,80,1.065487471046536,0.0676975410000295,103.0,115.0
Transportation,595b1429549f067e0263b51f,128,143,variation_edges,60,1.0296634341129491,0.0457502910001039,77.0,89.0
Transportation,595b1429549f067e0263b51f,128,143,variation_edges,40,1.0637119113573408,0.0611549999999851,52.0,62.0
Transportation,595b1429549f067e0263b51f,128,143,variation_edges,20,0.9583736689254598,0.0385829169999851,26.0,34.0
Transportation,595b1429549f067e0263b517,134,156,variation_neighborhood,100,1.061742642815926,0.0,134.0,156.0
Transportation,595b1429549f067e0263b517,134,156,variation_neighborhood,80,1.0450551504954195,0.0849530000000413,108.0,126.0
Transportation,595b1429549f067e0263b517,134,156,variation_neighborhood,60,1.0615262740955902,0.0622617499999478,81.0,94.0
Transportation,595b1429549f067e0263b517,134,156,variation_neighborhood,40,1.0720268006700169,0.055293000000006,55.0,65.0
Transportation,595b1429549f067e0263b517,134,156,variation_neighborhood,20,1.055023923444976,0.0390309590000015,30.0,30.0
Transportation,595b1429549f067e0263b517,134,156,variation_edges,100,1.0605187319884726,0.0,134.0,156.0
Transportation,595b1429549f067e0263b517,134,156,variation_edges,80,1.0541945063103193,0.0788377499999342,108.0,127.0
Transportation,595b1429549f067e0263b517,134,156,variation_edges,60,1.08095952023988,0.0452038339999489,81.0,97.0
Transportation,595b1429549f067e0263b517,134,156,variation_edges,40,1.062374245472837,0.0312317919999713,54.0,66.0
Transportation,595b1429549f067e0263b517,134,156,variation_edges,20,1.0756972111553784,0.0173639579999189,27.0,32.0
Transportation,595b1429549f067e0263b519,147,164,variation_neighborhood,100,1.0039290069096327,0.0,147.0,164.0
Transportation,595b1429549f067e0263b519,147,164,variation_neighborhood,80,1.0044642857142858,0.1002125840000189,118.0,135.0
Transportation,595b1429549f067e0263b519,147,164,variation_neighborhood,60,1.008558871154291,0.0654997499999581,89.0,105.0
Transportation,595b1429549f067e0263b519,147,164,variation_neighborhood,40,1.0492274523895078,0.0502201670000204,59.0,75.0
Transportation,595b1429549f067e0263b519,147,164,variation_neighborhood,20,1.05,0.0358760000000302,30.0,37.0
Transportation,595b1429549f067e0263b519,147,164,variation_edges,100,1.0182767624020888,0.0,147.0,164.0
Transportation,595b1429549f067e0263b519,147,164,variation_edges,80,1.008875168821146,0.0869594170000027,118.0,135.0
Transportation,595b1429549f067e0263b519,147,164,variation_edges,60,1.0072446833372284,0.0485635000000002,89.0,105.0
Transportation,595b1429549f067e0263b519,147,164,variation_edges,40,1.02576112412178,0.0293721670000195,59.0,75.0
Transportation,595b1429549f067e0263b519,147,164,variation_edges,20,1.0607287449392713,0.0158972919999769,30.0,40.0
Transportation,595b1429549f067e0263b511,217,262,variation_neighborhood,100,1.0017083398043174,0.0,217.0,262.0
Transportation,595b1429549f067e0263b511,217,262,variation_neighborhood,80,0.976484655241132,0.2023613329999989,174.0,214.0
Transportation,595b1429549f067e0263b511,217,262,variation_neighborhood,60,0.9711745689655172,0.135463833000017,132.0,165.0
Transportation,595b1429549f067e0263b511,217,262,variation_neighborhood,40,0.9674134419551936,0.091458958999965,87.0,119.0
Transportation,595b1429549f067e0263b511,217,262,variation_neighborhood,20,1.0224667583677212,0.0602697500000886,45.0,61.0
Transportation,595b1429549f067e0263b511,217,262,variation_edges,100,1.013832128261553,0.0,217.0,262.0
Transportation,595b1429549f067e0263b511,217,262,variation_edges,80,0.9984057393383818,0.1587491249999857,174.0,215.0
Transportation,595b1429549f067e0263b511,217,262,variation_edges,60,1.0162061636556856,0.1138393329999871,131.0,168.0
Transportation,595b1429549f067e0263b511,217,262,variation_edges,40,1.0214168039538714,0.0652631250000013,87.0,119.0
Transportation,595b1429549f067e0263b511,217,262,variation_edges,20,0.9596439169139466,0.0281025000000454,44.0,70.0
Transportation,595b1429549f067e0263b514,299,356,variation_neighborhood,100,0.948849797023004,0.0,299.0,356.0
Transportation,595b1429549f067e0263b514,299,356,variation_neighborhood,80,0.9463461670913974,0.3589807500000006,241.0,290.0
Transportation,595b1429549f067e0263b514,299,356,variation_neighborhood,60,0.9717868338557992,0.2243868330000396,181.0,224.0
Transportation,595b1429549f067e0263b514,299,356,variation_neighborhood,40,0.9504422293977256,0.1327324170000565,120.0,161.0
Transportation,595b1429549f067e0263b514,299,356,variation_neighborhood,20,1.0174880763116056,0.0874475840000741,60.0,83.0
Transportation,595b1429549f067e0263b514,299,356,variation_edges,100,0.9504445890262416,0.0,299.0,356.0
Transportation,595b1429549f067e0263b514,299,356,variation_edges,80,0.9464066548479476,0.3715111249999836,240.0,293.0
Transportation,595b1429549f067e0263b514,299,356,variation_edges,60,0.9478197409231892,0.181354125000098,180.0,229.0
Transportation,595b1429549f067e0263b514,299,356,variation_edges,40,0.9261176470588236,0.1132354170000553,120.0,160.0
Transportation,595b1429549f067e0263b514,299,356,variation_edges,20,0.9189944134078212,0.0649284169999191,61.0,93.0
Transportation,595b1429549f067e0263b513,392,437,variation_neighborhood,100,0.943015416326706,0.0,392.0,437.0
Transportation,595b1429549f067e0263b513,392,437,variation_neighborhood,80,0.9373137562984232,0.6057149580000214,314.0,356.0
Transportation,595b1429549f067e0263b513,392,437,variation_neighborhood,60,0.9461447910535608,0.4265310840000893,236.0,276.0
Transportation,595b1429549f067e0263b513,392,437,variation_neighborhood,40,0.924434638720353,0.2701547919999711,157.0,196.0
Transportation,595b1429549f067e0263b513,392,437,variation_neighborhood,20,0.9997513056453616,0.1557129169999598,79.0,100.0
Transportation,595b1429549f067e0263b513,392,437,variation_edges,100,0.9423679354589536,0.0,392.0,437.0
Transportation,595b1429549f067e0263b513,392,437,variation_edges,80,0.9409784438290708,0.4715922499999578,314.0,356.0
Transportation,595b1429549f067e0263b513,392,437,variation_edges,60,0.9296120005769508,0.3760852909999812,236.0,278.0
Transportation,595b1429549f067e0263b513,392,437,variation_edges,40,0.953340046995636,0.1949859160000642,157.0,193.0
Transportation,595b1429549f067e0263b513,392,437,variation_edges,20,0.9504904250350305,0.0868844999999964,79.0,107.0
Transportation,58869b22a411221d0e7c6788,417,2953,variation_neighborhood,100,0.8577761269462391,0.0,417.0,2953.0
Transportation,58869b22a411221d0e7c6788,417,2953,variation_neighborhood,80,0.7544242315216657,1.245176000000015,334.0,1609.0
Transportation,58869b22a411221d0e7c6788,417,2953,variation_neighborhood,60,0.729528863108284,0.8513182079999524,251.0,1100.0
Transportation,58869b22a411221d0e7c6788,417,2953,variation_neighborhood,40,0.7440833373337814,0.4710957080000071,167.0,916.0
Transportation,58869b22a411221d0e7c6788,417,2953,variation_neighborhood,20,0.8070228698643999,0.2972784580000507,84.0,593.0
Transportation,58869b22a411221d0e7c6788,417,2953,variation_edges,100,0.8569673078560912,0.0,417.0,2953.0
Transportation,58869b22a411221d0e7c6788,417,2953,variation_edges,80,0.8513295386967972,1.3895182909999448,334.0,2212.0
Transportation,58869b22a411221d0e7c6788,417,2953,variation_edges,60,0.8054024940962008,0.7902366250000341,251.0,1463.0
Transportation,58869b22a411221d0e7c6788,417,2953,variation_edges,40,0.6614616360177553,0.4204137080000691,167.0,512.0
Transportation,58869b22a411221d0e7c6788,417,2953,variation_edges,20,0.3284858853721129,0.2041798330000119,99.0,147.0
Transportation,595b1429549f067e0263b516,433,475,variation_neighborhood,100,0.9513300034847254,0.0,433.0,475.0
Transportation,595b1429549f067e0263b516,433,475,variation_neighborhood,80,0.9598169882633778,0.69524883400004,348.0,385.0
Transportation,595b1429549f067e0263b516,433,475,variation_neighborhood,60,0.954725755710573,0.4992019589999472,260.0,292.0
Transportation,595b1429549f067e0263b516,433,475,variation_neighborhood,40,0.9449885392790164,0.2886005419999264,174.0,206.0
Transportation,595b1429549f067e0263b516,433,475,variation_neighborhood,20,0.9490997999555456,0.149676750000026,87.0,110.0
Transportation,595b1429549f067e0263b516,433,475,variation_edges,100,0.9578200530173088,0.0,433.0,475.0
Transportation,595b1429549f067e0263b516,433,475,variation_edges,80,0.951195219123506,0.6612266250000403,347.0,382.0
Transportation,595b1429549f067e0263b516,433,475,variation_edges,60,0.9302014321086796,0.4010039580000466,260.0,295.0
Transportation,595b1429549f067e0263b516,433,475,variation_edges,40,0.90194075587334,0.2284787909999295,174.0,208.0
Transportation,595b1429549f067e0263b516,433,475,variation_edges,20,0.8797713819146765,0.0911172500000248,87.0,117.0
Transportation,595b15bd549f067e0263b526,1009,1610,variation_neighborhood,100,0.8693260981154213,0.0,1009.0,1610.0
Transportation,595b15bd549f067e0263b526,1009,1610,variation_neighborhood,80,0.8642947285547232,4.018034958000044,809.0,1322.0
Transportation,595b15bd549f067e0263b526,1009,1610,variation_neighborhood,60,0.8886951006817821,2.4515423340000098,606.0,1008.0
Transportation,595b15bd549f067e0263b526,1009,1610,variation_neighborhood,40,0.8970222784147884,1.40985154100008,405.0,773.0
Transportation,595b15bd549f067e0263b526,1009,1610,variation_neighborhood,20,0.9129304743339832,0.55026895900005,202.0,416.0
Transportation,595b15bd549f067e0263b526,1009,1610,variation_edges,100,0.8718273995017605,0.0,1009.0,1610.0
Transportation,595b15bd549f067e0263b526,1009,1610,variation_edges,80,0.8797447945457895,3.82018283299999,808.0,1321.0
Transportation,595b15bd549f067e0263b526,1009,1610,variation_edges,60,0.8712774901544317,2.262603166999952,606.0,1075.0
Transportation,595b15bd549f067e0263b526,1009,1610,variation_edges,40,0.8923926075055987,1.2779641250000395,404.0,750.0
Transportation,595b15bd549f067e0263b526,1009,1610,variation_edges,20,0.9063160366283164,0.4235759590000043,202.0,412.0
Transportation,57f1e78f8cf714f319c390a6,1039,1305,variation_neighborhood,100,0.8417698449092854,0.0,1039.0,1305.0
Transportation,57f1e78f8cf714f319c390a6,1039,1305,variation_neighborhood,80,0.8193692718481634,3.251608291000025,832.0,1090.0
Transportation,57f1e78f8cf714f319c390a6,1039,1305,variation_neighborhood,60,0.8020763241372681,1.8535820409999817,624.0,851.0
Transportation,57f1e78f8cf714f319c390a6,1039,1305,variation_neighborhood,40,0.8197578425976885,1.186682082999937,416.0,630.0
Transportation,57f1e78f8cf714f319c390a6,1039,1305,variation_neighborhood,20,0.7912786483020131,0.6196813750000274,209.0,347.0
Transportation,57f1e78f8cf714f319c390a6,1039,1305,variation_edges,100,0.8471186841793871,0.0,1039.0,1305.0
Transportation,57f1e78f8cf714f319c390a6,1039,1305,variation_edges,80,0.8257879157234894,3.229143249999993,832.0,1088.0
Transportation,57f1e78f8cf714f319c390a6,1039,1305,variation_edges,60,0.802778628291488,2.055912917000001,624.0,861.0
Transportation,57f1e78f8cf714f319c390a6,1039,1305,variation_edges,40,0.8196996862393545,1.1565714580000304,416.0,624.0
Transportation,57f1e78f8cf714f319c390a6,1039,1305,variation_edges,20,0.836512567324955,0.383696666999981,208.0,350.0
Transportation,595b15bd549f067e0263b525,1554,3599,variation_neighborhood,100,0.9107087359962114,0.0,1554.0,3599.0
Transportation,595b15bd549f067e0263b525,1554,3599,variation_neighborhood,80,0.9048187754242912,11.429056875000017,1244.0,3001.0
Transportation,595b15bd549f067e0263b525,1554,3599,variation_neighborhood,60,0.9032167603379176,6.741129915999977,933.0,2457.0
Transportation,595b15bd549f067e0263b525,1554,3599,variation_neighborhood,40,0.9381954356400694,3.5971646670000155,622.0,2015.0
Transportation,595b15bd549f067e0263b525,1554,3599,variation_neighborhood,20,0.9243589743589744,1.3246288340000092,311.0,1267.0
Transportation,595b15bd549f067e0263b525,1554,3599,variation_edges,100,0.9086982523755732,0.0,1554.0,3599.0
Transportation,595b15bd549f067e0263b525,1554,3599,variation_edges,80,0.9151749902592192,11.056983082999976,1244.0,2999.0
Transportation,595b15bd549f067e0263b525,1554,3599,variation_edges,60,0.9190649146347104,6.674112290999915,933.0,2491.0
Transportation,595b15bd549f067e0263b525,1554,3599,variation_edges,40,0.92997857422738,3.3852222919999804,622.0,1857.0
Transportation,595b15bd549f067e0263b525,1554,3599,variation_edges,20,0.9057607386591732,1.044540667000092,311.0,1067.0
Transportation,595b15bd549f067e0263b522,2266,3041,variation_neighborhood,100,0.8182851984760859,0.0,2266.0,3041.0
Transportation,595b15bd549f067e0263b522,2266,3041,variation_neighborhood,80,0.7959278892367885,13.556918875000065,1813.0,2461.0
Transportation,595b15bd549f067e0263b522,2266,3041,variation_neighborhood,60,0.7810282506253087,8.369556417000013,1360.0,1852.0
Transportation,595b15bd549f067e0263b522,2266,3041,variation_neighborhood,40,0.8122082585278276,4.100812584000096,907.0,1279.0
Transportation,595b15bd549f067e0263b522,2266,3041,variation_neighborhood,20,0.8177155257447228,1.572687667000082,454.0,692.0
Transportation,595b15bd549f067e0263b522,2266,3041,variation_edges,100,0.8197070100396711,0.0,2266.0,3041.0
Transportation,595b15bd549f067e0263b522,2266,3041,variation_edges,80,0.8158582817477188,12.903230166999949,1813.0,2399.0
Transportation,595b15bd549f067e0263b522,2266,3041,variation_edges,60,0.8017098000144626,7.680460957999912,1360.0,1818.0
Transportation,595b15bd549f067e0263b522,2266,3041,variation_edges,40,0.8008200947774204,3.6249245000001338,907.0,1251.0
Transportation,595b15bd549f067e0263b522,2266,3041,variation_edges,20,0.7762987095624729,1.2410281669999677,454.0,676.0
Technological,57222854461efe0c7a675ad3,103,239,variation_neighborhood,100,0.7751937984496123,0.0,103.0,239.0
Technological,57222854461efe0c7a675ad3,103,239,variation_neighborhood,80,0.7000931387767774,0.0774105420000523,83.0,155.0
Technological,57222854461efe0c7a675ad3,103,239,variation_neighborhood,60,0.7061900610287707,0.0533594169999105,62.0,118.0
Technological,57222854461efe0c7a675ad3,103,239,variation_neighborhood,40,0.8212401055408971,0.0432690420000199,43.0,89.0
Technological,57222854461efe0c7a675ad3,103,239,variation_neighborhood,20,0.8333333333333334,0.0257181250001394,21.0,37.0
Technological,57222854461efe0c7a675ad3,103,239,variation_edges,100,0.7691577248124585,0.0,103.0,239.0
Technological,57222854461efe0c7a675ad3,103,239,variation_edges,80,0.7362375682868749,0.0768634579999343,83.0,193.0
Technological,57222854461efe0c7a675ad3,103,239,variation_edges,60,0.6532258064516129,0.0485913749998871,62.0,128.0
Technological,57222854461efe0c7a675ad3,103,239,variation_edges,40,0.5167249126310535,0.0289650409999921,42.0,65.0
Technological,57222854461efe0c7a675ad3,103,239,variation_edges,20,0.6555671175858481,0.0224142500001107,23.0,33.0
Technological,57222842461efe0c7a6758df,493,1145,variation_neighborhood,100,0.7327501058275716,0.0,493.0,1145.0
Technological,57222842461efe0c7a6758df,493,1145,variation_neighborhood,80,0.6952940358682053,1.3651250830000663,395.0,968.0
Technological,57222842461efe0c7a6758df,493,1145,variation_neighborhood,60,0.705655441505753,0.8811355000000276,296.0,798.0
Technological,57222842461efe0c7a6758df,493,1145,variation_neighborhood,40,0.7578591685271224,0.5336994169999798,198.0,655.0
Technological,57222842461efe0c7a6758df,493,1145,variation_neighborhood,20,0.7386071978554726,0.2725739170000452,100.0,414.0
Technological,57222842461efe0c7a6758df,493,1145,variation_edges,100,0.7311612975895473,0.0,493.0,1145.0
Technological,57222842461efe0c7a6758df,493,1145,variation_edges,80,0.7060746769621398,1.3302290829999492,395.0,969.0
Technological,57222842461efe0c7a6758df,493,1145,variation_edges,60,0.6978285360842962,0.8666324169998916,296.0,806.0
Technological,57222842461efe0c7a6758df,493,1145,variation_edges,40,0.6818504328082872,0.4947107079999568,198.0,550.0
Technological,57222842461efe0c7a6758df,493,1145,variation_edges,20,0.2092212320805889,0.2170605420001266,125.0,173.0
Technological,57222842461efe0c7a6758dd,512,1181,variation_neighborhood,100,0.7412952930607355,0.0,512.0,1181.0
Technological,57222842461efe0c7a6758dd,512,1181,variation_neighborhood,80,0.7096500889604338,1.4176292080001076,410.0,993.0
Technological,57222842461efe0c7a6758dd,512,1181,variation_neighborhood,60,0.734350272551433,0.9005132080001204,308.0,790.0
Technological,57222842461efe0c7a6758dd,512,1181,variation_neighborhood,40,0.7692307692307693,0.5537789170000451,205.0,649.0
Technological,57222842461efe0c7a6758dd,512,1181,variation_neighborhood,20,0.7558507273877293,0.2995613750001666,103.0,370.0
Technological,57222842461efe0c7a6758dd,512,1181,variation_edges,100,0.7396441667798451,0.0,512.0,1181.0
Technological,57222842461efe0c7a6758dd,512,1181,variation_edges,80,0.7496431061385744,1.4343941250001535,410.0,1006.0
Technological,57222842461efe0c7a6758dd,512,1181,variation_edges,60,0.7289479322905507,0.90827654099985,308.0,824.0
Technological,57222842461efe0c7a6758dd,512,1181,variation_edges,40,0.592963355376128,0.4756901670000388,205.0,528.0
Technological,57222842461efe0c7a6758dd,512,1181,variation_edges,20,0.1240694789081885,0.2661436250000406,135.0,183.0
Technological,57222842461efe0c7a6758de,522,1198,variation_neighborhood,100,0.7179548759823347,0.0,522.0,1198.0
Technological,57222842461efe0c7a6758de,522,1198,variation_neighborhood,80,0.6924442360506396,1.469595666999794,418.0,978.0
Technological,57222842461efe0c7a6758de,522,1198,variation_neighborhood,60,0.7008416220351951,0.924672666999868,314.0,827.0
Technological,57222842461efe0c7a6758de,522,1198,variation_neighborhood,40,0.7454757734967893,0.5500518329999977,209.0,677.0
Technological,57222842461efe0c7a6758de,522,1198,variation_neighborhood,20,0.7719871754573459,0.3013520830002107,105.0,376.0
Technological,57222842461efe0c7a6758de,522,1198,variation_edges,100,0.7184245660881174,0.0,522.0,1198.0
Technological,57222842461efe0c7a6758de,522,1198,variation_edges,80,0.7190534475724194,1.4643846659998871,418.0,1020.0
Technological,57222842461efe0c7a6758de,522,1198,variation_edges,60,0.6783854166666666,0.9232504169999628,314.0,812.0
Technological,57222842461efe0c7a6758de,522,1198,variation_edges,40,0.5482356504619113,0.4615599579999525,209.0,509.0
Technological,57222842461efe0c7a6758de,522,1198,variation_edges,20,0.1496752329850324,0.1907726659999298,132.0,170.0
Technological,57222854461efe0c7a675bb7,527,1198,variation_neighborhood,100,0.7288128820873456,0.0,527.0,1198.0
Technological,57222854461efe0c7a675bb7,527,1198,variation_neighborhood,80,0.6724265613428783,1.5533690419999855,423.0,1008.0
Technological,57222854461efe0c7a675bb7,527,1198,variation_neighborhood,60,0.6824664879356568,1.019139874999837,318.0,818.0
Technological,57222854461efe0c7a675bb7,527,1198,variation_neighborhood,40,0.7471280750263676,0.7518845829999918,211.0,682.0
Technological,57222854461efe0c7a675bb7,527,1198,variation_neighborhood,20,0.7489728564693203,0.2813096660001974,106.0,345.0
Technological,57222854461efe0c7a675bb7,527,1198,variation_edges,100,0.7304180682364247,0.0,527.0,1198.0
Technological,57222854461efe0c7a675bb7,527,1198,variation_edges,80,0.7053867086325039,1.473642874999996,422.0,1019.0
Technological,57222854461efe0c7a675bb7,527,1198,variation_edges,60,0.6939042948934732,1.081348208999998,317.0,833.0
Technological,57222854461efe0c7a675bb7,527,1198,variation_edges,40,0.5851921274601687,0.4949214579999079,211.0,513.0
Technological,57222854461efe0c7a675bb7,527,1198,variation_edges,20,0.2095063506612544,0.233603832999961,134.0,195.0
Technological,57222854461efe0c7a675bb6,530,1198,variation_neighborhood,100,0.7125392016159039,0.0,530.0,1198.0
Technological,57222854461efe0c7a675bb6,530,1198,variation_neighborhood,80,0.6702830265982727,1.5512824580000597,425.0,1008.0
Technological,57222854461efe0c7a675bb6,530,1198,variation_neighborhood,60,0.6910639777468706,1.002600290999908,318.0,817.0
Technological,57222854461efe0c7a675bb6,530,1198,variation_neighborhood,40,0.7330928508535235,0.5949597500000436,212.0,679.0
Technological,57222854461efe0c7a675bb6,530,1198,variation_neighborhood,20,0.7748262648567903,0.3243449589999727,106.0,356.0
Technological,57222854461efe0c7a675bb6,530,1198,variation_edges,100,0.7169887009427024,0.0,530.0,1198.0
Technological,57222854461efe0c7a675bb6,530,1198,variation_edges,80,0.6783537857918023,1.5180177090001052,424.0,1032.0
Technological,57222854461efe0c7a675bb6,530,1198,variation_edges,60,0.6920489362157992,0.9449614169998312,318.0,828.0
Technological,57222854461efe0c7a675bb6,530,1198,variation_edges,40,0.6201259748050391,0.5037766250000004,212.0,519.0
Technological,57222854461efe0c7a675bb6,530,1198,variation_edges,20,0.1539903588644885,0.1748792920000141,142.0,204.0
Technological,57222854461efe0c7a675bb3,538,1225,variation_neighborhood,100,0.7249775276507601,0.0,538.0,1225.0
Technological,57222854461efe0c7a675bb3,538,1225,variation_neighborhood,80,0.6789727390882319,1.5495179170000029,431.0,1006.0
Technological,57222854461efe0c7a675bb3,538,1225,variation_neighborhood,60,0.6772463609499836,0.9946073330002037,323.0,801.0
Technological,57222854461efe0c7a675bb3,538,1225,variation_neighborhood,40,0.740211238839937,0.583236917000022,216.0,660.0
Technological,57222854461efe0c7a675bb3,538,1225,variation_neighborhood,20,0.796302879488091,0.282410499999969,108.0,403.0
Technological,57222854461efe0c7a675bb3,538,1225,variation_edges,100,0.7241662003721681,0.0,538.0,1225.0
Technological,57222854461efe0c7a675bb3,538,1225,variation_edges,80,0.702619752274471,1.5568776659999912,431.0,1049.0
Technological,57222854461efe0c7a675bb3,538,1225,variation_edges,60,0.6879071661237784,0.9888032080000356,323.0,860.0
Technological,57222854461efe0c7a675bb3,538,1225,variation_edges,40,0.6252702897506126,0.5151514579999912,216.0,529.0
Technological,57222854461efe0c7a675bb3,538,1225,variation_edges,20,0.1753246753246753,0.2259865829998943,138.0,197.0
Technological,57222854461efe0c7a675bb8,541,1233,variation_neighborhood,100,0.7236222402869715,0.0,541.0,1233.0
Technological,57222854461efe0c7a675bb8,541,1233,variation_neighborhood,80,0.6731054282192507,1.686324999999897,434.0,1061.0
Technological,57222854461efe0c7a675bb8,541,1233,variation_neighborhood,60,0.7042622686398645,1.018595540999968,326.0,866.0
Technological,57222854461efe0c7a675bb8,541,1233,variation_neighborhood,40,0.7472951882125757,0.6253591669999423,217.0,732.0
Technological,57222854461efe0c7a675bb8,541,1233,variation_neighborhood,20,0.7436629175759611,0.3046850830000949,109.0,352.0
Technological,57222854461efe0c7a675bb8,541,1233,variation_edges,100,0.728160382258232,0.0,541.0,1233.0
Technological,57222854461efe0c7a675bb8,541,1233,variation_edges,80,0.7163705176727179,1.6113501249999445,433.0,1032.0
Technological,57222854461efe0c7a675bb8,541,1233,variation_edges,60,0.6916295930136761,0.9904826249999132,325.0,850.0
Technological,57222854461efe0c7a675bb8,541,1233,variation_edges,40,0.6359409190371991,0.503934708000088,217.0,544.0
Technological,57222854461efe0c7a675bb8,541,1233,variation_edges,20,0.1643724696356275,0.2131100829999468,137.0,181.0
Technological,57222854461efe0c7a675bb4,544,1240,variation_neighborhood,100,0.7340109741836827,0.0,544.0,1240.0
Technological,57222854461efe0c7a675bb4,544,1240,variation_neighborhood,80,0.6844626967830253,1.6713005419999265,437.0,1037.0
Technological,57222854461efe0c7a675bb4,544,1240,variation_neighborhood,60,0.7062303568127195,1.0042987089998403,327.0,852.0
Technological,57222854461efe0c7a675bb4,544,1240,variation_neighborhood,40,0.7830950901180858,0.6668473750000885,218.0,711.0
Technological,57222854461efe0c7a675bb4,544,1240,variation_neighborhood,20,0.8352693882066601,0.2942144579999421,109.0,436.0
Technological,57222854461efe0c7a675bb4,544,1240,variation_edges,100,0.733907233714506,0.0,544.0,1240.0
Technological,57222854461efe0c7a675bb4,544,1240,variation_edges,80,0.7219780899919539,1.6554156249999323,436.0,1067.0
Technological,57222854461efe0c7a675bb4,544,1240,variation_edges,60,0.7158726240434461,0.9936692080000284,327.0,851.0
Technological,57222854461efe0c7a675bb4,544,1240,variation_edges,40,0.6009741738795249,0.5264031250001153,218.0,545.0
Technological,57222854461efe0c7a675bb4,544,1240,variation_edges,20,0.1323529411764706,0.2918645830000059,130.0,159.0
Technological,57222854461efe0c7a675bb5,545,1246,variation_neighborhood,100,0.7200266202518685,0.0,545.0,1246.0
Technological,57222854461efe0c7a675bb5,545,1246,variation_neighborhood,80,0.6905645479668377,1.8635361669998929,437.0,1044.0
Technological,57222854461efe0c7a675bb5,545,1246,variation_neighborhood,60,0.7277062275839583,1.0553218339998691,327.0,860.0
Technological,57222854461efe0c7a675bb5,545,1246,variation_neighborhood,40,0.7868692877616138,0.6577136670000527,218.0,715.0
Technological,57222854461efe0c7a675bb5,545,1246,variation_neighborhood,20,0.7803307115872917,0.302839540999912,109.0,376.0
Technological,57222854461efe0c7a675bb5,545,1246,variation_edges,100,0.7191246772503004,0.0,545.0,1246.0
Technological,57222854461efe0c7a675bb5,545,1246,variation_edges,80,0.7101859526751223,1.6537035419999029,436.0,1064.0
Technological,57222854461efe0c7a675bb5,545,1246,variation_edges,60,0.7037959549666235,1.0108276250000472,327.0,877.0
Technological,57222854461efe0c7a675bb5,545,1246,variation_edges,40,0.6927591664468478,0.5644779170002039,218.0,579.0
Technological,57222854461efe0c7a675bb5,545,1246,variation_edges,20,0.1791762263738665,0.2154132079999726,140.0,207.0
Technological,57222854461efe0c7a675baf,549,1249,variation_neighborhood,100,0.707755040016209,0.0,549.0,1249.0
Technological,57222854461efe0c7a675baf,549,1249,variation_neighborhood,80,0.6845135109629117,1.6058988750000935,440.0,1056.0
Technological,57222854461efe0c7a675baf,549,1249,variation_neighborhood,60,0.6913671426226818,1.0026788330001182,330.0,858.0
Technological,57222854461efe0c7a675baf,549,1249,variation_neighborhood,40,0.7349562363238512,0.6247065840000232,220.0,706.0
Technological,57222854461efe0c7a675baf,549,1249,variation_neighborhood,20,0.7726146533852455,0.3202432919999864,111.0,472.0
Technological,57222854461efe0c7a675baf,549,1249,variation_edges,100,0.7099757370968356,0.0,549.0,1249.0
Technological,57222854461efe0c7a675baf,549,1249,variation_edges,80,0.6994266737679752,1.5298137910001517,440.0,1056.0
Technological,57222854461efe0c7a675baf,549,1249,variation_edges,60,0.7161125319693095,0.9848698340001648,330.0,853.0
Technological,57222854461efe0c7a675baf,549,1249,variation_edges,40,0.6115144352524059,0.553275375000112,220.0,567.0
Technological,57222854461efe0c7a675baf,549,1249,variation_edges,20,0.2096258695243467,0.3131203339999047,150.0,224.0
Technological,57222854461efe0c7a675bb1,553,1264,variation_neighborhood,100,0.7119407303052792,0.0,553.0,1264.0
Technological,57222854461efe0c7a675bb1,553,1264,variation_neighborhood,80,0.6636229477956097,1.7662739580000562,443.0,1071.0
Technological,57222854461efe0c7a675bb1,553,1264,variation_neighborhood,60,0.6882695276930995,1.1393313749999834,332.0,870.0
Technological,57222854461efe0c7a675bb1,553,1264,variation_neighborhood,40,0.7126118449083937,0.6213717919999908,223.0,718.0
Technological,57222854461efe0c7a675bb1,553,1264,variation_neighborhood,20,0.7200220022002201,0.3164500420000422,111.0,455.0
Technological,57222854461efe0c7a675bb1,553,1264,variation_edges,100,0.7108230979830709,0.0,553.0,1264.0
Technological,57222854461efe0c7a675bb1,553,1264,variation_edges,80,0.6935908691834942,1.717369582999936,443.0,1070.0
Technological,57222854461efe0c7a675bb1,553,1264,variation_edges,60,0.687566227482656,1.172324417000027,332.0,891.0
Technological,57222854461efe0c7a675bb1,553,1264,variation_edges,40,0.637294486256016,0.5903089999999338,222.0,586.0
Technological,57222854461efe0c7a675bb1,553,1264,variation_edges,20,0.0893521965748324,0.2302397920000203,142.0,151.0
Technological,57222854461efe0c7a675bb2,557,1278,variation_neighborhood,100,0.7200128089859963,0.0,557.0,1278.0
Technological,57222854461efe0c7a675bb2,557,1278,variation_neighborhood,80,0.667565745111261,1.733413624999912,446.0,1072.0
Technological,57222854461efe0c7a675bb2,557,1278,variation_neighborhood,60,0.6951564614690563,1.113180000000057,335.0,848.0
Technological,57222854461efe0c7a675bb2,557,1278,variation_neighborhood,40,0.7360170417303911,0.6895669169998655,223.0,700.0
Technological,57222854461efe0c7a675bb2,557,1278,variation_neighborhood,20,0.7466817283253319,0.31549337499996,112.0,406.0
Technological,57222854461efe0c7a675bb2,557,1278,variation_edges,100,0.7234611291240749,0.0,557.0,1278.0
Technological,57222854461efe0c7a675bb2,557,1278,variation_edges,80,0.6823105240035752,1.7979163329998755,446.0,1083.0
Technological,57222854461efe0c7a675bb2,557,1278,variation_edges,60,0.6821895424836601,1.091549041999997,335.0,901.0
Technological,57222854461efe0c7a675bb2,557,1278,variation_edges,40,0.6126095751854349,0.5398036250001041,223.0,572.0
Technological,57222854461efe0c7a675bb2,557,1278,variation_edges,20,0.1724729706538527,0.2979322500000307,144.0,181.0
Technological,57222854461efe0c7a675bb0,561,1280,variation_neighborhood,100,0.6985380297328975,0.0,561.0,1280.0
Technological,57222854461efe0c7a675bb0,561,1280,variation_neighborhood,80,0.671244608937693,1.8105683750000023,450.0,1077.0
Technological,57222854461efe0c7a675bb0,561,1280,variation_neighborhood,60,0.7118327203267562,1.0908656249998785,337.0,855.0
Technological,57222854461efe0c7a675bb0,561,1280,variation_neighborhood,40,0.7488998604701084,0.6601857499999824,225.0,712.0
Technological,57222854461efe0c7a675bb0,561,1280,variation_neighborhood,20,0.8098951331002958,0.3174490829999286,113.0,434.0
Technological,57222854461efe0c7a675bb0,561,1280,variation_edges,100,0.6985725037322179,0.0,561.0,1280.0
Technological,57222854461efe0c7a675bb0,561,1280,variation_edges,80,0.6952542065673806,1.6055037910000465,449.0,1092.0
Technological,57222854461efe0c7a675bb0,561,1280,variation_edges,60,0.69551688371557,1.12479237499997,337.0,914.0
Technological,57222854461efe0c7a675bb0,561,1280,variation_edges,40,0.6317195543102886,0.5655919579999136,225.0,567.0
Technological,57222854461efe0c7a675bb0,561,1280,variation_edges,20,0.1609062344964445,0.2259345830000256,148.0,193.0
Technological,57222854461efe0c7a675a82,2067,4218,variation_neighborhood,100,0.612553258519069,0.0,2067.0,4218.0
Technological,57222854461efe0c7a675a82,2067,4218,variation_neighborhood,80,0.5535999037217559,18.070875500000056,1654.0,3548.0
Technological,57222854461efe0c7a675a82,2067,4218,variation_neighborhood,60,0.5865282176618895,11.095215874999894,1241.0,2864.0
Technological,57222854461efe0c7a675a82,2067,4218,variation_neighborhood,40,0.6686325386145753,5.733682832999875,827.0,2302.0
Technological,57222854461efe0c7a675a82,2067,4218,variation_neighborhood,20,0.7334681197297697,2.2260878749998483,414.0,1728.0
Technological,57222854461efe0c7a675a82,2067,4218,variation_edges,100,0.6118103500947027,0.0,2067.0,4218.0
Technological,57222854461efe0c7a675a82,2067,4218,variation_edges,80,0.5865072712031199,18.400277792,1654.0,3636.0
Technological,57222854461efe0c7a675a82,2067,4218,variation_edges,60,0.5349806286656712,10.875216791999948,1241.0,2805.0
Technological,57222854461efe0c7a675a82,2067,4218,variation_edges,40,0.151958888213516,3.82255295799996,922.0,1118.0
Technological,57222854461efe0c7a675a82,2067,4218,variation_edges,20,0.1497897687456201,3.617688291999912,922.0,1059.0
Technological,57222854461efe0c7a675a78,2132,4347,variation_neighborhood,100,0.6069953670125372,0.0,2132.0,4347.0
Technological,57222854461efe0c7a675a78,2132,4347,variation_neighborhood,80,0.5632198012165407,19.62075533300004,1707.0,3736.0
Technological,57222854461efe0c7a675a78,2132,4347,variation_neighborhood,60,0.5935469514908768,12.261997958999928,1281.0,3073.0
Technological,57222854461efe0c7a675a78,2132,4347,variation_neighborhood,40,0.6650071748616276,6.265085959000089,853.0,2481.0
Technological,57222854461efe0c7a675a78,2132,4347,variation_neighborhood,20,0.7376697926113431,2.215644667000106,428.0,1768.0
Technological,57222854461efe0c7a675a78,2132,4347,variation_edges,100,0.6029967503345244,0.0,2132.0,4347.0
Technological,57222854461efe0c7a675a78,2132,4347,variation_edges,80,0.5942566590737594,19.076585917000106,1706.0,3753.0
Technological,57222854461efe0c7a675a78,2132,4347,variation_edges,60,0.5012401715152185,10.995649666999952,1280.0,2843.0
Technological,57222854461efe0c7a675a78,2132,4347,variation_edges,40,0.1348276733799612,3.703749458000175,967.0,1149.0
Technological,57222854461efe0c7a675a78,2132,4347,variation_edges,20,0.1049307253463732,4.094596874999979,967.0,1131.0
Informational,59a5da04549f067e0266d628,36,38,variation_neighborhood,100,0.8924302788844621,0.0,36.0,38.0
Informational,59a5da04549f067e0266d628,36,38,variation_neighborhood,80,0.9082308420056764,0.019909041999881,30.0,32.0
Informational,59a5da04549f067e0266d628,36,38,variation_neighborhood,60,0.9176788124156546,0.0148239159998411,23.0,25.0
Informational,59a5da04549f067e0266d628,36,38,variation_neighborhood,40,1.0606060606060606,0.0118683329999385,15.0,15.0
Informational,59a5da04549f067e0266d628,36,38,variation_neighborhood,20,1.0555555555555556,0.0114412909999828,9.0,8.0
Informational,59a5da04549f067e0266d628,36,38,variation_edges,100,0.9048473967684022,0.0,36.0,38.0
Informational,59a5da04549f067e0266d628,36,38,variation_edges,80,0.932377049180328,0.0117967080000198,29.0,31.0
Informational,59a5da04549f067e0266d628,36,38,variation_edges,60,0.9880239520958084,0.0093123750000359,22.0,23.0
Informational,59a5da04549f067e0266d628,36,38,variation_edges,40,1.0714285714285714,0.0097343330000967,15.0,15.0
Informational,59a5da04549f067e0266d628,36,38,variation_edges,20,1.0344827586206895,0.0071250829998916,8.0,7.0
Informational,59a5da04549f067e0266d62a,63,80,variation_neighborhood,100,0.8721311475409836,0.0,63.0,80.0
Informational,59a5da04549f067e0266d62a,63,80,variation_neighborhood,80,0.8744939271255061,0.0341457080000964,51.0,67.0
Informational,59a5da04549f067e0266d62a,63,80,variation_neighborhood,60,0.8192771084337349,0.0232062089999089,38.0,49.0
Informational,59a5da04549f067e0266d62a,63,80,variation_neighborhood,40,0.9205776173285198,0.0176344999999855,26.0,37.0
Informational,59a5da04549f067e0266d62a,63,80,variation_neighborhood,20,1.0443864229765014,0.0156148749999829,13.0,17.0
Informational,59a5da04549f067e0266d62a,63,80,variation_edges,100,0.8591037545417844,0.0,63.0,80.0
Informational,59a5da04549f067e0266d62a,63,80,variation_edges,80,0.8807829181494662,0.0281682920001458,51.0,63.0
Informational,59a5da04549f067e0266d62a,63,80,variation_edges,60,0.8972783143107989,0.0490202920000228,38.0,48.0
Informational,59a5da04549f067e0266d62a,63,80,variation_edges,40,0.8734939759036146,0.0129908339999929,26.0,33.0
Informational,59a5da04549f067e0266d62a,63,80,variation_edges,20,0.8684863523573202,0.0099041670000588,14.0,17.0
Informational,59a5da04549f067e0266d626,69,84,variation_neighborhood,100,0.9884526558891455,0.0,69.0,84.0
Informational,59a5da04549f067e0266d626,69,84,variation_neighborhood,80,1.039314908524718,0.03895516700004,57.0,70.0
Informational,59a5da04549f067e0266d626,69,84,variation_neighborhood,60,1.0174029451137885,0.0293813749999571,43.0,53.0
Informational,59a5da04549f067e0266d626,69,84,variation_neighborhood,40,1.083032490974729,0.0219200000001364,28.0,36.0
Informational,59a5da04549f067e0266d626,69,84,variation_neighborhood,20,1.0430839002267571,0.0166993749999164,14.0,18.0
Informational,59a5da04549f067e0266d626,69,84,variation_edges,100,0.9978240596829344,0.0,69.0,84.0
Informational,59a5da04549f067e0266d626,69,84,variation_edges,80,1.0191331511128463,0.028901917000212,56.0,69.0
Informational,59a5da04549f067e0266d626,69,84,variation_edges,60,1.0333515582285402,0.0213362080000933,42.0,53.0
Informational,59a5da04549f067e0266d626,69,84,variation_edges,40,0.9825528007346188,0.0138992080001116,28.0,35.0
Informational,59a5da04549f067e0266d626,69,84,variation_edges,20,1.0482180293501049,0.0092117920000873,15.0,19.0
Informational,Political_books_network_2004_Krebs_political_books,105,441,variation_neighborhood,100,0.79655248133509,0.0,105.0,441.0
Informational,Political_books_network_2004_Krebs_political_books,105,441,variation_neighborhood,80,0.7586618876941458,0.1043807910000396,85.0,295.0
Informational,Political_books_network_2004_Krebs_political_books,105,441,variation_neighborhood,60,0.7822954194544519,0.0618185840000933,63.0,199.0
Informational,Political_books_network_2004_Krebs_political_books,105,441,variation_neighborhood,40,0.8380857922142325,0.0407477500000368,42.0,126.0
Informational,Political_books_network_2004_Krebs_political_books,105,441,variation_neighborhood,20,0.8808290155440415,0.0294907499999226,21.0,58.0
Informational,Political_books_network_2004_Krebs_political_books,105,441,variation_edges,100,0.7974718329211322,0.0,105.0,441.0
Informational,Political_books_network_2004_Krebs_political_books,105,441,variation_edges,80,0.8193032818682597,0.093335290999903,84.0,332.0
Informational,Political_books_network_2004_Krebs_political_books,105,441,variation_edges,60,0.8254771211772822,0.0543351249998522,63.0,249.0
Informational,Political_books_network_2004_Krebs_political_books,105,441,variation_edges,40,0.8949589162780368,0.0326462919999812,42.0,148.0
Informational,Political_books_network_2004_Krebs_political_books,105,441,variation_edges,20,0.9011627906976744,0.0177656249998108,21.0,60.0
Informational,Word_adjacencies_of_David_Copperfield_Word_adjacencies,112,425,variation_neighborhood,100,0.9267134257469488,0.0,112.0,425.0
Informational,Word_adjacencies_of_David_Copperfield_Word_adjacencies,112,425,variation_neighborhood,80,0.8876285005317264,0.1241072919999624,91.0,353.0
Informational,Word_adjacencies_of_David_Copperfield_Word_adjacencies,112,425,variation_neighborhood,60,0.8977172958735733,0.0720113750001019,68.0,250.0
Informational,Word_adjacencies_of_David_Copperfield_Word_adjacencies,112,425,variation_neighborhood,40,0.9238754325259516,0.0532678330000635,45.0,197.0
Informational,Word_adjacencies_of_David_Copperfield_Word_adjacencies,112,425,variation_neighborhood,20,0.7611548556430446,0.0316206670001975,23.0,41.0
Informational,Word_adjacencies_of_David_Copperfield_Word_adjacencies,112,425,variation_edges,100,0.9224341707437744,0.0,112.0,425.0
Informational,Word_adjacencies_of_David_Copperfield_Word_adjacencies,112,425,variation_edges,80,0.9068288636991982,0.1067763329999706,90.0,367.0
Informational,Word_adjacencies_of_David_Copperfield_Word_adjacencies,112,425,variation_edges,60,0.9113832853025936,0.0730514169999878,68.0,323.0
Informational,Word_adjacencies_of_David_Copperfield_Word_adjacencies,112,425,variation_edges,40,0.9264918771111468,0.0404632500001298,45.0,220.0
Informational,Word_adjacencies_of_David_Copperfield_Word_adjacencies,112,425,variation_edges,20,0.9290657439446368,0.0218055420000382,23.0,96.0
Informational,59a5da04549f067e0266d629,122,314,variation_neighborhood,100,0.8814907872696818,0.0,122.0,314.0
Informational,59a5da04549f067e0266d629,122,314,variation_neighborhood,80,0.8511488511488512,0.1110048339999139,98.0,230.0
Informational,59a5da04549f067e0266d629,122,314,variation_neighborhood,60,0.8889219773674806,0.0752163749998544,74.0,167.0
Informational,59a5da04549f067e0266d629,122,314,variation_neighborhood,40,0.9295952782462058,0.0495095829999172,49.0,140.0
Informational,59a5da04549f067e0266d629,122,314,variation_neighborhood,20,0.9235209235209236,0.0352288330000192,25.0,49.0
Informational,59a5da04549f067e0266d629,122,314,variation_edges,100,0.8795264623955432,0.0,122.0,314.0
Informational,59a5da04549f067e0266d629,122,314,variation_edges,80,0.8800240553272526,0.1381858749998628,98.0,229.0
Informational,59a5da04549f067e0266d629,122,314,variation_edges,60,0.8914579319203597,0.0592944579998402,74.0,197.0
Informational,59a5da04549f067e0266d629,122,314,variation_edges,40,0.8894984326018809,0.0433644580000418,50.0,151.0
Informational,59a5da04549f067e0266d629,122,314,variation_edges,20,0.8438287153652392,0.0213583339998422,25.0,59.0
Informational,59a5da04549f067e0266d625,1350,4055,variation_neighborhood,100,0.8720368124657375,0.0,1350.0,4055.0
Informational,59a5da04549f067e0266d625,1350,4055,variation_neighborhood,80,0.8636989799202648,9.600543791000064,1081.0,3261.0
Informational,59a5da04549f067e0266d625,1350,4055,variation_neighborhood,60,0.870060635657022,5.557453707999912,810.0,2534.0
Informational,59a5da04549f067e0266d625,1350,4055,variation_neighborhood,40,0.8981353374001636,3.026429875000076,540.0,2035.0
Informational,59a5da04549f067e0266d625,1350,4055,variation_neighborhood,20,0.90125336354624,1.0062791250002192,270.0,1098.0
Informational,59a5da04549f067e0266d625,1350,4055,variation_edges,100,0.8745122995472008,0.0,1350.0,4055.0
Informational,59a5da04549f067e0266d625,1350,4055,variation_edges,80,0.8821081711795188,9.12002050000001,1080.0,3274.0
Informational,59a5da04549f067e0266d625,1350,4055,variation_edges,60,0.8871846267811233,5.676522415999898,812.0,2736.0
Informational,59a5da04549f067e0266d625,1350,4055,variation_edges,40,0.8879271496713742,2.649683458000027,540.0,1877.0
Informational,59a5da04549f067e0266d625,1350,4055,variation_edges,20,0.874000658162179,0.9763516660000278,270.0,979.0
Informational,5886685ba411221d0e7c677e,2879,3886,variation_neighborhood,100,0.0944532954895371,0.0,2879.0,3886.0
Informational,5886685ba411221d0e7c677e,2879,3886,variation_neighborhood,80,0.0649908248247306,14.799106791999977,2305.0,2429.0
Informational,5886685ba411221d0e7c677e,2879,3886,variation_neighborhood,60,0.0490305517869103,9.649789708000071,1729.0,1783.0
Informational,5886685ba411221d0e7c677e,2879,3886,variation_neighborhood,40,0.0848375686858008,4.39815229199985,1152.0,1210.0
Informational,5886685ba411221d0e7c677e,2879,3886,variation_neighborhood,20,0.1205352206126285,1.5084313330000896,576.0,636.0
Informational,5886685ba411221d0e7c677e,2879,3886,variation_edges,100,0.0942183582234063,0.0,2879.0,3886.0
Informational,5886685ba411221d0e7c677e,2879,3886,variation_edges,80,0.0705671919729819,25.272602042000017,2731.0,3281.0
Informational,5886685ba411221d0e7c677e,2879,3886,variation_edges,60,0.1178282255323157,25.7640989160002,2733.0,3283.0
Informational,5886685ba411221d0e7c677e,2879,3886,variation_edges,40,0.075755404226742,24.531109875000084,2733.0,3283.0
Informational,5886685ba411221d0e7c677e,2879,3886,variation_edges,20,0.0687323205652506,26.50072629200008,2733.0,3283.0
Biological,Vazquez_Simberloff_plant-pollinator_webs_Llao_Llao,32,36,variation_neighborhood,100,0.6762468300929839,0.0,32.0,36.0
Biological,Vazquez_Simberloff_plant-pollinator_webs_Llao_Llao,32,36,variation_neighborhood,80,0.6098964326812427,0.01613175,26.0,28.0
Biological,Vazquez_Simberloff_plant-pollinator_webs_Llao_Llao,32,36,variation_neighborhood,60,0.7042253521126761,0.009829625,20.0,20.0
Biological,Vazquez_Simberloff_plant-pollinator_webs_Llao_Llao,32,36,variation_neighborhood,40,0.5213270142180094,0.0126255420000001,16.0,16.0
Biological,Vazquez_Simberloff_plant-pollinator_webs_Llao_Llao,32,36,variation_neighborhood,20,0.7874015748031497,0.005850042,7.0,6.0
Biological,Vazquez_Simberloff_plant-pollinator_webs_Llao_Llao,32,36,variation_edges,100,0.6773283160865475,0.0,32.0,36.0
Biological,Vazquez_Simberloff_plant-pollinator_webs_Llao_Llao,32,36,variation_edges,80,0.6459054209919262,0.0094882089999999,26.0,30.0
Biological,Vazquez_Simberloff_plant-pollinator_webs_Llao_Llao,32,36,variation_edges,60,0.7166123778501629,0.008096292,20.0,21.0
Biological,Vazquez_Simberloff_plant-pollinator_webs_Llao_Llao,32,36,variation_edges,40,0.6157112526539278,0.008079667,17.0,17.0
Biological,Vazquez_Simberloff_plant-pollinator_webs_Llao_Llao,32,36,variation_edges,20,0.6331877729257642,0.007709041,17.0,17.0
Biological,Vazquez_Simberloff_plant-pollinator_webs_Cerro_Lopez,40,44,variation_neighborhood,100,0.7353823088455772,0.0,40.0,44.0
Biological,Vazquez_Simberloff_plant-pollinator_webs_Cerro_Lopez,40,44,variation_neighborhood,80,0.8241291418861512,0.018470333,33.0,36.0
Biological,Vazquez_Simberloff_plant-pollinator_webs_Cerro_Lopez,40,44,variation_neighborhood,60,0.8435374149659864,0.0126197089999999,24.0,24.0
Biological,Vazquez_Simberloff_plant-pollinator_webs_Cerro_Lopez,40,44,variation_neighborhood,40,0.9862385321100916,0.0088424579999997,16.0,16.0
Biological,Vazquez_Simberloff_plant-pollinator_webs_Cerro_Lopez,40,44,variation_neighborhood,20,0.7878787878787878,0.0099683750000001,8.0,8.0
Biological,Vazquez_Simberloff_plant-pollinator_webs_Cerro_Lopez,40,44,variation_edges,100,0.7161629434954009,0.0,40.0,44.0
Biological,Vazquez_Simberloff_plant-pollinator_webs_Cerro_Lopez,40,44,variation_edges,80,0.7740213523131673,0.0159592919999997,32.0,35.0
Biological,Vazquez_Simberloff_plant-pollinator_webs_Cerro_Lopez,40,44,variation_edges,60,0.7167235494880546,0.0143787500000001,26.0,29.0
Biological,Vazquez_Simberloff_plant-pollinator_webs_Cerro_Lopez,40,44,variation_edges,40,0.7170542635658914,0.0110415409999999,17.0,20.0
Biological,Vazquez_Simberloff_plant-pollinator_webs_Cerro_Lopez,40,44,variation_edges,20,0.926829268292683,0.0103215420000002,15.0,16.0
Biological,Snow_seed-disperser_web_Snow_seed-disperser_web,48,211,variation_neighborhood,100,0.6044041855380291,0.0,48.0,211.0
Biological,Snow_seed-disperser_web_Snow_seed-disperser_web,48,211,variation_neighborhood,80,0.6815217391304348,0.0190753749999998,39.0,95.0
Biological,Snow_seed-disperser_web_Snow_seed-disperser_web,48,211,variation_neighborhood,60,0.6931732933233309,0.0210882909999998,29.0,66.0
Biological,Snow_seed-disperser_web_Snow_seed-disperser_web,48,211,variation_neighborhood,40,0.8524590163934426,0.0199525,21.0,48.0
Biological,Snow_seed-disperser_web_Snow_seed-disperser_web,48,211,variation_neighborhood,20,0.5980066445182723,0.0146645409999996,10.0,16.0
Biological,Snow_seed-disperser_web_Snow_seed-disperser_web,48,211,variation_edges,100,0.6066781627214297,0.0,48.0,211.0
Biological,Snow_seed-disperser_web_Snow_seed-disperser_web,48,211,variation_edges,80,0.6995551961180752,0.0279738750000002,39.0,188.0
Biological,Snow_seed-disperser_web_Snow_seed-disperser_web,48,211,variation_edges,60,0.753125,0.0202477919999997,29.0,162.0
Biological,Snow_seed-disperser_web_Snow_seed-disperser_web,48,211,variation_edges,40,0.7866761162296244,0.0133851659999999,20.0,78.0
Biological,Snow_seed-disperser_web_Snow_seed-disperser_web,48,211,variation_edges,20,0.8582834331337326,0.0102588329999999,12.0,31.0
Biological,Arroyo_plant-pollinator_web_Elevation_3,65,85,variation_neighborhood,100,0.7800121876904327,0.0,65.0,85.0
Biological,Arroyo_plant-pollinator_web_Elevation_3,65,85,variation_neighborhood,80,0.7611650485436893,0.0392479159999998,53.0,69.0
Biological,Arroyo_plant-pollinator_web_Elevation_3,65,85,variation_neighborhood,60,0.8788598574821852,0.0243166669999999,39.0,50.0
Biological,Arroyo_plant-pollinator_web_Elevation_3,65,85,variation_neighborhood,40,0.9919571045576407,0.0173389589999999,26.0,37.0
Biological,Arroyo_plant-pollinator_web_Elevation_3,65,85,variation_neighborhood,20,1.010989010989011,0.016283708,13.0,21.0
Biological,Arroyo_plant-pollinator_web_Elevation_3,65,85,variation_edges,100,0.7736476276820793,0.0,65.0,85.0
Biological,Arroyo_plant-pollinator_web_Elevation_3,65,85,variation_edges,80,0.9094600081201786,0.0271102089999999,52.0,69.0
Biological,Arroyo_plant-pollinator_web_Elevation_3,65,85,variation_edges,60,0.9080962800875272,0.0468167909999999,39.0,54.0
Biological,Arroyo_plant-pollinator_web_Elevation_3,65,85,variation_edges,40,0.8724489795918368,0.0145837079999999,26.0,36.0
Biological,Arroyo_plant-pollinator_web_Elevation_3,65,85,variation_edges,20,0.8599508599508598,0.0109306669999997,13.0,18.0
Biological,Arroyo_plant-pollinator_web_Elevation_2,97,179,variation_neighborhood,100,0.8693982074263764,0.0,97.0,179.0
Biological,Arroyo_plant-pollinator_web_Elevation_2,97,179,variation_neighborhood,80,0.896021397525911,0.082236833,79.0,146.0
Biological,Arroyo_plant-pollinator_web_Elevation_2,97,179,variation_neighborhood,60,0.9139042357274402,0.0476000829999998,59.0,115.0
Biological,Arroyo_plant-pollinator_web_Elevation_2,97,179,variation_neighborhood,40,0.9724310776942356,0.0338440419999996,39.0,93.0
Biological,Arroyo_plant-pollinator_web_Elevation_2,97,179,variation_neighborhood,20,0.864321608040201,0.027524584,20.0,38.0
Biological,Arroyo_plant-pollinator_web_Elevation_2,97,179,variation_edges,100,0.8705128205128205,0.0,97.0,179.0
Biological,Arroyo_plant-pollinator_web_Elevation_2,97,179,variation_edges,80,0.8899185173350376,0.0833620829999999,78.0,152.0
Biological,Arroyo_plant-pollinator_web_Elevation_2,97,179,variation_edges,60,0.9597457627118644,0.0471817919999999,59.0,125.0
Biological,Arroyo_plant-pollinator_web_Elevation_2,97,179,variation_edges,40,0.9685767097966728,0.031732125,39.0,82.0
Biological,Arroyo_plant-pollinator_web_Elevation_2,97,179,variation_edges,20,0.9151572926596758,0.0176937499999998,20.0,43.0
Biological,C_elegans_interactomes_2009_LCI_lit,117,123,variation_neighborhood,100,0.3242924528301886,0.0,117.0,123.0
Biological,C_elegans_interactomes_2009_LCI_lit,117,123,variation_neighborhood,80,0.24704065877509,0.0781196250000002,95.0,96.0
Biological,C_elegans_interactomes_2009_LCI_lit,117,123,variation_neighborhood,60,0.1429179072735006,0.0800621249999999,86.0,85.0
Biological,C_elegans_interactomes_2009_LCI_lit,117,123,variation_neighborhood,40,0.142433234421365,0.0717295829999997,86.0,85.0
Biological,C_elegans_interactomes_2009_LCI_lit,117,123,variation_neighborhood,20,0.7531380753138075,0.017670458,24.0,25.0
Biological,C_elegans_interactomes_2009_LCI_lit,117,123,variation_edges,100,0.3165164013044312,0.0,117.0,123.0
Biological,C_elegans_interactomes_2009_LCI_lit,117,123,variation_edges,80,0.2617801047120419,0.0579177500000001,96.0,96.0
Biological,C_elegans_interactomes_2009_LCI_lit,117,123,variation_edges,60,0.1459227467811159,0.05817,88.0,87.0
Biological,C_elegans_interactomes_2009_LCI_lit,117,123,variation_edges,40,0.147986942328618,0.0547903330000001,88.0,87.0
Biological,C_elegans_interactomes_2009_LCI_lit,117,123,variation_edges,20,0.1463414634146341,0.0553218750000001,88.0,87.0
Biological,Binary_interactomes_various species_2012_S_pombe_972H_fission_yeast_binary_hq,129,153,variation_neighborhood,100,0.827922077922078,0.0,129.0,153.0
Biological,Binary_interactomes_various species_2012_S_pombe_972H_fission_yeast_binary_hq,129,153,variation_neighborhood,80,0.8546384222059897,0.0936785839999996,104.0,126.0
Biological,Binary_interactomes_various species_2012_S_pombe_972H_fission_yeast_binary_hq,129,153,variation_neighborhood,60,0.900763358778626,0.0681417909999995,78.0,98.0
Biological,Binary_interactomes_various species_2012_S_pombe_972H_fission_yeast_binary_hq,129,153,variation_neighborhood,40,1.0127538970240908,0.0535979590000001,53.0,73.0
Biological,Binary_interactomes_various species_2012_S_pombe_972H_fission_yeast_binary_hq,129,153,variation_neighborhood,20,1.0086206896551724,0.032085125,26.0,38.0
Biological,Binary_interactomes_various species_2012_S_pombe_972H_fission_yeast_binary_hq,129,153,variation_edges,100,0.828778253804107,0.0,129.0,153.0
Biological,Binary_interactomes_various species_2012_S_pombe_972H_fission_yeast_binary_hq,129,153,variation_edges,80,0.8770239013107172,0.0726102089999995,104.0,125.0
Biological,Binary_interactomes_various species_2012_S_pombe_972H_fission_yeast_binary_hq,129,153,variation_edges,60,0.87081589958159,0.0429396249999998,78.0,98.0
Biological,Binary_interactomes_various species_2012_S_pombe_972H_fission_yeast_binary_hq,129,153,variation_edges,40,0.879303193695562,0.0353566670000002,52.0,67.0
Biological,Binary_interactomes_various species_2012_S_pombe_972H_fission_yeast_binary_hq,129,153,variation_edges,20,0.7948969578017664,0.0199004579999995,26.0,34.0
Biological,Kevan_plant-pollinator_web_Kevan_plant-pollinator_web,147,312,variation_neighborhood,100,0.7176203814859277,0.0,147.0,312.0
Biological,Kevan_plant-pollinator_web_Kevan_plant-pollinator_web,147,312,variation_neighborhood,80,0.6936073510522676,0.2091549999999999,118.0,223.0
Biological,Kevan_plant-pollinator_web_Kevan_plant-pollinator_web,147,312,variation_neighborhood,60,0.5972006220839814,0.08097975,89.0,134.0
Biological,Kevan_plant-pollinator_web_Kevan_plant-pollinator_web,147,312,variation_neighborhood,40,0.6521066872825667,0.049111334,59.0,97.0
Biological,Kevan_plant-pollinator_web_Kevan_plant-pollinator_web,147,312,variation_neighborhood,20,0.808531746031746,0.0374050000000005,31.0,66.0
Biological,Kevan_plant-pollinator_web_Kevan_plant-pollinator_web,147,312,variation_edges,100,0.7192994184103215,0.0,147.0,312.0
Biological,Kevan_plant-pollinator_web_Kevan_plant-pollinator_web,147,312,variation_edges,80,0.6744295238989577,0.1414019169999996,118.0,261.0
Biological,Kevan_plant-pollinator_web_Kevan_plant-pollinator_web,147,312,variation_edges,60,0.6466604700570973,0.0890359170000003,89.0,177.0
Biological,Kevan_plant-pollinator_web_Kevan_plant-pollinator_web,147,312,variation_edges,40,0.4698656429942418,0.048575167,59.0,87.0
Biological,Kevan_plant-pollinator_web_Kevan_plant-pollinator_web,147,312,variation_edges,20,0.42,0.0367197919999995,37.0,44.0
Biological,573f4b0f3d097b601f7bab25,176,803,variation_neighborhood,100,0.8531542209930199,0.0,176.0,803.0
Biological,573f4b0f3d097b601f7bab25,176,803,variation_neighborhood,80,0.799568633492528,0.2504406249999995,141.0,573.0
Biological,573f4b0f3d097b601f7bab25,176,803,variation_neighborhood,60,0.7924219536757301,0.1514359580000004,106.0,375.0
Biological,573f4b0f3d097b601f7bab25,176,803,variation_neighborhood,40,0.7644628099173554,0.0933491250000004,71.0,279.0
Biological,573f4b0f3d097b601f7bab25,176,803,variation_neighborhood,20,0.8317781924820048,0.056737,36.0,135.0
Biological,573f4b0f3d097b601f7bab25,176,803,variation_edges,100,0.8472625493735122,0.0,176.0,803.0
Biological,573f4b0f3d097b601f7bab25,176,803,variation_edges,80,0.7865793130831844,0.2251629580000003,141.0,556.0
Biological,573f4b0f3d097b601f7bab25,176,803,variation_edges,60,0.8182009026975963,0.1347734170000007,106.0,467.0
Biological,573f4b0f3d097b601f7bab25,176,803,variation_edges,40,0.7982465083086961,0.0776484169999998,71.0,266.0
Biological,573f4b0f3d097b601f7bab25,176,803,variation_edges,20,0.856898029134533,0.034248625,36.0,97.0
Biological,56e98770a6d70217090cde51,251,399,variation_neighborhood,100,0.8139039962165997,0.0,251.0,399.0
Biological,56e98770a6d70217090cde51,251,399,variation_neighborhood,80,0.8335354025218236,0.3281017500000009,201.0,323.0
Biological,56e98770a6d70217090cde51,251,399,variation_neighborhood,60,0.8262444201128611,0.1837938340000011,151.0,246.0
Biological,56e98770a6d70217090cde51,251,399,variation_neighborhood,40,0.8715953307392996,0.1266867499999993,101.0,163.0
Biological,56e98770a6d70217090cde51,251,399,variation_neighborhood,20,0.8397375820056233,0.0623991249999988,51.0,83.0
Biological,56e98770a6d70217090cde51,251,399,variation_edges,100,0.8178103022239118,0.0,251.0,399.0
Biological,56e98770a6d70217090cde51,251,399,variation_edges,80,0.8284250960307298,0.2622479999999996,201.0,311.0
Biological,56e98770a6d70217090cde51,251,399,variation_edges,60,0.8305739514348786,0.1607082500000007,151.0,229.0
Biological,56e98770a6d70217090cde51,251,399,variation_edges,40,0.8763358778625954,0.0884672080000008,101.0,154.0
Biological,56e98770a6d70217090cde51,251,399,variation_edges,20,0.9336791404223788,0.0370567919999995,51.0,74.0
Biological,C_elegans_posterior_nervous_system_Worm_c_elegans_neural_male_1,269,2902,variation_neighborhood,100,0.9395449587978671,0.0,269.0,2902.0
Biological,C_elegans_posterior_nervous_system_Worm_c_elegans_neural_male_1,269,2902,variation_neighborhood,80,0.8809865409578465,0.7338653340000008,217.0,1990.0
Biological,C_elegans_posterior_nervous_system_Worm_c_elegans_neural_male_1,269,2902,variation_neighborhood,60,0.8533571202913902,0.4486364590000011,163.0,1274.0
Biological,C_elegans_posterior_nervous_system_Worm_c_elegans_neural_male_1,269,2902,variation_neighborhood,40,0.8443115853870485,0.2048021250000005,108.0,787.0
Biological,C_elegans_posterior_nervous_system_Worm_c_elegans_neural_male_1,269,2902,variation_neighborhood,20,0.8956119300651354,0.1250389170000012,54.0,512.0
Biological,C_elegans_posterior_nervous_system_Worm_c_elegans_neural_male_1,269,2902,variation_edges,100,0.9389546985580745,0.0,269.0,2902.0
Biological,C_elegans_posterior_nervous_system_Worm_c_elegans_neural_male_1,269,2902,variation_edges,80,0.9250087703006666,0.6455344170000004,216.0,2295.0
Biological,C_elegans_posterior_nervous_system_Worm_c_elegans_neural_male_1,269,2902,variation_edges,60,0.9260139652354776,0.3772752920000002,162.0,1778.0
Biological,C_elegans_posterior_nervous_system_Worm_c_elegans_neural_male_1,269,2902,variation_edges,40,0.9080742563184968,0.2083450419999994,108.0,1083.0
Biological,C_elegans_posterior_nervous_system_Worm_c_elegans_neural_male_1,269,2902,variation_edges,20,0.8728888888888889,0.0900347079999992,54.0,471.0
Biological,C_elegans_neurons_1986_C_elegans_Metabolic,297,2148,variation_neighborhood,100,0.902322429393018,0.0,297.0,2148.0
Biological,C_elegans_neurons_1986_C_elegans_Metabolic,297,2148,variation_neighborhood,80,0.8525928337130981,0.7585599169999995,239.0,1654.0
Biological,C_elegans_neurons_1986_C_elegans_Metabolic,297,2148,variation_neighborhood,60,0.7926218398255643,0.4399885829999981,180.0,1121.0
Biological,C_elegans_neurons_1986_C_elegans_Metabolic,297,2148,variation_neighborhood,40,0.7930809399477807,0.2459014999999986,120.0,780.0
Biological,C_elegans_neurons_1986_C_elegans_Metabolic,297,2148,variation_neighborhood,20,0.87492391965916,0.1066573329999975,60.0,503.0
Biological,C_elegans_neurons_1986_C_elegans_Metabolic,297,2148,variation_edges,100,0.8992096665267308,0.0,297.0,2148.0
Biological,C_elegans_neurons_1986_C_elegans_Metabolic,297,2148,variation_edges,80,0.8929678308939798,0.6733599579999989,238.0,1638.0
Biological,C_elegans_neurons_1986_C_elegans_Metabolic,297,2148,variation_edges,60,0.8968587096337418,0.431725042,179.0,1359.0
Biological,C_elegans_neurons_1986_C_elegans_Metabolic,297,2148,variation_edges,40,0.8456964559048629,0.217168749999999,119.0,904.0
Biological,C_elegans_neurons_1986_C_elegans_Metabolic,297,2148,variation_edges,20,0.732300486398847,0.0956772089999979,60.0,376.0
Biological,56e9e0d7a6d70217090cdfa0,300,712,variation_neighborhood,100,0.7628964032738468,0.0,300.0,712.0
Biological,56e9e0d7a6d70217090cdfa0,300,712,variation_neighborhood,80,0.7370084269662921,0.5451717910000013,241.0,530.0
Biological,56e9e0d7a6d70217090cdfa0,300,712,variation_neighborhood,60,0.7323107372587828,0.3142687080000002,180.0,403.0
Biological,56e9e0d7a6d70217090cdfa0,300,712,variation_neighborhood,40,0.6863988724453841,0.1809823750000028,120.0,312.0
Biological,56e9e0d7a6d70217090cdfa0,300,712,variation_neighborhood,20,0.7540908043327956,0.0915526659999983,60.0,144.0
Biological,56e9e0d7a6d70217090cdfa0,300,712,variation_edges,100,0.7599860370019449,0.0,300.0,712.0
Biological,56e9e0d7a6d70217090cdfa0,300,712,variation_edges,80,0.7324244854317027,0.5095513749999974,240.0,630.0
Biological,56e9e0d7a6d70217090cdfa0,300,712,variation_edges,60,0.6882819250854717,0.3416056249999997,180.0,536.0
Biological,56e9e0d7a6d70217090cdfa0,300,712,variation_edges,40,0.7299226650803093,0.1567792910000029,120.0,376.0
Biological,56e9e0d7a6d70217090cdfa0,300,712,variation_edges,20,0.6853203568532036,0.0629256659999981,60.0,130.0
Biological,56e98770a6d70217090cdd83,322,404,variation_neighborhood,100,0.877365101611773,0.0,322.0,404.0
Biological,56e98770a6d70217090cdd83,322,404,variation_neighborhood,80,0.8862387466386064,0.4222341249999992,258.0,334.0
Biological,56e98770a6d70217090cdd83,322,404,variation_neighborhood,60,0.913029777847802,0.2714606659999994,195.0,259.0
Biological,56e98770a6d70217090cdd83,322,404,variation_neighborhood,40,0.9340007904096956,0.1579464159999979,130.0,170.0
Biological,56e98770a6d70217090cdd83,322,404,variation_neighborhood,20,1.0083102493074791,0.0878134169999995,68.0,92.0
Biological,56e98770a6d70217090cdd83,322,404,variation_edges,100,0.8762597984322509,0.0,322.0,404.0
Biological,56e98770a6d70217090cdd83,322,404,variation_edges,80,0.8657983820069998,0.3541395419999986,258.0,337.0
Biological,56e98770a6d70217090cdd83,322,404,variation_edges,60,0.9004466501240694,0.2206687080000016,194.0,252.0
Biological,56e98770a6d70217090cdd83,322,404,variation_edges,40,0.935483870967742,0.1331931250000018,129.0,166.0
Biological,56e98770a6d70217090cdd83,322,404,variation_edges,20,0.9857328145265888,0.0468526669999995,65.0,80.0
Biological,56e9e0d7a6d70217090cdfce,354,856,variation_neighborhood,100,0.7876836385590662,0.0,354.0,856.0
Biological,56e9e0d7a6d70217090cdfce,354,856,variation_neighborhood,80,0.7773750228179519,0.8051244579999981,285.0,693.0
Biological,56e9e0d7a6d70217090cdfce,354,856,variation_neighborhood,60,0.7507333378811651,0.4710794159999985,213.0,566.0
Biological,56e9e0d7a6d70217090cdfce,354,856,variation_neighborhood,40,0.740210807459341,0.2439532910000004,142.0,448.0
Biological,56e9e0d7a6d70217090cdfce,354,856,variation_neighborhood,20,0.6489109581311364,0.126261791000001,71.0,234.0
Biological,56e9e0d7a6d70217090cdfce,354,856,variation_edges,100,0.7896223369916074,0.0,354.0,856.0
Biological,56e9e0d7a6d70217090cdfce,354,856,variation_edges,80,0.7687968599431217,0.7055978749999987,284.0,764.0
Biological,56e9e0d7a6d70217090cdfce,354,856,variation_edges,60,0.7094088758459604,0.4192557920000013,212.0,646.0
Biological,56e9e0d7a6d70217090cdfce,354,856,variation_edges,40,0.747779669596429,0.2345446670000015,142.0,468.0
Biological,56e9e0d7a6d70217090cdfce,354,856,variation_edges,20,0.6478114478114478,0.0863005409999999,71.0,190.0
Biological,56e98770a6d70217090cde03,386,460,variation_neighborhood,100,0.9070121951219512,0.0,386.0,460.0
Biological,56e98770a6d70217090cde03,386,460,variation_neighborhood,80,0.959679439018282,0.5791718750000001,309.0,382.0
Biological,56e98770a6d70217090cde03,386,460,variation_neighborhood,60,0.9903807072212436,0.3446181670000001,232.0,293.0
Biological,56e98770a6d70217090cde03,386,460,variation_neighborhood,40,0.9941599891348636,0.2032503750000032,155.0,198.0
Biological,56e98770a6d70217090cde03,386,460,variation_neighborhood,20,0.9915924826904056,0.1278435000000044,79.0,100.0
Biological,56e98770a6d70217090cde03,386,460,variation_edges,100,0.901587048408964,0.0,386.0,460.0
Biological,56e98770a6d70217090cde03,386,460,variation_edges,80,0.9470483911831772,0.4679920829999986,309.0,379.0
Biological,56e98770a6d70217090cde03,386,460,variation_edges,60,0.9791343578175666,0.2896531669999973,232.0,285.0
Biological,56e98770a6d70217090cde03,386,460,variation_edges,40,0.9783961090374392,0.1601262499999975,155.0,192.0
Biological,56e98770a6d70217090cde03,386,460,variation_edges,20,0.9858416360776088,0.0659383329999983,78.0,97.0
Biological,56e9e0d7a6d70217090cdfe9,600,1421,variation_neighborhood,100,0.7736025015085852,0.0,600.0,1421.0
Biological,56e9e0d7a6d70217090cdfe9,600,1421,variation_neighborhood,80,0.7647525800476316,2.027176707999999,481.0,1162.0
Biological,56e9e0d7a6d70217090cdfe9,600,1421,variation_neighborhood,60,0.7533740562552931,1.2175486249999992,360.0,957.0
Biological,56e9e0d7a6d70217090cdfe9,600,1421,variation_neighborhood,40,0.7505280450598452,0.720757583000001,242.0,804.0
Biological,56e9e0d7a6d70217090cdfe9,600,1421,variation_neighborhood,20,0.674433249370277,0.3155653749999985,120.0,353.0
Biological,56e9e0d7a6d70217090cdfe9,600,1421,variation_edges,100,0.7761059316903501,0.0,600.0,1421.0
Biological,56e9e0d7a6d70217090cdfe9,600,1421,variation_edges,80,0.7560712080675036,1.9350224589999951,480.0,1259.0
Biological,56e9e0d7a6d70217090cdfe9,600,1421,variation_edges,60,0.7550171519480304,1.2717526670000012,360.0,1037.0
Biological,56e9e0d7a6d70217090cdfe9,600,1421,variation_edges,40,0.7419907314124521,0.6306029580000043,240.0,747.0
Biological,56e9e0d7a6d70217090cdfe9,600,1421,variation_edges,20,0.7183704941206709,0.2242450419999997,120.0,341.0
Biological,56e9e0d8a6d70217090cdffe,619,1501,variation_neighborhood,100,0.7724656699145493,0.0,619.0,1501.0
Biological,56e9e0d8a6d70217090cdffe,619,1501,variation_neighborhood,80,0.7795043875417782,2.053442292,497.0,1214.0
Biological,56e9e0d8a6d70217090cdffe,619,1501,variation_neighborhood,60,0.7764875388072245,1.2929633339999995,372.0,993.0
Biological,56e9e0d8a6d70217090cdffe,619,1501,variation_neighborhood,40,0.7920316538206436,0.7682659580000006,249.0,816.0
Biological,56e9e0d8a6d70217090cdffe,619,1501,variation_neighborhood,20,0.740627702324635,0.3820749999999933,124.0,441.0
Biological,56e9e0d8a6d70217090cdffe,619,1501,variation_edges,100,0.7695237310990108,0.0,619.0,1501.0
Biological,56e9e0d8a6d70217090cdffe,619,1501,variation_edges,80,0.7501998155548725,2.028243875000001,496.0,1314.0
Biological,56e9e0d8a6d70217090cdffe,619,1501,variation_edges,60,0.7527770127604884,1.3504947500000029,372.0,1114.0
Biological,56e9e0d8a6d70217090cdffe,619,1501,variation_edges,40,0.7473885873283765,0.7256300410000023,248.0,813.0
Biological,56e9e0d8a6d70217090cdffe,619,1501,variation_edges,20,0.6313034597216903,0.2628263329999996,124.0,343.0
Biological,56e9e0d7a6d70217090cdfd5,759,1771,variation_neighborhood,100,0.7581880590453323,0.0,759.0,1771.0
Biological,56e9e0d7a6d70217090cdfd5,759,1771,variation_neighborhood,80,0.7275159080776556,3.100420624999998,608.0,1532.0
Biological,56e9e0d7a6d70217090cdfd5,759,1771,variation_neighborhood,60,0.7165853284615582,1.882618125000008,456.0,1278.0
Biological,56e9e0d7a6d70217090cdfd5,759,1771,variation_neighborhood,40,0.743568346856524,0.9882370830000012,304.0,1006.0
Biological,56e9e0d7a6d70217090cdfd5,759,1771,variation_neighborhood,20,0.7483794932233352,0.4456414999999936,152.0,501.0
Biological,56e9e0d7a6d70217090cdfd5,759,1771,variation_edges,100,0.7572661408812253,0.0,759.0,1771.0
Biological,56e9e0d7a6d70217090cdfd5,759,1771,variation_edges,80,0.7282542067901845,2.971802208,608.0,1565.0
Biological,56e9e0d7a6d70217090cdfd5,759,1771,variation_edges,60,0.7232834154510812,1.939254125000005,456.0,1354.0
Biological,56e9e0d7a6d70217090cdfd5,759,1771,variation_edges,40,0.732156127251495,0.9548746250000022,304.0,1008.0
Biological,56e9e0d7a6d70217090cdfd5,759,1771,variation_edges,20,0.702009518773136,0.3625137079999945,152.0,499.0
Biological,56e9e0d7a6d70217090cdff0,808,2105,variation_neighborhood,100,0.7846757442880222,0.0,808.0,2105.0
Biological,56e9e0d7a6d70217090cdff0,808,2105,variation_neighborhood,80,0.7622685663156445,3.565128958999992,648.0,1794.0
Biological,56e9e0d7a6d70217090cdff0,808,2105,variation_neighborhood,60,0.7589005518883237,2.228817958000008,485.0,1490.0
Biological,56e9e0d7a6d70217090cdff0,808,2105,variation_neighborhood,40,0.7704859879389855,1.2896879580000018,324.0,1264.0
Biological,56e9e0d7a6d70217090cdff0,808,2105,variation_neighborhood,20,0.7556204577871358,0.5137062499999985,162.0,605.0
Biological,56e9e0d7a6d70217090cdff0,808,2105,variation_edges,100,0.7851754398242103,0.0,808.0,2105.0
Biological,56e9e0d7a6d70217090cdff0,808,2105,variation_edges,80,0.765162229107229,3.633944375000013,647.0,1868.0
Biological,56e9e0d7a6d70217090cdff0,808,2105,variation_edges,60,0.760709457414395,2.168626875000001,485.0,1607.0
Biological,56e9e0d7a6d70217090cdff0,808,2105,variation_edges,40,0.7420066629169731,1.0939606250000082,324.0,1242.0
Biological,56e9e0d7a6d70217090cdff0,808,2105,variation_edges,20,0.5874151036747177,0.4141033329999999,162.0,493.0
Biological,Yu_yeast_interactomes_2008_CCSB-YI1,964,1487,variation_neighborhood,100,0.7675564557574291,0.0,964.0,1487.0
Biological,Yu_yeast_interactomes_2008_CCSB-YI1,964,1487,variation_neighborhood,80,0.7284092978090672,3.627394583000011,773.0,1262.0
Biological,Yu_yeast_interactomes_2008_CCSB-YI1,964,1487,variation_neighborhood,60,0.7905190243261876,2.0820791670000034,579.0,981.0
Biological,Yu_yeast_interactomes_2008_CCSB-YI1,964,1487,variation_neighborhood,40,0.9049923755221112,1.258094749999998,386.0,768.0
Biological,Yu_yeast_interactomes_2008_CCSB-YI1,964,1487,variation_neighborhood,20,0.8868889658090073,0.6116347919999896,194.0,512.0
Biological,Yu_yeast_interactomes_2008_CCSB-YI1,964,1487,variation_edges,100,0.7667220292918617,0.0,964.0,1487.0
Biological,Yu_yeast_interactomes_2008_CCSB-YI1,964,1487,variation_edges,80,0.7577792839977817,3.397925583999992,772.0,1258.0
Biological,Yu_yeast_interactomes_2008_CCSB-YI1,964,1487,variation_edges,60,0.7042163064769917,2.2053591669999832,579.0,998.0
Biological,Yu_yeast_interactomes_2008_CCSB-YI1,964,1487,variation_edges,40,0.6282938927353519,1.1156730409999795,386.0,675.0
Biological,Yu_yeast_interactomes_2008_CCSB-YI1,964,1487,variation_edges,20,0.2891379976807112,0.3922469169999942,225.0,264.0
Biological,C_elegans_interactomes_2009_WI-2004,1084,1602,variation_neighborhood,100,0.7529531662574698,0.0,1084.0,1602.0
Biological,C_elegans_interactomes_2009_WI-2004,1084,1602,variation_neighborhood,80,0.7340076996900269,4.339597916000002,869.0,1377.0
Biological,C_elegans_interactomes_2009_WI-2004,1084,1602,variation_neighborhood,60,0.792560001177215,2.767292916999992,651.0,1080.0
Biological,C_elegans_interactomes_2009_WI-2004,1084,1602,variation_neighborhood,40,0.8995924564487773,1.6372747919999997,434.0,844.0
Biological,C_elegans_interactomes_2009_WI-2004,1084,1602,variation_neighborhood,20,0.9096601957746944,0.7055377909999834,217.0,581.0
Biological,C_elegans_interactomes_2009_WI-2004,1084,1602,variation_edges,100,0.7533300581195947,0.0,1084.0,1602.0
Biological,C_elegans_interactomes_2009_WI-2004,1084,1602,variation_edges,80,0.7321893909279625,4.011572749999999,868.0,1369.0
Biological,C_elegans_interactomes_2009_WI-2004,1084,1602,variation_edges,60,0.7395626242544732,2.6499931670000194,651.0,1106.0
Biological,C_elegans_interactomes_2009_WI-2004,1084,1602,variation_edges,40,0.6537193267954263,1.4656439169999942,434.0,782.0
Biological,C_elegans_interactomes_2009_WI-2004,1084,1602,variation_edges,20,0.4134885588117222,0.5697395000000256,246.0,346.0
Social,Family_planning_in_Korea2,35,84,variation_neighborhood,100,0.8460543337645536,0.0,35.0,84.0
Social,Family_planning_in_Korea2,35,84,variation_neighborhood,80,0.8129175946547884,0.0224237500000015,29.0,61.0
Social,Family_planning_in_Korea2,35,84,variation_neighborhood,60,0.8807733619763696,0.0117518339999946,21.0,35.0
Social,Family_planning_in_Korea2,35,84,variation_neighborhood,40,0.9607843137254902,0.0103628330000162,14.0,22.0
Social,Family_planning_in_Korea2,35,84,variation_neighborhood,20,0.979020979020979,0.0100870420000092,7.0,7.0
Social,Family_planning_in_Korea2,35,84,variation_edges,100,0.8360498561840843,0.0,35.0,84.0
Social,Family_planning_in_Korea2,35,84,variation_edges,80,0.890282131661442,0.014338667000004,28.0,54.0
Social,Family_planning_in_Korea2,35,84,variation_edges,60,0.8589511754068716,0.0108708330000126,21.0,44.0
Social,Family_planning_in_Korea2,35,84,variation_edges,40,0.9072978303747534,0.0084167090000164,14.0,22.0
Social,Family_planning_in_Korea2,35,84,variation_edges,20,1.1111111111111112,0.007294250000001,7.0,11.0
Social,Les_Miserables_coappearances_Les_Miserables,77,254,variation_neighborhood,100,0.6140083358747586,0.0,77.0,254.0
Social,Les_Miserables_coappearances_Les_Miserables,77,254,variation_neighborhood,80,0.5948734483314526,0.0669309170000076,63.0,164.0
Social,Les_Miserables_coappearances_Les_Miserables,77,254,variation_neighborhood,60,0.6567567567567567,0.037569832999992,47.0,105.0
Social,Les_Miserables_coappearances_Les_Miserables,77,254,variation_neighborhood,40,0.6999383857054837,0.0284899170000016,33.0,65.0
Social,Les_Miserables_coappearances_Les_Miserables,77,254,variation_neighborhood,20,0.8670520231213873,0.0197707089999994,16.0,44.0
Social,Les_Miserables_coappearances_Les_Miserables,77,254,variation_edges,100,0.6088709677419355,0.0,77.0,254.0
Social,Les_Miserables_coappearances_Les_Miserables,77,254,variation_edges,80,0.7478524507326932,0.0477025000000139,62.0,158.0
Social,Les_Miserables_coappearances_Les_Miserables,77,254,variation_edges,60,0.7174018419777023,0.0383486249999975,48.0,120.0
Social,Les_Miserables_coappearances_Les_Miserables,77,254,variation_edges,40,0.7059961315280464,0.0234273750000113,33.0,65.0
Social,Les_Miserables_coappearances_Les_Miserables,77,254,variation_edges,20,0.7054673721340388,0.0138284999999882,16.0,20.0
Social,Norwegian_Board_of_Directors_net1mode_2002-06-01,144,824,variation_neighborhood,100,0.3527911589685463,0.0,144.0,824.0
Social,Norwegian_Board_of_Directors_net1mode_2002-06-01,144,824,variation_neighborhood,80,0.4236268232802195,0.187438415999992,116.0,490.0
Social,Norwegian_Board_of_Directors_net1mode_2002-06-01,144,824,variation_neighborhood,60,0.4601321247503457,0.1107450410000012,87.0,328.0
Social,Norwegian_Board_of_Directors_net1mode_2002-06-01,144,824,variation_neighborhood,40,0.5735948574254162,0.0591658750000192,58.0,168.0
Social,Norwegian_Board_of_Directors_net1mode_2002-06-01,144,824,variation_neighborhood,20,0.6820412168792934,0.0348811669999804,30.0,70.0
Social,Norwegian_Board_of_Directors_net1mode_2002-06-01,144,824,variation_edges,100,0.3503785213744969,0.0,144.0,824.0
Social,Norwegian_Board_of_Directors_net1mode_2002-06-01,144,824,variation_edges,80,0.4389941308393377,0.1679524579999736,116.0,605.0
Social,Norwegian_Board_of_Directors_net1mode_2002-06-01,144,824,variation_edges,60,0.5087939698492463,0.1041353749999984,87.0,309.0
Social,Norwegian_Board_of_Directors_net1mode_2002-06-01,144,824,variation_edges,40,0.5921169966113786,0.0533080000000154,58.0,141.0
Social,Norwegian_Board_of_Directors_net1mode_2002-06-01,144,824,variation_edges,20,0.7887120115774241,0.0227611249999881,29.0,44.0
Social,Norwegian_Board_of_Directors_net1mode_2002-11-01,328,1179,variation_neighborhood,100,0.4004304739697771,0.0,328.0,1179.0
Social,Norwegian_Board_of_Directors_net1mode_2002-11-01,328,1179,variation_neighborhood,80,0.3927965050840344,0.7165548749999857,264.0,972.0
Social,Norwegian_Board_of_Directors_net1mode_2002-11-01,328,1179,variation_neighborhood,60,0.4007366077563697,0.4924833750000061,197.0,726.0
Social,Norwegian_Board_of_Directors_net1mode_2002-11-01,328,1179,variation_neighborhood,40,0.4799687098396379,0.2225875830000063,132.0,392.0
Social,Norwegian_Board_of_Directors_net1mode_2002-11-01,328,1179,variation_neighborhood,20,0.7498355623766717,0.0796424159999844,66.0,116.0
Social,Norwegian_Board_of_Directors_net1mode_2002-11-01,328,1179,variation_edges,100,0.401751570865138,0.0,328.0,1179.0
Social,Norwegian_Board_of_Directors_net1mode_2002-11-01,328,1179,variation_edges,80,0.4506147817862451,0.6475969159999977,263.0,836.0
Social,Norwegian_Board_of_Directors_net1mode_2002-11-01,328,1179,variation_edges,60,0.5652832730027779,0.3602768330000003,197.0,462.0
Social,Norwegian_Board_of_Directors_net1mode_2002-11-01,328,1179,variation_edges,40,0.6955320128972824,0.1417540410000128,132.0,232.0
Social,Norwegian_Board_of_Directors_net1mode_2002-11-01,328,1179,variation_edges,20,0.8654198753208654,0.0510914169999807,66.0,87.0
Social,Norwegian_Board_of_Directors_net1mode_2003-07-01,358,1548,variation_neighborhood,100,0.3728589650145772,0.0,358.0,1548.0
Social,Norwegian_Board_of_Directors_net1mode_2003-07-01,358,1548,variation_neighborhood,80,0.3859554654588071,0.8147322910000128,287.0,1159.0
Social,Norwegian_Board_of_Directors_net1mode_2003-07-01,358,1548,variation_neighborhood,60,0.4103276600671529,0.5187445830000001,215.0,850.0
Social,Norwegian_Board_of_Directors_net1mode_2003-07-01,358,1548,variation_neighborhood,40,0.5173023490780501,0.2339144999999973,144.0,420.0
Social,Norwegian_Board_of_Directors_net1mode_2003-07-01,358,1548,variation_neighborhood,20,0.7535714285714286,0.0939630830000055,72.0,141.0
Social,Norwegian_Board_of_Directors_net1mode_2003-07-01,358,1548,variation_edges,100,0.372625564799745,0.0,358.0,1548.0
Social,Norwegian_Board_of_Directors_net1mode_2003-07-01,358,1548,variation_edges,80,0.4289816199859012,0.7507584579999786,287.0,1064.0
Social,Norwegian_Board_of_Directors_net1mode_2003-07-01,358,1548,variation_edges,60,0.5382688377612235,0.482682791000002,215.0,579.0
Social,Norwegian_Board_of_Directors_net1mode_2003-07-01,358,1548,variation_edges,40,0.6445944046112752,0.1983808330000158,144.0,299.0
Social,Norwegian_Board_of_Directors_net1mode_2003-07-01,358,1548,variation_edges,20,0.8605637316038913,0.0633237920000056,72.0,102.0
Social,Norwegian_Board_of_Directors_net1mode_2003-12-01,389,1660,variation_neighborhood,100,0.368515838894036,0.0,389.0,1660.0
Social,Norwegian_Board_of_Directors_net1mode_2003-12-01,389,1660,variation_neighborhood,80,0.3642540341606115,0.9931700000000204,313.0,1340.0
Social,Norwegian_Board_of_Directors_net1mode_2003-12-01,389,1660,variation_neighborhood,60,0.4327763406278404,0.5514271249999751,234.0,818.0
Social,Norwegian_Board_of_Directors_net1mode_2003-12-01,389,1660,variation_neighborhood,40,0.4742143258548393,0.2744211250000035,156.0,483.0
Social,Norwegian_Board_of_Directors_net1mode_2003-12-01,389,1660,variation_neighborhood,20,0.7423355149844988,0.1404834999999877,78.0,142.0
Social,Norwegian_Board_of_Directors_net1mode_2003-12-01,389,1660,variation_edges,100,0.3685273480605467,0.0,389.0,1660.0
Social,Norwegian_Board_of_Directors_net1mode_2003-12-01,389,1660,variation_edges,80,0.4077279752704791,0.9392387080000048,312.0,1111.0
Social,Norwegian_Board_of_Directors_net1mode_2003-12-01,389,1660,variation_edges,60,0.531337641751006,0.4625872500000128,233.0,619.0
Social,Norwegian_Board_of_Directors_net1mode_2003-12-01,389,1660,variation_edges,40,0.6941168060619057,0.2252121670000235,156.0,294.0
Social,Norwegian_Board_of_Directors_net1mode_2003-12-01,389,1660,variation_edges,20,0.8368200836820084,0.0697837920000097,78.0,105.0
Social,Norwegian_Board_of_Directors_net1mode_2003-10-01,393,1638,variation_neighborhood,100,0.3728095472802206,0.0,393.0,1638.0
Social,Norwegian_Board_of_Directors_net1mode_2003-10-01,393,1638,variation_neighborhood,80,0.3949733323591729,1.0064085829999954,315.0,1228.0
Social,Norwegian_Board_of_Directors_net1mode_2003-10-01,393,1638,variation_neighborhood,60,0.4292158381555566,0.6487476670000092,237.0,833.0
Social,Norwegian_Board_of_Directors_net1mode_2003-10-01,393,1638,variation_neighborhood,40,0.49359904975584,0.3383844580000072,158.0,475.0
Social,Norwegian_Board_of_Directors_net1mode_2003-10-01,393,1638,variation_neighborhood,20,0.7685679820782354,0.1325895410000157,79.0,141.0
Social,Norwegian_Board_of_Directors_net1mode_2003-10-01,393,1638,variation_edges,100,0.3734086803075501,0.0,393.0,1638.0
Social,Norwegian_Board_of_Directors_net1mode_2003-10-01,393,1638,variation_edges,80,0.4612310011745525,0.9342148750000092,315.0,1071.0
Social,Norwegian_Board_of_Directors_net1mode_2003-10-01,393,1638,variation_edges,60,0.5388513001001244,0.5356258330000117,236.0,615.0
Social,Norwegian_Board_of_Directors_net1mode_2003-10-01,393,1638,variation_edges,40,0.6943574758227232,0.3075737919999994,158.0,294.0
Social,Norwegian_Board_of_Directors_net1mode_2003-10-01,393,1638,variation_edges,20,0.8325537885874649,0.0825555410000049,79.0,107.0
Social,Norwegian_Board_of_Directors_net1mode_2005-12-01,405,1521,variation_neighborhood,100,0.46962741777342,0.0,405.0,1521.0
Social,Norwegian_Board_of_Directors_net1mode_2005-12-01,405,1521,variation_neighborhood,80,0.4899314282168233,1.0916249999999934,325.0,1142.0
Social,Norwegian_Board_of_Directors_net1mode_2005-12-01,405,1521,variation_neighborhood,60,0.520806440256296,0.6641374159999884,243.0,801.0
Social,Norwegian_Board_of_Directors_net1mode_2005-12-01,405,1521,variation_neighborhood,40,0.5988207032103079,0.3632079580000038,162.0,473.0
Social,Norwegian_Board_of_Directors_net1mode_2005-12-01,405,1521,variation_neighborhood,20,0.8868268938241558,0.164979417000012,81.0,160.0
Social,Norwegian_Board_of_Directors_net1mode_2005-12-01,405,1521,variation_edges,100,0.4685571995508965,0.0,405.0,1521.0
Social,Norwegian_Board_of_Directors_net1mode_2005-12-01,405,1521,variation_edges,80,0.5664947791459454,0.975976041999985,324.0,981.0
Social,Norwegian_Board_of_Directors_net1mode_2005-12-01,405,1521,variation_edges,60,0.6545925785447879,0.565442666999985,243.0,591.0
Social,Norwegian_Board_of_Directors_net1mode_2005-12-01,405,1521,variation_edges,40,0.7683024939662109,0.2828715420000094,162.0,306.0
Social,Norwegian_Board_of_Directors_net1mode_2005-12-01,405,1521,variation_edges,20,0.9234577303884234,0.1073941249999848,81.0,126.0
Social,Norwegian_Board_of_Directors_net1mode_2004-09-01,437,1852,variation_neighborhood,100,0.3783076951017962,0.0,437.0,1852.0
Social,Norwegian_Board_of_Directors_net1mode_2004-09-01,437,1852,variation_neighborhood,80,0.3715986593854735,1.2984485000000063,350.0,1504.0
Social,Norwegian_Board_of_Directors_net1mode_2004-09-01,437,1852,variation_neighborhood,60,0.3899616543412763,0.776000707999998,263.0,1102.0
Social,Norwegian_Board_of_Directors_net1mode_2004-09-01,437,1852,variation_neighborhood,40,0.5067886993684051,0.3993072080000104,175.0,536.0
Social,Norwegian_Board_of_Directors_net1mode_2004-09-01,437,1852,variation_neighborhood,20,0.7156619873382879,0.1606214589999979,88.0,171.0
Social,Norwegian_Board_of_Directors_net1mode_2004-09-01,437,1852,variation_edges,100,0.3774644824586837,0.0,437.0,1852.0
Social,Norwegian_Board_of_Directors_net1mode_2004-09-01,437,1852,variation_edges,80,0.4102801268498943,1.220094500000016,350.0,1296.0
Social,Norwegian_Board_of_Directors_net1mode_2004-09-01,437,1852,variation_edges,60,0.5316423264155777,0.686890166000012,263.0,711.0
Social,Norwegian_Board_of_Directors_net1mode_2004-09-01,437,1852,variation_edges,40,0.6649029982363316,0.3344658750000064,175.0,342.0
Social,Norwegian_Board_of_Directors_net1mode_2004-09-01,437,1852,variation_edges,20,0.8182148040638606,0.122520417000004,88.0,132.0
Social,Norwegian_Board_of_Directors_net1mode_2004-08-01,453,1929,variation_neighborhood,100,0.3747485126628731,0.0,453.0,1929.0
Social,Norwegian_Board_of_Directors_net1mode_2004-08-01,453,1929,variation_neighborhood,80,0.371507659893983,1.324244584000013,363.0,1565.0
Social,Norwegian_Board_of_Directors_net1mode_2004-08-01,453,1929,variation_neighborhood,60,0.3967814935881317,0.865821125000025,272.0,1113.0
Social,Norwegian_Board_of_Directors_net1mode_2004-08-01,453,1929,variation_neighborhood,40,0.4532053694643081,0.4545257919999983,182.0,643.0
Social,Norwegian_Board_of_Directors_net1mode_2004-08-01,453,1929,variation_neighborhood,20,0.7283387622149837,0.2217935420000003,91.0,180.0
Social,Norwegian_Board_of_Directors_net1mode_2004-08-01,453,1929,variation_edges,100,0.374674102595093,0.0,453.0,1929.0
Social,Norwegian_Board_of_Directors_net1mode_2004-08-01,453,1929,variation_edges,80,0.4439737461852538,1.2086315419999778,363.0,1425.0
Social,Norwegian_Board_of_Directors_net1mode_2004-08-01,453,1929,variation_edges,60,0.5266478982623046,0.6967909580000082,272.0,747.0
Social,Norwegian_Board_of_Directors_net1mode_2004-08-01,453,1929,variation_edges,40,0.6544728606884644,0.3417205840000008,182.0,369.0
Social,Norwegian_Board_of_Directors_net1mode_2004-08-01,453,1929,variation_edges,20,0.8281032078103208,0.1038862919999985,91.0,138.0
Social,Norwegian_Board_of_Directors_net1mode_2005-06-01,476,1836,variation_neighborhood,100,0.4093640237488188,0.0,476.0,1836.0
Social,Norwegian_Board_of_Directors_net1mode_2005-06-01,476,1836,variation_neighborhood,80,0.4130052724077329,1.440521208000007,382.0,1464.0
Social,Norwegian_Board_of_Directors_net1mode_2005-06-01,476,1836,variation_neighborhood,60,0.4549315017909235,0.8553863749999948,286.0,986.0
Social,Norwegian_Board_of_Directors_net1mode_2005-06-01,476,1836,variation_neighborhood,40,0.5112143867447969,0.4912580410000089,191.0,588.0
Social,Norwegian_Board_of_Directors_net1mode_2005-06-01,476,1836,variation_neighborhood,20,0.8027836460792842,0.1781787079999901,96.0,187.0
Social,Norwegian_Board_of_Directors_net1mode_2005-06-01,476,1836,variation_edges,100,0.4098243609881479,0.0,476.0,1836.0
Social,Norwegian_Board_of_Directors_net1mode_2005-06-01,476,1836,variation_edges,80,0.480694571892426,1.311154000000016,381.0,1143.0
Social,Norwegian_Board_of_Directors_net1mode_2005-06-01,476,1836,variation_edges,60,0.5754997230753739,0.7266730419999874,286.0,717.0
Social,Norwegian_Board_of_Directors_net1mode_2005-06-01,476,1836,variation_edges,40,0.7030989670109964,0.3787145829999758,191.0,355.0
Social,Norwegian_Board_of_Directors_net1mode_2005-06-01,476,1836,variation_edges,20,0.8716194200065168,0.137924125000012,96.0,143.0
Social,Norwegian_Board_of_Directors_net1mode_2007-01-01,646,2284,variation_neighborhood,100,0.4431968873900253,0.0,646.0,2284.0
Social,Norwegian_Board_of_Directors_net1mode_2007-01-01,646,2284,variation_neighborhood,80,0.4371709002064114,2.502022666999977,518.0,1905.0
Social,Norwegian_Board_of_Directors_net1mode_2007-01-01,646,2284,variation_neighborhood,60,0.4755325273459988,1.466747583,389.0,1328.0
Social,Norwegian_Board_of_Directors_net1mode_2007-01-01,646,2284,variation_neighborhood,40,0.5294427674764027,0.7364517919999969,259.0,770.0
Social,Norwegian_Board_of_Directors_net1mode_2007-01-01,646,2284,variation_neighborhood,20,0.7819035424669227,0.3523347919999935,130.0,251.0
Social,Norwegian_Board_of_Directors_net1mode_2007-01-01,646,2284,variation_edges,100,0.4432297066228642,0.0,646.0,2284.0
Social,Norwegian_Board_of_Directors_net1mode_2007-01-01,646,2284,variation_edges,80,0.4931020890815924,2.3299414580000075,517.0,1668.0
Social,Norwegian_Board_of_Directors_net1mode_2007-01-01,646,2284,variation_edges,60,0.6120015178071301,1.2492097500000057,388.0,936.0
Social,Norwegian_Board_of_Directors_net1mode_2007-01-01,646,2284,variation_edges,40,0.7451737451737451,0.5583082089999891,259.0,481.0
Social,Norwegian_Board_of_Directors_net1mode_2007-01-01,646,2284,variation_edges,20,0.8657205240174672,0.1994760830000075,130.0,201.0
Social,Norwegian_Board_of_Directors_net1mode_2010-07-01,747,2463,variation_neighborhood,100,0.4728405028255102,0.0,747.0,2463.0
Social,Norwegian_Board_of_Directors_net1mode_2010-07-01,747,2463,variation_neighborhood,80,0.4682918392855739,3.189077249999997,598.0,1981.0
Social,Norwegian_Board_of_Directors_net1mode_2010-07-01,747,2463,variation_neighborhood,60,0.4912072757940804,1.8265362500000035,449.0,1443.0
Social,Norwegian_Board_of_Directors_net1mode_2010-07-01,747,2463,variation_neighborhood,40,0.5787559973321286,0.8889485830000012,299.0,829.0
Social,Norwegian_Board_of_Directors_net1mode_2010-07-01,747,2463,variation_neighborhood,20,0.7714609857557041,0.3785063340000079,151.0,330.0
Social,Norwegian_Board_of_Directors_net1mode_2010-07-01,747,2463,variation_edges,100,0.4718609736448383,0.0,747.0,2463.0
Social,Norwegian_Board_of_Directors_net1mode_2010-07-01,747,2463,variation_edges,80,0.5277665544332211,2.75929612500002,598.0,1826.0
Social,Norwegian_Board_of_Directors_net1mode_2010-07-01,747,2463,variation_edges,60,0.6271494077187619,1.5161021670000423,449.0,1033.0
Social,Norwegian_Board_of_Directors_net1mode_2010-07-01,747,2463,variation_edges,40,0.7271748765353931,0.7365731250000067,299.0,567.0
Social,Norwegian_Board_of_Directors_net1mode_2010-07-01,747,2463,variation_edges,20,0.8672880603639591,0.2470694169999774,150.0,238.0
Social,Norwegian_Board_of_Directors_net1mode_2010-03-01,775,2504,variation_neighborhood,100,0.4652876870644008,0.0,775.0,2504.0
Social,Norwegian_Board_of_Directors_net1mode_2010-03-01,775,2504,variation_neighborhood,80,0.4528929832320158,3.344807082999978,621.0,2052.0
Social,Norwegian_Board_of_Directors_net1mode_2010-03-01,775,2504,variation_neighborhood,60,0.4577654944566218,1.9798121249999667,465.0,1548.0
Social,Norwegian_Board_of_Directors_net1mode_2010-03-01,775,2504,variation_neighborhood,40,0.514042321456356,0.9357699589999696,310.0,910.0
Social,Norwegian_Board_of_Directors_net1mode_2010-03-01,775,2504,variation_neighborhood,20,0.7203815261044177,0.3697010839999848,156.0,328.0
Social,Norwegian_Board_of_Directors_net1mode_2010-03-01,775,2504,variation_edges,100,0.4687564973060312,0.0,775.0,2504.0
Social,Norwegian_Board_of_Directors_net1mode_2010-03-01,775,2504,variation_edges,80,0.5064170472899047,3.057474124999999,620.0,1795.0
Social,Norwegian_Board_of_Directors_net1mode_2010-03-01,775,2504,variation_edges,60,0.6169352951272409,1.6380964169999856,465.0,1052.0
Social,Norwegian_Board_of_Directors_net1mode_2010-03-01,775,2504,variation_edges,40,0.7188816670477186,0.6914035409999997,310.0,552.0
Social,Norwegian_Board_of_Directors_net1mode_2010-03-01,775,2504,variation_edges,20,0.8132714698415477,0.2989122500000007,155.0,237.0
Social,Norwegian_Board_of_Directors_net1mode_2010-04-01,781,2514,variation_neighborhood,100,0.452069652562455,0.0,781.0,2514.0
Social,Norwegian_Board_of_Directors_net1mode_2010-04-01,781,2514,variation_neighborhood,80,0.4386748867715891,3.364397249999968,625.0,2036.0
Social,Norwegian_Board_of_Directors_net1mode_2010-04-01,781,2514,variation_neighborhood,60,0.4392437533647908,2.009253417000025,469.0,1543.0
Social,Norwegian_Board_of_Directors_net1mode_2010-04-01,781,2514,variation_neighborhood,40,0.5249739251361688,0.9733880839999642,313.0,911.0
Social,Norwegian_Board_of_Directors_net1mode_2010-04-01,781,2514,variation_neighborhood,20,0.7287016661427224,0.419333832999996,158.0,328.0
Social,Norwegian_Board_of_Directors_net1mode_2010-04-01,781,2514,variation_edges,100,0.4493466924474131,0.0,781.0,2514.0
Social,Norwegian_Board_of_Directors_net1mode_2010-04-01,781,2514,variation_edges,80,0.4918341493477591,3.164380332999997,625.0,1851.0
Social,Norwegian_Board_of_Directors_net1mode_2010-04-01,781,2514,variation_edges,60,0.5911673193913407,1.7258139580000034,469.0,1054.0
Social,Norwegian_Board_of_Directors_net1mode_2010-04-01,781,2514,variation_edges,40,0.7188848110231151,0.7619494169999825,313.0,558.0
Social,Norwegian_Board_of_Directors_net1mode_2010-04-01,781,2514,variation_edges,20,0.8225921947726459,0.3280166659999963,157.0,234.0
Social,Norwegian_Board_of_Directors_net1mode_2011-04-01,786,2538,variation_neighborhood,100,0.4775508784942747,0.0,786.0,2538.0
Social,Norwegian_Board_of_Directors_net1mode_2011-04-01,786,2538,variation_neighborhood,80,0.4769736842105263,3.5099947500000326,630.0,2023.0
Social,Norwegian_Board_of_Directors_net1mode_2011-04-01,786,2538,variation_neighborhood,60,0.4892843578753187,2.0918778330000123,473.0,1500.0
Social,Norwegian_Board_of_Directors_net1mode_2011-04-01,786,2538,variation_neighborhood,40,0.5630545309540425,1.0118621249999933,315.0,885.0
Social,Norwegian_Board_of_Directors_net1mode_2011-04-01,786,2538,variation_neighborhood,20,0.7820480081716036,0.405709416000036,158.0,321.0
Social,Norwegian_Board_of_Directors_net1mode_2011-04-01,786,2538,variation_edges,100,0.482067960994671,0.0,786.0,2538.0
Social,Norwegian_Board_of_Directors_net1mode_2011-04-01,786,2538,variation_edges,80,0.5393223500155424,3.221919958000001,629.0,1736.0
Social,Norwegian_Board_of_Directors_net1mode_2011-04-01,786,2538,variation_edges,60,0.6372051542270197,1.7546470409999984,472.0,1062.0
Social,Norwegian_Board_of_Directors_net1mode_2011-04-01,786,2538,variation_edges,40,0.7478112840466926,0.7685435000000211,315.0,587.0
Social,Norwegian_Board_of_Directors_net1mode_2011-04-01,786,2538,variation_edges,20,0.8399144455412966,0.298212583999998,158.0,252.0
Social,Norwegian_Board_of_Directors_net1mode_2010-11-01,789,2536,variation_neighborhood,100,0.4891155151366474,0.0,789.0,2536.0
Social,Norwegian_Board_of_Directors_net1mode_2010-11-01,789,2536,variation_neighborhood,80,0.4905683348678654,3.627167541999995,633.0,2031.0
Social,Norwegian_Board_of_Directors_net1mode_2010-11-01,789,2536,variation_neighborhood,60,0.4917598197322493,1.9638351670000136,474.0,1470.0
Social,Norwegian_Board_of_Directors_net1mode_2010-11-01,789,2536,variation_neighborhood,40,0.5422421976404037,1.0616739170000071,316.0,913.0
Social,Norwegian_Board_of_Directors_net1mode_2010-11-01,789,2536,variation_neighborhood,20,0.7838996210944779,0.3780601249999904,158.0,331.0
Social,Norwegian_Board_of_Directors_net1mode_2010-11-01,789,2536,variation_edges,100,0.4872882588784339,0.0,789.0,2536.0
Social,Norwegian_Board_of_Directors_net1mode_2010-11-01,789,2536,variation_edges,80,0.5246536521312756,3.209766124999988,632.0,1738.0
Social,Norwegian_Board_of_Directors_net1mode_2010-11-01,789,2536,variation_edges,60,0.6411901270772239,1.7279402919999711,474.0,1073.0
Social,Norwegian_Board_of_Directors_net1mode_2010-11-01,789,2536,variation_edges,40,0.770529739195697,0.7824665420000088,316.0,572.0
Social,Norwegian_Board_of_Directors_net1mode_2010-11-01,789,2536,variation_edges,20,0.8815499779832673,0.2419382500000324,158.0,238.0
Social,Norwegian_Board_of_Directors_net1mode_2009-06-01,802,2469,variation_neighborhood,100,0.5012317548181595,0.0,802.0,2469.0
Social,Norwegian_Board_of_Directors_net1mode_2009-06-01,802,2469,variation_neighborhood,80,0.4993102597893017,3.47323129199998,642.0,1997.0
Social,Norwegian_Board_of_Directors_net1mode_2009-06-01,802,2469,variation_neighborhood,60,0.5129255466371436,2.0367415840000263,482.0,1462.0
Social,Norwegian_Board_of_Directors_net1mode_2009-06-01,802,2469,variation_neighborhood,40,0.5819449367836464,1.0439679589999855,321.0,891.0
Social,Norwegian_Board_of_Directors_net1mode_2009-06-01,802,2469,variation_neighborhood,20,0.8107157512163666,0.3993887909999785,161.0,346.0
Social,Norwegian_Board_of_Directors_net1mode_2009-06-01,802,2469,variation_edges,100,0.5023884826707959,0.0,802.0,2469.0
Social,Norwegian_Board_of_Directors_net1mode_2009-06-01,802,2469,variation_edges,80,0.5391431535622566,3.2457377910000105,642.0,1741.0
Social,Norwegian_Board_of_Directors_net1mode_2009-06-01,802,2469,variation_edges,60,0.6565555470013088,1.7028191670000297,482.0,1058.0
Social,Norwegian_Board_of_Directors_net1mode_2009-06-01,802,2469,variation_edges,40,0.7532657795141008,0.7695759579999617,321.0,583.0
Social,Norwegian_Board_of_Directors_net1mode_2009-06-01,802,2469,variation_edges,20,0.8980026195153897,0.2936972500000365,161.0,254.0
Social,Norwegian_Board_of_Directors_net1mode_2011-06-01,812,2590,variation_neighborhood,100,0.4817855339524909,0.0,812.0,2590.0
Social,Norwegian_Board_of_Directors_net1mode_2011-06-01,812,2590,variation_neighborhood,80,0.476034787157523,3.600854124999956,650.0,2107.0
Social,Norwegian_Board_of_Directors_net1mode_2011-06-01,812,2590,variation_neighborhood,60,0.5066272973002313,2.22913220800001,489.0,1491.0
Social,Norwegian_Board_of_Directors_net1mode_2011-06-01,812,2590,variation_neighborhood,40,0.5702262373561887,1.13648766700004,325.0,908.0
Social,Norwegian_Board_of_Directors_net1mode_2011-06-01,812,2590,variation_neighborhood,20,0.7680988816951148,0.4502034999999864,164.0,347.0
Social,Norwegian_Board_of_Directors_net1mode_2011-06-01,812,2590,variation_edges,100,0.4809532979169263,0.0,812.0,2590.0
Social,Norwegian_Board_of_Directors_net1mode_2011-06-01,812,2590,variation_edges,80,0.5457510233893296,3.2963281250000023,650.0,1764.0
Social,Norwegian_Board_of_Directors_net1mode_2011-06-01,812,2590,variation_edges,60,0.6436061753568307,1.8062664580000387,488.0,1109.0
Social,Norwegian_Board_of_Directors_net1mode_2011-06-01,812,2590,variation_edges,40,0.7415026833631485,0.8834180419999598,325.0,595.0
Social,Norwegian_Board_of_Directors_net1mode_2011-06-01,812,2590,variation_edges,20,0.8710095608491331,0.2997140830000262,163.0,255.0
Social,Norwegian_Board_of_Directors_net1mode_2009-08-01,818,2577,variation_neighborhood,100,0.4802993541332058,0.0,818.0,2577.0
Social,Norwegian_Board_of_Directors_net1mode_2009-08-01,818,2577,variation_neighborhood,80,0.4815342285982716,3.5702990839999984,655.0,2057.0
Social,Norwegian_Board_of_Directors_net1mode_2009-08-01,818,2577,variation_neighborhood,60,0.5052236633567293,2.1440770000000384,491.0,1495.0
Social,Norwegian_Board_of_Directors_net1mode_2009-08-01,818,2577,variation_neighborhood,40,0.5675960525055093,1.0983908329999963,329.0,914.0
Social,Norwegian_Board_of_Directors_net1mode_2009-08-01,818,2577,variation_neighborhood,20,0.7655639788651505,0.4643360420000135,165.0,352.0
Social,Norwegian_Board_of_Directors_net1mode_2009-08-01,818,2577,variation_edges,100,0.4802802061679528,0.0,818.0,2577.0
Social,Norwegian_Board_of_Directors_net1mode_2009-08-01,818,2577,variation_edges,80,0.5116559001725314,3.416224375000013,655.0,1861.0
Social,Norwegian_Board_of_Directors_net1mode_2009-08-01,818,2577,variation_edges,60,0.6406095032007934,1.8131073340000512,490.0,1081.0
Social,Norwegian_Board_of_Directors_net1mode_2009-08-01,818,2577,variation_edges,40,0.758893280632411,0.78966537499997,328.0,587.0
Social,Norwegian_Board_of_Directors_net1mode_2009-08-01,818,2577,variation_edges,20,0.8775376555337263,0.310316250000028,164.0,254.0
Social,Norwegian_Board_of_Directors_net1mode_2009-03-01,834,2591,variation_neighborhood,100,0.5070298422310218,0.0,834.0,2591.0
Social,Norwegian_Board_of_Directors_net1mode_2009-03-01,834,2591,variation_neighborhood,80,0.5089891653768306,3.813532667000004,668.0,2068.0
Social,Norwegian_Board_of_Directors_net1mode_2009-03-01,834,2591,variation_neighborhood,60,0.5189468556056851,2.4010138750000465,502.0,1509.0
Social,Norwegian_Board_of_Directors_net1mode_2009-03-01,834,2591,variation_neighborhood,40,0.5868773694681131,1.0951116250000157,334.0,930.0
Social,Norwegian_Board_of_Directors_net1mode_2009-03-01,834,2591,variation_neighborhood,20,0.7934140007735233,0.427492749999999,168.0,365.0
Social,Norwegian_Board_of_Directors_net1mode_2009-03-01,834,2591,variation_edges,100,0.5061406773353182,0.0,834.0,2591.0
Social,Norwegian_Board_of_Directors_net1mode_2009-03-01,834,2591,variation_edges,80,0.5581677026470069,3.51296929199998,668.0,1813.0
Social,Norwegian_Board_of_Directors_net1mode_2009-03-01,834,2591,variation_edges,60,0.6589699595777474,1.841307500000028,501.0,1106.0
Social,Norwegian_Board_of_Directors_net1mode_2009-03-01,834,2591,variation_edges,40,0.7651653744518977,0.8261989580000204,334.0,604.0
Social,Norwegian_Board_of_Directors_net1mode_2009-03-01,834,2591,variation_edges,20,0.8610164116387854,0.3602759579999883,167.0,262.0
Social,Norwegian_Board_of_Directors_net1mode_2008-03-01,841,2776,variation_neighborhood,100,0.4785883592309718,0.0,841.0,2776.0
Social,Norwegian_Board_of_Directors_net1mode_2008-03-01,841,2776,variation_neighborhood,80,0.4820108023953731,4.064591666999945,674.0,2229.0
Social,Norwegian_Board_of_Directors_net1mode_2008-03-01,841,2776,variation_neighborhood,60,0.4879169436515074,2.2545087500000136,505.0,1630.0
Social,Norwegian_Board_of_Directors_net1mode_2008-03-01,841,2776,variation_neighborhood,40,0.5774936810872193,1.1215115830000286,337.0,948.0
Social,Norwegian_Board_of_Directors_net1mode_2008-03-01,841,2776,variation_neighborhood,20,0.8089925435891686,0.4678581249999638,170.0,359.0
Social,Norwegian_Board_of_Directors_net1mode_2008-03-01,841,2776,variation_edges,100,0.4780243484116712,0.0,841.0,2776.0
Social,Norwegian_Board_of_Directors_net1mode_2008-03-01,841,2776,variation_edges,80,0.530076552880196,3.6446933749999744,673.0,1973.0
Social,Norwegian_Board_of_Directors_net1mode_2008-03-01,841,2776,variation_edges,60,0.6406666117563078,1.864205707999986,505.0,1172.0
Social,Norwegian_Board_of_Directors_net1mode_2008-03-01,841,2776,variation_edges,40,0.7479101285861083,0.8625450829999863,337.0,632.0
Social,Norwegian_Board_of_Directors_net1mode_2008-03-01,841,2776,variation_edges,20,0.8500831192383255,0.337953667000022,169.0,272.0
Social,Norwegian_Board_of_Directors_net1mode_2008-01-01,856,2861,variation_neighborhood,100,0.4552440079385273,0.0,856.0,2861.0
Social,Norwegian_Board_of_Directors_net1mode_2008-01-01,856,2861,variation_neighborhood,80,0.4623656640300453,3.962644208000029,685.0,2247.0
Social,Norwegian_Board_of_Directors_net1mode_2008-01-01,856,2861,variation_neighborhood,60,0.4883282268286111,2.3285696659999644,514.0,1603.0
Social,Norwegian_Board_of_Directors_net1mode_2008-01-01,856,2861,variation_neighborhood,40,0.5428087742679105,1.1044086659999834,343.0,963.0
Social,Norwegian_Board_of_Directors_net1mode_2008-01-01,856,2861,variation_neighborhood,20,0.7223337795626953,0.4235442920000309,172.0,360.0
Social,Norwegian_Board_of_Directors_net1mode_2008-01-01,856,2861,variation_edges,100,0.4567128518771888,0.0,856.0,2861.0
Social,Norwegian_Board_of_Directors_net1mode_2008-01-01,856,2861,variation_edges,80,0.4958780094904184,3.749629583000001,685.0,2049.0
Social,Norwegian_Board_of_Directors_net1mode_2008-01-01,856,2861,variation_edges,60,0.6187894601646681,2.065349499999968,514.0,1187.0
Social,Norwegian_Board_of_Directors_net1mode_2008-01-01,856,2861,variation_edges,40,0.7186226399401148,0.9855272909999826,343.0,633.0
Social,Norwegian_Board_of_Directors_net1mode_2008-01-01,856,2861,variation_edges,20,0.8080653784464982,0.3326112919999673,172.0,268.0
Economic,5936021067ec90f1500d6595,137,481,variation_neighborhood,100,0.91682204738733,0.0,137.0,481.0
Economic,5936021067ec90f1500d6595,137,481,variation_neighborhood,80,0.8901967997057201,0.1641992499999673,111.0,379.0
Economic,5936021067ec90f1500d6595,137,481,variation_neighborhood,60,0.8709942481511915,0.1127336670000431,84.0,274.0
Economic,5936021067ec90f1500d6595,137,481,variation_neighborhood,40,0.89562569213732,0.0735501669999507,56.0,215.0
Economic,5936021067ec90f1500d6595,137,481,variation_neighborhood,20,0.9641387419165196,0.0436340410000184,28.0,59.0
Economic,5936021067ec90f1500d6595,137,481,variation_edges,100,0.9199598430227252,0.0,137.0,481.0
Economic,5936021067ec90f1500d6595,137,481,variation_edges,80,0.926257841505569,0.1463537910000241,110.0,359.0
Economic,5936021067ec90f1500d6595,137,481,variation_edges,60,0.9400826446280992,0.0916528330000119,83.0,295.0
Economic,5936021067ec90f1500d6595,137,481,variation_edges,40,0.9528614674931526,0.0503545409999901,55.0,206.0
Economic,5936021067ec90f1500d6595,137,481,variation_edges,20,0.9118773946360154,0.0261244579999697,28.0,112.0
Economic,Norwegian_Board_of_Directors_net2mode_2002-05-01,179,184,variation_neighborhood,100,0.5637519491423774,0.0,179.0,184.0
Economic,Norwegian_Board_of_Directors_net2mode_2002-05-01,179,184,variation_neighborhood,80,0.6411629686304514,0.1326822080000056,145.0,150.0
Economic,Norwegian_Board_of_Directors_net2mode_2002-05-01,179,184,variation_neighborhood,60,0.7265409870790086,0.1133122500000354,108.0,113.0
Economic,Norwegian_Board_of_Directors_net2mode_2002-05-01,179,184,variation_neighborhood,40,0.8373702422145328,0.051121208999973,72.0,76.0
Economic,Norwegian_Board_of_Directors_net2mode_2002-05-01,179,184,variation_neighborhood,20,1.0344827586206895,0.0416209999999637,37.0,40.0
Economic,Norwegian_Board_of_Directors_net2mode_2002-05-01,179,184,variation_edges,100,0.556872037914692,0.0,179.0,184.0
Economic,Norwegian_Board_of_Directors_net2mode_2002-05-01,179,184,variation_edges,80,0.6421598535692495,0.1077588750000018,144.0,149.0
Economic,Norwegian_Board_of_Directors_net2mode_2002-05-01,179,184,variation_edges,60,0.6291461587845067,0.0665447920000019,108.0,112.0
Economic,Norwegian_Board_of_Directors_net2mode_2002-05-01,179,184,variation_edges,40,0.6287223823246878,0.0504102920000377,72.0,76.0
Economic,Norwegian_Board_of_Directors_net2mode_2002-05-01,179,184,variation_edges,20,0.6629055007052186,0.0358122920000028,38.0,41.0
Economic,Norwegian_Board_of_Directors_net2mode_2002-09-01,369,375,variation_neighborhood,100,0.5277995301487862,0.0,369.0,375.0
Economic,Norwegian_Board_of_Directors_net2mode_2002-09-01,369,375,variation_neighborhood,80,0.6268318678390621,0.418793375000007,297.0,303.0
Economic,Norwegian_Board_of_Directors_net2mode_2002-09-01,369,375,variation_neighborhood,60,0.6596405382516232,0.2645534999999768,223.0,227.0
Economic,Norwegian_Board_of_Directors_net2mode_2002-09-01,369,375,variation_neighborhood,40,0.7736131934032984,0.156243207999978,148.0,152.0
Economic,Norwegian_Board_of_Directors_net2mode_2002-09-01,369,375,variation_neighborhood,20,0.9224461906388794,0.0929674579999755,74.0,76.0
Economic,Norwegian_Board_of_Directors_net2mode_2002-09-01,369,375,variation_edges,100,0.5260145681581686,0.0,369.0,375.0
Economic,Norwegian_Board_of_Directors_net2mode_2002-09-01,369,375,variation_edges,80,0.6186186186186187,0.371913209000013,296.0,300.0
Economic,Norwegian_Board_of_Directors_net2mode_2002-09-01,369,375,variation_edges,60,0.5943661971830986,0.2391252499999723,222.0,225.0
Economic,Norwegian_Board_of_Directors_net2mode_2002-09-01,369,375,variation_edges,40,0.5121293800539084,0.1522951250000233,148.0,151.0
Economic,Norwegian_Board_of_Directors_net2mode_2002-09-01,369,375,variation_edges,20,0.5353319057815846,0.0622691250000002,74.0,75.0
Economic,Norwegian_Board_of_Directors_net2mode_2003-04-01,404,407,variation_neighborhood,100,0.5303383353527822,0.0,404.0,407.0
Economic,Norwegian_Board_of_Directors_net2mode_2003-04-01,404,407,variation_neighborhood,80,0.6082518077413867,0.6113480000000209,325.0,327.0
Economic,Norwegian_Board_of_Directors_net2mode_2003-04-01,404,407,variation_neighborhood,60,0.6491820306413919,0.386667124999974,243.0,245.0
Economic,Norwegian_Board_of_Directors_net2mode_2003-04-01,404,407,variation_neighborhood,40,0.7567418822234453,0.1865410830000087,162.0,164.0
Economic,Norwegian_Board_of_Directors_net2mode_2003-04-01,404,407,variation_neighborhood,20,0.961659333752357,0.129668625000022,81.0,82.0
Economic,Norwegian_Board_of_Directors_net2mode_2003-04-01,404,407,variation_edges,100,0.534347560689299,0.0,404.0,407.0
Economic,Norwegian_Board_of_Directors_net2mode_2003-04-01,404,407,variation_edges,80,0.6176253687315634,0.4552657500000237,324.0,327.0
Economic,Norwegian_Board_of_Directors_net2mode_2003-04-01,404,407,variation_edges,60,0.5759477348921173,0.3546840409999845,243.0,244.0
Economic,Norwegian_Board_of_Directors_net2mode_2003-04-01,404,407,variation_edges,40,0.5115443107977327,0.1684447079999813,162.0,163.0
Economic,Norwegian_Board_of_Directors_net2mode_2003-04-01,404,407,variation_edges,20,0.54421768707483,0.1075089160000288,82.0,82.0
Economic,Norwegian_Board_of_Directors_net2mode_2004-01-01,446,466,variation_neighborhood,100,0.5651272234186807,0.0,446.0,466.0
Economic,Norwegian_Board_of_Directors_net2mode_2004-01-01,446,466,variation_neighborhood,80,0.6311595722373664,0.5758586249999667,357.0,367.0
Economic,Norwegian_Board_of_Directors_net2mode_2004-01-01,446,466,variation_neighborhood,60,0.6812778603268945,0.4716499169999792,268.0,276.0
Economic,Norwegian_Board_of_Directors_net2mode_2004-01-01,446,466,variation_neighborhood,40,0.8382180539273154,0.2624628749999829,179.0,186.0
Economic,Norwegian_Board_of_Directors_net2mode_2004-01-01,446,466,variation_neighborhood,20,0.990151017728168,0.1259374159999993,91.0,96.0
Economic,Norwegian_Board_of_Directors_net2mode_2004-01-01,446,466,variation_edges,100,0.5646318138348742,0.0,446.0,466.0
Economic,Norwegian_Board_of_Directors_net2mode_2004-01-01,446,466,variation_edges,80,0.6063941299790356,0.6615127910000069,357.0,368.0
Economic,Norwegian_Board_of_Directors_net2mode_2004-01-01,446,466,variation_edges,60,0.5519336197955252,0.469170166999902,268.0,275.0
Economic,Norwegian_Board_of_Directors_net2mode_2004-01-01,446,466,variation_edges,40,0.4954414587332054,0.2092850419999194,179.0,182.0
Economic,Norwegian_Board_of_Directors_net2mode_2004-01-01,446,466,variation_edges,20,0.5264516129032258,0.1292952090000199,95.0,96.0
Economic,Norwegian_Board_of_Directors_net2mode_2003-10-01,470,486,variation_neighborhood,100,0.5611424726157987,0.0,470.0,486.0
Economic,Norwegian_Board_of_Directors_net2mode_2003-10-01,470,486,variation_neighborhood,80,0.6243746247748649,0.7084357080000245,377.0,383.0
Economic,Norwegian_Board_of_Directors_net2mode_2003-10-01,470,486,variation_neighborhood,60,0.6701902748414377,0.5207955829999946,282.0,288.0
Economic,Norwegian_Board_of_Directors_net2mode_2003-10-01,470,486,variation_neighborhood,40,0.8434009573740597,0.2874584169999252,188.0,193.0
Economic,Norwegian_Board_of_Directors_net2mode_2003-10-01,470,486,variation_neighborhood,20,0.9523809523809524,0.1858979999999519,94.0,97.0
Economic,Norwegian_Board_of_Directors_net2mode_2003-10-01,470,486,variation_edges,100,0.571874880938774,0.0,470.0,486.0
Economic,Norwegian_Board_of_Directors_net2mode_2003-10-01,470,486,variation_edges,80,0.6099582977440587,0.8820779999999786,376.0,384.0
Economic,Norwegian_Board_of_Directors_net2mode_2003-10-01,470,486,variation_edges,60,0.5302454199792603,0.5422684169999457,282.0,289.0
Economic,Norwegian_Board_of_Directors_net2mode_2003-10-01,470,486,variation_edges,40,0.5083976395823876,0.3924071659999981,188.0,192.0
Economic,Norwegian_Board_of_Directors_net2mode_2003-10-01,470,486,variation_edges,20,0.5486093391171217,0.2893085829999791,94.0,97.0
Economic,Norwegian_Board_of_Directors_net2mode_2005-11-01,491,530,variation_neighborhood,100,0.6496327712837489,0.0,491.0,530.0
Economic,Norwegian_Board_of_Directors_net2mode_2005-11-01,491,530,variation_neighborhood,80,0.708076212783208,1.227714207999952,394.0,420.0
Economic,Norwegian_Board_of_Directors_net2mode_2005-11-01,491,530,variation_neighborhood,60,0.7539109128604636,0.7268431660000942,295.0,318.0
Economic,Norwegian_Board_of_Directors_net2mode_2005-11-01,491,530,variation_neighborhood,40,0.9208337410705548,0.4512478340000143,197.0,219.0
Economic,Norwegian_Board_of_Directors_net2mode_2005-11-01,491,530,variation_neighborhood,20,1.015154660577123,0.338238125000089,99.0,116.0
Economic,Norwegian_Board_of_Directors_net2mode_2005-11-01,491,530,variation_edges,100,0.6426524764633648,0.0,491.0,530.0
Economic,Norwegian_Board_of_Directors_net2mode_2005-11-01,491,530,variation_edges,80,0.7080610021786493,0.9365070420000166,393.0,415.0
Economic,Norwegian_Board_of_Directors_net2mode_2005-11-01,491,530,variation_edges,60,0.6994473032208882,0.5882441249999601,295.0,313.0
Economic,Norwegian_Board_of_Directors_net2mode_2005-11-01,491,530,variation_edges,40,0.6715432286904399,0.3650729999999385,197.0,211.0
Economic,Norwegian_Board_of_Directors_net2mode_2005-11-01,491,530,variation_edges,20,0.6877240143369175,0.2077459590000216,99.0,109.0
Economic,Norwegian_Board_of_Directors_net2mode_2004-06-01,507,530,variation_neighborhood,100,0.5676316060574843,0.0,507.0,530.0
Economic,Norwegian_Board_of_Directors_net2mode_2004-06-01,507,530,variation_neighborhood,80,0.6361039192929203,0.8580857499999865,406.0,421.0
Economic,Norwegian_Board_of_Directors_net2mode_2004-06-01,507,530,variation_neighborhood,60,0.6886810220352815,0.5970212500000116,305.0,317.0
Economic,Norwegian_Board_of_Directors_net2mode_2004-06-01,507,530,variation_neighborhood,40,0.8098908799679648,0.3377298750000364,203.0,213.0
Economic,Norwegian_Board_of_Directors_net2mode_2004-06-01,507,530,variation_neighborhood,20,0.9328683522231908,0.2595349580000174,102.0,111.0
Economic,Norwegian_Board_of_Directors_net2mode_2004-06-01,507,530,variation_edges,100,0.562608488478949,0.0,507.0,530.0
Economic,Norwegian_Board_of_Directors_net2mode_2004-06-01,507,530,variation_edges,80,0.6303214015067088,0.9789143340000236,406.0,422.0
Economic,Norwegian_Board_of_Directors_net2mode_2004-06-01,507,530,variation_edges,60,0.588635800940827,0.6240656250000711,305.0,318.0
Economic,Norwegian_Board_of_Directors_net2mode_2004-06-01,507,530,variation_edges,40,0.5662216158269175,0.3299106670000356,203.0,214.0
Economic,Norwegian_Board_of_Directors_net2mode_2004-06-01,507,530,variation_edges,20,0.6338191071015499,0.2516375420000258,102.0,106.0
Economic,Norwegian_Board_of_Directors_net2mode_2004-08-01,541,565,variation_neighborhood,100,0.5574367492972144,0.0,541.0,565.0
Economic,Norwegian_Board_of_Directors_net2mode_2004-08-01,541,565,variation_neighborhood,80,0.6229426226092754,1.3282537500000444,434.0,448.0
Economic,Norwegian_Board_of_Directors_net2mode_2004-08-01,541,565,variation_neighborhood,60,0.6652722096333741,0.8005216249999876,326.0,338.0
Economic,Norwegian_Board_of_Directors_net2mode_2004-08-01,541,565,variation_neighborhood,40,0.7822197882438847,0.5644964159999972,217.0,228.0
Economic,Norwegian_Board_of_Directors_net2mode_2004-08-01,541,565,variation_neighborhood,20,0.8832807570977919,0.3524487500000077,110.0,120.0
Economic,Norwegian_Board_of_Directors_net2mode_2004-08-01,541,565,variation_edges,100,0.5583463987457203,0.0,541.0,565.0
Economic,Norwegian_Board_of_Directors_net2mode_2004-08-01,541,565,variation_edges,80,0.614604125083167,1.2512227500000108,433.0,449.0
Economic,Norwegian_Board_of_Directors_net2mode_2004-08-01,541,565,variation_edges,60,0.5866326589762912,0.6824460829999452,325.0,340.0
Economic,Norwegian_Board_of_Directors_net2mode_2004-08-01,541,565,variation_edges,40,0.5438066465256798,0.3936231249999764,217.0,229.0
Economic,Norwegian_Board_of_Directors_net2mode_2004-08-01,541,565,variation_edges,20,0.5169112954690491,0.1441009169999461,109.0,114.0
Economic,Norwegian_Board_of_Directors_net2mode_2005-03-01,549,579,variation_neighborhood,100,0.5632159199090992,0.0,549.0,579.0
Economic,Norwegian_Board_of_Directors_net2mode_2005-03-01,549,579,variation_neighborhood,80,0.6147907354733848,1.073192457999994,440.0,458.0
Economic,Norwegian_Board_of_Directors_net2mode_2005-03-01,549,579,variation_neighborhood,60,0.6466564920015827,0.7825896660000353,330.0,344.0
Economic,Norwegian_Board_of_Directors_net2mode_2005-03-01,549,579,variation_neighborhood,40,0.7805849859639591,0.368590749999953,220.0,234.0
Economic,Norwegian_Board_of_Directors_net2mode_2005-03-01,549,579,variation_neighborhood,20,0.8566978193146417,0.3001820419999603,110.0,121.0
Economic,Norwegian_Board_of_Directors_net2mode_2005-03-01,549,579,variation_edges,100,0.565281716187893,0.0,549.0,579.0
Economic,Norwegian_Board_of_Directors_net2mode_2005-03-01,549,579,variation_edges,80,0.5910789730256744,0.978774334000036,440.0,458.0
Economic,Norwegian_Board_of_Directors_net2mode_2005-03-01,549,579,variation_edges,60,0.5969546660514478,0.7498821249999992,330.0,345.0
Economic,Norwegian_Board_of_Directors_net2mode_2005-03-01,549,579,variation_edges,40,0.5124237735505597,0.5031736669999418,220.0,233.0
Economic,Norwegian_Board_of_Directors_net2mode_2005-03-01,549,579,variation_edges,20,0.5503589297367849,0.2029677089999495,110.0,115.0
Economic,Norwegian_Board_of_Directors_net2mode_2005-01-01,558,589,variation_neighborhood,100,0.5637660656773922,0.0,558.0,589.0
Economic,Norwegian_Board_of_Directors_net2mode_2005-01-01,558,589,variation_neighborhood,80,0.6280057710804745,1.070933334000074,447.0,466.0
Economic,Norwegian_Board_of_Directors_net2mode_2005-01-01,558,589,variation_neighborhood,60,0.6502993354204427,0.8674813330000006,335.0,352.0
Economic,Norwegian_Board_of_Directors_net2mode_2005-01-01,558,589,variation_neighborhood,40,0.7791292085316411,0.4650384999999915,224.0,239.0
Economic,Norwegian_Board_of_Directors_net2mode_2005-01-01,558,589,variation_neighborhood,20,0.8859060402684564,0.3104282499999726,112.0,125.0
Economic,Norwegian_Board_of_Directors_net2mode_2005-01-01,558,589,variation_edges,100,0.5660491401976487,0.0,558.0,589.0
Economic,Norwegian_Board_of_Directors_net2mode_2005-01-01,558,589,variation_edges,80,0.5964309952493113,1.2416783749999922,447.0,467.0
Economic,Norwegian_Board_of_Directors_net2mode_2005-01-01,558,589,variation_edges,60,0.5830486057533341,0.8278896249998979,335.0,353.0
Economic,Norwegian_Board_of_Directors_net2mode_2005-01-01,558,589,variation_edges,40,0.5456444173701158,0.3931437909999431,224.0,239.0
Economic,Norwegian_Board_of_Directors_net2mode_2005-01-01,558,589,variation_edges,20,0.5265225933202358,0.2097981250000202,112.0,120.0
Economic,Norwegian_Board_of_Directors_net2mode_2006-04-01,596,642,variation_neighborhood,100,0.5932501556199085,0.0,596.0,642.0
Economic,Norwegian_Board_of_Directors_net2mode_2006-04-01,596,642,variation_neighborhood,80,0.6871654872660655,1.243238250000104,477.0,511.0
Economic,Norwegian_Board_of_Directors_net2mode_2006-04-01,596,642,variation_neighborhood,60,0.7188677324101416,1.0263452500000767,358.0,383.0
Economic,Norwegian_Board_of_Directors_net2mode_2006-04-01,596,642,variation_neighborhood,40,0.8619753277988982,0.4790039160000106,240.0,261.0
Economic,Norwegian_Board_of_Directors_net2mode_2006-04-01,596,642,variation_neighborhood,20,0.9681460272011454,0.2131155419999686,120.0,133.0
Economic,Norwegian_Board_of_Directors_net2mode_2006-04-01,596,642,variation_edges,100,0.6016853778375559,0.0,596.0,642.0
Economic,Norwegian_Board_of_Directors_net2mode_2006-04-01,596,642,variation_edges,80,0.6819915023423031,1.1186964170000238,477.0,505.0
Economic,Norwegian_Board_of_Directors_net2mode_2006-04-01,596,642,variation_edges,60,0.6600643218132625,0.7827502499999355,358.0,377.0
Economic,Norwegian_Board_of_Directors_net2mode_2006-04-01,596,642,variation_edges,40,0.6652431011826545,0.3642825829999765,239.0,253.0
Economic,Norwegian_Board_of_Directors_net2mode_2006-04-01,596,642,variation_edges,20,0.6408155834698708,0.2395535419999532,120.0,129.0
Economic,Norwegian_Board_of_Directors_net2mode_2006-05-01,610,658,variation_neighborhood,100,0.5881119614215327,0.0,610.0,658.0
Economic,Norwegian_Board_of_Directors_net2mode_2006-05-01,610,658,variation_neighborhood,80,0.6835745398341998,1.4787914589999218,489.0,523.0
Economic,Norwegian_Board_of_Directors_net2mode_2006-05-01,610,658,variation_neighborhood,60,0.7021318208488168,0.9500088749999804,366.0,390.0
Economic,Norwegian_Board_of_Directors_net2mode_2006-05-01,610,658,variation_neighborhood,40,0.8488899131904433,0.477728958000057,244.0,268.0
Economic,Norwegian_Board_of_Directors_net2mode_2006-05-01,610,658,variation_neighborhood,20,0.9294436906377204,0.2493744170000127,123.0,139.0
Economic,Norwegian_Board_of_Directors_net2mode_2006-05-01,610,658,variation_edges,100,0.5946418634231656,0.0,610.0,658.0
Economic,Norwegian_Board_of_Directors_net2mode_2006-05-01,610,658,variation_edges,80,0.6676500544375372,0.9719397500000468,488.0,519.0
Economic,Norwegian_Board_of_Directors_net2mode_2006-05-01,610,658,variation_edges,60,0.6707655092475936,0.7117829170000505,366.0,384.0
Economic,Norwegian_Board_of_Directors_net2mode_2006-05-01,610,658,variation_edges,40,0.6716477866152486,0.3852489160000232,244.0,258.0
Economic,Norwegian_Board_of_Directors_net2mode_2006-05-01,610,658,variation_edges,20,0.6537656903765691,0.2592987499999708,122.0,133.0
Economic,Norwegian_Board_of_Directors_net2mode_2006-11-01,749,811,variation_neighborhood,100,0.5907137616602033,0.0,749.0,811.0
Economic,Norwegian_Board_of_Directors_net2mode_2006-11-01,749,811,variation_neighborhood,80,0.664179104477612,2.2059456250000267,600.0,635.0
Economic,Norwegian_Board_of_Directors_net2mode_2006-11-01,749,811,variation_neighborhood,60,0.6958942240779402,1.5057576660000225,450.0,479.0
Economic,Norwegian_Board_of_Directors_net2mode_2006-11-01,749,811,variation_neighborhood,40,0.8331338281062964,0.8444652919999953,300.0,328.0
Economic,Norwegian_Board_of_Directors_net2mode_2006-11-01,749,811,variation_neighborhood,20,0.8947081287506818,0.516734917000008,150.0,164.0
Economic,Norwegian_Board_of_Directors_net2mode_2006-11-01,749,811,variation_edges,100,0.5813425754012461,0.0,749.0,811.0
Economic,Norwegian_Board_of_Directors_net2mode_2006-11-01,749,811,variation_edges,80,0.6804700925771938,1.9350832090000267,600.0,636.0
Economic,Norwegian_Board_of_Directors_net2mode_2006-11-01,749,811,variation_edges,60,0.6463057226592628,1.3864608750000116,450.0,479.0
Economic,Norwegian_Board_of_Directors_net2mode_2006-11-01,749,811,variation_edges,40,0.6140834712263283,0.7943552090000594,302.0,324.0
Economic,Norwegian_Board_of_Directors_net2mode_2006-11-01,749,811,variation_edges,20,0.5612031750452583,0.3459396249999145,150.0,161.0
Economic,Norwegian_Board_of_Directors_net2mode_2007-01-01,795,859,variation_neighborhood,100,0.5758847065221613,0.0,795.0,859.0
Economic,Norwegian_Board_of_Directors_net2mode_2007-01-01,795,859,variation_neighborhood,80,0.6474651984209433,2.4549972089999983,637.0,669.0
Economic,Norwegian_Board_of_Directors_net2mode_2007-01-01,795,859,variation_neighborhood,60,0.6691476677385555,1.4959294169999566,477.0,504.0
Economic,Norwegian_Board_of_Directors_net2mode_2007-01-01,795,859,variation_neighborhood,40,0.7814793901750423,0.8684630419999166,318.0,345.0
Economic,Norwegian_Board_of_Directors_net2mode_2007-01-01,795,859,variation_neighborhood,20,0.8651368266044914,0.505123540999989,159.0,179.0
Economic,Norwegian_Board_of_Directors_net2mode_2007-01-01,795,859,variation_edges,100,0.5758176027344054,0.0,795.0,859.0
Economic,Norwegian_Board_of_Directors_net2mode_2007-01-01,795,859,variation_edges,80,0.6546316557257476,2.3590654170000107,636.0,671.0
Economic,Norwegian_Board_of_Directors_net2mode_2007-01-01,795,859,variation_edges,60,0.6380345768880801,1.4314308340000252,477.0,506.0
Economic,Norwegian_Board_of_Directors_net2mode_2007-01-01,795,859,variation_edges,40,0.5861497112140447,0.7829570000000103,318.0,340.0
Economic,Norwegian_Board_of_Directors_net2mode_2007-01-01,795,859,variation_edges,20,0.5632360471070148,0.3650422079999771,159.0,174.0
Economic,Norwegian_Board_of_Directors_net2mode_2007-04-01,829,894,variation_neighborhood,100,0.5823905924382257,0.0,829.0,894.0
Economic,Norwegian_Board_of_Directors_net2mode_2007-04-01,829,894,variation_neighborhood,80,0.6720523368191506,2.562609874999908,664.0,701.0
Economic,Norwegian_Board_of_Directors_net2mode_2007-04-01,829,894,variation_neighborhood,60,0.6928832553213297,1.6528138330000957,498.0,529.0
Economic,Norwegian_Board_of_Directors_net2mode_2007-04-01,829,894,variation_neighborhood,40,0.806161517229098,0.8465912079999498,332.0,362.0
Economic,Norwegian_Board_of_Directors_net2mode_2007-04-01,829,894,variation_neighborhood,20,0.9171932158297308,0.520051750000107,166.0,189.0
Economic,Norwegian_Board_of_Directors_net2mode_2007-04-01,829,894,variation_edges,100,0.5860874449957869,0.0,829.0,894.0
Economic,Norwegian_Board_of_Directors_net2mode_2007-04-01,829,894,variation_edges,80,0.6790674603174603,2.352803791000042,664.0,703.0
Economic,Norwegian_Board_of_Directors_net2mode_2007-04-01,829,894,variation_edges,60,0.6695074143514573,1.459721333999937,498.0,533.0
Economic,Norwegian_Board_of_Directors_net2mode_2007-04-01,829,894,variation_edges,40,0.6266732229689123,0.9491440000000466,332.0,358.0
Economic,Norwegian_Board_of_Directors_net2mode_2007-04-01,829,894,variation_edges,20,0.6133106631042021,0.2752551250000579,166.0,180.0
Economic,Norwegian_Board_of_Directors_net2mode_2010-07-01,934,1014,variation_neighborhood,100,0.6424384149662044,0.0,934.0,1014.0
Economic,Norwegian_Board_of_Directors_net2mode_2010-07-01,934,1014,variation_neighborhood,80,0.7263777905923058,2.42257758300002,749.0,815.0
Economic,Norwegian_Board_of_Directors_net2mode_2010-07-01,934,1014,variation_neighborhood,60,0.7633259817260046,1.329191584,561.0,613.0
Economic,Norwegian_Board_of_Directors_net2mode_2010-07-01,934,1014,variation_neighborhood,40,0.9094948238325856,0.7476791670000011,374.0,423.0
Economic,Norwegian_Board_of_Directors_net2mode_2010-07-01,934,1014,variation_neighborhood,20,0.9373202990224266,0.4279757499999732,188.0,220.0
Economic,Norwegian_Board_of_Directors_net2mode_2010-07-01,934,1014,variation_edges,100,0.6394783412783189,0.0,934.0,1014.0
Economic,Norwegian_Board_of_Directors_net2mode_2010-07-01,934,1014,variation_edges,80,0.7447995941146626,2.165573208,748.0,827.0
Economic,Norwegian_Board_of_Directors_net2mode_2010-07-01,934,1014,variation_edges,60,0.714101646385111,1.441261665999999,561.0,616.0
Economic,Norwegian_Board_of_Directors_net2mode_2010-07-01,934,1014,variation_edges,40,0.6966807591976252,0.7582178329999998,374.0,415.0
Economic,Norwegian_Board_of_Directors_net2mode_2010-07-01,934,1014,variation_edges,20,0.7028594281143771,0.2905423329999994,187.0,213.0
Economic,Norwegian_Board_of_Directors_net2mode_2010-05-01,971,1046,variation_neighborhood,100,0.6364832443309342,0.0,971.0,1046.0
Economic,Norwegian_Board_of_Directors_net2mode_2010-05-01,971,1046,variation_neighborhood,80,0.7216806316467934,2.285566,778.0,837.0
Economic,Norwegian_Board_of_Directors_net2mode_2010-05-01,971,1046,variation_neighborhood,60,0.7347605727421276,1.3959423330000007,584.0,630.0
Economic,Norwegian_Board_of_Directors_net2mode_2010-05-01,971,1046,variation_neighborhood,40,0.8720452875848063,0.8580481669999998,390.0,433.0
Economic,Norwegian_Board_of_Directors_net2mode_2010-05-01,971,1046,variation_neighborhood,20,0.9178042404879464,0.4577600420000003,195.0,221.0
Economic,Norwegian_Board_of_Directors_net2mode_2010-05-01,971,1046,variation_edges,100,0.6377467934302155,0.0,971.0,1046.0
Economic,Norwegian_Board_of_Directors_net2mode_2010-05-01,971,1046,variation_edges,80,0.7172714249268992,2.1996131250000026,777.0,851.0
Economic,Norwegian_Board_of_Directors_net2mode_2010-05-01,971,1046,variation_edges,60,0.7033205406307358,1.3335394580000006,583.0,630.0
Economic,Norwegian_Board_of_Directors_net2mode_2010-05-01,971,1046,variation_edges,40,0.6859824893943496,0.7313288339999993,389.0,419.0
Economic,Norwegian_Board_of_Directors_net2mode_2010-05-01,971,1046,variation_edges,20,0.6359140002018774,0.3090183750000008,195.0,214.0
Economic,Norwegian_Board_of_Directors_net2mode_2010-12-01,979,1062,variation_neighborhood,100,0.6603502292987846,0.0,979.0,1062.0
Economic,Norwegian_Board_of_Directors_net2mode_2010-12-01,979,1062,variation_neighborhood,80,0.7638355300746695,2.336788834,785.0,851.0
Economic,Norwegian_Board_of_Directors_net2mode_2010-12-01,979,1062,variation_neighborhood,60,0.807947746857676,1.604307666000004,588.0,642.0
Economic,Norwegian_Board_of_Directors_net2mode_2010-12-01,979,1062,variation_neighborhood,40,0.9118118202512436,0.8552988329999991,392.0,443.0
Economic,Norwegian_Board_of_Directors_net2mode_2010-12-01,979,1062,variation_neighborhood,20,0.9572041244639108,0.468974541999998,196.0,230.0
Economic,Norwegian_Board_of_Directors_net2mode_2010-12-01,979,1062,variation_edges,100,0.6641802405236717,0.0,979.0,1062.0
Economic,Norwegian_Board_of_Directors_net2mode_2010-12-01,979,1062,variation_edges,80,0.7754716617525197,2.4792893750000005,784.0,864.0
Economic,Norwegian_Board_of_Directors_net2mode_2010-12-01,979,1062,variation_edges,60,0.7592532291327473,1.517161832999996,588.0,648.0
Economic,Norwegian_Board_of_Directors_net2mode_2010-12-01,979,1062,variation_edges,40,0.7147415443522654,0.7410390000000007,392.0,441.0
Economic,Norwegian_Board_of_Directors_net2mode_2010-12-01,979,1062,variation_edges,20,0.6426006426006425,0.3006002079999987,196.0,223.0
Economic,Norwegian_Board_of_Directors_net2mode_2011-03-01,987,1072,variation_neighborhood,100,0.6632044565890186,0.0,987.0,1072.0
Economic,Norwegian_Board_of_Directors_net2mode_2011-03-01,987,1072,variation_neighborhood,80,0.7394908229721728,2.2365834579999984,790.0,853.0
Economic,Norwegian_Board_of_Directors_net2mode_2011-03-01,987,1072,variation_neighborhood,60,0.7647896022986653,1.6344826670000003,593.0,648.0
Economic,Norwegian_Board_of_Directors_net2mode_2011-03-01,987,1072,variation_neighborhood,40,0.9102228863155272,0.8225830420000051,395.0,443.0
Economic,Norwegian_Board_of_Directors_net2mode_2011-03-01,987,1072,variation_neighborhood,20,0.9352127947953376,0.4284734169999993,198.0,231.0
Economic,Norwegian_Board_of_Directors_net2mode_2011-03-01,987,1072,variation_edges,100,0.658176642445127,0.0,987.0,1072.0
Economic,Norwegian_Board_of_Directors_net2mode_2011-03-01,987,1072,variation_edges,80,0.7446319018404908,2.4510628339999982,790.0,872.0
Economic,Norwegian_Board_of_Directors_net2mode_2011-03-01,987,1072,variation_edges,60,0.7374013846401546,1.7904144580000008,593.0,653.0
Economic,Norwegian_Board_of_Directors_net2mode_2011-03-01,987,1072,variation_edges,40,0.6924078820217638,0.7803304580000017,395.0,440.0
Economic,Norwegian_Board_of_Directors_net2mode_2011-03-01,987,1072,variation_edges,20,0.6861079652699132,0.3164210420000017,198.0,227.0
Economic,Norwegian_Board_of_Directors_net2mode_2011-02-01,991,1078,variation_neighborhood,100,0.657908424853988,0.0,991.0,1078.0
Economic,Norwegian_Board_of_Directors_net2mode_2011-02-01,991,1078,variation_neighborhood,80,0.7302478698683191,2.526992167000003,793.0,859.0
Economic,Norwegian_Board_of_Directors_net2mode_2011-02-01,991,1078,variation_neighborhood,60,0.7718838564782632,1.7377132499999988,595.0,653.0
Economic,Norwegian_Board_of_Directors_net2mode_2011-02-01,991,1078,variation_neighborhood,40,0.91293707743996,0.8837589999999977,397.0,449.0
Economic,Norwegian_Board_of_Directors_net2mode_2011-02-01,991,1078,variation_neighborhood,20,0.9268421982682452,0.4324861660000039,199.0,234.0
Economic,Norwegian_Board_of_Directors_net2mode_2011-02-01,991,1078,variation_edges,100,0.6592899267290164,0.0,991.0,1078.0
Economic,Norwegian_Board_of_Directors_net2mode_2011-02-01,991,1078,variation_edges,80,0.7431640255663553,2.738676083000001,793.0,877.0
Economic,Norwegian_Board_of_Directors_net2mode_2011-02-01,991,1078,variation_edges,60,0.7355096602265156,1.5251158339999904,595.0,657.0
Economic,Norwegian_Board_of_Directors_net2mode_2011-02-01,991,1078,variation_edges,40,0.6991808759612169,0.8319155420000044,397.0,447.0
Economic,Norwegian_Board_of_Directors_net2mode_2011-02-01,991,1078,variation_edges,20,0.658462668748278,0.3208901659999981,199.0,230.0
Economic,Norwegian_Board_of_Directors_net2mode_2010-09-01,1002,1090,variation_neighborhood,100,0.6589984281580068,0.0,1002.0,1090.0
Economic,Norwegian_Board_of_Directors_net2mode_2010-09-01,1002,1090,variation_neighborhood,80,0.7561239398136729,2.5896592080000005,803.0,877.0
Economic,Norwegian_Board_of_Directors_net2mode_2010-09-01,1002,1090,variation_neighborhood,60,0.7952322578962469,1.6836068749999953,602.0,664.0
Economic,Norwegian_Board_of_Directors_net2mode_2010-09-01,1002,1090,variation_neighborhood,40,0.908167824215101,0.8636648330000014,401.0,458.0
Economic,Norwegian_Board_of_Directors_net2mode_2010-09-01,1002,1090,variation_neighborhood,20,0.9433478595231992,0.4107894170000037,201.0,242.0
Economic,Norwegian_Board_of_Directors_net2mode_2010-09-01,1002,1090,variation_edges,100,0.6610181978928755,0.0,1002.0,1090.0
Economic,Norwegian_Board_of_Directors_net2mode_2010-09-01,1002,1090,variation_edges,80,0.7680092661784487,2.6064598330000024,802.0,889.0
Economic,Norwegian_Board_of_Directors_net2mode_2010-09-01,1002,1090,variation_edges,60,0.7463587455714473,1.452680749999999,602.0,664.0
Economic,Norwegian_Board_of_Directors_net2mode_2010-09-01,1002,1090,variation_edges,40,0.714822233350025,0.7968054170000016,401.0,446.0
Economic,Norwegian_Board_of_Directors_net2mode_2010-09-01,1002,1090,variation_edges,20,0.7393209200438117,0.3220225419999991,201.0,230.0
Economic,Norwegian_Board_of_Directors_net2mode_2009-04-01,1018,1102,variation_neighborhood,100,0.6588249012491437,0.0,1018.0,1102.0
Economic,Norwegian_Board_of_Directors_net2mode_2009-04-01,1018,1102,variation_neighborhood,80,0.7548533074743787,2.5545132499999994,815.0,879.0
Economic,Norwegian_Board_of_Directors_net2mode_2009-04-01,1018,1102,variation_neighborhood,60,0.8185044026810356,1.7874339999999904,611.0,662.0
Economic,Norwegian_Board_of_Directors_net2mode_2009-04-01,1018,1102,variation_neighborhood,40,0.9386370140223212,0.946724666999998,408.0,456.0
Economic,Norwegian_Board_of_Directors_net2mode_2009-04-01,1018,1102,variation_neighborhood,20,0.955457913328164,0.437469667000002,204.0,239.0
Economic,Norwegian_Board_of_Directors_net2mode_2009-04-01,1018,1102,variation_edges,100,0.6548162313297695,0.0,1018.0,1102.0
Economic,Norwegian_Board_of_Directors_net2mode_2009-04-01,1018,1102,variation_edges,80,0.7741422067587075,2.5767962919999974,815.0,894.0
Economic,Norwegian_Board_of_Directors_net2mode_2009-04-01,1018,1102,variation_edges,60,0.76172076249356,1.664206875000005,611.0,673.0
Economic,Norwegian_Board_of_Directors_net2mode_2009-04-01,1018,1102,variation_edges,40,0.7430980327326832,0.8396859169999971,408.0,450.0
Economic,Norwegian_Board_of_Directors_net2mode_2009-04-01,1018,1102,variation_edges,20,0.7445229990398883,0.3732119999999952,206.0,236.0
Economic,Norwegian_Board_of_Directors_net2mode_2009-08-01,1025,1106,variation_neighborhood,100,0.6658317071039525,0.0,1025.0,1106.0
Economic,Norwegian_Board_of_Directors_net2mode_2009-08-01,1025,1106,variation_neighborhood,80,0.7665843990726199,2.8261639170000024,821.0,884.0
Economic,Norwegian_Board_of_Directors_net2mode_2009-08-01,1025,1106,variation_neighborhood,60,0.8270343533336809,1.5401375829999893,615.0,669.0
Economic,Norwegian_Board_of_Directors_net2mode_2009-08-01,1025,1106,variation_neighborhood,40,0.932857026873427,0.92884712499999,410.0,458.0
Economic,Norwegian_Board_of_Directors_net2mode_2009-08-01,1025,1106,variation_neighborhood,20,0.9763157894736842,0.5565977090000018,205.0,237.0
Economic,Norwegian_Board_of_Directors_net2mode_2009-08-01,1025,1106,variation_edges,100,0.6679327976625274,0.0,1025.0,1106.0
Economic,Norwegian_Board_of_Directors_net2mode_2009-08-01,1025,1106,variation_edges,80,0.7790733859305498,2.908042499999993,820.0,897.0
Economic,Norwegian_Board_of_Directors_net2mode_2009-08-01,1025,1106,variation_edges,60,0.7481681450057848,1.5632024580000063,615.0,674.0
Economic,Norwegian_Board_of_Directors_net2mode_2009-08-01,1025,1106,variation_edges,40,0.7250956261433561,0.8908602090000102,410.0,446.0
Economic,Norwegian_Board_of_Directors_net2mode_2009-08-01,1025,1106,variation_edges,20,0.6845211075805719,0.3502763749999928,205.0,230.0
Economic,Norwegian_Board_of_Directors_net2mode_2009-07-01,1042,1125,variation_neighborhood,100,0.6663446237781314,0.0,1042.0,1125.0
Economic,Norwegian_Board_of_Directors_net2mode_2009-07-01,1042,1125,variation_neighborhood,80,0.765399882387533,2.509202208000005,834.0,899.0
Economic,Norwegian_Board_of_Directors_net2mode_2009-07-01,1042,1125,variation_neighborhood,60,0.8104690858515615,1.9926582500000047,626.0,684.0
Economic,Norwegian_Board_of_Directors_net2mode_2009-07-01,1042,1125,variation_neighborhood,40,0.9485524179175412,1.0059277919999945,417.0,468.0
Economic,Norwegian_Board_of_Directors_net2mode_2009-07-01,1042,1125,variation_neighborhood,20,1.0019696839941763,0.4769785830000046,209.0,242.0
Economic,Norwegian_Board_of_Directors_net2mode_2009-07-01,1042,1125,variation_edges,100,0.6662310358543099,0.0,1042.0,1125.0
Economic,Norwegian_Board_of_Directors_net2mode_2009-07-01,1042,1125,variation_edges,80,0.7822345443416268,2.585985666999989,834.0,913.0
Economic,Norwegian_Board_of_Directors_net2mode_2009-07-01,1042,1125,variation_edges,60,0.7589274620412018,1.760041374999986,627.0,693.0
Economic,Norwegian_Board_of_Directors_net2mode_2009-07-01,1042,1125,variation_edges,40,0.7143734895342645,0.8010995420000029,417.0,454.0
Economic,Norwegian_Board_of_Directors_net2mode_2009-07-01,1042,1125,variation_edges,20,0.6929740134744947,0.3739316660000042,209.0,239.0
Economic,Norwegian_Board_of_Directors_net2mode_2008-07-01,1052,1132,variation_neighborhood,100,0.6644668189638153,0.0,1052.0,1132.0
Economic,Norwegian_Board_of_Directors_net2mode_2008-07-01,1052,1132,variation_neighborhood,80,0.7451918686416686,2.9872903339999937,843.0,909.0
Economic,Norwegian_Board_of_Directors_net2mode_2008-07-01,1052,1132,variation_neighborhood,60,0.7913451354213951,1.760783291000024,633.0,690.0
Economic,Norwegian_Board_of_Directors_net2mode_2008-07-01,1052,1132,variation_neighborhood,40,0.9524178249254712,1.0099787499999875,421.0,474.0
Economic,Norwegian_Board_of_Directors_net2mode_2008-07-01,1052,1132,variation_neighborhood,20,0.9455167358905447,0.5000775000000033,211.0,252.0
Economic,Norwegian_Board_of_Directors_net2mode_2008-07-01,1052,1132,variation_edges,100,0.6689855895506496,0.0,1052.0,1132.0
Economic,Norwegian_Board_of_Directors_net2mode_2008-07-01,1052,1132,variation_edges,80,0.776901753249091,2.900422665999997,842.0,918.0
Economic,Norwegian_Board_of_Directors_net2mode_2008-07-01,1052,1132,variation_edges,60,0.7629373585656379,1.8528092919999888,632.0,690.0
Economic,Norwegian_Board_of_Directors_net2mode_2008-07-01,1052,1132,variation_edges,40,0.6958336614948413,0.9881786669999996,421.0,467.0
Economic,Norwegian_Board_of_Directors_net2mode_2008-07-01,1052,1132,variation_edges,20,0.6543397500844309,0.3742719999999906,211.0,244.0
Economic,Norwegian_Board_of_Directors_net2mode_2008-10-01,1066,1142,variation_neighborhood,100,0.6710478379060056,0.0,1066.0,1142.0
Economic,Norwegian_Board_of_Directors_net2mode_2008-10-01,1066,1142,variation_neighborhood,80,0.7585846951263409,2.9844704999999863,854.0,916.0
Economic,Norwegian_Board_of_Directors_net2mode_2008-10-01,1066,1142,variation_neighborhood,60,0.8129118234989265,1.7632636250000076,641.0,695.0
Economic,Norwegian_Board_of_Directors_net2mode_2008-10-01,1066,1142,variation_neighborhood,40,0.9157223121607466,1.1822552920000078,428.0,477.0
Economic,Norwegian_Board_of_Directors_net2mode_2008-10-01,1066,1142,variation_neighborhood,20,0.9564301911240688,0.5849502499999915,214.0,253.0
Economic,Norwegian_Board_of_Directors_net2mode_2008-10-01,1066,1142,variation_edges,100,0.6653976546434724,0.0,1066.0,1142.0
Economic,Norwegian_Board_of_Directors_net2mode_2008-10-01,1066,1142,variation_edges,80,0.7802841918294849,2.803609709,853.0,926.0
Economic,Norwegian_Board_of_Directors_net2mode_2008-10-01,1066,1142,variation_edges,60,0.784231855581481,1.6181462499999952,640.0,702.0
Economic,Norwegian_Board_of_Directors_net2mode_2008-10-01,1066,1142,variation_edges,40,0.7054659850570193,0.898597207999984,427.0,468.0
Economic,Norwegian_Board_of_Directors_net2mode_2008-10-01,1066,1142,variation_edges,20,0.6407934454506252,0.3889834999999948,214.0,243.0
Transportation,595b1429549f067e0263b51e,104,114,variation_neighborhood,100,1.0341196293176074,0.0,104.0,114.0
Transportation,595b1429549f067e0263b51e,104,114,variation_neighborhood,80,1.02242391884677,0.0815931660000046,84.0,93.0
Transportation,595b1429549f067e0263b51e,104,114,variation_neighborhood,60,1.0270880361173815,0.0396578330000068,63.0,71.0
Transportation,595b1429549f067e0263b51e,104,114,variation_neighborhood,40,1.069767441860465,0.0309624580000047,42.0,50.0
Transportation,595b1429549f067e0263b51e,104,114,variation_neighborhood,20,1.0714285714285714,0.0236122080000029,21.0,26.0
Transportation,595b1429549f067e0263b51e,104,114,variation_edges,100,1.0406952098346758,0.0,104.0,114.0
Transportation,595b1429549f067e0263b51e,104,114,variation_edges,80,1.0411222136817833,0.0434974169999975,84.0,93.0
Transportation,595b1429549f067e0263b51e,104,114,variation_edges,60,1.0033569563595672,0.0290435000000002,62.0,70.0
Transportation,595b1429549f067e0263b51e,104,114,variation_edges,40,0.9655561829474874,0.0218725420000112,42.0,50.0
Transportation,595b1429549f067e0263b51e,104,114,variation_edges,20,1.0123456790123455,0.0137594169999886,22.0,28.0
Transportation,595b1429549f067e0263b51c,141,149,variation_neighborhood,100,1.0605125038592158,0.0,141.0,149.0
Transportation,595b1429549f067e0263b51c,141,149,variation_neighborhood,80,1.0455868089233753,0.0941061670000067,114.0,121.0
Transportation,595b1429549f067e0263b51c,141,149,variation_neighborhood,60,1.086255924170616,0.0541074160000221,85.0,88.0
Transportation,595b1429549f067e0263b51c,141,149,variation_neighborhood,40,1.079268292682927,0.0440687499999796,57.0,60.0
Transportation,595b1429549f067e0263b51c,141,149,variation_neighborhood,20,1.081081081081081,0.0382312499999955,29.0,32.0
Transportation,595b1429549f067e0263b51c,141,149,variation_edges,100,1.05904115924156,0.0,141.0,149.0
Transportation,595b1429549f067e0263b51c,141,149,variation_edges,80,1.0560600078957758,0.0714217080000025,113.0,120.0
Transportation,595b1429549f067e0263b51c,141,149,variation_edges,60,1.0667427267541356,0.0390702499999804,85.0,89.0
Transportation,595b1429549f067e0263b51c,141,149,variation_edges,40,1.0598669623059866,0.0612062090000051,57.0,61.0
Transportation,595b1429549f067e0263b51c,141,149,variation_edges,20,1.0964467005076142,0.0166166660000044,29.0,31.0
Transportation,595b1429549f067e0263b512,148,158,variation_neighborhood,100,1.0225154166069124,0.0,148.0,158.0
Transportation,595b1429549f067e0263b512,148,158,variation_neighborhood,80,1.005862953462807,0.1068818340000063,119.0,129.0
Transportation,595b1429549f067e0263b512,148,158,variation_neighborhood,60,0.9926650366748166,0.049321166999988,89.0,97.0
Transportation,595b1429549f067e0263b512,148,158,variation_neighborhood,40,1.0505372065260643,0.0549399579999771,60.0,68.0
Transportation,595b1429549f067e0263b512,148,158,variation_neighborhood,20,1.0107334525939178,0.0356195420000062,30.0,36.0
Transportation,595b1429549f067e0263b512,148,158,variation_edges,100,1.019008146348435,0.0,148.0,158.0
Transportation,595b1429549f067e0263b512,148,158,variation_edges,80,1.0118074477747503,0.0911656670000127,119.0,129.0
Transportation,595b1429549f067e0263b512,148,158,variation_edges,60,0.9992410827219832,0.0593507079999824,89.0,97.0
Transportation,595b1429549f067e0263b512,148,158,variation_edges,40,1.025025025025025,0.0322889159999988,60.0,68.0
Transportation,595b1429549f067e0263b512,148,158,variation_edges,20,1.0012437810945274,0.0168426660000022,30.0,37.0
Transportation,595b1429549f067e0263b51d,170,182,variation_neighborhood,100,1.0018709073900842,0.0,170.0,182.0
Transportation,595b1429549f067e0263b51d,170,182,variation_neighborhood,80,1.013724266999376,0.125975875000023,137.0,148.0
Transportation,595b1429549f067e0263b51d,170,182,variation_neighborhood,60,1.0288335517693317,0.0772955830000228,102.0,111.0
Transportation,595b1429549f067e0263b51d,170,182,variation_neighborhood,40,1.0017035775127767,0.0626974590000202,68.0,77.0
Transportation,595b1429549f067e0263b51d,170,182,variation_neighborhood,20,0.9700427960057062,0.0474686659999861,36.0,42.0
Transportation,595b1429549f067e0263b51d,170,182,variation_edges,100,1.0054315027157514,0.0,170.0,182.0
Transportation,595b1429549f067e0263b51d,170,182,variation_edges,80,0.9865531914893616,0.1111097499999971,136.0,148.0
Transportation,595b1429549f067e0263b51d,170,182,variation_edges,60,1.0183996576807874,0.0736795830000005,102.0,112.0
Transportation,595b1429549f067e0263b51d,170,182,variation_edges,40,1.0139889783806697,0.038201583000017,68.0,76.0
Transportation,595b1429549f067e0263b51d,170,182,variation_edges,20,0.915129151291513,0.0192358749999925,34.0,41.0
Transportation,595b1429549f067e0263b518,209,240,variation_neighborhood,100,0.9648215209518884,0.0,209.0,240.0
Transportation,595b1429549f067e0263b518,209,240,variation_neighborhood,80,0.9483046136742634,0.215750082999989,168.0,195.0
Transportation,595b1429549f067e0263b518,209,240,variation_neighborhood,60,0.9423453259069698,0.1226141669999947,127.0,151.0
Transportation,595b1429549f067e0263b518,209,240,variation_neighborhood,40,0.954432101564271,0.0890157080000051,84.0,108.0
Transportation,595b1429549f067e0263b518,209,240,variation_neighborhood,20,1.0653487095002747,0.0538477919999991,42.0,54.0
Transportation,595b1429549f067e0263b518,209,240,variation_edges,100,0.9738055869811156,0.0,209.0,240.0
Transportation,595b1429549f067e0263b518,209,240,variation_edges,80,0.9394482264421354,0.1655408750000049,168.0,198.0
Transportation,595b1429549f067e0263b518,209,240,variation_edges,60,0.9820767293734262,0.1291082500000016,126.0,154.0
Transportation,595b1429549f067e0263b518,209,240,variation_edges,40,0.971632789814608,0.0584534589999918,84.0,110.0
Transportation,595b1429549f067e0263b518,209,240,variation_edges,20,0.966933867735471,0.0255835840000031,42.0,58.0
Transportation,595b1429549f067e0263b51a,266,308,variation_neighborhood,100,0.941908181585022,0.0,266.0,308.0
Transportation,595b1429549f067e0263b51a,266,308,variation_neighborhood,80,0.9465122011338428,0.2653485829999908,213.0,249.0
Transportation,595b1429549f067e0263b51a,266,308,variation_neighborhood,60,0.97323600973236,0.1620285829999943,160.0,187.0
Transportation,595b1429549f067e0263b51a,266,308,variation_neighborhood,40,1.0051318350734384,0.1327805840000167,108.0,134.0
Transportation,595b1429549f067e0263b51a,266,308,variation_neighborhood,20,0.9794812233836624,0.0802691670000115,55.0,70.0
Transportation,595b1429549f067e0263b51a,266,308,variation_edges,100,0.9420289855072465,0.0,266.0,308.0
Transportation,595b1429549f067e0263b51a,266,308,variation_edges,80,0.951091416379452,0.2926482919999955,213.0,249.0
Transportation,595b1429549f067e0263b51a,266,308,variation_edges,60,0.9629544408651634,0.1615261249999946,160.0,189.0
Transportation,595b1429549f067e0263b51a,266,308,variation_edges,40,0.994697385262388,0.0783597909999969,107.0,129.0
Transportation,595b1429549f067e0263b51a,266,308,variation_edges,20,1.0101867572156198,0.0394055839999794,54.0,65.0
Transportation,595b1442549f067e0263b520,369,430,variation_neighborhood,100,0.9282242666203784,0.0,369.0,430.0
Transportation,595b1442549f067e0263b520,369,430,variation_neighborhood,80,0.9359195242594344,0.4544795420000014,297.0,350.0
Transportation,595b1442549f067e0263b520,369,430,variation_neighborhood,60,0.9653676299682342,0.2889124169999775,223.0,264.0
Transportation,595b1442549f067e0263b520,369,430,variation_neighborhood,40,0.940130963517306,0.186652209000016,148.0,188.0
Transportation,595b1442549f067e0263b520,369,430,variation_neighborhood,20,0.9463881198087088,0.1106550000000083,74.0,100.0
Transportation,595b1442549f067e0263b520,369,430,variation_edges,100,0.9274595672722542,0.0,369.0,430.0
Transportation,595b1442549f067e0263b520,369,430,variation_edges,80,0.934065934065934,0.4920082500000262,296.0,351.0
Transportation,595b1442549f067e0263b520,369,430,variation_edges,60,0.9283484465586442,0.2479549589999976,222.0,271.0
Transportation,595b1442549f067e0263b520,369,430,variation_edges,40,0.9149011717363,0.1369644170000015,148.0,186.0
Transportation,595b1442549f067e0263b520,369,430,variation_edges,20,0.9252570158377328,0.0653547919999937,74.0,99.0
Transportation,US_airport_network_top_500_2002_US_airport_network_top_500_2002,500,2980,variation_neighborhood,100,0.6725404316481627,0.0,500.0,2980.0
Transportation,US_airport_network_top_500_2002_US_airport_network_top_500_2002,500,2980,variation_neighborhood,80,0.5650176032188743,1.7216305000000034,401.0,1482.0
Transportation,US_airport_network_top_500_2002_US_airport_network_top_500_2002,500,2980,variation_neighborhood,60,0.6110401180684293,1.0845074169999975,300.0,994.0
Transportation,US_airport_network_top_500_2002_US_airport_network_top_500_2002,500,2980,variation_neighborhood,40,0.6004643309413255,0.5855967919999898,200.0,758.0
Transportation,US_airport_network_top_500_2002_US_airport_network_top_500_2002,500,2980,variation_neighborhood,20,0.6172717380551983,0.3242709170000069,100.0,521.0
Transportation,US_airport_network_top_500_2002_US_airport_network_top_500_2002,500,2980,variation_edges,100,0.6733634746348484,0.0,500.0,2980.0
Transportation,US_airport_network_top_500_2002_US_airport_network_top_500_2002,500,2980,variation_edges,80,0.6665590429418662,1.7739066670000057,400.0,2051.0
Transportation,US_airport_network_top_500_2002_US_airport_network_top_500_2002,500,2980,variation_edges,60,0.6571758368603309,1.0600164580000069,300.0,1177.0
Transportation,US_airport_network_top_500_2002_US_airport_network_top_500_2002,500,2980,variation_edges,40,0.2794486809074977,0.4460212919999833,201.0,414.0
Transportation,US_airport_network_top_500_2002_US_airport_network_top_500_2002,500,2980,variation_edges,20,0.1217936888724857,0.3198390409999945,178.0,227.0
Transportation,595b15bd549f067e0263b523,519,877,variation_neighborhood,100,0.943962703962704,0.0,519.0,877.0
Transportation,595b15bd549f067e0263b523,519,877,variation_neighborhood,80,0.9265168384564174,1.2618360419999988,416.0,740.0
Transportation,595b15bd549f067e0263b523,519,877,variation_neighborhood,60,0.8997499020700878,0.8881826669999953,313.0,594.0
Transportation,595b15bd549f067e0263b523,519,877,variation_neighborhood,40,0.931743863570512,0.5373667499999897,208.0,466.0
Transportation,595b15bd549f067e0263b523,519,877,variation_neighborhood,20,0.9175939364618608,0.2568687499999953,104.0,286.0
Transportation,595b15bd549f067e0263b523,519,877,variation_edges,100,0.9510568341944576,0.0,519.0,877.0
Transportation,595b15bd549f067e0263b523,519,877,variation_edges,80,0.9412634936779084,1.2597727499999962,416.0,737.0
Transportation,595b15bd549f067e0263b523,519,877,variation_edges,60,0.961823196400058,0.793832583000011,312.0,614.0
Transportation,595b15bd549f067e0263b523,519,877,variation_edges,40,0.9054207494007316,0.4834883330000252,208.0,460.0
Transportation,595b15bd549f067e0263b523,519,877,variation_edges,20,0.938430583501006,0.1965837910000232,104.0,285.0
Transportation,57f1ea608cf714f319c390aa,823,822,variation_neighborhood,100,0.4061060502778293,0.0,823.0,822.0
Transportation,57f1ea608cf714f319c390aa,823,822,variation_neighborhood,80,0.4241344466308568,1.628476333000009,659.0,658.0
Transportation,57f1ea608cf714f319c390aa,823,822,variation_neighborhood,60,0.4683875794986906,1.029000917000019,495.0,494.0
Transportation,57f1ea608cf714f319c390aa,823,822,variation_neighborhood,40,0.5631594814591498,0.6434312499999919,330.0,329.0
Transportation,57f1ea608cf714f319c390aa,823,822,variation_neighborhood,20,0.8466040560773104,0.3312260419999973,165.0,164.0
Transportation,57f1ea608cf714f319c390aa,823,822,variation_edges,100,0.40695508176361,0.0,823.0,822.0
Transportation,57f1ea608cf714f319c390aa,823,822,variation_edges,80,0.3377196523236727,1.4565903749999904,659.0,658.0
Transportation,57f1ea608cf714f319c390aa,823,822,variation_edges,60,0.5291998198468698,1.1129750000000058,494.0,493.0
Transportation,57f1ea608cf714f319c390aa,823,822,variation_edges,40,0.5737704918032787,0.5665416250000135,330.0,329.0
Transportation,57f1ea608cf714f319c390aa,823,822,variation_edges,20,0.8198999444135631,0.2375379169999973,165.0,164.0
Transportation,595b15bd549f067e0263b524,1087,2952,variation_neighborhood,100,0.8769993434636574,0.0,1087.0,2952.0
Transportation,595b15bd549f067e0263b524,1087,2952,variation_neighborhood,80,0.8681300248020033,6.414012750000012,870.0,2430.0
Transportation,595b15bd549f067e0263b524,1087,2952,variation_neighborhood,60,0.8662183150625028,3.9834284160000095,653.0,2029.0
Transportation,595b15bd549f067e0263b524,1087,2952,variation_neighborhood,40,0.8751368668640253,2.107344416999979,435.0,1649.0
Transportation,595b15bd549f067e0263b524,1087,2952,variation_neighborhood,20,0.8753951364641226,0.8570216250000158,218.0,961.0
Transportation,595b15bd549f067e0263b524,1087,2952,variation_edges,100,0.8741008388219508,0.0,1087.0,2952.0
Transportation,595b15bd549f067e0263b524,1087,2952,variation_edges,80,0.8672054815486316,6.442911083000013,869.0,2466.0
Transportation,595b15bd549f067e0263b524,1087,2952,variation_edges,60,0.8772704199863168,4.042589667000016,653.0,2078.0
Transportation,595b15bd549f067e0263b524,1087,2952,variation_edges,40,0.8781918012687243,1.959323124999969,435.0,1562.0
Transportation,595b15bd549f067e0263b524,1087,2952,variation_edges,20,0.8551536912163936,0.7384268339999949,218.0,898.0
Transportation,595b15bd549f067e0263b527,1103,2149,variation_neighborhood,100,0.9124164987806171,0.0,1103.0,2149.0
Transportation,595b15bd549f067e0263b527,1103,2149,variation_neighborhood,80,0.9105922551252849,5.423795250000012,883.0,1804.0
Transportation,595b15bd549f067e0263b527,1103,2149,variation_neighborhood,60,0.9104763934775658,3.3298459590000107,663.0,1447.0
Transportation,595b15bd549f067e0263b527,1103,2149,variation_neighborhood,40,0.9257556518820148,1.7901238329999956,442.0,1127.0
Transportation,595b15bd549f067e0263b527,1103,2149,variation_neighborhood,20,0.9342222718143272,0.7426542499999869,221.0,684.0
Transportation,595b15bd549f067e0263b527,1103,2149,variation_edges,100,0.9116914763998516,0.0,1103.0,2149.0
Transportation,595b15bd549f067e0263b527,1103,2149,variation_edges,80,0.9213047047993432,4.916156999999998,883.0,1768.0
Transportation,595b15bd549f067e0263b527,1103,2149,variation_edges,60,0.9221874298660908,3.0923007910000138,662.0,1439.0
Transportation,595b15bd549f067e0263b527,1103,2149,variation_edges,40,0.932309595951584,1.597580125000036,441.0,1046.0
Transportation,595b15bd549f067e0263b527,1103,2149,variation_edges,20,0.9448909630397834,0.5783420829999955,220.0,665.0
Biological,Olesen_plant-pollinator_web_Flores,22,30,variation_neighborhood,100,0.8826945412311267,0.0,22.0,30.0
Biological,Olesen_plant-pollinator_web_Flores,22,30,variation_neighborhood,80,1.0,0.0166567079999999,19.0,25.0
Biological,Olesen_plant-pollinator_web_Flores,22,30,variation_neighborhood,60,0.924574209245742,0.0090010829999997,14.0,17.0
Biological,Olesen_plant-pollinator_web_Flores,22,30,variation_neighborhood,40,0.4958677685950413,0.0079751670000001,10.0,11.0
Biological,Olesen_plant-pollinator_web_Flores,22,30,variation_neighborhood,20,0.8247422680412372,0.0082243340000001,6.0,6.0
Biological,Olesen_plant-pollinator_web_Flores,22,30,variation_edges,100,0.8983451536643027,0.0,22.0,30.0
Biological,Olesen_plant-pollinator_web_Flores,22,30,variation_edges,80,0.8294209702660407,0.0073830000000001,18.0,25.0
Biological,Olesen_plant-pollinator_web_Flores,22,30,variation_edges,60,0.9033613445378152,0.0062006669999998,14.0,20.0
Biological,Olesen_plant-pollinator_web_Flores,22,30,variation_edges,40,0.7798165137614679,0.0055669999999998,9.0,10.0
Biological,Olesen_plant-pollinator_web_Flores,22,30,variation_edges,20,0.8056872037914692,0.0061445420000001,9.0,10.0
Biological,Binary_interactomes_various species_2012_D_melanogaster_fly_cocomp_hq,26,56,variation_neighborhood,100,0.8109833971902938,0.0,26.0,56.0
Biological,Binary_interactomes_various species_2012_D_melanogaster_fly_cocomp_hq,26,56,variation_neighborhood,80,0.8603351955307262,0.0112902909999998,21.0,32.0
Biological,Binary_interactomes_various species_2012_D_melanogaster_fly_cocomp_hq,26,56,variation_neighborhood,60,0.8851224105461394,0.009866917,16.0,21.0
Biological,Binary_interactomes_various species_2012_D_melanogaster_fly_cocomp_hq,26,56,variation_neighborhood,40,0.9243697478991596,0.0094884590000001,12.0,15.0
Biological,Binary_interactomes_various species_2012_D_melanogaster_fly_cocomp_hq,26,56,variation_neighborhood,20,0.88,0.0128034169999999,6.0,8.0
Biological,Binary_interactomes_various species_2012_D_melanogaster_fly_cocomp_hq,26,56,variation_edges,100,0.8120204603580562,0.0,26.0,56.0
Biological,Binary_interactomes_various species_2012_D_melanogaster_fly_cocomp_hq,26,56,variation_edges,80,0.908641975308642,0.0100420000000001,21.0,37.0
Biological,Binary_interactomes_various species_2012_D_melanogaster_fly_cocomp_hq,26,56,variation_edges,60,0.9658246656760772,0.0078530840000001,17.0,27.0
Biological,Binary_interactomes_various species_2012_D_melanogaster_fly_cocomp_hq,26,56,variation_edges,40,1.03125,0.0068408749999999,12.0,14.0
Biological,Binary_interactomes_various species_2012_D_melanogaster_fly_cocomp_hq,26,56,variation_edges,20,0.9271523178807948,0.0062375409999999,8.0,7.0
Biological,Smallwood_Reservoir_host-parasite_web_Smallwood_Reservoir,28,51,variation_neighborhood,100,0.8578912901113295,0.0,28.0,51.0
Biological,Smallwood_Reservoir_host-parasite_web_Smallwood_Reservoir,28,51,variation_neighborhood,80,0.4444444444444444,0.009955125,23.0,23.0
Biological,Smallwood_Reservoir_host-parasite_web_Smallwood_Reservoir,28,51,variation_neighborhood,60,0.5934065934065934,0.0101382920000001,17.0,17.0
Biological,Smallwood_Reservoir_host-parasite_web_Smallwood_Reservoir,28,51,variation_neighborhood,40,0.9649122807017544,0.0088039580000001,12.0,14.0
Biological,Smallwood_Reservoir_host-parasite_web_Smallwood_Reservoir,28,51,variation_neighborhood,20,0.7874015748031497,0.0137481670000001,7.0,7.0
Biological,Smallwood_Reservoir_host-parasite_web_Smallwood_Reservoir,28,51,variation_edges,100,0.8562091503267973,0.0,28.0,51.0
Biological,Smallwood_Reservoir_host-parasite_web_Smallwood_Reservoir,28,51,variation_edges,80,0.795551753635586,0.0165304170000002,23.0,42.0
Biological,Smallwood_Reservoir_host-parasite_web_Smallwood_Reservoir,28,51,variation_edges,60,0.8100929614873839,0.0120104590000003,18.0,30.0
Biological,Smallwood_Reservoir_host-parasite_web_Smallwood_Reservoir,28,51,variation_edges,40,0.9135802469135802,0.0104904160000001,13.0,17.0
Biological,Smallwood_Reservoir_host-parasite_web_Smallwood_Reservoir,28,51,variation_edges,20,0.8035714285714286,0.0088957079999998,10.0,10.0
Biological,Binary_interactomes_various species_2012_E_coli_K12_binary_lc,32,37,variation_neighborhood,100,0.9243697478991596,0.0,32.0,37.0
Biological,Binary_interactomes_various species_2012_E_coli_K12_binary_lc,32,37,variation_neighborhood,80,1.0159118727050185,0.012236375,26.0,27.0
Biological,Binary_interactomes_various species_2012_E_coli_K12_binary_lc,32,37,variation_neighborhood,60,0.9874326750448832,0.0092654169999999,20.0,20.0
Biological,Binary_interactomes_various species_2012_E_coli_K12_binary_lc,32,37,variation_neighborhood,40,1.070496083550914,0.0107713329999996,15.0,15.0
Biological,Binary_interactomes_various species_2012_E_coli_K12_binary_lc,32,37,variation_neighborhood,20,1.0869565217391304,0.010371917,8.0,7.0
Biological,Binary_interactomes_various species_2012_E_coli_K12_binary_lc,32,37,variation_edges,100,0.9306260575296108,0.0,32.0,37.0
Biological,Binary_interactomes_various species_2012_E_coli_K12_binary_lc,32,37,variation_edges,80,0.9927360774818402,0.010188459,26.0,26.0
Biological,Binary_interactomes_various species_2012_E_coli_K12_binary_lc,32,37,variation_edges,60,0.9531772575250836,0.0076453330000001,20.0,21.0
Biological,Binary_interactomes_various species_2012_E_coli_K12_binary_lc,32,37,variation_edges,40,0.8626198083067093,0.0064177089999999,13.0,13.0
Biological,Binary_interactomes_various species_2012_E_coli_K12_binary_lc,32,37,variation_edges,20,0.9473684210526316,0.006493083,9.0,8.0
Biological,Vazquez_Simberloff_plant-pollinator_webs_Arroyo_Goye,35,41,variation_neighborhood,100,0.7085463842220598,0.0,35.0,41.0
Biological,Vazquez_Simberloff_plant-pollinator_webs_Arroyo_Goye,35,41,variation_neighborhood,80,0.7112750263435195,0.0192164999999997,29.0,34.0
Biological,Vazquez_Simberloff_plant-pollinator_webs_Arroyo_Goye,35,41,variation_neighborhood,60,0.7164179104477612,0.0106107500000001,21.0,23.0
Biological,Vazquez_Simberloff_plant-pollinator_webs_Arroyo_Goye,35,41,variation_neighborhood,40,0.9770114942528736,0.0083428750000003,14.0,14.0
Biological,Vazquez_Simberloff_plant-pollinator_webs_Arroyo_Goye,35,41,variation_neighborhood,20,0.9230769230769232,0.0066623329999999,7.0,7.0
Biological,Vazquez_Simberloff_plant-pollinator_webs_Arroyo_Goye,35,41,variation_edges,100,0.7059679767103347,0.0,35.0,41.0
Biological,Vazquez_Simberloff_plant-pollinator_webs_Arroyo_Goye,35,41,variation_edges,80,0.7788461538461539,0.0124213329999998,28.0,34.0
Biological,Vazquez_Simberloff_plant-pollinator_webs_Arroyo_Goye,35,41,variation_edges,60,0.8111888111888111,0.0102841249999996,22.0,25.0
Biological,Vazquez_Simberloff_plant-pollinator_webs_Arroyo_Goye,35,41,variation_edges,40,0.7780320366132722,0.0098844589999997,15.0,17.0
Biological,Vazquez_Simberloff_plant-pollinator_webs_Arroyo_Goye,35,41,variation_edges,20,0.6779661016949153,0.0092492909999997,15.0,16.0
Biological,Beehler_seed-disperser_web_Beehler_seed-disperser_web,40,119,variation_neighborhood,100,0.7296715131933226,0.0,40.0,119.0
Biological,Beehler_seed-disperser_web_Beehler_seed-disperser_web,40,119,variation_neighborhood,80,0.742509769865393,0.0271139580000001,33.0,76.0
Biological,Beehler_seed-disperser_web_Beehler_seed-disperser_web,40,119,variation_neighborhood,60,0.5355715427657874,0.0203235410000002,25.0,44.0
Biological,Beehler_seed-disperser_web_Beehler_seed-disperser_web,40,119,variation_neighborhood,40,0.6762589928057554,0.0156298749999996,17.0,28.0
Biological,Beehler_seed-disperser_web_Beehler_seed-disperser_web,40,119,variation_neighborhood,20,0.8759124087591241,0.0115308330000001,9.0,18.0
Biological,Beehler_seed-disperser_web_Beehler_seed-disperser_web,40,119,variation_edges,100,0.7334235453315291,0.0,40.0,119.0
Biological,Beehler_seed-disperser_web_Beehler_seed-disperser_web,40,119,variation_edges,80,0.7714285714285715,0.0198370000000003,32.0,100.0
Biological,Beehler_seed-disperser_web_Beehler_seed-disperser_web,40,119,variation_edges,60,0.8183079056865465,0.0140004580000003,24.0,54.0
Biological,Beehler_seed-disperser_web_Beehler_seed-disperser_web,40,119,variation_edges,40,0.7422969187675069,0.0110734590000003,18.0,28.0
Biological,Beehler_seed-disperser_web_Beehler_seed-disperser_web,40,119,variation_edges,20,0.5769230769230769,0.0098886249999998,14.0,17.0
Biological,Motten_plant-pollinator_web_Motten_plant-pollinator_web,57,143,variation_neighborhood,100,0.7196969696969697,0.0,57.0,143.0
Biological,Motten_plant-pollinator_web_Motten_plant-pollinator_web,57,143,variation_neighborhood,80,0.8426966292134832,0.0318605830000002,46.0,96.0
Biological,Motten_plant-pollinator_web_Motten_plant-pollinator_web,57,143,variation_neighborhood,60,0.7724425887265136,0.0536937079999999,35.0,59.0
Biological,Motten_plant-pollinator_web_Motten_plant-pollinator_web,57,143,variation_neighborhood,40,0.743006993006993,0.0196475,23.0,41.0
Biological,Motten_plant-pollinator_web_Motten_plant-pollinator_web,57,143,variation_neighborhood,20,1.0042735042735045,0.0130801250000001,12.0,28.0
Biological,Motten_plant-pollinator_web_Motten_plant-pollinator_web,57,143,variation_edges,100,0.7214733244731345,0.0,57.0,143.0
Biological,Motten_plant-pollinator_web_Motten_plant-pollinator_web,57,143,variation_edges,80,0.7579755337011274,0.034387041,46.0,125.0
Biological,Motten_plant-pollinator_web_Motten_plant-pollinator_web,57,143,variation_edges,60,0.7435344827586208,0.023239041,35.0,91.0
Biological,Motten_plant-pollinator_web_Motten_plant-pollinator_web,57,143,variation_edges,40,0.66884176182708,0.0146133330000002,23.0,45.0
Biological,Motten_plant-pollinator_web_Motten_plant-pollinator_web,57,143,variation_edges,20,0.6178160919540231,0.0124353749999999,18.0,27.0
Biological,Leather_plant-herbivore_webs_Finland,69,95,variation_neighborhood,100,0.4328493647912886,0.0,69.0,95.0
Biological,Leather_plant-herbivore_webs_Finland,69,95,variation_neighborhood,80,0.4243922538112897,0.0384796660000001,57.0,66.0
Biological,Leather_plant-herbivore_webs_Finland,69,95,variation_neighborhood,60,0.1798330122029544,0.0313288750000002,46.0,45.0
Biological,Leather_plant-herbivore_webs_Finland,69,95,variation_neighborhood,40,0.1420271142672692,0.030791792,45.0,44.0
Biological,Leather_plant-herbivore_webs_Finland,69,95,variation_neighborhood,20,0.2352941176470588,0.0354092910000001,46.0,46.0
Biological,Leather_plant-herbivore_webs_Finland,69,95,variation_edges,100,0.4243772241992882,0.0,69.0,95.0
Biological,Leather_plant-herbivore_webs_Finland,69,95,variation_edges,80,0.298266827891979,0.030099958,56.0,68.0
Biological,Leather_plant-herbivore_webs_Finland,69,95,variation_edges,60,0.3091380427738172,0.0266276250000001,45.0,49.0
Biological,Leather_plant-herbivore_webs_Finland,69,95,variation_edges,40,0.2918781725888325,0.0254149589999999,43.0,45.0
Biological,Leather_plant-herbivore_webs_Finland,69,95,variation_edges,20,0.3021664766248574,0.0233887090000002,45.0,49.0
Biological,Joern_plant-herbivore_webs_Altuda,74,184,variation_neighborhood,100,0.8080529509100938,0.0,74.0,184.0
Biological,Joern_plant-herbivore_webs_Altuda,74,184,variation_neighborhood,80,0.8105986261040236,0.0547460420000001,61.0,134.0
Biological,Joern_plant-herbivore_webs_Altuda,74,184,variation_neighborhood,60,0.8065395095367848,0.0353367499999999,45.0,92.0
Biological,Joern_plant-herbivore_webs_Altuda,74,184,variation_neighborhood,40,0.7551622418879056,0.0283165840000001,31.0,54.0
Biological,Joern_plant-herbivore_webs_Altuda,74,184,variation_neighborhood,20,0.6365503080082136,0.018257417,15.0,19.0
Biological,Joern_plant-herbivore_webs_Altuda,74,184,variation_edges,100,0.7988004362050163,0.0,74.0,184.0
Biological,Joern_plant-herbivore_webs_Altuda,74,184,variation_edges,80,0.8182872287560046,0.0487888749999996,60.0,163.0
Biological,Joern_plant-herbivore_webs_Altuda,74,184,variation_edges,60,0.8814432989690721,0.0333165829999999,45.0,114.0
Biological,Joern_plant-herbivore_webs_Altuda,74,184,variation_edges,40,0.8779011099899092,0.021630166,30.0,67.0
Biological,Joern_plant-herbivore_webs_Altuda,74,184,variation_edges,20,0.7517482517482517,0.0144020419999999,17.0,22.0
Biological,Hocking_plant-pollinator_web_Hocking_plant-pollinator_web,87,86,variation_neighborhood,100,0.0880281690140845,0.0,87.0,86.0
Biological,Hocking_plant-pollinator_web_Hocking_plant-pollinator_web,87,86,variation_neighborhood,80,0.0873998543335761,0.0515287500000001,87.0,86.0
Biological,Hocking_plant-pollinator_web_Hocking_plant-pollinator_web,87,86,variation_neighborhood,60,0.0849056603773585,0.0373215,87.0,86.0
Biological,Hocking_plant-pollinator_web_Hocking_plant-pollinator_web,87,86,variation_neighborhood,40,0.0888888888888888,0.0446786660000002,87.0,86.0
Biological,Hocking_plant-pollinator_web_Hocking_plant-pollinator_web,87,86,variation_neighborhood,20,0.0891861761426978,0.0521222919999999,87.0,86.0
Biological,Hocking_plant-pollinator_web_Hocking_plant-pollinator_web,87,86,variation_edges,100,0.0878293601003764,0.0,87.0,86.0
Biological,Hocking_plant-pollinator_web_Hocking_plant-pollinator_web,87,86,variation_edges,80,0.088235294117647,0.0429675,87.0,86.0
Biological,Hocking_plant-pollinator_web_Hocking_plant-pollinator_web,87,86,variation_edges,60,0.0887573964497041,0.0429037079999998,87.0,86.0
Biological,Hocking_plant-pollinator_web_Hocking_plant-pollinator_web,87,86,variation_edges,40,0.0872600349040139,0.0439884159999999,87.0,86.0
Biological,Hocking_plant-pollinator_web_Hocking_plant-pollinator_web,87,86,variation_edges,20,0.0866425992779783,0.0438335419999997,87.0,86.0
Biological,Binary_interactomes_various species_2012_S_pombe_972H_fission_yeast_binary_ht,96,114,variation_neighborhood,100,0.8189565578881729,0.0,96.0,114.0
Biological,Binary_interactomes_various species_2012_S_pombe_972H_fission_yeast_binary_ht,96,114,variation_neighborhood,80,0.8519480519480519,0.0664579170000001,78.0,95.0
Biological,Binary_interactomes_various species_2012_S_pombe_972H_fission_yeast_binary_ht,96,114,variation_neighborhood,60,0.861878453038674,0.0360119170000006,58.0,73.0
Biological,Binary_interactomes_various species_2012_S_pombe_972H_fission_yeast_binary_ht,96,114,variation_neighborhood,40,1.0497017892644136,0.0327713750000002,41.0,56.0
Biological,Binary_interactomes_various species_2012_S_pombe_972H_fission_yeast_binary_ht,96,114,variation_neighborhood,20,0.938722294654498,0.0218694999999993,20.0,28.0
Biological,Binary_interactomes_various species_2012_S_pombe_972H_fission_yeast_binary_ht,96,114,variation_edges,100,0.8296483470204254,0.0,96.0,114.0
Biological,Binary_interactomes_various species_2012_S_pombe_972H_fission_yeast_binary_ht,96,114,variation_edges,80,0.8197718631178708,0.0425148750000001,77.0,94.0
Biological,Binary_interactomes_various species_2012_S_pombe_972H_fission_yeast_binary_ht,96,114,variation_edges,60,0.8091657715717866,0.033913042,58.0,74.0
Biological,Binary_interactomes_various species_2012_S_pombe_972H_fission_yeast_binary_ht,96,114,variation_edges,40,0.9230769230769232,0.0220071669999999,39.0,52.0
Biological,Binary_interactomes_various species_2012_S_pombe_972H_fission_yeast_binary_ht,96,114,variation_edges,20,0.6666666666666666,0.0144641249999999,20.0,24.0
Biological,Malaria_var_DBLa_HVR_networks_HVR_networks_2,112,743,variation_neighborhood,100,0.4087927672398511,0.0,112.0,743.0
Biological,Malaria_var_DBLa_HVR_networks_HVR_networks_2,112,743,variation_neighborhood,80,0.4672330097087378,0.1397185410000005,91.0,611.0
Biological,Malaria_var_DBLa_HVR_networks_HVR_networks_2,112,743,variation_neighborhood,60,0.4976499861763893,0.08188875,68.0,313.0
Biological,Malaria_var_DBLa_HVR_networks_HVR_networks_2,112,743,variation_neighborhood,40,0.7317073170731707,0.0778917090000002,45.0,103.0
Biological,Malaria_var_DBLa_HVR_networks_HVR_networks_2,112,743,variation_neighborhood,20,0.9126984126984128,0.0294534589999999,23.0,35.0
Biological,Malaria_var_DBLa_HVR_networks_HVR_networks_2,112,743,variation_edges,100,0.40828611898017,0.0,112.0,743.0
Biological,Malaria_var_DBLa_HVR_networks_HVR_networks_2,112,743,variation_edges,80,0.4931172678166928,0.1048136669999992,90.0,457.0
Biological,Malaria_var_DBLa_HVR_networks_HVR_networks_2,112,743,variation_edges,60,0.5775008345387782,0.0662345829999999,68.0,244.0
Biological,Malaria_var_DBLa_HVR_networks_HVR_networks_2,112,743,variation_edges,40,0.7322897320244097,0.0346706660000002,45.0,111.0
Biological,Malaria_var_DBLa_HVR_networks_HVR_networks_2,112,743,variation_edges,20,0.8641304347826086,0.0193268749999999,23.0,45.0
Biological,56e98770a6d70217090cdd87,120,163,variation_neighborhood,100,0.983687072443431,0.0,120.0,163.0
Biological,56e98770a6d70217090cdd87,120,163,variation_neighborhood,80,0.966869506423259,0.0978477089999998,97.0,139.0
Biological,56e98770a6d70217090cdd87,120,163,variation_neighborhood,60,0.9918578830495928,0.0602963749999991,72.0,103.0
Biological,56e98770a6d70217090cdd87,120,163,variation_neighborhood,40,0.9752438109527382,0.0477232499999997,49.0,74.0
Biological,56e98770a6d70217090cdd87,120,163,variation_neighborhood,20,0.981132075471698,0.0323089589999998,26.0,36.0
Biological,56e98770a6d70217090cdd87,120,163,variation_edges,100,0.9831697054698456,0.0,120.0,163.0
Biological,56e98770a6d70217090cdd87,120,163,variation_edges,80,0.9508082739440292,0.0678675420000001,96.0,134.0
Biological,56e98770a6d70217090cdd87,120,163,variation_edges,60,1.0189452124935996,0.045764417,72.0,99.0
Biological,56e98770a6d70217090cdd87,120,163,variation_edges,40,0.9101654846335696,0.0305688340000003,48.0,70.0
Biological,56e98770a6d70217090cdd87,120,163,variation_edges,20,0.9916589434661724,0.0159717089999995,26.0,36.0
Biological,56e98770a6d70217090cdd84,132,171,variation_neighborhood,100,0.913472424389455,0.0,132.0,171.0
Biological,56e98770a6d70217090cdd84,132,171,variation_neighborhood,80,0.9498553519768562,0.0965764579999994,106.0,144.0
Biological,56e98770a6d70217090cdd84,132,171,variation_neighborhood,60,0.9884102339820686,0.0649922500000004,80.0,112.0
Biological,56e98770a6d70217090cdd84,132,171,variation_neighborhood,40,0.9885651051272591,0.0488842919999994,53.0,74.0
Biological,56e98770a6d70217090cdd84,132,171,variation_neighborhood,20,0.9472049689440992,0.0372126659999993,29.0,41.0
Biological,56e98770a6d70217090cdd84,132,171,variation_edges,100,0.9290696144229504,0.0,132.0,171.0
Biological,56e98770a6d70217090cdd84,132,171,variation_edges,80,0.9264126149802892,0.0982199169999997,106.0,140.0
Biological,56e98770a6d70217090cdd84,132,171,variation_edges,60,1.0002704164413196,0.0537528330000007,80.0,102.0
Biological,56e98770a6d70217090cdd84,132,171,variation_edges,40,0.9713822894168468,0.0284161249999996,53.0,71.0
Biological,56e98770a6d70217090cdd84,132,171,variation_edges,20,0.9872340425531916,0.0164219159999996,27.0,39.0
Biological,Malaria_var_DBLa_HVR_networks_HVR_networks_4,183,933,variation_neighborhood,100,0.4865281334269981,0.0,183.0,933.0
Biological,Malaria_var_DBLa_HVR_networks_HVR_networks_4,183,933,variation_neighborhood,80,0.5398502554055,0.2756549999999995,147.0,625.0
Biological,Malaria_var_DBLa_HVR_networks_HVR_networks_4,183,933,variation_neighborhood,60,0.5765199161425576,0.1988075,110.0,401.0
Biological,Malaria_var_DBLa_HVR_networks_HVR_networks_4,183,933,variation_neighborhood,40,0.7157703299558327,0.0908352089999997,74.0,195.0
Biological,Malaria_var_DBLa_HVR_networks_HVR_networks_4,183,933,variation_neighborhood,20,0.8318708318708319,0.0571096669999997,38.0,88.0
Biological,Malaria_var_DBLa_HVR_networks_HVR_networks_4,183,933,variation_edges,100,0.4880987564507695,0.0,183.0,933.0
Biological,Malaria_var_DBLa_HVR_networks_HVR_networks_4,183,933,variation_edges,80,0.5850261172373766,0.2465022090000008,147.0,559.0
Biological,Malaria_var_DBLa_HVR_networks_HVR_networks_4,183,933,variation_edges,60,0.6712002720163209,0.1269692500000001,110.0,337.0
Biological,Malaria_var_DBLa_HVR_networks_HVR_networks_4,183,933,variation_edges,40,0.8051209103840683,0.070636125,74.0,175.0
Biological,Malaria_var_DBLa_HVR_networks_HVR_networks_4,183,933,variation_edges,20,0.9279169211973122,0.0285435420000013,37.0,71.0
Biological,56e98770a6d70217090cdd86,223,276,variation_neighborhood,100,0.898525459431975,0.0,223.0,276.0
Biological,56e98770a6d70217090cdd86,223,276,variation_neighborhood,80,0.9291995286012148,0.1916306250000001,179.0,232.0
Biological,56e98770a6d70217090cdd86,223,276,variation_neighborhood,60,0.9429033461873368,0.1378942080000005,134.0,177.0
Biological,56e98770a6d70217090cdd86,223,276,variation_neighborhood,40,0.9899428120686254,0.1092676659999991,91.0,120.0
Biological,56e98770a6d70217090cdd86,223,276,variation_neighborhood,20,1.076142131979695,0.0687572499999991,46.0,56.0
Biological,56e98770a6d70217090cdd86,223,276,variation_edges,100,0.9159570529433544,0.0,223.0,276.0
Biological,56e98770a6d70217090cdd86,223,276,variation_edges,80,0.903970200781321,0.1797030419999998,179.0,230.0
Biological,56e98770a6d70217090cdd86,223,276,variation_edges,60,0.9711043673307824,0.1269937909999985,134.0,171.0
Biological,56e98770a6d70217090cdd86,223,276,variation_edges,40,0.9264832330180568,0.0927094999999997,90.0,113.0
Biological,56e98770a6d70217090cdd86,223,276,variation_edges,20,0.9902912621359224,0.0319521250000001,45.0,57.0
Biological,56e98770a6d70217090cddaf,254,286,variation_neighborhood,100,0.870851828366096,0.0,254.0,286.0
Biological,56e98770a6d70217090cddaf,254,286,variation_neighborhood,80,0.9531430603716546,0.2575435830000003,205.0,236.0
Biological,56e98770a6d70217090cddaf,254,286,variation_neighborhood,60,0.9553679131483716,0.1467637499999998,154.0,181.0
Biological,56e98770a6d70217090cddaf,254,286,variation_neighborhood,40,0.9985617423464148,0.1056394580000006,102.0,117.0
Biological,56e98770a6d70217090cddaf,254,286,variation_neighborhood,20,0.9872110181997048,0.0857169170000009,52.0,61.0
Biological,56e98770a6d70217090cddaf,254,286,variation_edges,100,0.8613840685762073,0.0,254.0,286.0
Biological,56e98770a6d70217090cddaf,254,286,variation_edges,80,0.9334401138992704,0.2446987499999995,204.0,233.0
Biological,56e98770a6d70217090cddaf,254,286,variation_edges,60,0.9965681098204856,0.1398847920000001,153.0,172.0
Biological,56e98770a6d70217090cddaf,254,286,variation_edges,40,0.9208874005860191,0.0704260419999993,102.0,114.0
Biological,56e98770a6d70217090cddaf,254,286,variation_edges,20,0.8487434803224276,0.0357206669999996,51.0,58.0
Biological,C_elegans_pharynx_2011_Worm_c_elegans_herm_pharynx_1,279,2287,variation_neighborhood,100,0.9330668793519076,0.0,279.0,2287.0
Biological,C_elegans_pharynx_2011_Worm_c_elegans_herm_pharynx_1,279,2287,variation_neighborhood,80,0.8978756623769871,0.746162,225.0,1853.0
Biological,C_elegans_pharynx_2011_Worm_c_elegans_herm_pharynx_1,279,2287,variation_neighborhood,60,0.8547954783824728,0.3895410409999993,168.0,1193.0
Biological,C_elegans_pharynx_2011_Worm_c_elegans_herm_pharynx_1,279,2287,variation_neighborhood,40,0.8632138114209827,0.2248004590000007,112.0,754.0
Biological,C_elegans_pharynx_2011_Worm_c_elegans_herm_pharynx_1,279,2287,variation_neighborhood,20,0.8770320967069613,0.1447544589999996,57.0,471.0
Biological,C_elegans_pharynx_2011_Worm_c_elegans_herm_pharynx_1,279,2287,variation_edges,100,0.9319060575683804,0.0,279.0,2287.0
Biological,C_elegans_pharynx_2011_Worm_c_elegans_herm_pharynx_1,279,2287,variation_edges,80,0.9141737275923684,0.6626107089999991,224.0,1911.0
Biological,C_elegans_pharynx_2011_Worm_c_elegans_herm_pharynx_1,279,2287,variation_edges,60,0.9377134493413564,0.4083629159999979,168.0,1510.0
Biological,C_elegans_pharynx_2011_Worm_c_elegans_herm_pharynx_1,279,2287,variation_edges,40,0.926949218102448,0.2078267919999987,112.0,1062.0
Biological,C_elegans_pharynx_2011_Worm_c_elegans_herm_pharynx_1,279,2287,variation_edges,20,0.8643802228412256,0.0861028749999981,55.0,469.0
Biological,Binary_interactomes_various species_2012_A_thaliana_mustard_binary_hq,297,560,variation_neighborhood,100,0.62231134974286,0.0,297.0,560.0
Biological,Binary_interactomes_various species_2012_A_thaliana_mustard_binary_hq,297,560,variation_neighborhood,80,0.6022677072596083,0.4392382080000026,239.0,388.0
Biological,Binary_interactomes_various species_2012_A_thaliana_mustard_binary_hq,297,560,variation_neighborhood,60,0.6894161146202434,0.2614302080000001,180.0,267.0
Biological,Binary_interactomes_various species_2012_A_thaliana_mustard_binary_hq,297,560,variation_neighborhood,40,0.824486301369863,0.1652169169999986,120.0,200.0
Biological,Binary_interactomes_various species_2012_A_thaliana_mustard_binary_hq,297,560,variation_neighborhood,20,0.86185967467832,0.0824824160000012,60.0,109.0
Biological,Binary_interactomes_various species_2012_A_thaliana_mustard_binary_hq,297,560,variation_edges,100,0.616370334774948,0.0,297.0,560.0
Biological,Binary_interactomes_various species_2012_A_thaliana_mustard_binary_hq,297,560,variation_edges,80,0.6290001271563599,0.4041549169999996,238.0,444.0
Biological,Binary_interactomes_various species_2012_A_thaliana_mustard_binary_hq,297,560,variation_edges,60,0.6537732271520668,0.2206502080000021,179.0,268.0
Biological,Binary_interactomes_various species_2012_A_thaliana_mustard_binary_hq,297,560,variation_edges,40,0.5534351145038168,0.1034296670000003,119.0,134.0
Biological,Binary_interactomes_various species_2012_A_thaliana_mustard_binary_hq,297,560,variation_edges,20,0.3713080168776371,0.0439240000000005,62.0,62.0
Biological,56e98770a6d70217090cde45,305,477,variation_neighborhood,100,0.7345429595181825,0.0,305.0,477.0
Biological,56e98770a6d70217090cde45,305,477,variation_neighborhood,80,0.7469820152746982,0.4262822079999999,245.0,385.0
Biological,56e98770a6d70217090cde45,305,477,variation_neighborhood,60,0.7676940639269407,0.2639552500000022,183.0,284.0
Biological,56e98770a6d70217090cde45,305,477,variation_neighborhood,40,0.8090075062552127,0.1340322500000006,122.0,185.0
Biological,56e98770a6d70217090cde45,305,477,variation_neighborhood,20,0.8133704735376045,0.0687335000000004,61.0,94.0
Biological,56e98770a6d70217090cde45,305,477,variation_edges,100,0.7377770971323557,0.0,305.0,477.0
Biological,56e98770a6d70217090cde45,305,477,variation_edges,80,0.7500892356330631,0.3592156670000008,244.0,375.0
Biological,56e98770a6d70217090cde45,305,477,variation_edges,60,0.7362775146280301,0.2600562920000016,183.0,288.0
Biological,56e98770a6d70217090cde45,305,477,variation_edges,40,0.7519151443724219,0.1565383330000003,122.0,188.0
Biological,56e98770a6d70217090cde45,305,477,variation_edges,20,0.8345454545454545,0.0497817080000011,61.0,96.0
Biological,56e9e0d7a6d70217090cdfd6,337,806,variation_neighborhood,100,0.7711539290486659,0.0,337.0,806.0
Biological,56e9e0d7a6d70217090cdfd6,337,806,variation_neighborhood,80,0.7684107167905737,0.643849834000001,270.0,649.0
Biological,56e9e0d7a6d70217090cdfd6,337,806,variation_neighborhood,60,0.7343051365007816,0.4010121249999976,203.0,530.0
Biological,56e9e0d7a6d70217090cdfd6,337,806,variation_neighborhood,40,0.7415672029060716,0.2315124579999974,135.0,420.0
Biological,56e9e0d7a6d70217090cdfd6,337,806,variation_neighborhood,20,0.6513260530421217,0.1228806250000005,69.0,203.0
Biological,56e9e0d7a6d70217090cdfd6,337,806,variation_edges,100,0.7744421116426051,0.0,337.0,806.0
Biological,56e9e0d7a6d70217090cdfd6,337,806,variation_edges,80,0.7263646274370611,0.721118624999999,270.0,718.0
Biological,56e9e0d7a6d70217090cdfd6,337,806,variation_edges,60,0.6998559308468064,0.3821334999999983,203.0,607.0
Biological,56e9e0d7a6d70217090cdfd6,337,806,variation_edges,40,0.7336390162567736,0.2006134159999995,135.0,416.0
Biological,56e9e0d7a6d70217090cdfd6,337,806,variation_edges,20,0.598627407571397,0.0711538330000003,68.0,144.0
Biological,56e98770a6d70217090cdddd,346,417,variation_neighborhood,100,0.854975457385096,0.0,346.0,417.0
Biological,56e98770a6d70217090cdddd,346,417,variation_neighborhood,80,0.9298686784017882,0.4520113749999979,277.0,346.0
Biological,56e98770a6d70217090cdddd,346,417,variation_neighborhood,60,0.9542199694263416,0.3085443750000003,208.0,256.0
Biological,56e98770a6d70217090cdddd,346,417,variation_neighborhood,40,0.9660243407707912,0.1637707500000012,139.0,174.0
Biological,56e98770a6d70217090cdddd,346,417,variation_neighborhood,20,0.97012987012987,0.1037362500000007,70.0,89.0
Biological,56e98770a6d70217090cdddd,346,417,variation_edges,100,0.8581922422287915,0.0,346.0,417.0
Biological,56e98770a6d70217090cdddd,346,417,variation_edges,80,0.9100340038038154,0.3866482910000002,277.0,336.0
Biological,56e98770a6d70217090cdddd,346,417,variation_edges,60,0.9689292133869726,0.2272722500000021,208.0,245.0
Biological,56e98770a6d70217090cdddd,346,417,variation_edges,40,0.9191629052113254,0.1292465830000004,139.0,163.0
Biological,56e98770a6d70217090cdddd,346,417,variation_edges,20,0.866601752677702,0.0549815420000001,70.0,79.0
Biological,Ito_core_yeast_interactome_2001_Ito-core,426,521,variation_neighborhood,100,0.7592265919546194,0.0,426.0,521.0
Biological,Ito_core_yeast_interactome_2001_Ito-core,426,521,variation_neighborhood,80,0.688511715170819,0.7483385420000026,341.0,428.0
Biological,Ito_core_yeast_interactome_2001_Ito-core,426,521,variation_neighborhood,60,0.7253067670999879,0.4299223330000004,256.0,322.0
Biological,Ito_core_yeast_interactome_2001_Ito-core,426,521,variation_neighborhood,40,0.9369403336789518,0.2984624589999995,171.0,226.0
Biological,Ito_core_yeast_interactome_2001_Ito-core,426,521,variation_neighborhood,20,0.950646512474959,0.1383897079999982,86.0,131.0
Biological,Ito_core_yeast_interactome_2001_Ito-core,426,521,variation_edges,100,0.7556718421868007,0.0,426.0,521.0
Biological,Ito_core_yeast_interactome_2001_Ito-core,426,521,variation_edges,80,0.72435756643971,0.6478682079999984,341.0,424.0
Biological,Ito_core_yeast_interactome_2001_Ito-core,426,521,variation_edges,60,0.646274984857662,0.449977374999996,256.0,325.0
Biological,Ito_core_yeast_interactome_2001_Ito-core,426,521,variation_edges,40,0.5652173913043478,0.2364254589999959,171.0,228.0
Biological,Ito_core_yeast_interactome_2001_Ito-core,426,521,variation_edges,20,0.3431952662721893,0.1113686249999972,86.0,103.0
Biological,56e9e0d7a6d70217090cdfcf,546,1289,variation_neighborhood,100,0.7317975076729654,0.0,546.0,1289.0
Biological,56e9e0d7a6d70217090cdfcf,546,1289,variation_neighborhood,80,0.7152361422019067,1.5994320000000002,438.0,1055.0
Biological,56e9e0d7a6d70217090cdfcf,546,1289,variation_neighborhood,60,0.6902784950935601,1.1429223749999975,328.0,881.0
Biological,56e9e0d7a6d70217090cdfcf,546,1289,variation_neighborhood,40,0.6955944798301487,0.6038333750000007,219.0,726.0
Biological,56e9e0d7a6d70217090cdfcf,546,1289,variation_neighborhood,20,0.631988735194235,0.289214041000001,110.0,272.0
Biological,56e9e0d7a6d70217090cdfcf,546,1289,variation_edges,100,0.7302044129584532,0.0,546.0,1289.0
Biological,56e9e0d7a6d70217090cdfcf,546,1289,variation_edges,80,0.6938834183856825,1.5830645420000025,437.0,1148.0
Biological,56e9e0d7a6d70217090cdfcf,546,1289,variation_edges,60,0.6817377768343593,1.0489325830000027,328.0,995.0
Biological,56e9e0d7a6d70217090cdfcf,546,1289,variation_edges,40,0.6702138813168379,0.5354702919999994,219.0,738.0
Biological,56e9e0d7a6d70217090cdfcf,546,1289,variation_edges,20,0.6174806788303722,0.2159920420000034,110.0,283.0
Biological,56e9e0d7a6d70217090cdfee,609,1476,variation_neighborhood,100,0.779338035350102,0.0,609.0,1476.0
Biological,56e9e0d7a6d70217090cdfee,609,1476,variation_neighborhood,80,0.7616953500500374,2.089379790999999,489.0,1149.0
Biological,56e9e0d7a6d70217090cdfee,609,1476,variation_neighborhood,60,0.7344004742848673,1.400346958,367.0,917.0
Biological,56e9e0d7a6d70217090cdfee,609,1476,variation_neighborhood,40,0.7552461816976466,0.7025608749999961,244.0,735.0
Biological,56e9e0d7a6d70217090cdfee,609,1476,variation_neighborhood,20,0.7248528845625034,0.4194405420000038,122.0,406.0
Biological,56e9e0d7a6d70217090cdfee,609,1476,variation_edges,100,0.7730318610923802,0.0,609.0,1476.0
Biological,56e9e0d7a6d70217090cdfee,609,1476,variation_edges,80,0.7608561938737852,2.172406291000001,488.0,1307.0
Biological,56e9e0d7a6d70217090cdfee,609,1476,variation_edges,60,0.7580805608627685,1.4128687080000049,366.0,1086.0
Biological,56e9e0d7a6d70217090cdfee,609,1476,variation_edges,40,0.7543030712116099,0.7400680000000008,244.0,776.0
Biological,56e9e0d7a6d70217090cdfee,609,1476,variation_edges,20,0.6927771443900477,0.2501987500000027,122.0,329.0
Biological,Binary_interactomes_various species_2012_M_musculus_mouse_binary_hq,705,1243,variation_neighborhood,100,0.7729059871597074,0.0,705.0,1243.0
Biological,Binary_interactomes_various species_2012_M_musculus_mouse_binary_hq,705,1243,variation_neighborhood,80,0.7637143634646476,2.295386665999999,565.0,1007.0
Biological,Binary_interactomes_various species_2012_M_musculus_mouse_binary_hq,705,1243,variation_neighborhood,60,0.8000087265746013,1.328006208000005,423.0,777.0
Biological,Binary_interactomes_various species_2012_M_musculus_mouse_binary_hq,705,1243,variation_neighborhood,40,0.8922494155248439,0.7671442909999939,282.0,611.0
Biological,Binary_interactomes_various species_2012_M_musculus_mouse_binary_hq,705,1243,variation_neighborhood,20,0.8319337140297839,0.3982238749999993,141.0,378.0
Biological,Binary_interactomes_various species_2012_M_musculus_mouse_binary_hq,705,1243,variation_edges,100,0.7771703093918504,0.0,705.0,1243.0
Biological,Binary_interactomes_various species_2012_M_musculus_mouse_binary_hq,705,1243,variation_edges,80,0.784127822937876,2.240125292000002,564.0,1029.0
Biological,Binary_interactomes_various species_2012_M_musculus_mouse_binary_hq,705,1243,variation_edges,60,0.7739045683594965,1.3609957500000007,423.0,810.0
Biological,Binary_interactomes_various species_2012_M_musculus_mouse_binary_hq,705,1243,variation_edges,40,0.7469173561701169,0.7111167080000058,282.0,564.0
Biological,Binary_interactomes_various species_2012_M_musculus_mouse_binary_hq,705,1243,variation_edges,20,0.1482199750657986,0.2527336250000047,149.0,161.0
Biological,56e9e0d7a6d70217090cdfcb,774,1818,variation_neighborhood,100,0.7342657342657343,0.0,774.0,1818.0
Biological,56e9e0d7a6d70217090cdfcb,774,1818,variation_neighborhood,80,0.6853047739771831,3.2563863750000053,621.0,1546.0
Biological,56e9e0d7a6d70217090cdfcb,774,1818,variation_neighborhood,60,0.6800922328880423,2.001630208000009,465.0,1302.0
Biological,56e9e0d7a6d70217090cdfcb,774,1818,variation_neighborhood,40,0.6923682140047206,1.0996967500000068,310.0,1045.0
Biological,56e9e0d7a6d70217090cdfcb,774,1818,variation_neighborhood,20,0.708470044962936,0.4858684169999918,155.0,519.0
Biological,56e9e0d7a6d70217090cdfcb,774,1818,variation_edges,100,0.7364134665017082,0.0,774.0,1818.0
Biological,56e9e0d7a6d70217090cdfcb,774,1818,variation_edges,80,0.7128380000960569,3.162473458999997,620.0,1603.0
Biological,56e9e0d7a6d70217090cdfcb,774,1818,variation_edges,60,0.6820186528984911,1.984480167000001,464.0,1383.0
Biological,56e9e0d7a6d70217090cdfcb,774,1818,variation_edges,40,0.6779226549549704,1.109861207999998,310.0,1041.0
Biological,56e9e0d7a6d70217090cdfcb,774,1818,variation_edges,20,0.5857562269154275,0.3451797919999961,155.0,441.0
Biological,Binary_interactomes_various species_2012_M_musculus_mouse_cocomp_hq,890,1329,variation_neighborhood,100,0.6862812414171932,0.0,890.0,1329.0
Biological,Binary_interactomes_various species_2012_M_musculus_mouse_cocomp_hq,890,1329,variation_neighborhood,80,0.6677178725210746,2.808248709000011,713.0,1048.0
Biological,Binary_interactomes_various species_2012_M_musculus_mouse_cocomp_hq,890,1329,variation_neighborhood,60,0.6962780259992317,1.833010083000005,534.0,814.0
Biological,Binary_interactomes_various species_2012_M_musculus_mouse_cocomp_hq,890,1329,variation_neighborhood,40,0.8502890173410405,1.0547468749999922,356.0,607.0
Biological,Binary_interactomes_various species_2012_M_musculus_mouse_cocomp_hq,890,1329,variation_neighborhood,20,0.8881311901282676,0.5578966669999943,178.0,367.0
Biological,Binary_interactomes_various species_2012_M_musculus_mouse_cocomp_hq,890,1329,variation_edges,100,0.6873825134106644,0.0,890.0,1329.0
Biological,Binary_interactomes_various species_2012_M_musculus_mouse_cocomp_hq,890,1329,variation_edges,80,0.661525974025974,2.846539082999996,712.0,1086.0
Biological,Binary_interactomes_various species_2012_M_musculus_mouse_cocomp_hq,890,1329,variation_edges,60,0.6394805984409268,1.7261895420000002,534.0,769.0
Biological,Binary_interactomes_various species_2012_M_musculus_mouse_cocomp_hq,890,1329,variation_edges,40,0.5444217063016019,0.9254395410000028,356.0,511.0
Biological,Binary_interactomes_various species_2012_M_musculus_mouse_cocomp_hq,890,1329,variation_edges,20,0.3944495315911812,0.4780702910000087,229.0,288.0
Social,Kapferer_tailor_shop_Kapferer_tailor_shop_2,39,248,variation_neighborhood,100,0.961402266288952,0.0,39.0,248.0
Social,Kapferer_tailor_shop_Kapferer_tailor_shop_2,39,248,variation_neighborhood,80,0.8867796610169492,0.0262774170000028,32.0,164.0
Social,Kapferer_tailor_shop_Kapferer_tailor_shop_2,39,248,variation_neighborhood,60,0.7421931735657226,0.0246128339999955,25.0,83.0
Social,Kapferer_tailor_shop_Kapferer_tailor_shop_2,39,248,variation_neighborhood,40,0.640096618357488,0.0135145419999958,16.0,40.0
Social,Kapferer_tailor_shop_Kapferer_tailor_shop_2,39,248,variation_neighborhood,20,0.9049773755656108,0.0108067089999934,8.0,17.0
Social,Kapferer_tailor_shop_Kapferer_tailor_shop_2,39,248,variation_edges,100,0.9575030858755068,0.0,39.0,248.0
Social,Kapferer_tailor_shop_Kapferer_tailor_shop_2,39,248,variation_edges,80,0.9497354497354498,0.0241458749999878,32.0,173.0
Social,Kapferer_tailor_shop_Kapferer_tailor_shop_2,39,248,variation_edges,60,0.9299129638112688,0.0159214589999976,24.0,116.0
Social,Kapferer_tailor_shop_Kapferer_tailor_shop_2,39,248,variation_edges,40,0.8966244725738397,0.012518,16.0,61.0
Social,Kapferer_tailor_shop_Kapferer_tailor_shop_2,39,248,variation_edges,20,1.0502283105022832,0.0118619580000114,8.0,17.0
Social,NCAA_college_football_2000_American_College_Football,115,613,variation_neighborhood,100,0.9024134312696748,0.0,115.0,613.0
Social,NCAA_college_football_2000_American_College_Football,115,613,variation_neighborhood,80,0.8986393840312203,0.1640419999999949,94.0,501.0
Social,NCAA_college_football_2000_American_College_Football,115,613,variation_neighborhood,60,0.9099756690997568,0.1001850000000104,69.0,370.0
Social,NCAA_college_football_2000_American_College_Football,115,613,variation_neighborhood,40,0.9862727544016712,0.0522374579999933,46.0,243.0
Social,NCAA_college_football_2000_American_College_Football,115,613,variation_neighborhood,20,0.9816559246405552,0.0303971660000001,23.0,110.0
Social,NCAA_college_football_2000_American_College_Football,115,613,variation_edges,100,0.8995453996862052,0.0,115.0,613.0
Social,NCAA_college_football_2000_American_College_Football,115,613,variation_edges,80,0.9403213900403158,0.1101066250000002,92.0,465.0
Social,NCAA_college_football_2000_American_College_Football,115,613,variation_edges,60,0.9691629955947136,0.073197915999998,69.0,329.0
Social,NCAA_college_football_2000_American_College_Football,115,613,variation_edges,40,1.0043668122270744,0.0391423750000115,46.0,214.0
Social,NCAA_college_football_2000_American_College_Football,115,613,variation_edges,20,0.9969635627530364,0.0195227909999999,23.0,108.0
Social,Norwegian_Board_of_Directors_net1mode_2002-10-01,325,1330,variation_neighborhood,100,0.3459626494693,0.0,325.0,1330.0
Social,Norwegian_Board_of_Directors_net1mode_2002-10-01,325,1330,variation_neighborhood,80,0.3366068521089345,0.7465562499999976,261.0,1105.0
Social,Norwegian_Board_of_Directors_net1mode_2002-10-01,325,1330,variation_neighborhood,60,0.4277244047052855,0.3666296250000016,195.0,622.0
Social,Norwegian_Board_of_Directors_net1mode_2002-10-01,325,1330,variation_neighborhood,40,0.481212540341171,0.2078425419999945,130.0,378.0
Social,Norwegian_Board_of_Directors_net1mode_2002-10-01,325,1330,variation_neighborhood,20,0.7104795737122558,0.0799527500000039,65.0,116.0
Social,Norwegian_Board_of_Directors_net1mode_2002-10-01,325,1330,variation_edges,100,0.3461859051921164,0.0,325.0,1330.0
Social,Norwegian_Board_of_Directors_net1mode_2002-10-01,325,1330,variation_edges,80,0.3607398255269759,0.6778305839999916,260.0,1002.0
Social,Norwegian_Board_of_Directors_net1mode_2002-10-01,325,1330,variation_edges,60,0.5061386138613861,0.3722625839999978,195.0,496.0
Social,Norwegian_Board_of_Directors_net1mode_2002-10-01,325,1330,variation_edges,40,0.598003785923249,0.1700749999999971,130.0,251.0
Social,Norwegian_Board_of_Directors_net1mode_2002-10-01,325,1330,variation_edges,20,0.824688796680498,0.054172125000008,65.0,85.0
Social,Norwegian_Board_of_Directors_net1mode_2003-06-01,336,1394,variation_neighborhood,100,0.3666404206141576,0.0,336.0,1394.0
Social,Norwegian_Board_of_Directors_net1mode_2003-06-01,336,1394,variation_neighborhood,80,0.3890286774809501,0.7880473330000086,270.0,1041.0
Social,Norwegian_Board_of_Directors_net1mode_2003-06-01,336,1394,variation_neighborhood,60,0.4084724141596683,0.4520782089999784,202.0,746.0
Social,Norwegian_Board_of_Directors_net1mode_2003-06-01,336,1394,variation_neighborhood,40,0.4966212592513139,0.2090343750000158,135.0,403.0
Social,Norwegian_Board_of_Directors_net1mode_2003-06-01,336,1394,variation_neighborhood,20,0.6985915492957746,0.0873317920000147,68.0,135.0
Social,Norwegian_Board_of_Directors_net1mode_2003-06-01,336,1394,variation_edges,100,0.3680191721799432,0.0,336.0,1394.0
Social,Norwegian_Board_of_Directors_net1mode_2003-06-01,336,1394,variation_edges,80,0.4045392851756899,0.7034454170000117,269.0,982.0
Social,Norwegian_Board_of_Directors_net1mode_2003-06-01,336,1394,variation_edges,60,0.5315199411872817,0.366017333000002,202.0,529.0
Social,Norwegian_Board_of_Directors_net1mode_2003-06-01,336,1394,variation_edges,40,0.6499621626166653,0.1650400000000047,135.0,255.0
Social,Norwegian_Board_of_Directors_net1mode_2003-06-01,336,1394,variation_edges,20,0.8493077742279019,0.061207166999992,68.0,95.0
Social,Norwegian_Board_of_Directors_net1mode_2003-02-01,339,1377,variation_neighborhood,100,0.3545834673528465,0.0,339.0,1377.0
Social,Norwegian_Board_of_Directors_net1mode_2003-02-01,339,1377,variation_neighborhood,80,0.3622341260839978,0.7355074580000007,272.0,1062.0
Social,Norwegian_Board_of_Directors_net1mode_2003-02-01,339,1377,variation_neighborhood,60,0.3944164908294108,0.4881740410000077,205.0,728.0
Social,Norwegian_Board_of_Directors_net1mode_2003-02-01,339,1377,variation_neighborhood,40,0.475258292550299,0.2148748330000103,136.0,396.0
Social,Norwegian_Board_of_Directors_net1mode_2003-02-01,339,1377,variation_neighborhood,20,0.6758676679521007,0.0826934589999837,68.0,126.0
Social,Norwegian_Board_of_Directors_net1mode_2003-02-01,339,1377,variation_edges,100,0.354734078154765,0.0,339.0,1377.0
Social,Norwegian_Board_of_Directors_net1mode_2003-02-01,339,1377,variation_edges,80,0.4191355329632633,0.7424580409999919,272.0,886.0
Social,Norwegian_Board_of_Directors_net1mode_2003-02-01,339,1377,variation_edges,60,0.5149273153139756,0.3653176669999993,204.0,522.0
Social,Norwegian_Board_of_Directors_net1mode_2003-02-01,339,1377,variation_edges,40,0.6231684192380624,0.1756009580000181,136.0,247.0
Social,Norwegian_Board_of_Directors_net1mode_2003-02-01,339,1377,variation_edges,20,0.8162104514752933,0.0571327499999938,68.0,90.0
Social,Norwegian_Board_of_Directors_net1mode_2004-02-01,384,1653,variation_neighborhood,100,0.3703510347275879,0.0,384.0,1653.0
Social,Norwegian_Board_of_Directors_net1mode_2004-02-01,384,1653,variation_neighborhood,80,0.3923455974255463,1.0159369579999975,310.0,1258.0
Social,Norwegian_Board_of_Directors_net1mode_2004-02-01,384,1653,variation_neighborhood,60,0.4238513994443551,0.6089699579999888,231.0,834.0
Social,Norwegian_Board_of_Directors_net1mode_2004-02-01,384,1653,variation_neighborhood,40,0.4733551652277463,0.3203197500000101,155.0,491.0
Social,Norwegian_Board_of_Directors_net1mode_2004-02-01,384,1653,variation_neighborhood,20,0.7132459970887919,0.1075407090000055,77.0,151.0
Social,Norwegian_Board_of_Directors_net1mode_2004-02-01,384,1653,variation_edges,100,0.3704167841515502,0.0,384.0,1653.0
Social,Norwegian_Board_of_Directors_net1mode_2004-02-01,384,1653,variation_edges,80,0.4403008722627128,0.8786008749999894,308.0,1073.0
Social,Norwegian_Board_of_Directors_net1mode_2004-02-01,384,1653,variation_edges,60,0.5237980624586317,0.4825975839999898,231.0,627.0
Social,Norwegian_Board_of_Directors_net1mode_2004-02-01,384,1653,variation_edges,40,0.6717196300674502,0.2251079589999847,154.0,297.0
Social,Norwegian_Board_of_Directors_net1mode_2004-02-01,384,1653,variation_edges,20,0.9220716360116168,0.0618317089999891,77.0,105.0
Social,Norwegian_Board_of_Directors_net1mode_2004-07-01,449,1909,variation_neighborhood,100,0.3706233688893559,0.0,449.0,1909.0
Social,Norwegian_Board_of_Directors_net1mode_2004-07-01,449,1909,variation_neighborhood,80,0.3664951077427747,1.327692792000022,360.0,1550.0
Social,Norwegian_Board_of_Directors_net1mode_2004-07-01,449,1909,variation_neighborhood,60,0.3929961745226579,0.9305378329999884,270.0,1111.0
Social,Norwegian_Board_of_Directors_net1mode_2004-07-01,449,1909,variation_neighborhood,40,0.4349282733834861,0.6375170000000026,180.0,669.0
Social,Norwegian_Board_of_Directors_net1mode_2004-07-01,449,1909,variation_neighborhood,20,0.7327414866834503,0.1776482500000042,90.0,175.0
Social,Norwegian_Board_of_Directors_net1mode_2004-07-01,449,1909,variation_edges,100,0.3693295865114411,0.0,449.0,1909.0
Social,Norwegian_Board_of_Directors_net1mode_2004-07-01,449,1909,variation_edges,80,0.4202357226760991,1.3648577920000091,360.0,1315.0
Social,Norwegian_Board_of_Directors_net1mode_2004-07-01,449,1909,variation_edges,60,0.5194613721250246,0.6924664169999915,270.0,738.0
Social,Norwegian_Board_of_Directors_net1mode_2004-07-01,449,1909,variation_edges,40,0.6435974590437981,0.3291272499999991,180.0,358.0
Social,Norwegian_Board_of_Directors_net1mode_2004-07-01,449,1909,variation_edges,20,0.8205399682371625,0.1034219169999914,90.0,135.0
Social,Norwegian_Board_of_Directors_net1mode_2005-02-01,455,1893,variation_neighborhood,100,0.3919291113398978,0.0,455.0,1893.0
Social,Norwegian_Board_of_Directors_net1mode_2005-02-01,455,1893,variation_neighborhood,80,0.4025021365492356,1.381801333999988,365.0,1465.0
Social,Norwegian_Board_of_Directors_net1mode_2005-02-01,455,1893,variation_neighborhood,60,0.4585766818083495,0.8069660419999991,273.0,932.0
Social,Norwegian_Board_of_Directors_net1mode_2005-02-01,455,1893,variation_neighborhood,40,0.4869146005509642,0.4375611249999735,182.0,582.0
Social,Norwegian_Board_of_Directors_net1mode_2005-02-01,455,1893,variation_neighborhood,20,0.74625,0.1680829170000208,91.0,186.0
Social,Norwegian_Board_of_Directors_net1mode_2005-02-01,455,1893,variation_edges,100,0.3917601942089153,0.0,455.0,1893.0
Social,Norwegian_Board_of_Directors_net1mode_2005-02-01,455,1893,variation_edges,80,0.4728384733000605,1.262638375000023,364.0,1192.0
Social,Norwegian_Board_of_Directors_net1mode_2005-02-01,455,1893,variation_edges,60,0.5583320712807309,0.6742574579999996,273.0,719.0
Social,Norwegian_Board_of_Directors_net1mode_2005-02-01,455,1893,variation_edges,40,0.7053756223079934,0.4744406249999997,182.0,355.0
Social,Norwegian_Board_of_Directors_net1mode_2005-02-01,455,1893,variation_edges,20,0.8329132157003961,0.1419927919999963,91.0,146.0
Social,Norwegian_Board_of_Directors_net1mode_2005-07-01,466,1779,variation_neighborhood,100,0.4255299393691795,0.0,466.0,1779.0
Social,Norwegian_Board_of_Directors_net1mode_2005-07-01,466,1779,variation_neighborhood,80,0.4243975512803878,1.4285409999999956,373.0,1461.0
Social,Norwegian_Board_of_Directors_net1mode_2005-07-01,466,1779,variation_neighborhood,60,0.4497885064177362,0.9292278329999988,281.0,1001.0
Social,Norwegian_Board_of_Directors_net1mode_2005-07-01,466,1779,variation_neighborhood,40,0.5198377226156914,0.4811143340000114,187.0,581.0
Social,Norwegian_Board_of_Directors_net1mode_2005-07-01,466,1779,variation_neighborhood,20,0.7491895785808621,0.2027828749999969,95.0,192.0
Social,Norwegian_Board_of_Directors_net1mode_2005-07-01,466,1779,variation_edges,100,0.423971063026726,0.0,466.0,1779.0
Social,Norwegian_Board_of_Directors_net1mode_2005-07-01,466,1779,variation_edges,80,0.4931593107790943,1.329511707999984,373.0,1194.0
Social,Norwegian_Board_of_Directors_net1mode_2005-07-01,466,1779,variation_edges,60,0.5906646925894179,0.7559018750000064,280.0,695.0
Social,Norwegian_Board_of_Directors_net1mode_2005-07-01,466,1779,variation_edges,40,0.7193539082780502,0.4075823339999829,187.0,345.0
Social,Norwegian_Board_of_Directors_net1mode_2005-07-01,466,1779,variation_edges,20,0.8244076598506977,0.1305276660000061,94.0,146.0
Social,Norwegian_Board_of_Directors_net1mode_2006-02-01,490,1785,variation_neighborhood,100,0.4502259345474462,0.0,490.0,1785.0
Social,Norwegian_Board_of_Directors_net1mode_2006-02-01,490,1785,variation_neighborhood,80,0.4675369843616083,1.6285180829999888,393.0,1363.0
Social,Norwegian_Board_of_Directors_net1mode_2006-02-01,490,1785,variation_neighborhood,60,0.4913821375214079,1.0205443750000145,294.0,992.0
Social,Norwegian_Board_of_Directors_net1mode_2006-02-01,490,1785,variation_neighborhood,40,0.5270650661662407,0.4879109580000147,196.0,607.0
Social,Norwegian_Board_of_Directors_net1mode_2006-02-01,490,1785,variation_neighborhood,20,0.8089481414529431,0.2046220409999932,100.0,203.0
Social,Norwegian_Board_of_Directors_net1mode_2006-02-01,490,1785,variation_edges,100,0.4482128738515226,0.0,490.0,1785.0
Social,Norwegian_Board_of_Directors_net1mode_2006-02-01,490,1785,variation_edges,80,0.5205278592375366,1.5001639580000017,392.0,1197.0
Social,Norwegian_Board_of_Directors_net1mode_2006-02-01,490,1785,variation_edges,60,0.6177518951754606,0.834421041000013,294.0,717.0
Social,Norwegian_Board_of_Directors_net1mode_2006-02-01,490,1785,variation_edges,40,0.7494692144373672,0.4169603750000021,196.0,369.0
Social,Norwegian_Board_of_Directors_net1mode_2006-02-01,490,1785,variation_edges,20,0.9015892420537898,0.1303016669999976,98.0,152.0
Social,Norwegian_Board_of_Directors_net1mode_2006-06-01,520,1814,variation_neighborhood,100,0.4414970128575085,0.0,520.0,1814.0
Social,Norwegian_Board_of_Directors_net1mode_2006-06-01,520,1814,variation_neighborhood,80,0.4467134652201659,1.7256687919999931,417.0,1501.0
Social,Norwegian_Board_of_Directors_net1mode_2006-06-01,520,1814,variation_neighborhood,60,0.4957990625276377,1.0567936669999938,312.0,1006.0
Social,Norwegian_Board_of_Directors_net1mode_2006-06-01,520,1814,variation_neighborhood,40,0.5767503741892566,0.5563463329999934,208.0,580.0
Social,Norwegian_Board_of_Directors_net1mode_2006-06-01,520,1814,variation_neighborhood,20,0.8339992267044722,0.2136981249999792,105.0,196.0
Social,Norwegian_Board_of_Directors_net1mode_2006-06-01,520,1814,variation_edges,100,0.4435637595198198,0.0,520.0,1814.0
Social,Norwegian_Board_of_Directors_net1mode_2006-06-01,520,1814,variation_edges,80,0.5407367610971555,1.5561360000000093,416.0,1150.0
Social,Norwegian_Board_of_Directors_net1mode_2006-06-01,520,1814,variation_edges,60,0.597847936620551,0.840608584000023,312.0,744.0
Social,Norwegian_Board_of_Directors_net1mode_2006-06-01,520,1814,variation_edges,40,0.7395775290005573,0.3933083750000037,208.0,383.0
Social,Norwegian_Board_of_Directors_net1mode_2006-06-01,520,1814,variation_edges,20,0.8844866071428572,0.1541105420000121,104.0,164.0
Social,Norwegian_Board_of_Directors_net1mode_2007-03-01,653,2300,variation_neighborhood,100,0.4341271429524381,0.0,653.0,2300.0
Social,Norwegian_Board_of_Directors_net1mode_2007-03-01,653,2300,variation_neighborhood,80,0.4436848224046086,2.456056375000003,523.0,1848.0
Social,Norwegian_Board_of_Directors_net1mode_2007-03-01,653,2300,variation_neighborhood,60,0.4848444999671247,1.5402277089999927,392.0,1292.0
Social,Norwegian_Board_of_Directors_net1mode_2007-03-01,653,2300,variation_neighborhood,40,0.5550343192928745,0.7094365829999845,262.0,747.0
Social,Norwegian_Board_of_Directors_net1mode_2007-03-01,653,2300,variation_neighborhood,20,0.7970523462646113,0.3060340419999932,132.0,253.0
Social,Norwegian_Board_of_Directors_net1mode_2007-03-01,653,2300,variation_edges,100,0.4337567816153241,0.0,653.0,2300.0
Social,Norwegian_Board_of_Directors_net1mode_2007-03-01,653,2300,variation_edges,80,0.4963907049388772,2.381257040999998,523.0,1595.0
Social,Norwegian_Board_of_Directors_net1mode_2007-03-01,653,2300,variation_edges,60,0.6044431621465666,1.246447999999987,392.0,936.0
Social,Norwegian_Board_of_Directors_net1mode_2007-03-01,653,2300,variation_edges,40,0.7449988503104161,0.5775167500000009,262.0,482.0
Social,Norwegian_Board_of_Directors_net1mode_2007-03-01,653,2300,variation_edges,20,0.8109904719698648,0.2153797080000004,131.0,195.0
Social,Norwegian_Board_of_Directors_net1mode_2010-06-01,750,2452,variation_neighborhood,100,0.4571075734233242,0.0,750.0,2452.0
Social,Norwegian_Board_of_Directors_net1mode_2010-06-01,750,2452,variation_neighborhood,80,0.4508491453227858,3.2234709999999893,601.0,1972.0
Social,Norwegian_Board_of_Directors_net1mode_2010-06-01,750,2452,variation_neighborhood,60,0.4466643196620313,2.0737299589999907,450.0,1504.0
Social,Norwegian_Board_of_Directors_net1mode_2010-06-01,750,2452,variation_neighborhood,40,0.5274126653323153,0.9696715829999788,300.0,862.0
Social,Norwegian_Board_of_Directors_net1mode_2010-06-01,750,2452,variation_neighborhood,20,0.7262281324640114,0.3706392920000212,150.0,322.0
Social,Norwegian_Board_of_Directors_net1mode_2010-06-01,750,2452,variation_edges,100,0.4540568770457458,0.0,750.0,2452.0
Social,Norwegian_Board_of_Directors_net1mode_2010-06-01,750,2452,variation_edges,80,0.4956765641190553,2.9030281659999844,600.0,1738.0
Social,Norwegian_Board_of_Directors_net1mode_2010-06-01,750,2452,variation_edges,60,0.5982616001033992,1.4915946250000047,450.0,1018.0
Social,Norwegian_Board_of_Directors_net1mode_2010-06-01,750,2452,variation_edges,40,0.7366286607053817,0.7420682080000063,300.0,541.0
Social,Norwegian_Board_of_Directors_net1mode_2010-06-01,750,2452,variation_edges,20,0.826353992183138,0.2582103329999938,150.0,227.0
Social,Norwegian_Board_of_Directors_net1mode_2010-12-01,783,2520,variation_neighborhood,100,0.4907509378625568,0.0,783.0,2520.0
Social,Norwegian_Board_of_Directors_net1mode_2010-12-01,783,2520,variation_neighborhood,80,0.4907745693015577,3.2873597079999968,627.0,2015.0
Social,Norwegian_Board_of_Directors_net1mode_2010-12-01,783,2520,variation_neighborhood,60,0.495627471731744,2.000502334000004,470.0,1463.0
Social,Norwegian_Board_of_Directors_net1mode_2010-12-01,783,2520,variation_neighborhood,40,0.5499216914643696,1.0589919580000071,314.0,902.0
Social,Norwegian_Board_of_Directors_net1mode_2010-12-01,783,2520,variation_neighborhood,20,0.7643547295218167,0.3768457920000116,158.0,334.0
Social,Norwegian_Board_of_Directors_net1mode_2010-12-01,783,2520,variation_edges,100,0.491605016931554,0.0,783.0,2520.0
Social,Norwegian_Board_of_Directors_net1mode_2010-12-01,783,2520,variation_edges,80,0.5374636643672177,3.124619292000005,627.0,1771.0
Social,Norwegian_Board_of_Directors_net1mode_2010-12-01,783,2520,variation_edges,60,0.6418939720460564,1.6668049589999896,470.0,1063.0
Social,Norwegian_Board_of_Directors_net1mode_2010-12-01,783,2520,variation_edges,40,0.7858185998819252,0.7736649590000013,314.0,578.0
Social,Norwegian_Board_of_Directors_net1mode_2010-12-01,783,2520,variation_edges,20,0.8854166666666666,0.2880914170000039,157.0,241.0
Social,Norwegian_Board_of_Directors_net1mode_2009-11-01,786,2536,variation_neighborhood,100,0.4845071080908947,0.0,786.0,2536.0
Social,Norwegian_Board_of_Directors_net1mode_2009-11-01,786,2536,variation_neighborhood,80,0.472830879858897,3.434718583999995,630.0,2048.0
Social,Norwegian_Board_of_Directors_net1mode_2009-11-01,786,2536,variation_neighborhood,60,0.481460341620159,2.078466875000004,473.0,1538.0
Social,Norwegian_Board_of_Directors_net1mode_2009-11-01,786,2536,variation_neighborhood,40,0.5439731139725278,1.0048349580000036,315.0,905.0
Social,Norwegian_Board_of_Directors_net1mode_2009-11-01,786,2536,variation_neighborhood,20,0.7247332454142189,0.3925304579999533,158.0,339.0
Social,Norwegian_Board_of_Directors_net1mode_2009-11-01,786,2536,variation_edges,100,0.4852925684454485,0.0,786.0,2536.0
Social,Norwegian_Board_of_Directors_net1mode_2009-11-01,786,2536,variation_edges,80,0.5205773827867965,3.213161458999992,629.0,1850.0
Social,Norwegian_Board_of_Directors_net1mode_2009-11-01,786,2536,variation_edges,60,0.6409332699707203,1.9709608329999924,472.0,1066.0
Social,Norwegian_Board_of_Directors_net1mode_2009-11-01,786,2536,variation_edges,40,0.7384855581576893,0.8488211249999722,315.0,572.0
Social,Norwegian_Board_of_Directors_net1mode_2009-11-01,786,2536,variation_edges,20,0.8724052561416873,0.2927010829999972,158.0,243.0
Social,Norwegian_Board_of_Directors_net1mode_2009-04-01,809,2512,variation_neighborhood,100,0.5101210307817523,0.0,809.0,2512.0
Social,Norwegian_Board_of_Directors_net1mode_2009-04-01,809,2512,variation_neighborhood,80,0.5124957784532252,3.549424791999968,649.0,1993.0
Social,Norwegian_Board_of_Directors_net1mode_2009-04-01,809,2512,variation_neighborhood,60,0.5341363263071448,2.2552712080000106,486.0,1480.0
Social,Norwegian_Board_of_Directors_net1mode_2009-04-01,809,2512,variation_neighborhood,40,0.5957833304346146,1.1760437499999623,324.0,908.0
Social,Norwegian_Board_of_Directors_net1mode_2009-04-01,809,2512,variation_neighborhood,20,0.7822059580307622,0.4646134160000201,162.0,358.0
Social,Norwegian_Board_of_Directors_net1mode_2009-04-01,809,2512,variation_edges,100,0.5106323119124094,0.0,809.0,2512.0
Social,Norwegian_Board_of_Directors_net1mode_2009-04-01,809,2512,variation_edges,80,0.564722727782426,3.237395584000012,648.0,1777.0
Social,Norwegian_Board_of_Directors_net1mode_2009-04-01,809,2512,variation_edges,60,0.6682024157737599,1.8143605419999744,486.0,1078.0
Social,Norwegian_Board_of_Directors_net1mode_2009-04-01,809,2512,variation_edges,40,0.7795488721804511,0.8032681250000451,324.0,592.0
Social,Norwegian_Board_of_Directors_net1mode_2009-04-01,809,2512,variation_edges,20,0.8589301467639746,0.3631405419999964,162.0,258.0
Social,Norwegian_Board_of_Directors_net1mode_2007-11-01,816,2746,variation_neighborhood,100,0.455583301695604,0.0,816.0,2746.0
Social,Norwegian_Board_of_Directors_net1mode_2007-11-01,816,2746,variation_neighborhood,80,0.4569361807865928,3.7849480830000175,654.0,2214.0
Social,Norwegian_Board_of_Directors_net1mode_2007-11-01,816,2746,variation_neighborhood,60,0.4749308884071517,2.17570441700002,490.0,1628.0
Social,Norwegian_Board_of_Directors_net1mode_2007-11-01,816,2746,variation_neighborhood,40,0.5530575539568345,1.1285917920000088,327.0,936.0
Social,Norwegian_Board_of_Directors_net1mode_2007-11-01,816,2746,variation_neighborhood,20,0.7867806405008427,0.4226722920000156,165.0,335.0
Social,Norwegian_Board_of_Directors_net1mode_2007-11-01,816,2746,variation_edges,100,0.457076640808575,0.0,816.0,2746.0
Social,Norwegian_Board_of_Directors_net1mode_2007-11-01,816,2746,variation_edges,80,0.5068149154255571,3.4409142089999705,653.0,1935.0
Social,Norwegian_Board_of_Directors_net1mode_2007-11-01,816,2746,variation_edges,60,0.6154615604458417,1.9327318340000377,490.0,1137.0
Social,Norwegian_Board_of_Directors_net1mode_2007-11-01,816,2746,variation_edges,40,0.7364144235652615,0.806953333000024,327.0,594.0
Social,Norwegian_Board_of_Directors_net1mode_2007-11-01,816,2746,variation_edges,20,0.8580693439760538,0.3101098750000233,164.0,249.0
Social,Norwegian_Board_of_Directors_net1mode_2009-01-01,822,2555,variation_neighborhood,100,0.5024394713333487,0.0,822.0,2555.0
Social,Norwegian_Board_of_Directors_net1mode_2009-01-01,822,2555,variation_neighborhood,80,0.5044286422530209,3.7124555000000328,659.0,2063.0
Social,Norwegian_Board_of_Directors_net1mode_2009-01-01,822,2555,variation_neighborhood,60,0.5177405380275142,2.3303437499999973,495.0,1530.0
Social,Norwegian_Board_of_Directors_net1mode_2009-01-01,822,2555,variation_neighborhood,40,0.5676476968688986,1.07747312500004,329.0,967.0
Social,Norwegian_Board_of_Directors_net1mode_2009-01-01,822,2555,variation_neighborhood,20,0.7913868694156168,0.4529904169999668,165.0,367.0
Social,Norwegian_Board_of_Directors_net1mode_2009-01-01,822,2555,variation_edges,100,0.503168458781362,0.0,822.0,2555.0
Social,Norwegian_Board_of_Directors_net1mode_2009-01-01,822,2555,variation_edges,80,0.5509310693617656,3.434052749999978,658.0,1844.0
Social,Norwegian_Board_of_Directors_net1mode_2009-01-01,822,2555,variation_edges,60,0.6679582581128087,1.897235959,494.0,1103.0
Social,Norwegian_Board_of_Directors_net1mode_2009-01-01,822,2555,variation_edges,40,0.7794699250339414,0.8085846250000372,329.0,600.0
Social,Norwegian_Board_of_Directors_net1mode_2009-01-01,822,2555,variation_edges,20,0.8673760705943421,0.2553201250000256,165.0,265.0
Social,Norwegian_Board_of_Directors_net1mode_2008-08-01,833,2632,variation_neighborhood,100,0.5006959523411837,0.0,833.0,2632.0
Social,Norwegian_Board_of_Directors_net1mode_2008-08-01,833,2632,variation_neighborhood,80,0.4982931712446166,3.780699583000001,667.0,2111.0
Social,Norwegian_Board_of_Directors_net1mode_2008-08-01,833,2632,variation_neighborhood,60,0.51881135795443,2.240280958000028,500.0,1582.0
Social,Norwegian_Board_of_Directors_net1mode_2008-08-01,833,2632,variation_neighborhood,40,0.5833574739281576,1.1329452499999777,335.0,963.0
Social,Norwegian_Board_of_Directors_net1mode_2008-08-01,833,2632,variation_neighborhood,20,0.7792478383164914,0.4229194160000133,167.0,387.0
Social,Norwegian_Board_of_Directors_net1mode_2008-08-01,833,2632,variation_edges,100,0.500125128604399,0.0,833.0,2632.0
Social,Norwegian_Board_of_Directors_net1mode_2008-08-01,833,2632,variation_edges,80,0.5401407035175879,3.622273957999994,667.0,1893.0
Social,Norwegian_Board_of_Directors_net1mode_2008-08-01,833,2632,variation_edges,60,0.6672415031975282,1.894713416000002,499.0,1124.0
Social,Norwegian_Board_of_Directors_net1mode_2008-08-01,833,2632,variation_edges,40,0.7662065601056045,0.8155712079999944,334.0,616.0
Social,Norwegian_Board_of_Directors_net1mode_2008-08-01,833,2632,variation_edges,20,0.8455853753403345,0.320664249999993,167.0,262.0
Social,Norwegian_Board_of_Directors_net1mode_2008-07-01,840,2700,variation_neighborhood,100,0.4823647240343231,0.0,840.0,2700.0
Social,Norwegian_Board_of_Directors_net1mode_2008-07-01,840,2700,variation_neighborhood,80,0.4760439683383212,3.9573896670000295,673.0,2180.0
Social,Norwegian_Board_of_Directors_net1mode_2008-07-01,840,2700,variation_neighborhood,60,0.495748037746708,2.2706678749999583,504.0,1620.0
Social,Norwegian_Board_of_Directors_net1mode_2008-07-01,840,2700,variation_neighborhood,40,0.5912426660629728,1.081547999999998,336.0,928.0
Social,Norwegian_Board_of_Directors_net1mode_2008-07-01,840,2700,variation_neighborhood,20,0.7434745400085581,0.396816082999976,168.0,377.0
Social,Norwegian_Board_of_Directors_net1mode_2008-07-01,840,2700,variation_edges,100,0.4832673428431957,0.0,840.0,2700.0
Social,Norwegian_Board_of_Directors_net1mode_2008-07-01,840,2700,variation_edges,80,0.5334439782050479,3.536743666999996,672.0,1941.0
Social,Norwegian_Board_of_Directors_net1mode_2008-07-01,840,2700,variation_edges,60,0.6349096063254728,2.0003543329999616,504.0,1158.0
Social,Norwegian_Board_of_Directors_net1mode_2008-07-01,840,2700,variation_edges,40,0.7302980638351065,0.9408903340000164,336.0,633.0
Social,Norwegian_Board_of_Directors_net1mode_2008-07-01,840,2700,variation_edges,20,0.84042785418031,0.3721234170000116,168.0,281.0
Economic,Norwegian_Board_of_Directors_net2mode_2002-08-01,164,167,variation_neighborhood,100,0.5330807739142199,0.0,164.0,167.0
Economic,Norwegian_Board_of_Directors_net2mode_2002-08-01,164,167,variation_neighborhood,80,0.6134654818865345,0.1135296670000229,133.0,136.0
Economic,Norwegian_Board_of_Directors_net2mode_2002-08-01,164,167,variation_neighborhood,60,0.6615161757605021,0.0670487080000157,99.0,102.0
Economic,Norwegian_Board_of_Directors_net2mode_2002-08-01,164,167,variation_neighborhood,40,0.8996019460415745,0.0507521659999952,66.0,69.0
Economic,Norwegian_Board_of_Directors_net2mode_2002-08-01,164,167,variation_neighborhood,20,1.0333333333333334,0.0380278750000115,34.0,37.0
Economic,Norwegian_Board_of_Directors_net2mode_2002-08-01,164,167,variation_edges,100,0.5294682280668075,0.0,164.0,167.0
Economic,Norwegian_Board_of_Directors_net2mode_2002-08-01,164,167,variation_edges,80,0.584755788406287,0.1055959579999807,132.0,135.0
Economic,Norwegian_Board_of_Directors_net2mode_2002-08-01,164,167,variation_edges,60,0.6230379135474523,0.0606788750000077,100.0,102.0
Economic,Norwegian_Board_of_Directors_net2mode_2002-08-01,164,167,variation_edges,40,0.549735703988467,0.0395560000000045,66.0,68.0
Economic,Norwegian_Board_of_Directors_net2mode_2002-08-01,164,167,variation_edges,20,0.4916420845624385,0.0271958749999612,33.0,32.0
Economic,Norwegian_Board_of_Directors_net2mode_2002-11-01,393,399,variation_neighborhood,100,0.6297774145473776,0.0,393.0,399.0
Economic,Norwegian_Board_of_Directors_net2mode_2002-11-01,393,399,variation_neighborhood,80,0.7091843127427641,0.4797925409999948,315.0,321.0
Economic,Norwegian_Board_of_Directors_net2mode_2002-11-01,393,399,variation_neighborhood,60,0.736397344140726,0.3567989160000024,237.0,241.0
Economic,Norwegian_Board_of_Directors_net2mode_2002-11-01,393,399,variation_neighborhood,40,0.8819233110164334,0.2920677079999905,158.0,162.0
Economic,Norwegian_Board_of_Directors_net2mode_2002-11-01,393,399,variation_neighborhood,20,1.0980392156862746,0.1387275420000264,79.0,81.0
Economic,Norwegian_Board_of_Directors_net2mode_2002-11-01,393,399,variation_edges,100,0.6301712526457571,0.0,393.0,399.0
Economic,Norwegian_Board_of_Directors_net2mode_2002-11-01,393,399,variation_edges,80,0.6810912511759172,0.4415602500000091,315.0,319.0
Economic,Norwegian_Board_of_Directors_net2mode_2002-11-01,393,399,variation_edges,60,0.6647373498202228,0.3444919170000275,236.0,240.0
Economic,Norwegian_Board_of_Directors_net2mode_2002-11-01,393,399,variation_edges,40,0.5747126436781609,0.1693268750000243,158.0,161.0
Economic,Norwegian_Board_of_Directors_net2mode_2002-11-01,393,399,variation_edges,20,0.5982102908277405,0.0810590000000388,80.0,81.0
Economic,Norwegian_Board_of_Directors_net2mode_2003-01-01,399,404,variation_neighborhood,100,0.6027410252762366,0.0,399.0,404.0
Economic,Norwegian_Board_of_Directors_net2mode_2003-01-01,399,404,variation_neighborhood,80,0.6518952572788866,0.5911322919999975,320.0,325.0
Economic,Norwegian_Board_of_Directors_net2mode_2003-01-01,399,404,variation_neighborhood,60,0.712806351397998,0.3695925840000313,240.0,243.0
Economic,Norwegian_Board_of_Directors_net2mode_2003-01-01,399,404,variation_neighborhood,40,0.8582616707616708,0.2304906250000158,160.0,163.0
Economic,Norwegian_Board_of_Directors_net2mode_2003-01-01,399,404,variation_neighborhood,20,1.0386398763523956,0.1420053330000428,80.0,82.0
Economic,Norwegian_Board_of_Directors_net2mode_2003-01-01,399,404,variation_edges,100,0.6033418779075288,0.0,399.0,404.0
Economic,Norwegian_Board_of_Directors_net2mode_2003-01-01,399,404,variation_edges,80,0.6368424238755372,0.5344740830000205,320.0,325.0
Economic,Norwegian_Board_of_Directors_net2mode_2003-01-01,399,404,variation_edges,60,0.6353494857939689,0.3144796249999899,240.0,244.0
Economic,Norwegian_Board_of_Directors_net2mode_2003-01-01,399,404,variation_edges,40,0.5623314354210369,0.2678436250000118,162.0,165.0
Economic,Norwegian_Board_of_Directors_net2mode_2003-01-01,399,404,variation_edges,20,0.5203761755485894,0.0759937500000091,80.0,81.0
Economic,Norwegian_Board_of_Directors_net2mode_2002-12-01,407,412,variation_neighborhood,100,0.6163873370577281,0.0,407.0,412.0
Economic,Norwegian_Board_of_Directors_net2mode_2002-12-01,407,412,variation_neighborhood,80,0.6774270970838834,0.4661267910000219,326.0,331.0
Economic,Norwegian_Board_of_Directors_net2mode_2002-12-01,407,412,variation_neighborhood,60,0.722414229115738,0.3741615419999675,246.0,249.0
Economic,Norwegian_Board_of_Directors_net2mode_2002-12-01,407,412,variation_neighborhood,40,0.8776631381481979,0.2292048330000398,163.0,166.0
Economic,Norwegian_Board_of_Directors_net2mode_2002-12-01,407,412,variation_neighborhood,20,1.0213277260438571,0.1397240840000222,82.0,84.0
Economic,Norwegian_Board_of_Directors_net2mode_2002-12-01,407,412,variation_edges,100,0.61231096517597,0.0,407.0,412.0
Economic,Norwegian_Board_of_Directors_net2mode_2002-12-01,407,412,variation_edges,80,0.655963577547475,0.5084165419999636,326.0,331.0
Economic,Norwegian_Board_of_Directors_net2mode_2002-12-01,407,412,variation_edges,60,0.654706232463226,0.3884329159999993,245.0,248.0
Economic,Norwegian_Board_of_Directors_net2mode_2002-12-01,407,412,variation_edges,40,0.5925826390755173,0.204055583000013,165.0,168.0
Economic,Norwegian_Board_of_Directors_net2mode_2002-12-01,407,412,variation_edges,20,0.6213260423786741,0.0989961669999957,82.0,83.0
Economic,Norwegian_Board_of_Directors_net2mode_2003-08-01,447,456,variation_neighborhood,100,0.5609696175579396,0.0,447.0,456.0
Economic,Norwegian_Board_of_Directors_net2mode_2003-08-01,447,456,variation_neighborhood,80,0.6114101184068891,0.6069609169999808,358.0,363.0
Economic,Norwegian_Board_of_Directors_net2mode_2003-08-01,447,456,variation_neighborhood,60,0.6571131571131571,0.4078896249999957,269.0,274.0
Economic,Norwegian_Board_of_Directors_net2mode_2003-08-01,447,456,variation_neighborhood,40,0.8457226419692907,0.2976725419999866,179.0,183.0
Economic,Norwegian_Board_of_Directors_net2mode_2003-08-01,447,456,variation_neighborhood,20,0.9780278670953912,0.1662669589999836,91.0,94.0
Economic,Norwegian_Board_of_Directors_net2mode_2003-08-01,447,456,variation_edges,100,0.5632528882128026,0.0,447.0,456.0
Economic,Norwegian_Board_of_Directors_net2mode_2003-08-01,447,456,variation_edges,80,0.5896896370331405,0.6367811250000273,358.0,365.0
Economic,Norwegian_Board_of_Directors_net2mode_2003-08-01,447,456,variation_edges,60,0.5330192151954649,0.4033241250000401,269.0,275.0
Economic,Norwegian_Board_of_Directors_net2mode_2003-08-01,447,456,variation_edges,40,0.4976766935681095,0.241278125000008,179.0,183.0
Economic,Norwegian_Board_of_Directors_net2mode_2003-08-01,447,456,variation_edges,20,0.6638297872340425,0.1083353749999673,90.0,92.0
Economic,Norwegian_Board_of_Directors_net2mode_2005-12-01,496,536,variation_neighborhood,100,0.6333344586610851,0.0,496.0,536.0
Economic,Norwegian_Board_of_Directors_net2mode_2005-12-01,496,536,variation_neighborhood,80,0.736430625449317,0.6843312500000138,397.0,421.0
Economic,Norwegian_Board_of_Directors_net2mode_2005-12-01,496,536,variation_neighborhood,60,0.7591933570581257,0.5446960840000088,298.0,317.0
Economic,Norwegian_Board_of_Directors_net2mode_2005-12-01,496,536,variation_neighborhood,40,0.9099823494802904,0.4233379169999693,199.0,218.0
Economic,Norwegian_Board_of_Directors_net2mode_2005-12-01,496,536,variation_neighborhood,20,1.0058027079303675,0.2058920419999594,100.0,112.0
Economic,Norwegian_Board_of_Directors_net2mode_2005-12-01,496,536,variation_edges,100,0.6308851224105462,0.0,496.0,536.0
Economic,Norwegian_Board_of_Directors_net2mode_2005-12-01,496,536,variation_edges,80,0.74625502374863,0.7553515839999818,397.0,418.0
Economic,Norwegian_Board_of_Directors_net2mode_2005-12-01,496,536,variation_edges,60,0.7108198374188669,0.4738012500000081,298.0,314.0
Economic,Norwegian_Board_of_Directors_net2mode_2005-12-01,496,536,variation_edges,40,0.6318407960199005,0.2495739170000206,199.0,212.0
Economic,Norwegian_Board_of_Directors_net2mode_2005-12-01,496,536,variation_edges,20,0.7096339546373231,0.1295372499999985,100.0,108.0
Economic,Norwegian_Board_of_Directors_net2mode_2004-12-01,531,559,variation_neighborhood,100,0.5652452709201667,0.0,531.0,559.0
Economic,Norwegian_Board_of_Directors_net2mode_2004-12-01,531,559,variation_neighborhood,80,0.623477629161147,0.8971476670000129,426.0,442.0
Economic,Norwegian_Board_of_Directors_net2mode_2004-12-01,531,559,variation_neighborhood,60,0.6614145452407548,0.5753834999999867,320.0,336.0
Economic,Norwegian_Board_of_Directors_net2mode_2004-12-01,531,559,variation_neighborhood,40,0.7673084042947056,0.3666806250000149,213.0,227.0
Economic,Norwegian_Board_of_Directors_net2mode_2004-12-01,531,559,variation_neighborhood,20,0.8502024291497976,0.208623958999965,107.0,119.0
Economic,Norwegian_Board_of_Directors_net2mode_2004-12-01,531,559,variation_edges,100,0.5660256204449867,0.0,531.0,559.0
Economic,Norwegian_Board_of_Directors_net2mode_2004-12-01,531,559,variation_edges,80,0.591022549392901,0.7755767090000063,425.0,442.0
Economic,Norwegian_Board_of_Directors_net2mode_2004-12-01,531,559,variation_edges,60,0.5593492072917285,0.502665874999991,319.0,333.0
Economic,Norwegian_Board_of_Directors_net2mode_2004-12-01,531,559,variation_edges,40,0.5311389564241631,0.3112571670000079,213.0,226.0
Economic,Norwegian_Board_of_Directors_net2mode_2004-12-01,531,559,variation_edges,20,0.5627044711014176,0.1201207080000017,107.0,114.0
Economic,Norwegian_Board_of_Directors_net2mode_2005-04-01,548,578,variation_neighborhood,100,0.5767909562176005,0.0,548.0,578.0
Economic,Norwegian_Board_of_Directors_net2mode_2005-04-01,548,578,variation_neighborhood,80,0.6245410785673492,1.009026207999966,440.0,460.0
Economic,Norwegian_Board_of_Directors_net2mode_2005-04-01,548,578,variation_neighborhood,60,0.6528916211293261,0.6636580840000192,329.0,343.0
Economic,Norwegian_Board_of_Directors_net2mode_2005-04-01,548,578,variation_neighborhood,40,0.7634927599824485,0.3833959589999836,221.0,235.0
Economic,Norwegian_Board_of_Directors_net2mode_2005-04-01,548,578,variation_neighborhood,20,0.8814829422204693,0.2051275000000032,110.0,122.0
Economic,Norwegian_Board_of_Directors_net2mode_2005-04-01,548,578,variation_edges,100,0.5759815386534444,0.0,548.0,578.0
Economic,Norwegian_Board_of_Directors_net2mode_2005-04-01,548,578,variation_edges,80,0.602113541410666,0.836765875000026,439.0,458.0
Economic,Norwegian_Board_of_Directors_net2mode_2005-04-01,548,578,variation_edges,60,0.5771964742678419,0.654643999999962,329.0,345.0
Economic,Norwegian_Board_of_Directors_net2mode_2005-04-01,548,578,variation_edges,40,0.562270570328588,0.3727041669999948,220.0,234.0
Economic,Norwegian_Board_of_Directors_net2mode_2005-04-01,548,578,variation_edges,20,0.5465502909393184,0.1521120829999631,110.0,115.0
Economic,Norwegian_Board_of_Directors_net2mode_2006-01-01,580,623,variation_neighborhood,100,0.6177387361858884,0.0,580.0,623.0
Economic,Norwegian_Board_of_Directors_net2mode_2006-01-01,580,623,variation_neighborhood,80,0.715284421223048,1.0012163750000127,465.0,499.0
Economic,Norwegian_Board_of_Directors_net2mode_2006-01-01,580,623,variation_neighborhood,60,0.7528524857375712,0.6560858330000201,348.0,377.0
Economic,Norwegian_Board_of_Directors_net2mode_2006-01-01,580,623,variation_neighborhood,40,0.8994453822040029,0.3779802919999611,232.0,257.0
Economic,Norwegian_Board_of_Directors_net2mode_2006-01-01,580,623,variation_neighborhood,20,1.0238353196099677,0.2040480830000319,116.0,131.0
Economic,Norwegian_Board_of_Directors_net2mode_2006-01-01,580,623,variation_edges,100,0.6162195776917206,0.0,580.0,623.0
Economic,Norwegian_Board_of_Directors_net2mode_2006-01-01,580,623,variation_edges,80,0.7073107340437381,1.1080129580000175,464.0,492.0
Economic,Norwegian_Board_of_Directors_net2mode_2006-01-01,580,623,variation_edges,60,0.6696544895513054,0.5934798330000035,348.0,370.0
Economic,Norwegian_Board_of_Directors_net2mode_2006-01-01,580,623,variation_edges,40,0.6333615580016935,0.3524575419999678,232.0,246.0
Economic,Norwegian_Board_of_Directors_net2mode_2006-01-01,580,623,variation_edges,20,0.6890060240963854,0.1431206670000051,116.0,125.0
Economic,Norwegian_Board_of_Directors_net2mode_2006-06-01,643,690,variation_neighborhood,100,0.5902360944377751,0.0,643.0,690.0
Economic,Norwegian_Board_of_Directors_net2mode_2006-06-01,643,690,variation_neighborhood,80,0.6735870063527408,1.1728385000000117,515.0,550.0
Economic,Norwegian_Board_of_Directors_net2mode_2006-06-01,643,690,variation_neighborhood,60,0.7063481351509426,0.7450535830000149,386.0,413.0
Economic,Norwegian_Board_of_Directors_net2mode_2006-06-01,643,690,variation_neighborhood,40,0.8562035448827902,0.5036495420000051,259.0,284.0
Economic,Norwegian_Board_of_Directors_net2mode_2006-06-01,643,690,variation_neighborhood,20,0.9754163362410784,0.2669665000000236,129.0,145.0
Economic,Norwegian_Board_of_Directors_net2mode_2006-06-01,643,690,variation_edges,100,0.5890722112672541,0.0,643.0,690.0
Economic,Norwegian_Board_of_Directors_net2mode_2006-06-01,643,690,variation_edges,80,0.6839696892045246,1.298560540999972,515.0,547.0
Economic,Norwegian_Board_of_Directors_net2mode_2006-06-01,643,690,variation_edges,60,0.6713132795304475,0.7219440000000077,386.0,407.0
Economic,Norwegian_Board_of_Directors_net2mode_2006-06-01,643,690,variation_edges,40,0.6338132700014844,0.4158375420000197,258.0,275.0
Economic,Norwegian_Board_of_Directors_net2mode_2006-06-01,643,690,variation_edges,20,0.6002380547525931,0.1892024160000005,129.0,138.0
Economic,Norwegian_Board_of_Directors_net2mode_2006-08-01,693,745,variation_neighborhood,100,0.5822512801755669,0.0,693.0,745.0
Economic,Norwegian_Board_of_Directors_net2mode_2006-08-01,693,745,variation_neighborhood,80,0.6450536786559107,1.399182666999991,555.0,589.0
Economic,Norwegian_Board_of_Directors_net2mode_2006-08-01,693,745,variation_neighborhood,60,0.6745376835512674,0.8313567920000082,416.0,443.0
Economic,Norwegian_Board_of_Directors_net2mode_2006-08-01,693,745,variation_neighborhood,40,0.796898416628657,0.4955643750000149,278.0,305.0
Economic,Norwegian_Board_of_Directors_net2mode_2006-08-01,693,745,variation_neighborhood,20,0.8682284040995608,0.2722259160000249,139.0,156.0
Economic,Norwegian_Board_of_Directors_net2mode_2006-08-01,693,745,variation_edges,100,0.5880180076186079,0.0,693.0,745.0
Economic,Norwegian_Board_of_Directors_net2mode_2006-08-01,693,745,variation_edges,80,0.6573439301098101,1.575998625000011,555.0,589.0
Economic,Norwegian_Board_of_Directors_net2mode_2006-08-01,693,745,variation_edges,60,0.6362560243510611,0.8621871249999913,416.0,441.0
Economic,Norwegian_Board_of_Directors_net2mode_2006-08-01,693,745,variation_edges,40,0.6397698472498116,0.4987970409999889,278.0,294.0
Economic,Norwegian_Board_of_Directors_net2mode_2006-08-01,693,745,variation_edges,20,0.6333131801692865,0.2039052920000017,139.0,151.0
Economic,Norwegian_Board_of_Directors_net2mode_2007-02-01,803,867,variation_neighborhood,100,0.5671487207027504,0.0,803.0,867.0
Economic,Norwegian_Board_of_Directors_net2mode_2007-02-01,803,867,variation_neighborhood,80,0.6452777634497343,1.6315945829999805,643.0,677.0
Economic,Norwegian_Board_of_Directors_net2mode_2007-02-01,803,867,variation_neighborhood,60,0.6814687689942436,1.0722684160000426,482.0,510.0
Economic,Norwegian_Board_of_Directors_net2mode_2007-02-01,803,867,variation_neighborhood,40,0.7778393351800554,0.6284620419999669,323.0,350.0
Economic,Norwegian_Board_of_Directors_net2mode_2007-02-01,803,867,variation_neighborhood,20,0.8608374384236454,0.3844204999999761,161.0,178.0
Economic,Norwegian_Board_of_Directors_net2mode_2007-02-01,803,867,variation_edges,100,0.5698373545055114,0.0,803.0,867.0
Economic,Norwegian_Board_of_Directors_net2mode_2007-02-01,803,867,variation_edges,80,0.6504981176530847,1.60050320900001,643.0,678.0
Economic,Norwegian_Board_of_Directors_net2mode_2007-02-01,803,867,variation_edges,60,0.6314925213293827,0.911305541000047,482.0,511.0
Economic,Norwegian_Board_of_Directors_net2mode_2007-02-01,803,867,variation_edges,40,0.6192299031749605,0.5765207919999966,322.0,345.0
Economic,Norwegian_Board_of_Directors_net2mode_2007-02-01,803,867,variation_edges,20,0.5643340857787811,0.2438229169999886,161.0,174.0
Economic,Norwegian_Board_of_Directors_net2mode_2010-04-01,977,1053,variation_neighborhood,100,0.6370309454191033,0.0,977.0,1053.0
Economic,Norwegian_Board_of_Directors_net2mode_2010-04-01,977,1053,variation_neighborhood,80,0.7188210859459994,2.222827790999986,782.0,841.0
Economic,Norwegian_Board_of_Directors_net2mode_2010-04-01,977,1053,variation_neighborhood,60,0.75986239804694,1.4760722089999945,587.0,635.0
Economic,Norwegian_Board_of_Directors_net2mode_2010-04-01,977,1053,variation_neighborhood,40,0.8924157668791467,0.8098565829999984,391.0,434.0
Economic,Norwegian_Board_of_Directors_net2mode_2010-04-01,977,1053,variation_neighborhood,20,0.8955366529676001,0.4176101660000313,196.0,220.0
Economic,Norwegian_Board_of_Directors_net2mode_2010-04-01,977,1053,variation_edges,100,0.6377010442869121,0.0,977.0,1053.0
Economic,Norwegian_Board_of_Directors_net2mode_2010-04-01,977,1053,variation_edges,80,0.7197006417589236,2.376957833000006,782.0,856.0
Economic,Norwegian_Board_of_Directors_net2mode_2010-04-01,977,1053,variation_edges,60,0.728373364577231,1.4143973330000108,587.0,633.0
Economic,Norwegian_Board_of_Directors_net2mode_2010-04-01,977,1053,variation_edges,40,0.6960431654676259,0.7344713330000445,391.0,419.0
Economic,Norwegian_Board_of_Directors_net2mode_2010-04-01,977,1053,variation_edges,20,0.6762575846545312,0.3038134170000148,196.0,215.0
Economic,Norwegian_Board_of_Directors_net2mode_2011-05-01,981,1060,variation_neighborhood,100,0.6566755420311906,0.0,981.0,1060.0
Economic,Norwegian_Board_of_Directors_net2mode_2011-05-01,981,1060,variation_neighborhood,80,0.7465112591183,2.376401708000003,785.0,846.0
Economic,Norwegian_Board_of_Directors_net2mode_2011-05-01,981,1060,variation_neighborhood,60,0.7724374693477195,1.4518807080000329,590.0,642.0
Economic,Norwegian_Board_of_Directors_net2mode_2011-05-01,981,1060,variation_neighborhood,40,0.8995930013007174,0.8479872080000064,393.0,440.0
Economic,Norwegian_Board_of_Directors_net2mode_2011-05-01,981,1060,variation_neighborhood,20,0.9608091024020228,0.4515460000000075,197.0,233.0
Economic,Norwegian_Board_of_Directors_net2mode_2011-05-01,981,1060,variation_edges,100,0.65621626552736,0.0,981.0,1060.0
Economic,Norwegian_Board_of_Directors_net2mode_2011-05-01,981,1060,variation_edges,80,0.736631607283635,2.2739272090000213,785.0,861.0
Economic,Norwegian_Board_of_Directors_net2mode_2011-05-01,981,1060,variation_edges,60,0.7443862583280783,1.5409016670000142,589.0,644.0
Economic,Norwegian_Board_of_Directors_net2mode_2011-05-01,981,1060,variation_edges,40,0.7123817712811694,0.8069374170000287,393.0,437.0
Economic,Norwegian_Board_of_Directors_net2mode_2011-05-01,981,1060,variation_edges,20,0.6986736409490006,0.3309622499999705,197.0,225.0
Economic,Norwegian_Board_of_Directors_net2mode_2011-04-01,985,1070,variation_neighborhood,100,0.663337658027336,0.0,985.0,1070.0
Economic,Norwegian_Board_of_Directors_net2mode_2011-04-01,985,1070,variation_neighborhood,80,0.7341234742614541,2.610390041999949,789.0,852.0
Economic,Norwegian_Board_of_Directors_net2mode_2011-04-01,985,1070,variation_neighborhood,60,0.7626243409251509,1.522414499999968,591.0,644.0
Economic,Norwegian_Board_of_Directors_net2mode_2011-04-01,985,1070,variation_neighborhood,40,0.8888888888888888,0.8191462920000276,394.0,442.0
Economic,Norwegian_Board_of_Directors_net2mode_2011-04-01,985,1070,variation_neighborhood,20,0.9263463808918356,0.5218936669999721,197.0,230.0
Economic,Norwegian_Board_of_Directors_net2mode_2011-04-01,985,1070,variation_edges,100,0.6560532362507834,0.0,985.0,1070.0
Economic,Norwegian_Board_of_Directors_net2mode_2011-04-01,985,1070,variation_edges,80,0.7430429929563912,2.7662712080000347,788.0,870.0
Economic,Norwegian_Board_of_Directors_net2mode_2011-04-01,985,1070,variation_edges,60,0.7446866042939809,1.5370420409999497,591.0,651.0
Economic,Norwegian_Board_of_Directors_net2mode_2011-04-01,985,1070,variation_edges,40,0.6964648173207036,0.7965167500000234,394.0,439.0
Economic,Norwegian_Board_of_Directors_net2mode_2011-04-01,985,1070,variation_edges,20,0.6635859519408502,0.3320079170000554,197.0,226.0
Economic,Norwegian_Board_of_Directors_net2mode_2010-10-01,990,1073,variation_neighborhood,100,0.6537768310666885,0.0,990.0,1073.0
Economic,Norwegian_Board_of_Directors_net2mode_2010-10-01,990,1073,variation_neighborhood,80,0.766662739091159,2.452931374999934,793.0,856.0
Economic,Norwegian_Board_of_Directors_net2mode_2010-10-01,990,1073,variation_neighborhood,60,0.7927043142756927,1.5379375840000191,594.0,647.0
Economic,Norwegian_Board_of_Directors_net2mode_2010-10-01,990,1073,variation_neighborhood,40,0.8982909545644019,0.8929229999999961,396.0,446.0
Economic,Norwegian_Board_of_Directors_net2mode_2010-10-01,990,1073,variation_neighborhood,20,0.9647330549880074,0.4672150420000207,198.0,236.0
Economic,Norwegian_Board_of_Directors_net2mode_2010-10-01,990,1073,variation_edges,100,0.6593158977902628,0.0,990.0,1073.0
Economic,Norwegian_Board_of_Directors_net2mode_2010-10-01,990,1073,variation_edges,80,0.7752175746654909,2.4466569999999592,792.0,872.0
Economic,Norwegian_Board_of_Directors_net2mode_2010-10-01,990,1073,variation_edges,60,0.7296551354537902,1.3885921670000698,594.0,650.0
Economic,Norwegian_Board_of_Directors_net2mode_2010-10-01,990,1073,variation_edges,40,0.7003576294277929,0.7884523750000199,396.0,438.0
Economic,Norwegian_Board_of_Directors_net2mode_2010-10-01,990,1073,variation_edges,20,0.7070227121543287,0.3814852499999688,198.0,223.0
Economic,Norwegian_Board_of_Directors_net2mode_2009-06-01,1008,1089,variation_neighborhood,100,0.6587344669239007,0.0,1008.0,1089.0
Economic,Norwegian_Board_of_Directors_net2mode_2009-06-01,1008,1089,variation_neighborhood,80,0.7670974327369373,2.690758500000016,808.0,872.0
Economic,Norwegian_Board_of_Directors_net2mode_2009-06-01,1008,1089,variation_neighborhood,60,0.8209397564392715,1.7052652920000355,605.0,654.0
Economic,Norwegian_Board_of_Directors_net2mode_2009-06-01,1008,1089,variation_neighborhood,40,0.94299347061778,0.9278631249999308,404.0,448.0
Economic,Norwegian_Board_of_Directors_net2mode_2009-06-01,1008,1089,variation_neighborhood,20,0.9776890984944676,0.4434680000000526,202.0,232.0
Economic,Norwegian_Board_of_Directors_net2mode_2009-06-01,1008,1089,variation_edges,100,0.6583095081005791,0.0,1008.0,1089.0
Economic,Norwegian_Board_of_Directors_net2mode_2009-06-01,1008,1089,variation_edges,80,0.7807133421400264,2.4845667079999885,807.0,883.0
Economic,Norwegian_Board_of_Directors_net2mode_2009-06-01,1008,1089,variation_edges,60,0.7683695255949592,1.7681875419999642,606.0,665.0
Economic,Norwegian_Board_of_Directors_net2mode_2009-06-01,1008,1089,variation_edges,40,0.7383430650757383,0.8431716249999681,404.0,442.0
Economic,Norwegian_Board_of_Directors_net2mode_2009-06-01,1008,1089,variation_edges,20,0.6683781058036123,0.3624833750000107,202.0,229.0
Economic,Norwegian_Board_of_Directors_net2mode_2007-07-01,1024,1104,variation_neighborhood,100,0.6185072718555218,0.0,1024.0,1104.0
Economic,Norwegian_Board_of_Directors_net2mode_2007-07-01,1024,1104,variation_neighborhood,80,0.7046714172604909,2.831261832999985,820.0,869.0
Economic,Norwegian_Board_of_Directors_net2mode_2007-07-01,1024,1104,variation_neighborhood,60,0.7429590587233137,1.6121127499999377,615.0,659.0
Economic,Norwegian_Board_of_Directors_net2mode_2007-07-01,1024,1104,variation_neighborhood,40,0.8879923470448778,0.9560164999999188,410.0,449.0
Economic,Norwegian_Board_of_Directors_net2mode_2007-07-01,1024,1104,variation_neighborhood,20,0.9358523725834798,0.5155195000000958,206.0,236.0
Economic,Norwegian_Board_of_Directors_net2mode_2007-07-01,1024,1104,variation_edges,100,0.6186510877621311,0.0,1024.0,1104.0
Economic,Norwegian_Board_of_Directors_net2mode_2007-07-01,1024,1104,variation_edges,80,0.7086086373647419,2.2686417080000183,820.0,872.0
Economic,Norwegian_Board_of_Directors_net2mode_2007-07-01,1024,1104,variation_edges,60,0.6973277972958587,1.656091250000031,615.0,657.0
Economic,Norwegian_Board_of_Directors_net2mode_2007-07-01,1024,1104,variation_edges,40,0.6426312460468058,0.8407116250000399,410.0,441.0
Economic,Norwegian_Board_of_Directors_net2mode_2007-07-01,1024,1104,variation_edges,20,0.5145371078806428,0.3637121670000169,205.0,221.0
Economic,Norwegian_Board_of_Directors_net2mode_2008-09-01,1049,1126,variation_neighborhood,100,0.6591140241835236,0.0,1049.0,1126.0
Economic,Norwegian_Board_of_Directors_net2mode_2008-09-01,1049,1126,variation_neighborhood,80,0.7549240138256432,2.959967458000051,840.0,905.0
Economic,Norwegian_Board_of_Directors_net2mode_2008-09-01,1049,1126,variation_neighborhood,60,0.805909837100644,1.7296793749999324,631.0,684.0
Economic,Norwegian_Board_of_Directors_net2mode_2008-09-01,1049,1126,variation_neighborhood,40,0.9501624711271188,1.027049791000081,420.0,470.0
Economic,Norwegian_Board_of_Directors_net2mode_2008-09-01,1049,1126,variation_neighborhood,20,0.9773253889440582,0.5140057090000028,211.0,250.0
Economic,Norwegian_Board_of_Directors_net2mode_2008-09-01,1049,1126,variation_edges,100,0.6612249525267125,0.0,1049.0,1126.0
Economic,Norwegian_Board_of_Directors_net2mode_2008-09-01,1049,1126,variation_edges,80,0.7785625707661616,3.22823537499994,840.0,914.0
Economic,Norwegian_Board_of_Directors_net2mode_2008-09-01,1049,1126,variation_edges,60,0.776194048512128,1.5857232079999903,630.0,693.0
Economic,Norwegian_Board_of_Directors_net2mode_2008-09-01,1049,1126,variation_edges,40,0.6937561942517344,0.87464250000005,420.0,463.0
Economic,Norwegian_Board_of_Directors_net2mode_2008-09-01,1049,1126,variation_edges,20,0.6628738901818809,0.3613683749999836,210.0,240.0
Economic,Norwegian_Board_of_Directors_net2mode_2008-03-01,1052,1146,variation_neighborhood,100,0.6524970479961103,0.0,1052.0,1146.0
Economic,Norwegian_Board_of_Directors_net2mode_2008-03-01,1052,1146,variation_neighborhood,80,0.7221643372974527,3.2507389579999426,843.0,915.0
Economic,Norwegian_Board_of_Directors_net2mode_2008-03-01,1052,1146,variation_neighborhood,60,0.7657142857142857,1.9267822499999736,633.0,701.0
Economic,Norwegian_Board_of_Directors_net2mode_2008-03-01,1052,1146,variation_neighborhood,40,0.9276256688669297,0.8768423749999101,421.0,474.0
Economic,Norwegian_Board_of_Directors_net2mode_2008-03-01,1052,1146,variation_neighborhood,20,0.9688581314878894,0.5651024590000588,212.0,251.0
Economic,Norwegian_Board_of_Directors_net2mode_2008-03-01,1052,1146,variation_edges,100,0.6542147194829795,0.0,1052.0,1146.0
Economic,Norwegian_Board_of_Directors_net2mode_2008-03-01,1052,1146,variation_edges,80,0.7458049568208945,2.654714375000026,842.0,930.0
Economic,Norwegian_Board_of_Directors_net2mode_2008-03-01,1052,1146,variation_edges,60,0.7543920082673097,1.7051681670000107,632.0,700.0
Economic,Norwegian_Board_of_Directors_net2mode_2008-03-01,1052,1146,variation_edges,40,0.6588807397959183,0.8685379999999441,421.0,465.0
Economic,Norwegian_Board_of_Directors_net2mode_2008-03-01,1052,1146,variation_edges,20,0.6221237429691494,0.3991136669999378,211.0,243.0
Economic,Norwegian_Board_of_Directors_net2mode_2011-07-01,1059,1141,variation_neighborhood,100,0.6529238418457842,0.0,1059.0,1141.0
Economic,Norwegian_Board_of_Directors_net2mode_2011-07-01,1059,1141,variation_neighborhood,80,0.7477806219704809,2.846711625000012,848.0,915.0
Economic,Norwegian_Board_of_Directors_net2mode_2011-07-01,1059,1141,variation_neighborhood,60,0.783065575426897,1.897003541999993,637.0,692.0
Economic,Norwegian_Board_of_Directors_net2mode_2011-07-01,1059,1141,variation_neighborhood,40,0.9237955528103768,1.0388202500000716,424.0,476.0
Economic,Norwegian_Board_of_Directors_net2mode_2011-07-01,1059,1141,variation_neighborhood,20,0.930694643140995,0.5681172079999897,213.0,257.0
Economic,Norwegian_Board_of_Directors_net2mode_2011-07-01,1059,1141,variation_edges,100,0.6546243786319401,0.0,1059.0,1141.0
Economic,Norwegian_Board_of_Directors_net2mode_2011-07-01,1059,1141,variation_edges,80,0.7579613331919556,2.881878625000013,848.0,927.0
Economic,Norwegian_Board_of_Directors_net2mode_2011-07-01,1059,1141,variation_edges,60,0.7349388588648419,1.8760081249999985,636.0,694.0
Economic,Norwegian_Board_of_Directors_net2mode_2011-07-01,1059,1141,variation_edges,40,0.7130597597129038,0.8601141250001092,424.0,472.0
Economic,Norwegian_Board_of_Directors_net2mode_2011-07-01,1059,1141,variation_edges,20,0.6639182341320966,0.3770094999999855,212.0,244.0
Economic,Norwegian_Board_of_Directors_net2mode_2011-08-01,1066,1148,variation_neighborhood,100,0.6570203792849909,0.0,1066.0,1148.0
Economic,Norwegian_Board_of_Directors_net2mode_2011-08-01,1066,1148,variation_neighborhood,80,0.761792666364871,2.919547916999932,854.0,922.0
Economic,Norwegian_Board_of_Directors_net2mode_2011-08-01,1066,1148,variation_neighborhood,60,0.7840664639121726,1.8321453339999607,641.0,700.0
Economic,Norwegian_Board_of_Directors_net2mode_2011-08-01,1066,1148,variation_neighborhood,40,0.9195314294464436,1.1372943329999998,428.0,482.0
Economic,Norwegian_Board_of_Directors_net2mode_2011-08-01,1066,1148,variation_neighborhood,20,0.958904109589041,0.5780281249999462,214.0,256.0
Economic,Norwegian_Board_of_Directors_net2mode_2011-08-01,1066,1148,variation_edges,100,0.6593437191106657,0.0,1066.0,1148.0
Economic,Norwegian_Board_of_Directors_net2mode_2011-08-01,1066,1148,variation_edges,80,0.7625156832599975,2.834400500000015,854.0,932.0
Economic,Norwegian_Board_of_Directors_net2mode_2011-08-01,1066,1148,variation_edges,60,0.7372872971903444,2.0493915000000698,640.0,699.0
Economic,Norwegian_Board_of_Directors_net2mode_2011-08-01,1066,1148,variation_edges,40,0.7071724725849576,0.8630854999998974,427.0,474.0
Economic,Norwegian_Board_of_Directors_net2mode_2011-08-01,1066,1148,variation_edges,20,0.6849894291754757,0.3685314580000067,214.0,246.0
Economic,Norwegian_Board_of_Directors_net2mode_2008-05-01,1088,1177,variation_neighborhood,100,0.6392607957759758,0.0,1088.0,1177.0
Economic,Norwegian_Board_of_Directors_net2mode_2008-05-01,1088,1177,variation_neighborhood,80,0.7345971563981043,2.610669499999972,871.0,927.0
Economic,Norwegian_Board_of_Directors_net2mode_2008-05-01,1088,1177,variation_neighborhood,60,0.7730049309422761,1.7842160420000257,654.0,704.0
Economic,Norwegian_Board_of_Directors_net2mode_2008-05-01,1088,1177,variation_neighborhood,40,0.9091608337820168,1.1459798749999663,436.0,479.0
Economic,Norwegian_Board_of_Directors_net2mode_2008-05-01,1088,1177,variation_neighborhood,20,0.9482882697645728,0.4974252909998995,218.0,250.0
Economic,Norwegian_Board_of_Directors_net2mode_2008-05-01,1088,1177,variation_edges,100,0.6364404393128695,0.0,1088.0,1177.0
Economic,Norwegian_Board_of_Directors_net2mode_2008-05-01,1088,1177,variation_edges,80,0.7449896337249482,2.675404665999963,871.0,951.0
Economic,Norwegian_Board_of_Directors_net2mode_2008-05-01,1088,1177,variation_edges,60,0.7561806713550352,1.828663041000027,653.0,709.0
Economic,Norwegian_Board_of_Directors_net2mode_2008-05-01,1088,1177,variation_edges,40,0.6863546165518851,0.8837100839999721,436.0,477.0
Economic,Norwegian_Board_of_Directors_net2mode_2008-05-01,1088,1177,variation_edges,20,0.5986581799415105,0.3838346250000768,218.0,242.0
Biological,Vazquez_Simberloff_plant-pollinator_webs_Mascardi_c,30,34,variation_neighborhood,100,0.6998158379373849,0.0,30.0,34.0
Biological,Vazquez_Simberloff_plant-pollinator_webs_Mascardi_c,30,34,variation_neighborhood,80,0.6057142857142858,0.019579459,25.0,29.0
Biological,Vazquez_Simberloff_plant-pollinator_webs_Mascardi_c,30,34,variation_neighborhood,60,0.6361829025844931,0.0086841669999999,18.0,18.0
Biological,Vazquez_Simberloff_plant-pollinator_webs_Mascardi_c,30,34,variation_neighborhood,40,0.6896551724137931,0.0069031669999999,12.0,13.0
Biological,Vazquez_Simberloff_plant-pollinator_webs_Mascardi_c,30,34,variation_neighborhood,20,1.0344827586206895,0.006955166,7.0,8.0
Biological,Vazquez_Simberloff_plant-pollinator_webs_Mascardi_c,30,34,variation_edges,100,0.7300672430355428,0.0,30.0,34.0
Biological,Vazquez_Simberloff_plant-pollinator_webs_Mascardi_c,30,34,variation_edges,80,0.6658446362515413,0.0094844579999999,24.0,27.0
Biological,Vazquez_Simberloff_plant-pollinator_webs_Mascardi_c,30,34,variation_edges,60,0.8006279434850863,0.0081346659999999,19.0,22.0
Biological,Vazquez_Simberloff_plant-pollinator_webs_Mascardi_c,30,34,variation_edges,40,0.7894736842105263,0.0075034170000001,15.0,16.0
Biological,Vazquez_Simberloff_plant-pollinator_webs_Mascardi_c,30,34,variation_edges,20,0.6185567010309279,0.0074989169999999,12.0,12.0
Biological,Vazquez_Simberloff_plant-pollinator_webs_Quetrihue_c,35,47,variation_neighborhood,100,0.8015768725361367,0.0,35.0,47.0
Biological,Vazquez_Simberloff_plant-pollinator_webs_Quetrihue_c,35,47,variation_neighborhood,80,0.8367854183927091,0.0192210000000001,29.0,39.0
Biological,Vazquez_Simberloff_plant-pollinator_webs_Quetrihue_c,35,47,variation_neighborhood,60,0.9322033898305084,0.0103956250000001,21.0,25.0
Biological,Vazquez_Simberloff_plant-pollinator_webs_Quetrihue_c,35,47,variation_neighborhood,40,0.8474576271186441,0.0078629589999998,14.0,14.0
Biological,Vazquez_Simberloff_plant-pollinator_webs_Quetrihue_c,35,47,variation_neighborhood,20,0.8928571428571429,0.0082480829999997,7.0,6.0
Biological,Vazquez_Simberloff_plant-pollinator_webs_Quetrihue_c,35,47,variation_edges,100,0.7815502882767457,0.0,35.0,47.0
Biological,Vazquez_Simberloff_plant-pollinator_webs_Quetrihue_c,35,47,variation_edges,80,0.7987220447284344,0.0183810829999997,28.0,40.0
Biological,Vazquez_Simberloff_plant-pollinator_webs_Quetrihue_c,35,47,variation_edges,60,0.7730061349693251,0.014018166,21.0,29.0
Biological,Vazquez_Simberloff_plant-pollinator_webs_Quetrihue_c,35,47,variation_edges,40,0.9659090909090908,0.0106826669999997,16.0,21.0
Biological,Vazquez_Simberloff_plant-pollinator_webs_Quetrihue_c,35,47,variation_edges,20,0.7023411371237459,0.0087422080000001,11.0,13.0
Biological,Dupont_plant-pollinator_web_Dupont_plant-pollinator_web,49,106,variation_neighborhood,100,0.8769598724422003,0.0,49.0,106.0
Biological,Dupont_plant-pollinator_web_Dupont_plant-pollinator_web,49,106,variation_neighborhood,80,0.8229048160788776,0.0267535410000001,40.0,78.0
Biological,Dupont_plant-pollinator_web_Dupont_plant-pollinator_web,49,106,variation_neighborhood,60,0.8695652173913044,0.0200458330000001,30.0,50.0
Biological,Dupont_plant-pollinator_web_Dupont_plant-pollinator_web,49,106,variation_neighborhood,40,0.845225027442371,0.0151877920000003,20.0,34.0
Biological,Dupont_plant-pollinator_web_Dupont_plant-pollinator_web,49,106,variation_neighborhood,20,0.9701492537313432,0.0127381669999997,12.0,19.0
Biological,Dupont_plant-pollinator_web_Dupont_plant-pollinator_web,49,106,variation_edges,100,0.8645533141210375,0.0,49.0,106.0
Biological,Dupont_plant-pollinator_web_Dupont_plant-pollinator_web,49,106,variation_edges,80,0.9123823316437364,0.0263220420000003,40.0,94.0
Biological,Dupont_plant-pollinator_web_Dupont_plant-pollinator_web,49,106,variation_edges,60,0.8707124010554089,0.0178696249999998,30.0,64.0
Biological,Dupont_plant-pollinator_web_Dupont_plant-pollinator_web,49,106,variation_edges,40,0.7958115183246073,0.0121875830000002,21.0,35.0
Biological,Dupont_plant-pollinator_web_Dupont_plant-pollinator_web,49,106,variation_edges,20,0.6643356643356643,0.0115436250000002,17.0,21.0
Biological,Parsnip_and_McGregor_host-parasite_webs_McGregor_River,65,114,variation_neighborhood,100,0.6408814931414437,0.0,65.0,114.0
Biological,Parsnip_and_McGregor_host-parasite_webs_McGregor_River,65,114,variation_neighborhood,80,0.8487450462351387,0.0430139579999999,53.0,83.0
Biological,Parsnip_and_McGregor_host-parasite_webs_McGregor_River,65,114,variation_neighborhood,60,0.837727006444054,0.0239805829999997,39.0,50.0
Biological,Parsnip_and_McGregor_host-parasite_webs_McGregor_River,65,114,variation_neighborhood,40,0.8220502901353964,0.017889792,26.0,34.0
Biological,Parsnip_and_McGregor_host-parasite_webs_McGregor_River,65,114,variation_neighborhood,20,0.78125,0.0153586670000001,13.0,13.0
Biological,Parsnip_and_McGregor_host-parasite_webs_McGregor_River,65,114,variation_edges,100,0.6457703927492447,0.0,65.0,114.0
Biological,Parsnip_and_McGregor_host-parasite_webs_McGregor_River,65,114,variation_edges,80,0.7733292269787496,0.0567720830000002,52.0,98.0
Biological,Parsnip_and_McGregor_host-parasite_webs_McGregor_River,65,114,variation_edges,60,0.7227272727272728,0.0188339589999997,39.0,64.0
Biological,Parsnip_and_McGregor_host-parasite_webs_McGregor_River,65,114,variation_edges,40,0.8957795004306632,0.0181002499999998,26.0,39.0
Biological,Parsnip_and_McGregor_host-parasite_webs_McGregor_River,65,114,variation_edges,20,0.8620689655172413,0.0147439170000001,15.0,21.0
Biological,Medan_plant-pollinator_web_RB_web,73,72,variation_neighborhood,100,0.0583302952971199,0.0,73.0,72.0
Biological,Medan_plant-pollinator_web_RB_web,73,72,variation_neighborhood,80,0.0576576576576576,0.042117041,73.0,72.0
Biological,Medan_plant-pollinator_web_RB_web,73,72,variation_neighborhood,60,0.057347670250896,0.0378063749999997,73.0,72.0
Biological,Medan_plant-pollinator_web_RB_web,73,72,variation_neighborhood,40,0.0583941605839416,0.0403794999999997,73.0,72.0
Biological,Medan_plant-pollinator_web_RB_web,73,72,variation_neighborhood,20,0.0582347588717015,0.0405142499999997,73.0,72.0
Biological,Medan_plant-pollinator_web_RB_web,73,72,variation_edges,100,0.0580130529369108,0.0,73.0,72.0
Biological,Medan_plant-pollinator_web_RB_web,73,72,variation_edges,80,0.0584741891274554,0.0325502079999999,73.0,72.0
Biological,Medan_plant-pollinator_web_RB_web,73,72,variation_edges,60,0.0584415584415584,0.0343911659999998,73.0,72.0
Biological,Medan_plant-pollinator_web_RB_web,73,72,variation_edges,40,0.0592227020357803,0.0278582499999999,73.0,72.0
Biological,Medan_plant-pollinator_web_RB_web,73,72,variation_edges,20,0.0583143507972665,0.033824917,73.0,72.0
Biological,56e98770a6d70217090cdd7d,74,75,variation_neighborhood,100,0.7302022625985602,0.0,74.0,75.0
Biological,56e98770a6d70217090cdd7d,74,75,variation_neighborhood,80,0.8161978661493695,0.0399546249999995,61.0,62.0
Biological,56e98770a6d70217090cdd7d,74,75,variation_neighborhood,60,0.9,0.0299063749999999,46.0,46.0
Biological,56e98770a6d70217090cdd7d,74,75,variation_neighborhood,40,1.116910229645094,0.0234434999999999,31.0,30.0
Biological,56e98770a6d70217090cdd7d,74,75,variation_neighborhood,20,0.8933002481389579,0.022117417,16.0,15.0
Biological,56e98770a6d70217090cdd7d,74,75,variation_edges,100,0.7419017763845349,0.0,74.0,75.0
Biological,56e98770a6d70217090cdd7d,74,75,variation_edges,80,0.8318345323741007,0.0308849169999998,60.0,61.0
Biological,56e98770a6d70217090cdd7d,74,75,variation_edges,60,0.838131797824696,0.0218979580000002,45.0,45.0
Biological,56e98770a6d70217090cdd7d,74,75,variation_edges,40,0.7012487992315082,0.0139612499999999,32.0,32.0
Biological,56e98770a6d70217090cdd7d,74,75,variation_edges,20,0.4838709677419355,0.0104587500000001,17.0,16.0
Biological,Bluthgen_plant-ant_web_Bluthgen_plant-ant_web,92,285,variation_neighborhood,100,0.8389658668469078,0.0,92.0,285.0
Biological,Bluthgen_plant-ant_web_Bluthgen_plant-ant_web,92,285,variation_neighborhood,80,0.814056377196309,0.0847359169999997,74.0,200.0
Biological,Bluthgen_plant-ant_web_Bluthgen_plant-ant_web,92,285,variation_neighborhood,60,0.8458390177353343,0.0612362499999998,56.0,164.0
Biological,Bluthgen_plant-ant_web_Bluthgen_plant-ant_web,92,285,variation_neighborhood,40,0.8582089552238806,0.0428876249999996,38.0,114.0
Biological,Bluthgen_plant-ant_web_Bluthgen_plant-ant_web,92,285,variation_neighborhood,20,0.679646017699115,0.0275759999999998,19.0,26.0
Biological,Bluthgen_plant-ant_web_Bluthgen_plant-ant_web,92,285,variation_edges,100,0.8409552845528455,0.0,92.0,285.0
Biological,Bluthgen_plant-ant_web_Bluthgen_plant-ant_web,92,285,variation_edges,80,0.835398595621644,0.0801162500000001,74.0,255.0
Biological,Bluthgen_plant-ant_web_Bluthgen_plant-ant_web,92,285,variation_edges,60,0.8820127241179873,0.050700334,56.0,204.0
Biological,Bluthgen_plant-ant_web_Bluthgen_plant-ant_web,92,285,variation_edges,40,0.9170854271356784,0.0319486669999999,37.0,103.0
Biological,Bluthgen_plant-ant_web_Bluthgen_plant-ant_web,92,285,variation_edges,20,0.6542056074766355,0.0212407079999996,20.0,28.0
Biological,Inouye_Pyke_plant-pollinator_web_Inouye_Pyke_plant-pollinator_web,128,278,variation_neighborhood,100,0.8432055749128919,0.0,128.0,278.0
Biological,Inouye_Pyke_plant-pollinator_web_Inouye_Pyke_plant-pollinator_web,128,278,variation_neighborhood,80,0.8634953464322648,0.1124308330000003,103.0,221.0
Biological,Inouye_Pyke_plant-pollinator_web_Inouye_Pyke_plant-pollinator_web,128,278,variation_neighborhood,60,0.8582875098193244,0.0827034169999993,77.0,174.0
Biological,Inouye_Pyke_plant-pollinator_web_Inouye_Pyke_plant-pollinator_web,128,278,variation_neighborhood,40,0.9211794179996146,0.0760050420000002,52.0,149.0
Biological,Inouye_Pyke_plant-pollinator_web_Inouye_Pyke_plant-pollinator_web,128,278,variation_neighborhood,20,0.7761194029850746,0.0485986669999993,26.0,60.0
Biological,Inouye_Pyke_plant-pollinator_web_Inouye_Pyke_plant-pollinator_web,128,278,variation_edges,100,0.8422273781902552,0.0,128.0,278.0
Biological,Inouye_Pyke_plant-pollinator_web_Inouye_Pyke_plant-pollinator_web,128,278,variation_edges,80,0.9229117677129128,0.1179269999999998,103.0,250.0
Biological,Inouye_Pyke_plant-pollinator_web_Inouye_Pyke_plant-pollinator_web,128,278,variation_edges,60,0.897081026673377,0.0716735419999992,77.0,198.0
Biological,Inouye_Pyke_plant-pollinator_web_Inouye_Pyke_plant-pollinator_web,128,278,variation_edges,40,0.8649077563975401,0.0461565410000002,52.0,143.0
Biological,Inouye_Pyke_plant-pollinator_web_Inouye_Pyke_plant-pollinator_web,128,278,variation_edges,20,0.8427339084273392,0.0234902909999998,26.0,52.0
Biological,56e98770a6d70217090cde40,142,159,variation_neighborhood,100,0.7438955139125497,0.0,142.0,159.0
Biological,56e98770a6d70217090cde40,142,159,variation_neighborhood,80,0.8328845808651947,0.1086844999999998,115.0,132.0
Biological,56e98770a6d70217090cde40,142,159,variation_neighborhood,60,0.8708256880733946,0.0849418330000002,86.0,98.0
Biological,56e98770a6d70217090cde40,142,159,variation_neighborhood,40,0.972,0.0513031250000004,57.0,67.0
Biological,56e98770a6d70217090cde40,142,159,variation_neighborhood,20,0.9611829944547134,0.0379418339999997,30.0,34.0
Biological,56e98770a6d70217090cde40,142,159,variation_edges,100,0.7468643101482326,0.0,142.0,159.0
Biological,56e98770a6d70217090cde40,142,159,variation_edges,80,0.8492528844335161,0.084705875,114.0,127.0
Biological,56e98770a6d70217090cde40,142,159,variation_edges,60,0.8592938733125649,0.054901,86.0,95.0
Biological,56e98770a6d70217090cde40,142,159,variation_edges,40,0.8504273504273504,0.0330767500000002,58.0,64.0
Biological,56e98770a6d70217090cde40,142,159,variation_edges,20,0.8796764408493427,0.0182551670000004,29.0,31.0
Biological,56e98770a6d70217090cdd88,158,200,variation_neighborhood,100,0.9404928440761864,0.0,158.0,200.0
Biological,56e98770a6d70217090cdd88,158,200,variation_neighborhood,80,0.9307650862068966,0.1489084170000003,127.0,166.0
Biological,56e98770a6d70217090cdd88,158,200,variation_neighborhood,60,0.9981167608286252,0.0702903749999999,95.0,126.0
Biological,56e98770a6d70217090cdd88,158,200,variation_neighborhood,40,1.0234741784037558,0.0603895840000001,64.0,84.0
Biological,56e98770a6d70217090cdd88,158,200,variation_neighborhood,20,0.9197080291970804,0.0379664579999996,32.0,42.0
Biological,56e98770a6d70217090cdd88,158,200,variation_edges,100,0.939582885400989,0.0,158.0,200.0
Biological,56e98770a6d70217090cdd88,158,200,variation_edges,80,0.9196343293764496,0.1048581249999998,126.0,162.0
Biological,56e98770a6d70217090cdd88,158,200,variation_edges,60,0.9882034422742216,0.0690147090000001,95.0,125.0
Biological,56e98770a6d70217090cdd88,158,200,variation_edges,40,1.0066225165562914,0.04191125,64.0,80.0
Biological,56e98770a6d70217090cdd88,158,200,variation_edges,20,0.980544747081712,0.0189884579999999,33.0,39.0
Biological,573f4b0f3d097b601f7bab27,179,705,variation_neighborhood,100,0.8322633360569627,0.0,179.0,705.0
Biological,573f4b0f3d097b601f7bab27,179,705,variation_neighborhood,80,0.8193496587715777,0.2690129579999993,145.0,539.0
Biological,573f4b0f3d097b601f7bab27,179,705,variation_neighborhood,60,0.8093379483025259,0.1459199169999996,108.0,311.0
Biological,573f4b0f3d097b601f7bab27,179,705,variation_neighborhood,40,0.7708588615350339,0.0888613749999995,72.0,234.0
Biological,573f4b0f3d097b601f7bab27,179,705,variation_neighborhood,20,0.8628133704735376,0.0518998750000001,37.0,60.0
Biological,573f4b0f3d097b601f7bab27,179,705,variation_edges,100,0.8302523943989986,0.0,179.0,705.0
Biological,573f4b0f3d097b601f7bab27,179,705,variation_edges,80,0.8405492871512289,0.2223525840000002,144.0,492.0
Biological,573f4b0f3d097b601f7bab27,179,705,variation_edges,60,0.8449961937108391,0.1399028749999997,108.0,404.0
Biological,573f4b0f3d097b601f7bab27,179,705,variation_edges,40,0.8621291448516579,0.0738404169999995,72.0,225.0
Biological,573f4b0f3d097b601f7bab27,179,705,variation_edges,20,0.86707410236822,0.0356139590000008,36.0,83.0
Biological,56e98770a6d70217090cde4e,199,311,variation_neighborhood,100,0.8363497809106496,0.0,199.0,311.0
Biological,56e98770a6d70217090cde4e,199,311,variation_neighborhood,80,0.8374907990512799,0.2092915000000008,161.0,254.0
Biological,56e98770a6d70217090cde4e,199,311,variation_neighborhood,60,0.8406338572532852,0.132420583,120.0,190.0
Biological,56e98770a6d70217090cde4e,199,311,variation_neighborhood,40,0.8865710560625816,0.0827655830000004,80.0,132.0
Biological,56e98770a6d70217090cde4e,199,311,variation_neighborhood,20,0.9115162294353044,0.050186291000001,40.0,67.0
Biological,56e98770a6d70217090cde4e,199,311,variation_edges,100,0.8435278293729584,0.0,199.0,311.0
Biological,56e98770a6d70217090cde4e,199,311,variation_edges,80,0.8236873007884583,0.1707788749999998,160.0,248.0
Biological,56e98770a6d70217090cde4e,199,311,variation_edges,60,0.8323522486461031,0.1088456660000005,119.0,188.0
Biological,56e98770a6d70217090cde4e,199,311,variation_edges,40,0.8662026295436968,0.0567188339999997,80.0,126.0
Biological,56e98770a6d70217090cde4e,199,311,variation_edges,20,0.8220436280137773,0.032031250000001,40.0,63.0
Biological,Uetz_screen_yeast_interactome_2000_Uetz-screen,263,281,variation_neighborhood,100,0.7677834865040886,0.0,263.0,281.0
Biological,Uetz_screen_yeast_interactome_2000_Uetz-screen,263,281,variation_neighborhood,80,0.7653482609892631,0.244157083000001,211.0,229.0
Biological,Uetz_screen_yeast_interactome_2000_Uetz-screen,263,281,variation_neighborhood,60,0.8434349878780145,0.2251034579999995,159.0,174.0
Biological,Uetz_screen_yeast_interactome_2000_Uetz-screen,263,281,variation_neighborhood,40,0.9619815668202766,0.1288554160000004,107.0,122.0
Biological,Uetz_screen_yeast_interactome_2000_Uetz-screen,263,281,variation_neighborhood,20,0.9984901862103672,0.0775646250000008,54.0,67.0
Biological,Uetz_screen_yeast_interactome_2000_Uetz-screen,263,281,variation_edges,100,0.7670618854829381,0.0,263.0,281.0
Biological,Uetz_screen_yeast_interactome_2000_Uetz-screen,263,281,variation_edges,80,0.762000365030115,0.2138455419999996,211.0,229.0
Biological,Uetz_screen_yeast_interactome_2000_Uetz-screen,263,281,variation_edges,60,0.807231983702572,0.1411824590000012,158.0,174.0
Biological,Uetz_screen_yeast_interactome_2000_Uetz-screen,263,281,variation_edges,40,0.8289947937525031,0.0798712919999999,106.0,119.0
Biological,Uetz_screen_yeast_interactome_2000_Uetz-screen,263,281,variation_edges,20,0.8687782805429864,0.0378352080000006,53.0,61.0
Biological,Malaria_var_DBLa_HVR_networks_HVR_networks_6,291,3251,variation_neighborhood,100,0.7325090831658659,0.0,291.0,3251.0
Biological,Malaria_var_DBLa_HVR_networks_HVR_networks_6,291,3251,variation_neighborhood,80,0.7297880150500138,0.7317209170000005,234.0,1874.0
Biological,Malaria_var_DBLa_HVR_networks_HVR_networks_6,291,3251,variation_neighborhood,60,0.6853986359829298,0.4122281250000004,175.0,1122.0
Biological,Malaria_var_DBLa_HVR_networks_HVR_networks_6,291,3251,variation_neighborhood,40,0.7142251610715498,0.2318920000000002,117.0,565.0
Biological,Malaria_var_DBLa_HVR_networks_HVR_networks_6,291,3251,variation_neighborhood,20,0.7630560928433269,0.1814639170000003,59.0,341.0
Biological,Malaria_var_DBLa_HVR_networks_HVR_networks_6,291,3251,variation_edges,100,0.7329187584057952,0.0,291.0,3251.0
Biological,Malaria_var_DBLa_HVR_networks_HVR_networks_6,291,3251,variation_edges,80,0.7733154556676456,0.6813850000000006,233.0,2066.0
Biological,Malaria_var_DBLa_HVR_networks_HVR_networks_6,291,3251,variation_edges,60,0.7784402191427651,0.4229554589999988,175.0,1478.0
Biological,Malaria_var_DBLa_HVR_networks_HVR_networks_6,291,3251,variation_edges,40,0.8451357536025728,0.2288129999999988,117.0,857.0
Biological,Malaria_var_DBLa_HVR_networks_HVR_networks_6,291,3251,variation_edges,20,0.762988527189628,0.0922948339999969,59.0,361.0
Biological,Malaria_var_DBLa_HVR_networks_HVR_networks_5,298,2684,variation_neighborhood,100,0.8237047226043099,0.0,298.0,2684.0
Biological,Malaria_var_DBLa_HVR_networks_HVR_networks_5,298,2684,variation_neighborhood,80,0.7757125940962531,0.7984799169999981,239.0,2038.0
Biological,Malaria_var_DBLa_HVR_networks_HVR_networks_5,298,2684,variation_neighborhood,60,0.7247353224254091,0.4698552910000018,179.0,1157.0
Biological,Malaria_var_DBLa_HVR_networks_HVR_networks_5,298,2684,variation_neighborhood,40,0.7202385503478859,0.2377433329999974,120.0,638.0
Biological,Malaria_var_DBLa_HVR_networks_HVR_networks_5,298,2684,variation_neighborhood,20,0.8033033033033034,0.1716918750000005,60.0,421.0
Biological,Malaria_var_DBLa_HVR_networks_HVR_networks_5,298,2684,variation_edges,100,0.8212446286532776,0.0,298.0,2684.0
Biological,Malaria_var_DBLa_HVR_networks_HVR_networks_5,298,2684,variation_edges,80,0.9115566847490216,0.7041527919999986,239.0,1846.0
Biological,Malaria_var_DBLa_HVR_networks_HVR_networks_5,298,2684,variation_edges,60,0.8975180275628707,0.4271949999999975,179.0,1423.0
Biological,Malaria_var_DBLa_HVR_networks_HVR_networks_5,298,2684,variation_edges,40,0.879286772245642,0.2280335839999985,120.0,943.0
Biological,Malaria_var_DBLa_HVR_networks_HVR_networks_5,298,2684,variation_edges,20,0.8292523669604962,0.0934007909999969,60.0,439.0
Biological,56e98770a6d70217090cde49,311,474,variation_neighborhood,100,0.8256315465187923,0.0,311.0,474.0
Biological,56e98770a6d70217090cde49,311,474,variation_neighborhood,80,0.8283011272141707,0.3901262910000014,249.0,380.0
Biological,56e98770a6d70217090cde49,311,474,variation_neighborhood,60,0.8271268977370381,0.2384302910000002,187.0,281.0
Biological,56e98770a6d70217090cde49,311,474,variation_neighborhood,40,0.8845008416418491,0.2093710410000007,126.0,190.0
Biological,56e98770a6d70217090cde49,311,474,variation_neighborhood,20,0.9060745278203164,0.0891388749999997,63.0,100.0
Biological,56e98770a6d70217090cde49,311,474,variation_edges,100,0.8209841087497607,0.0,311.0,474.0
Biological,56e98770a6d70217090cde49,311,474,variation_edges,80,0.8295467326509953,0.4085494169999997,249.0,376.0
Biological,56e98770a6d70217090cde49,311,474,variation_edges,60,0.8548649047689355,0.2675069999999984,187.0,277.0
Biological,56e98770a6d70217090cde49,311,474,variation_edges,40,0.8726962040766508,0.1340855419999975,124.0,181.0
Biological,56e98770a6d70217090cde49,311,474,variation_edges,20,0.9073055773762764,0.0458054160000003,64.0,94.0
Biological,56e98770a6d70217090cde06,339,369,variation_neighborhood,100,0.7946331062457745,0.0,339.0,369.0
Biological,56e98770a6d70217090cde06,339,369,variation_neighborhood,80,0.8587294242083691,0.4303073329999982,272.0,300.0
Biological,56e98770a6d70217090cde06,339,369,variation_neighborhood,60,0.9751234333459932,0.2306996669999996,205.0,225.0
Biological,56e98770a6d70217090cde06,339,369,variation_neighborhood,40,0.9761793554413826,0.1782144999999992,136.0,145.0
Biological,56e98770a6d70217090cde06,339,369,variation_neighborhood,20,0.9941089837997054,0.101660749999997,68.0,71.0
Biological,56e98770a6d70217090cde06,339,369,variation_edges,100,0.7983698207847849,0.0,339.0,369.0
Biological,56e98770a6d70217090cde06,339,369,variation_edges,80,0.8602649006622517,0.3301665830000004,272.0,300.0
Biological,56e98770a6d70217090cde06,339,369,variation_edges,60,0.9717179438180776,0.2194290830000014,204.0,224.0
Biological,56e98770a6d70217090cde06,339,369,variation_edges,40,0.9182692307692308,0.1085236250000001,136.0,143.0
Biological,56e98770a6d70217090cde06,339,369,variation_edges,20,0.7861271676300579,0.0448047089999974,68.0,69.0
Biological,56e9e0d7a6d70217090cdfcd,360,887,variation_neighborhood,100,0.7719719564627959,0.0,360.0,887.0
Biological,56e9e0d7a6d70217090cdfcd,360,887,variation_neighborhood,80,0.7484787547987778,0.8154030830000032,289.0,683.0
Biological,56e9e0d7a6d70217090cdfcd,360,887,variation_neighborhood,60,0.7253027845830027,0.4449645000000011,216.0,556.0
Biological,56e9e0d7a6d70217090cdfcd,360,887,variation_neighborhood,40,0.7188041797479031,0.270513790999999,144.0,453.0
Biological,56e9e0d7a6d70217090cdfcd,360,887,variation_neighborhood,20,0.617906683480454,0.1299140829999991,72.0,227.0
Biological,56e9e0d7a6d70217090cdfcd,360,887,variation_edges,100,0.7700183521684536,0.0,360.0,887.0
Biological,56e9e0d7a6d70217090cdfcd,360,887,variation_edges,80,0.738212842388864,0.7015181250000033,288.0,799.0
Biological,56e9e0d7a6d70217090cdfcd,360,887,variation_edges,60,0.7162724014336918,0.4363314579999979,216.0,672.0
Biological,56e9e0d7a6d70217090cdfcd,360,887,variation_edges,40,0.7142528841292458,0.260443041000002,144.0,467.0
Biological,56e9e0d7a6d70217090cdfcd,360,887,variation_edges,20,0.7164282418089525,0.0854354999999955,72.0,227.0
Biological,56e98770a6d70217090cde41,411,488,variation_neighborhood,100,0.7377814285180898,0.0,411.0,488.0
Biological,56e98770a6d70217090cde41,411,488,variation_neighborhood,80,0.7845303867403315,0.6815201249999987,330.0,407.0
Biological,56e98770a6d70217090cde41,411,488,variation_neighborhood,60,0.8179119560411798,0.4411545419999996,248.0,311.0
Biological,56e98770a6d70217090cde41,411,488,variation_neighborhood,40,0.8668185584092792,0.2696014579999968,165.0,207.0
Biological,56e98770a6d70217090cde41,411,488,variation_neighborhood,20,0.8947951273532669,0.1500655409999964,84.0,109.0
Biological,56e98770a6d70217090cde41,411,488,variation_edges,100,0.7353652636671505,0.0,411.0,488.0
Biological,56e98770a6d70217090cde41,411,488,variation_edges,80,0.7871198568872987,0.5440701249999975,329.0,393.0
Biological,56e98770a6d70217090cde41,411,488,variation_edges,60,0.8476062036412677,0.3415150410000009,247.0,297.0
Biological,56e98770a6d70217090cde41,411,488,variation_edges,40,0.8377994093842284,0.2159284580000005,165.0,198.0
Biological,56e98770a6d70217090cde41,411,488,variation_edges,20,0.8956669087388042,0.0848309160000013,83.0,102.0
Biological,56e9e0d7a6d70217090cdff6,601,1536,variation_neighborhood,100,0.7756319832756574,0.0,601.0,1536.0
Biological,56e9e0d7a6d70217090cdff6,601,1536,variation_neighborhood,80,0.7620085399693372,2.018533875000003,481.0,1276.0
Biological,56e9e0d7a6d70217090cdff6,601,1536,variation_neighborhood,60,0.7714262807664556,1.2322488339999964,361.0,1072.0
Biological,56e9e0d7a6d70217090cdff6,601,1536,variation_neighborhood,40,0.7902846921402555,0.7206363330000016,241.0,880.0
Biological,56e9e0d7a6d70217090cdff6,601,1536,variation_neighborhood,20,0.7629252876401166,0.3594700000000017,121.0,465.0
Biological,56e9e0d7a6d70217090cdff6,601,1536,variation_edges,100,0.7734733944582751,0.0,601.0,1536.0
Biological,56e9e0d7a6d70217090cdff6,601,1536,variation_edges,80,0.7589548739283609,2.029771250000003,481.0,1349.0
Biological,56e9e0d7a6d70217090cdff6,601,1536,variation_edges,60,0.7697742236118209,1.293603916000002,361.0,1150.0
Biological,56e9e0d7a6d70217090cdff6,601,1536,variation_edges,40,0.7705948028634603,0.6983605409999996,241.0,866.0
Biological,56e9e0d7a6d70217090cdff6,601,1536,variation_edges,20,0.7145991005813316,0.277477165999997,121.0,412.0
Biological,Kato_plant-pollinator_web_Kato_plant-pollinator_web,765,1201,variation_neighborhood,100,0.5625411072851781,0.0,765.0,1201.0
Biological,Kato_plant-pollinator_web_Kato_plant-pollinator_web,765,1201,variation_neighborhood,80,0.5377761375019771,2.274486125000003,613.0,920.0
Biological,Kato_plant-pollinator_web_Kato_plant-pollinator_web,765,1201,variation_neighborhood,60,0.574515042397491,1.4073036670000008,459.0,728.0
Biological,Kato_plant-pollinator_web_Kato_plant-pollinator_web,765,1201,variation_neighborhood,40,0.6418153384610474,0.8501875830000003,306.0,563.0
Biological,Kato_plant-pollinator_web_Kato_plant-pollinator_web,765,1201,variation_neighborhood,20,0.8052866144152452,0.3640589169999941,153.0,406.0
Biological,Kato_plant-pollinator_web_Kato_plant-pollinator_web,765,1201,variation_edges,100,0.5629258723931447,0.0,765.0,1201.0
Biological,Kato_plant-pollinator_web_Kato_plant-pollinator_web,765,1201,variation_edges,80,0.5856903609973948,2.5648922920000032,612.0,1032.0
Biological,Kato_plant-pollinator_web_Kato_plant-pollinator_web,765,1201,variation_edges,60,0.5791319320496399,1.453649041999995,459.0,801.0
Biological,Kato_plant-pollinator_web_Kato_plant-pollinator_web,765,1201,variation_edges,40,0.5240381765368427,1.0014644159999904,342.0,597.0
Biological,Kato_plant-pollinator_web_Kato_plant-pollinator_web,765,1201,variation_edges,20,0.5248901462709926,0.9391156249999996,337.0,585.0
Biological,Yu_yeast_interactomes_2008_Y2H-union,1647,2518,variation_neighborhood,100,0.8181356681605048,0.0,1647.0,2518.0
Biological,Yu_yeast_interactomes_2008_Y2H-union,1647,2518,variation_neighborhood,80,0.806390011984565,9.824217333999997,1318.0,2150.0
Biological,Yu_yeast_interactomes_2008_Y2H-union,1647,2518,variation_neighborhood,60,0.8186137166524546,6.08794125,989.0,1694.0
Biological,Yu_yeast_interactomes_2008_Y2H-union,1647,2518,variation_neighborhood,40,0.9192533725891594,3.4322536669999977,659.0,1342.0
Biological,Yu_yeast_interactomes_2008_Y2H-union,1647,2518,variation_neighborhood,20,0.9024232263964032,1.3000136670000018,330.0,914.0
Biological,Yu_yeast_interactomes_2008_Y2H-union,1647,2518,variation_edges,100,0.8217420624695027,0.0,1647.0,2518.0
Biological,Yu_yeast_interactomes_2008_Y2H-union,1647,2518,variation_edges,80,0.8022955027563322,9.272750584,1318.0,2135.0
Biological,Yu_yeast_interactomes_2008_Y2H-union,1647,2518,variation_edges,60,0.778947907858662,5.874319917000001,989.0,1720.0
Biological,Yu_yeast_interactomes_2008_Y2H-union,1647,2518,variation_edges,40,0.7712798013644143,3.027162665999999,659.0,1295.0
Biological,Yu_yeast_interactomes_2008_Y2H-union,1647,2518,variation_edges,20,0.55953302373581,0.8231121660000014,330.0,558.0
Social,Zachary_Karate_Club_Zachary_karate_club_78,34,78,variation_neighborhood,100,0.7580778790389395,0.0,34.0,78.0
Social,Zachary_Karate_Club_Zachary_karate_club_78,34,78,variation_neighborhood,80,0.7291666666666666,0.0196802920000038,28.0,48.0
Social,Zachary_Karate_Club_Zachary_karate_club_78,34,78,variation_neighborhood,60,0.7004608294930875,0.0129813750000025,21.0,41.0
Social,Zachary_Karate_Club_Zachary_karate_club_78,34,78,variation_neighborhood,40,0.7253886010362695,0.0097818339999946,14.0,28.0
Social,Zachary_Karate_Club_Zachary_karate_club_78,34,78,variation_neighborhood,20,0.8695652173913043,0.0073059589999999,7.0,7.0
Social,Zachary_Karate_Club_Zachary_karate_club_78,34,78,variation_edges,100,0.7475490196078431,0.0,34.0,78.0
Social,Zachary_Karate_Club_Zachary_karate_club_78,34,78,variation_edges,80,0.7183257918552036,0.0157971659999986,28.0,61.0
Social,Zachary_Karate_Club_Zachary_karate_club_78,34,78,variation_edges,60,0.8040201005025126,0.0140919170000017,22.0,37.0
Social,Zachary_Karate_Club_Zachary_karate_club_78,34,78,variation_edges,40,0.8990536277602524,0.0101366250000012,16.0,25.0
Social,Zachary_Karate_Club_Zachary_karate_club_78,34,78,variation_edges,20,1.095890410958904,0.0067120000000002,7.0,8.0
Social,Kapferer_tailor_shop_Kapferer_tailor_shop_1,39,169,variation_neighborhood,100,0.9216490394992444,0.0,39.0,169.0
Social,Kapferer_tailor_shop_Kapferer_tailor_shop_1,39,169,variation_neighborhood,80,0.881498224087827,0.0254066669999986,32.0,118.0
Social,Kapferer_tailor_shop_Kapferer_tailor_shop_1,39,169,variation_neighborhood,60,0.8037694013303769,0.0209860000000006,25.0,70.0
Social,Kapferer_tailor_shop_Kapferer_tailor_shop_1,39,169,variation_neighborhood,40,0.8097686375321337,0.0137953749999937,16.0,35.0
Social,Kapferer_tailor_shop_Kapferer_tailor_shop_1,39,169,variation_neighborhood,20,1.1160714285714286,0.0131318330000027,8.0,18.0
Social,Kapferer_tailor_shop_Kapferer_tailor_shop_1,39,169,variation_edges,100,0.9210526315789472,0.0,39.0,169.0
Social,Kapferer_tailor_shop_Kapferer_tailor_shop_1,39,169,variation_edges,80,0.9369024856596558,0.0202616249999962,32.0,119.0
Social,Kapferer_tailor_shop_Kapferer_tailor_shop_1,39,169,variation_edges,60,0.92445853143159,0.0131565419999972,24.0,84.0
Social,Kapferer_tailor_shop_Kapferer_tailor_shop_1,39,169,variation_edges,40,0.9360189573459716,0.0100627080000066,16.0,43.0
Social,Kapferer_tailor_shop_Kapferer_tailor_shop_1,39,169,variation_edges,20,0.9634551495016612,0.0081092080000004,10.0,17.0
Social,"High_school_dynamic_contact_networks_contact_list,_2011",126,1709,variation_neighborhood,100,0.9099363862951528,0.0,126.0,1709.0
Social,"High_school_dynamic_contact_networks_contact_list,_2011",126,1709,variation_neighborhood,80,0.8777864515569435,0.2251317919999991,102.0,1116.0
Social,"High_school_dynamic_contact_networks_contact_list,_2011",126,1709,variation_neighborhood,60,0.8432161329084166,0.1214761670000044,76.0,646.0
Social,"High_school_dynamic_contact_networks_contact_list,_2011",126,1709,variation_neighborhood,40,0.8217934165720772,0.0700539579999954,51.0,326.0
Social,"High_school_dynamic_contact_networks_contact_list,_2011",126,1709,variation_neighborhood,20,0.7677356656948493,0.0418124999999989,26.0,83.0
Social,"High_school_dynamic_contact_networks_contact_list,_2011",126,1709,variation_edges,100,0.9080446968853252,0.0,126.0,1709.0
Social,"High_school_dynamic_contact_networks_contact_list,_2011",126,1709,variation_edges,80,0.897704131447541,0.1703024579999947,101.0,1210.0
Social,"High_school_dynamic_contact_networks_contact_list,_2011",126,1709,variation_edges,60,0.8893807308369844,0.1105886659999981,76.0,850.0
Social,"High_school_dynamic_contact_networks_contact_list,_2011",126,1709,variation_edges,40,0.8688476846908068,0.0604906670000033,51.0,454.0
Social,"High_school_dynamic_contact_networks_contact_list,_2011",126,1709,variation_edges,20,0.9066461774875144,0.031447,26.0,142.0
Social,Norwegian_Board_of_Directors_net1mode_2002-07-01,137,790,variation_neighborhood,100,0.3504278654935518,0.0,137.0,790.0
Social,Norwegian_Board_of_Directors_net1mode_2002-07-01,137,790,variation_neighborhood,80,0.4395717521103562,0.1717168749999942,112.0,462.0
Social,Norwegian_Board_of_Directors_net1mode_2002-07-01,137,790,variation_neighborhood,60,0.5346227533984126,0.1031292910000019,84.0,274.0
Social,Norwegian_Board_of_Directors_net1mode_2002-07-01,137,790,variation_neighborhood,40,0.5564089435057177,0.0622927499999974,56.0,165.0
Social,Norwegian_Board_of_Directors_net1mode_2002-07-01,137,790,variation_neighborhood,20,0.7248084855627579,0.0305336250000038,28.0,59.0
Social,Norwegian_Board_of_Directors_net1mode_2002-07-01,137,790,variation_edges,100,0.349291206150889,0.0,137.0,790.0
Social,Norwegian_Board_of_Directors_net1mode_2002-07-01,137,790,variation_edges,80,0.4104811725340496,0.1486374159999997,110.0,521.0
Social,Norwegian_Board_of_Directors_net1mode_2002-07-01,137,790,variation_edges,60,0.5121804252388741,0.1102121249999967,83.0,296.0
Social,Norwegian_Board_of_Directors_net1mode_2002-07-01,137,790,variation_edges,40,0.6605386917486105,0.0416230830000046,55.0,128.0
Social,Norwegian_Board_of_Directors_net1mode_2002-07-01,137,790,variation_edges,20,0.8670520231213873,0.0199575420000002,28.0,40.0
Social,"High_school_dynamic_contact_networks_contact_list,_2012",180,2220,variation_neighborhood,100,0.915185697563052,0.0,180.0,2220.0
Social,"High_school_dynamic_contact_networks_contact_list,_2012",180,2220,variation_neighborhood,80,0.934557198708142,0.3616405,145.0,1637.0
Social,"High_school_dynamic_contact_networks_contact_list,_2012",180,2220,variation_neighborhood,60,0.9364820846905538,0.2246735000000015,108.0,1075.0
Social,"High_school_dynamic_contact_networks_contact_list,_2012",180,2220,variation_neighborhood,40,0.9173923560716014,0.1165485000000003,72.0,549.0
Social,"High_school_dynamic_contact_networks_contact_list,_2012",180,2220,variation_neighborhood,20,0.9239815203695926,0.0638894579999984,36.0,208.0
Social,"High_school_dynamic_contact_networks_contact_list,_2012",180,2220,variation_edges,100,0.91562958406284,0.0,180.0,2220.0
Social,"High_school_dynamic_contact_networks_contact_list,_2012",180,2220,variation_edges,80,0.9213782600418808,0.3052644170000036,144.0,1611.0
Social,"High_school_dynamic_contact_networks_contact_list,_2012",180,2220,variation_edges,60,0.9119176399885032,0.192611332999995,108.0,1212.0
Social,"High_school_dynamic_contact_networks_contact_list,_2012",180,2220,variation_edges,40,0.9134915677701436,0.1082306250000044,72.0,721.0
Social,"High_school_dynamic_contact_networks_contact_list,_2012",180,2220,variation_edges,20,0.9307275541795668,0.0485255000000037,36.0,259.0
Social,Norwegian_Board_of_Directors_net1mode_2002-09-01,311,1343,variation_neighborhood,100,0.3131461934559608,0.0,311.0,1343.0
Social,Norwegian_Board_of_Directors_net1mode_2002-09-01,311,1343,variation_neighborhood,80,0.3134773569556178,0.6288027500000055,249.0,1054.0
Social,Norwegian_Board_of_Directors_net1mode_2002-09-01,311,1343,variation_neighborhood,60,0.4064078008009751,0.3616364589999961,187.0,572.0
Social,Norwegian_Board_of_Directors_net1mode_2002-09-01,311,1343,variation_neighborhood,40,0.4444724250818433,0.1947059999999965,125.0,347.0
Social,Norwegian_Board_of_Directors_net1mode_2002-09-01,311,1343,variation_neighborhood,20,0.6218959188080327,0.0771547080000019,63.0,120.0
Social,Norwegian_Board_of_Directors_net1mode_2002-09-01,311,1343,variation_edges,100,0.3125716675435401,0.0,311.0,1343.0
Social,Norwegian_Board_of_Directors_net1mode_2002-09-01,311,1343,variation_edges,80,0.3258843684696048,0.6106032499999969,249.0,1014.0
Social,Norwegian_Board_of_Directors_net1mode_2002-09-01,311,1343,variation_edges,60,0.4594800304450586,0.3362317079999997,187.0,492.0
Social,Norwegian_Board_of_Directors_net1mode_2002-09-01,311,1343,variation_edges,40,0.5792087990065637,0.1756331250000045,125.0,244.0
Social,Norwegian_Board_of_Directors_net1mode_2002-09-01,311,1343,variation_edges,20,0.75625,0.0500163749999984,63.0,83.0
Social,Norwegian_Board_of_Directors_net1mode_2003-03-01,338,1371,variation_neighborhood,100,0.3531275354479775,0.0,338.0,1371.0
Social,Norwegian_Board_of_Directors_net1mode_2003-03-01,338,1371,variation_neighborhood,80,0.3641881638846737,0.753604082999999,272.0,1065.0
Social,Norwegian_Board_of_Directors_net1mode_2003-03-01,338,1371,variation_neighborhood,60,0.3976236529428019,0.4393024999999966,203.0,717.0
Social,Norwegian_Board_of_Directors_net1mode_2003-03-01,338,1371,variation_neighborhood,40,0.4696547287154192,0.2355035000000001,137.0,401.0
Social,Norwegian_Board_of_Directors_net1mode_2003-03-01,338,1371,variation_neighborhood,20,0.6682721252257676,0.0848394590000012,68.0,126.0
Social,Norwegian_Board_of_Directors_net1mode_2003-03-01,338,1371,variation_edges,100,0.3545521548547267,0.0,338.0,1371.0
Social,Norwegian_Board_of_Directors_net1mode_2003-03-01,338,1371,variation_edges,80,0.3919314981897592,0.6627542909999988,271.0,958.0
Social,Norwegian_Board_of_Directors_net1mode_2003-03-01,338,1371,variation_edges,60,0.5120650430761198,0.3831666250000012,203.0,519.0
Social,Norwegian_Board_of_Directors_net1mode_2003-03-01,338,1371,variation_edges,40,0.621626327703291,0.1647912079999969,136.0,245.0
Social,Norwegian_Board_of_Directors_net1mode_2003-03-01,338,1371,variation_edges,20,0.8210645526613817,0.058288791999999,68.0,90.0
Social,Norwegian_Board_of_Directors_net1mode_2003-08-01,377,1665,variation_neighborhood,100,0.3626183873162053,0.0,377.0,1665.0
Social,Norwegian_Board_of_Directors_net1mode_2003-08-01,377,1665,variation_neighborhood,80,0.3702043617721625,0.9183345420000038,302.0,1307.0
Social,Norwegian_Board_of_Directors_net1mode_2003-08-01,377,1665,variation_neighborhood,60,0.4413406435287405,0.522401667000004,227.0,772.0
Social,Norwegian_Board_of_Directors_net1mode_2003-08-01,377,1665,variation_neighborhood,40,0.4951541040834137,0.2562924579999972,151.0,454.0
Social,Norwegian_Board_of_Directors_net1mode_2003-08-01,377,1665,variation_neighborhood,20,0.7360619841670877,0.0981235839999996,76.0,145.0
Social,Norwegian_Board_of_Directors_net1mode_2003-08-01,377,1665,variation_edges,100,0.3627360663288807,0.0,377.0,1665.0
Social,Norwegian_Board_of_Directors_net1mode_2003-08-01,377,1665,variation_edges,80,0.3823143148985846,0.8408676250000013,302.0,1241.0
Social,Norwegian_Board_of_Directors_net1mode_2003-08-01,377,1665,variation_edges,60,0.5307083244168629,0.4462180419999981,227.0,617.0
Social,Norwegian_Board_of_Directors_net1mode_2003-08-01,377,1665,variation_edges,40,0.6901927437641723,0.2212437499999993,151.0,294.0
Social,Norwegian_Board_of_Directors_net1mode_2003-08-01,377,1665,variation_edges,20,0.8243243243243243,0.0711956670000049,76.0,111.0
Social,Norwegian_Board_of_Directors_net1mode_2005-11-01,401,1520,variation_neighborhood,100,0.4667740996888919,0.0,401.0,1520.0
Social,Norwegian_Board_of_Directors_net1mode_2005-11-01,401,1520,variation_neighborhood,80,0.4856078982741838,1.036940708000003,321.0,1140.0
Social,Norwegian_Board_of_Directors_net1mode_2005-11-01,401,1520,variation_neighborhood,60,0.5286089112485858,0.5945533750000038,241.0,782.0
Social,Norwegian_Board_of_Directors_net1mode_2005-11-01,401,1520,variation_neighborhood,40,0.5877250054218174,0.3457326249999966,161.0,476.0
Social,Norwegian_Board_of_Directors_net1mode_2005-11-01,401,1520,variation_neighborhood,20,0.84618840796765,0.1782068339999938,81.0,161.0
Social,Norwegian_Board_of_Directors_net1mode_2005-11-01,401,1520,variation_edges,100,0.4661897842852353,0.0,401.0,1520.0
Social,Norwegian_Board_of_Directors_net1mode_2005-11-01,401,1520,variation_edges,80,0.5585536476787499,1.0096034580000008,321.0,972.0
Social,Norwegian_Board_of_Directors_net1mode_2005-11-01,401,1520,variation_edges,60,0.6567922929676469,0.5241396249999966,241.0,595.0
Social,Norwegian_Board_of_Directors_net1mode_2005-11-01,401,1520,variation_edges,40,0.7896138482023968,0.2903067499999991,161.0,308.0
Social,Norwegian_Board_of_Directors_net1mode_2005-11-01,401,1520,variation_edges,20,0.906958561376075,0.0955541249999996,81.0,125.0
Social,Norwegian_Board_of_Directors_net1mode_2003-11-01,402,1684,variation_neighborhood,100,0.3709341858222966,0.0,402.0,1684.0
Social,Norwegian_Board_of_Directors_net1mode_2003-11-01,402,1684,variation_neighborhood,80,0.3958016298550765,1.0801008750000065,322.0,1254.0
Social,Norwegian_Board_of_Directors_net1mode_2003-11-01,402,1684,variation_neighborhood,60,0.4275766946230339,0.6229547919999874,242.0,847.0
Social,Norwegian_Board_of_Directors_net1mode_2003-11-01,402,1684,variation_neighborhood,40,0.4866271990594953,0.3656907079999882,161.0,491.0
Social,Norwegian_Board_of_Directors_net1mode_2003-11-01,402,1684,variation_neighborhood,20,0.7386452931007387,0.1588514170000081,82.0,152.0
Social,Norwegian_Board_of_Directors_net1mode_2003-11-01,402,1684,variation_edges,100,0.3705205534999239,0.0,402.0,1684.0
Social,Norwegian_Board_of_Directors_net1mode_2003-11-01,402,1684,variation_edges,80,0.4533950514502647,0.9641113750000015,322.0,1059.0
Social,Norwegian_Board_of_Directors_net1mode_2003-11-01,402,1684,variation_edges,60,0.5316537090080085,0.5661221250000068,242.0,639.0
Social,Norwegian_Board_of_Directors_net1mode_2003-11-01,402,1684,variation_edges,40,0.6951360938672487,0.2796938749999924,161.0,300.0
Social,Norwegian_Board_of_Directors_net1mode_2003-11-01,402,1684,variation_edges,20,0.8467285487887707,0.087114917000008,81.0,108.0
Social,Norwegian_Board_of_Directors_net1mode_2004-04-01,441,1797,variation_neighborhood,100,0.3788055061753674,0.0,441.0,1797.0
Social,Norwegian_Board_of_Directors_net1mode_2004-04-01,441,1797,variation_neighborhood,80,0.4211758620220253,1.2051510840000077,353.0,1280.0
Social,Norwegian_Board_of_Directors_net1mode_2004-04-01,441,1797,variation_neighborhood,60,0.4279234472605737,0.7835824579999979,266.0,927.0
Social,Norwegian_Board_of_Directors_net1mode_2004-04-01,441,1797,variation_neighborhood,40,0.4758302443452605,0.3792945000000003,177.0,534.0
Social,Norwegian_Board_of_Directors_net1mode_2004-04-01,441,1797,variation_neighborhood,20,0.7021177203363438,0.1598748330000035,89.0,167.0
Social,Norwegian_Board_of_Directors_net1mode_2004-04-01,441,1797,variation_edges,100,0.3785835209197626,0.0,441.0,1797.0
Social,Norwegian_Board_of_Directors_net1mode_2004-04-01,441,1797,variation_edges,80,0.415834047007327,1.1877565829999952,353.0,1278.0
Social,Norwegian_Board_of_Directors_net1mode_2004-04-01,441,1797,variation_edges,60,0.5351756087050205,0.6066780000000023,265.0,678.0
Social,Norwegian_Board_of_Directors_net1mode_2004-04-01,441,1797,variation_edges,40,0.6710022488300006,0.3111305829999935,177.0,330.0
Social,Norwegian_Board_of_Directors_net1mode_2004-04-01,441,1797,variation_edges,20,0.8152243248990007,0.1169344590000065,89.0,126.0
Social,Norwegian_Board_of_Directors_net1mode_2006-04-01,484,1769,variation_neighborhood,100,0.4441645367118401,0.0,484.0,1769.0
Social,Norwegian_Board_of_Directors_net1mode_2006-04-01,484,1769,variation_neighborhood,80,0.4636580736023513,1.4856849159999967,389.0,1391.0
Social,Norwegian_Board_of_Directors_net1mode_2006-04-01,484,1769,variation_neighborhood,60,0.5010917852571343,0.8605390409999956,292.0,956.0
Social,Norwegian_Board_of_Directors_net1mode_2006-04-01,484,1769,variation_neighborhood,40,0.5598303751581684,0.448564625000003,194.0,576.0
Social,Norwegian_Board_of_Directors_net1mode_2006-04-01,484,1769,variation_neighborhood,20,0.8251614446304711,0.1716251669999877,97.0,192.0
Social,Norwegian_Board_of_Directors_net1mode_2006-04-01,484,1769,variation_edges,100,0.4468844816103012,0.0,484.0,1769.0
Social,Norwegian_Board_of_Directors_net1mode_2006-04-01,484,1769,variation_edges,80,0.5000766561206428,1.3213011249999909,388.0,1215.0
Social,Norwegian_Board_of_Directors_net1mode_2006-04-01,484,1769,variation_edges,60,0.6116024584020386,0.7628284999999977,291.0,714.0
Social,Norwegian_Board_of_Directors_net1mode_2006-04-01,484,1769,variation_edges,40,0.7476534100157344,0.3928412089999966,194.0,361.0
Social,Norwegian_Board_of_Directors_net1mode_2006-04-01,484,1769,variation_edges,20,0.9423076923076924,0.1272342500000007,97.0,147.0
Social,Norwegian_Board_of_Directors_net1mode_2006-07-01,542,1841,variation_neighborhood,100,0.427665357897916,0.0,542.0,1841.0
Social,Norwegian_Board_of_Directors_net1mode_2006-07-01,542,1841,variation_neighborhood,80,0.4316351559617096,1.7662246250000069,435.0,1533.0
Social,Norwegian_Board_of_Directors_net1mode_2006-07-01,542,1841,variation_neighborhood,60,0.4748450289393472,1.0676610830000044,326.0,1025.0
Social,Norwegian_Board_of_Directors_net1mode_2006-07-01,542,1841,variation_neighborhood,40,0.5157057275983391,0.5787124999999946,217.0,604.0
Social,Norwegian_Board_of_Directors_net1mode_2006-07-01,542,1841,variation_neighborhood,20,0.8264600409836066,0.2229354579999949,111.0,194.0
Social,Norwegian_Board_of_Directors_net1mode_2006-07-01,542,1841,variation_edges,100,0.4276247670325119,0.0,542.0,1841.0
Social,Norwegian_Board_of_Directors_net1mode_2006-07-01,542,1841,variation_edges,80,0.4918512605601011,1.5830207500000029,434.0,1243.0
Social,Norwegian_Board_of_Directors_net1mode_2006-07-01,542,1841,variation_edges,60,0.5872581362158115,0.9040862079999954,326.0,748.0
Social,Norwegian_Board_of_Directors_net1mode_2006-07-01,542,1841,variation_edges,40,0.7074395253308992,0.4084662500000036,217.0,378.0
Social,Norwegian_Board_of_Directors_net1mode_2006-07-01,542,1841,variation_edges,20,0.9314775160599572,0.1448991670000055,109.0,151.0
Social,Norwegian_Board_of_Directors_net1mode_2006-08-01,560,1919,variation_neighborhood,100,0.438491050698984,0.0,560.0,1919.0
Social,Norwegian_Board_of_Directors_net1mode_2006-08-01,560,1919,variation_neighborhood,80,0.4375527910153602,1.9582532499999985,449.0,1587.0
Social,Norwegian_Board_of_Directors_net1mode_2006-08-01,560,1919,variation_neighborhood,60,0.4925591770150148,1.082442333000003,336.0,1046.0
Social,Norwegian_Board_of_Directors_net1mode_2006-08-01,560,1919,variation_neighborhood,40,0.5372150674164097,0.5643759999999958,224.0,628.0
Social,Norwegian_Board_of_Directors_net1mode_2006-08-01,560,1919,variation_neighborhood,20,0.7732261858094865,0.256506041999998,113.0,226.0
Social,Norwegian_Board_of_Directors_net1mode_2006-08-01,560,1919,variation_edges,100,0.4369334263095287,0.0,560.0,1919.0
Social,Norwegian_Board_of_Directors_net1mode_2006-08-01,560,1919,variation_edges,80,0.4907117895898473,1.7686407079999924,448.0,1341.0
Social,Norwegian_Board_of_Directors_net1mode_2006-08-01,560,1919,variation_edges,60,0.6012672249545837,0.916235874999998,336.0,787.0
Social,Norwegian_Board_of_Directors_net1mode_2006-08-01,560,1919,variation_edges,40,0.7389440964536335,0.4702470419999969,224.0,408.0
Social,Norwegian_Board_of_Directors_net1mode_2006-08-01,560,1919,variation_edges,20,0.9189792218658486,0.1733056250000118,112.0,162.0
Social,Norwegian_Board_of_Directors_net1mode_2006-12-01,631,2226,variation_neighborhood,100,0.4316287076822691,0.0,631.0,2226.0
Social,Norwegian_Board_of_Directors_net1mode_2006-12-01,631,2226,variation_neighborhood,80,0.4275939234840986,2.364763792000005,506.0,1873.0
Social,Norwegian_Board_of_Directors_net1mode_2006-12-01,631,2226,variation_neighborhood,60,0.4538276335205944,1.543565583000003,380.0,1316.0
Social,Norwegian_Board_of_Directors_net1mode_2006-12-01,631,2226,variation_neighborhood,40,0.5410200664717495,0.6782125419999971,253.0,742.0
Social,Norwegian_Board_of_Directors_net1mode_2006-12-01,631,2226,variation_neighborhood,20,0.7952372675126022,0.2757764589999993,129.0,247.0
Social,Norwegian_Board_of_Directors_net1mode_2006-12-01,631,2226,variation_edges,100,0.4313322881837984,0.0,631.0,2226.0
Social,Norwegian_Board_of_Directors_net1mode_2006-12-01,631,2226,variation_edges,80,0.4902463260289734,2.164210791000002,505.0,1536.0
Social,Norwegian_Board_of_Directors_net1mode_2006-12-01,631,2226,variation_edges,60,0.5955588590541671,1.2069800000000015,379.0,914.0
Social,Norwegian_Board_of_Directors_net1mode_2006-12-01,631,2226,variation_edges,40,0.7199053793586824,0.569203666000007,253.0,468.0
Social,Norwegian_Board_of_Directors_net1mode_2006-12-01,631,2226,variation_edges,20,0.8566255516578024,0.1962155409999866,127.0,194.0
Social,Norwegian_Board_of_Directors_net1mode_2010-05-01,777,2519,variation_neighborhood,100,0.4555036094068325,0.0,777.0,2519.0
Social,Norwegian_Board_of_Directors_net1mode_2010-05-01,777,2519,variation_neighborhood,80,0.4488438294439116,3.891753957999981,622.0,2033.0
Social,Norwegian_Board_of_Directors_net1mode_2010-05-01,777,2519,variation_neighborhood,60,0.4494610100319441,2.311239458000017,467.0,1525.0
Social,Norwegian_Board_of_Directors_net1mode_2010-05-01,777,2519,variation_neighborhood,40,0.5198634388578522,1.077036542000002,311.0,910.0
Social,Norwegian_Board_of_Directors_net1mode_2010-05-01,777,2519,variation_neighborhood,20,0.701533819461906,0.4103631659999962,156.0,326.0
Social,Norwegian_Board_of_Directors_net1mode_2010-05-01,777,2519,variation_edges,100,0.4576458687048551,0.0,777.0,2519.0
Social,Norwegian_Board_of_Directors_net1mode_2010-05-01,777,2519,variation_edges,80,0.4899529280761249,3.0892241250000154,622.0,1826.0
Social,Norwegian_Board_of_Directors_net1mode_2010-05-01,777,2519,variation_edges,60,0.6022417733805066,1.901182375000019,467.0,1049.0
Social,Norwegian_Board_of_Directors_net1mode_2010-05-01,777,2519,variation_edges,40,0.7121843985387774,0.7712839579999979,311.0,556.0
Social,Norwegian_Board_of_Directors_net1mode_2010-05-01,777,2519,variation_edges,20,0.864020118555775,0.2963555839999969,156.0,234.0
Social,Norwegian_Board_of_Directors_net1mode_2007-08-01,789,2716,variation_neighborhood,100,0.4450424005218525,0.0,789.0,2716.0
Social,Norwegian_Board_of_Directors_net1mode_2007-08-01,789,2716,variation_neighborhood,80,0.4379107381563937,3.8791245000000174,633.0,2207.0
Social,Norwegian_Board_of_Directors_net1mode_2007-08-01,789,2716,variation_neighborhood,60,0.4613408318498139,1.9985082499999864,474.0,1614.0
Social,Norwegian_Board_of_Directors_net1mode_2007-08-01,789,2716,variation_neighborhood,40,0.5557721548598386,0.9831558749999942,316.0,908.0
Social,Norwegian_Board_of_Directors_net1mode_2007-08-01,789,2716,variation_neighborhood,20,0.7606805762543467,0.3944299579999892,159.0,329.0
Social,Norwegian_Board_of_Directors_net1mode_2007-08-01,789,2716,variation_edges,100,0.4460267823092931,0.0,789.0,2716.0
Social,Norwegian_Board_of_Directors_net1mode_2007-08-01,789,2716,variation_edges,80,0.4968844221105528,3.364835999999997,632.0,1906.0
Social,Norwegian_Board_of_Directors_net1mode_2007-08-01,789,2716,variation_edges,60,0.6040393608170526,1.7177038750000122,474.0,1130.0
Social,Norwegian_Board_of_Directors_net1mode_2007-08-01,789,2716,variation_edges,40,0.7318674105677716,0.8000057499999969,316.0,597.0
Social,Norwegian_Board_of_Directors_net1mode_2007-08-01,789,2716,variation_edges,20,0.8607678912015921,0.2915285830000016,158.0,251.0
Social,Norwegian_Board_of_Directors_net1mode_2011-02-01,791,2555,variation_neighborhood,100,0.4832255900822241,0.0,791.0,2555.0
Social,Norwegian_Board_of_Directors_net1mode_2011-02-01,791,2555,variation_neighborhood,80,0.4911689207310065,3.450590333999997,634.0,2020.0
Social,Norwegian_Board_of_Directors_net1mode_2011-02-01,791,2555,variation_neighborhood,60,0.4903861777609272,1.987691249999984,475.0,1502.0
Social,Norwegian_Board_of_Directors_net1mode_2011-02-01,791,2555,variation_neighborhood,40,0.560252464253711,1.0695861250000007,318.0,909.0
Social,Norwegian_Board_of_Directors_net1mode_2011-02-01,791,2555,variation_neighborhood,20,0.7765163394593239,0.4212157919999981,159.0,325.0
Biological,Mosquin_Martin_plant-pollinator_web_Mosquin_Martin_plant-pollinator_web,22,33,variation_neighborhood,100,0.956043956043956,0.0,22.0,33.0
Biological,Mosquin_Martin_plant-pollinator_web_Mosquin_Martin_plant-pollinator_web,22,33,variation_neighborhood,80,0.9104704097116842,0.0373870129697024,19.0,24.0
Biological,Mosquin_Martin_plant-pollinator_web_Mosquin_Martin_plant-pollinator_web,22,33,variation_neighborhood,60,0.8413461538461539,0.0185261857695877,14.0,17.0
Biological,Mosquin_Martin_plant-pollinator_web_Mosquin_Martin_plant-pollinator_web,22,33,variation_neighborhood,40,0.8450704225352114,0.0206934190355241,10.0,14.0
Biological,Mosquin_Martin_plant-pollinator_web_Mosquin_Martin_plant-pollinator_web,22,33,variation_neighborhood,20,1.0457516339869282,0.0191729576326906,7.0,10.0
Biological,Poulin_seed-disperser_web_Poulin_seed-disperser_web,24,53,variation_neighborhood,100,0.8479327259985985,0.0,24.0,53.0
Biological,Poulin_seed-disperser_web_Poulin_seed-disperser_web,24,53,variation_neighborhood,80,0.8842105263157894,0.0310153369791805,21.0,35.0
Biological,Poulin_seed-disperser_web_Poulin_seed-disperser_web,24,53,variation_neighborhood,60,0.7462686567164178,0.0236638551577925,15.0,22.0
Biological,Poulin_seed-disperser_web_Poulin_seed-disperser_web,24,53,variation_neighborhood,40,0.7894736842105262,0.0246775429695844,11.0,16.0
Biological,Poulin_seed-disperser_web_Poulin_seed-disperser_web,24,53,variation_neighborhood,20,0.9859154929577464,0.0237598801031708,5.0,4.0
Biological,Olesen_plant-pollinator_web_Ile_aux_Aigrettes,27,52,variation_neighborhood,100,0.8884565499351492,0.0,27.0,52.0
Biological,Olesen_plant-pollinator_web_Ile_aux_Aigrettes,27,52,variation_neighborhood,80,0.8648111332007953,0.0292888339608907,22.0,35.0
Biological,Olesen_plant-pollinator_web_Ile_aux_Aigrettes,27,52,variation_neighborhood,60,0.8513931888544892,0.0225790673866868,17.0,25.0
Biological,Olesen_plant-pollinator_web_Ile_aux_Aigrettes,27,52,variation_neighborhood,40,0.9315068493150684,0.0209487443789839,11.0,18.0
Biological,Olesen_plant-pollinator_web_Ile_aux_Aigrettes,27,52,variation_neighborhood,20,0.5833333333333334,0.0233891177922487,6.0,8.0
Biological,Binary_interactomes_various species_2012_S_pombe_972H_fission_yeast_binary_lc,28,56,variation_neighborhood,100,0.8111380145278451,0.0,28.0,56.0
Biological,Binary_interactomes_various species_2012_S_pombe_972H_fission_yeast_binary_lc,28,56,variation_neighborhood,80,0.8911739502999143,0.0290868449956178,23.0,44.0
Biological,Binary_interactomes_various species_2012_S_pombe_972H_fission_yeast_binary_lc,28,56,variation_neighborhood,60,0.8639705882352942,0.0239956798031926,17.0,20.0
Biological,Binary_interactomes_various species_2012_S_pombe_972H_fission_yeast_binary_lc,28,56,variation_neighborhood,40,0.8695652173913044,0.0264990450814366,13.0,15.0
Biological,Binary_interactomes_various species_2012_S_pombe_972H_fission_yeast_binary_lc,28,56,variation_neighborhood,20,1.0666666666666669,0.0247429059818387,7.0,9.0
Biological,Vazquez_Simberloff_plant-pollinator_webs_Safariland,31,35,variation_neighborhood,100,0.8098271155595996,0.0,31.0,35.0
Biological,Vazquez_Simberloff_plant-pollinator_webs_Safariland,31,35,variation_neighborhood,80,0.7253269916765755,0.0265462677925825,25.0,28.0
Biological,Vazquez_Simberloff_plant-pollinator_webs_Safariland,31,35,variation_neighborhood,60,0.6630824372759857,0.0223293309099972,19.0,21.0
Biological,Vazquez_Simberloff_plant-pollinator_webs_Safariland,31,35,variation_neighborhood,40,0.9641873278236917,0.0233858390711247,14.0,14.0
Biological,Vazquez_Simberloff_plant-pollinator_webs_Safariland,31,35,variation_neighborhood,20,0.925925925925926,0.0202239910140633,8.0,8.0
Biological,Binary_interactomes_various species_2012_E_coli_K12_binary_hq,32,37,variation_neighborhood,100,0.960698689956332,0.0,32.0,37.0
Biological,Binary_interactomes_various species_2012_E_coli_K12_binary_hq,32,37,variation_neighborhood,80,0.9794437726723096,0.0282431528903543,26.0,27.0
Biological,Binary_interactomes_various species_2012_E_coli_K12_binary_hq,32,37,variation_neighborhood,60,0.9945750452079568,0.0242142542265355,20.0,20.0
Biological,Binary_interactomes_various species_2012_E_coli_K12_binary_hq,32,37,variation_neighborhood,40,1.0485933503836318,0.0275764842517673,15.0,15.0
Biological,Binary_interactomes_various species_2012_E_coli_K12_binary_hq,32,37,variation_neighborhood,20,1.0563380281690142,0.0286351419053971,8.0,7.0
Social,Zachary_Karate_Club_Zachary_karate_club_77,34,76,variation_neighborhood,100,0.7787234042553192,0.0,34.0,76.0
Social,Zachary_Karate_Club_Zachary_karate_club_77,34,76,variation_neighborhood,80,0.7323506594259116,0.0358161330223083,28.0,54.0
Social,Zachary_Karate_Club_Zachary_karate_club_77,34,76,variation_neighborhood,60,0.7045009784735812,0.0296588381752371,21.0,39.0
Social,Zachary_Karate_Club_Zachary_karate_club_77,34,76,variation_neighborhood,40,0.8783783783783783,0.0316236452199518,15.0,25.0
Social,Zachary_Karate_Club_Zachary_karate_club_77,34,76,variation_neighborhood,20,0.7194244604316546,0.0201582051813602,7.0,7.0
Biological,Schemske_plant-pollinator_web_Schemske_plant-pollinator_web,39,59,variation_neighborhood,100,0.7100297914597815,0.0,39.0,59.0
Biological,Schemske_plant-pollinator_web_Schemske_plant-pollinator_web,39,59,variation_neighborhood,80,0.764505119453925,0.036716700065881,32.0,45.0
Biological,Schemske_plant-pollinator_web_Schemske_plant-pollinator_web,39,59,variation_neighborhood,60,0.7779030439684329,0.0377971120178699,25.0,29.0
Biological,Schemske_plant-pollinator_web_Schemske_plant-pollinator_web,39,59,variation_neighborhood,40,0.7296137339055794,0.0243869717232882,16.0,17.0
Biological,Schemske_plant-pollinator_web_Schemske_plant-pollinator_web,39,59,variation_neighborhood,20,0.6896551724137931,0.0207399823702871,8.0,8.0
Biological,Vazquez_Simberloff_plant-pollinator_webs_Mascardi_nc,39,48,variation_neighborhood,100,0.7245471580262336,0.0,39.0,48.0
Biological,Vazquez_Simberloff_plant-pollinator_webs_Mascardi_nc,39,48,variation_neighborhood,80,0.6406480117820323,0.0374953909777104,32.0,41.0
Biological,Vazquez_Simberloff_plant-pollinator_webs_Mascardi_nc,39,48,variation_neighborhood,60,0.6942889137737962,0.0399092533625662,26.0,29.0
Biological,Vazquez_Simberloff_plant-pollinator_webs_Mascardi_nc,39,48,variation_neighborhood,40,0.7862407862407862,0.0245803571306169,16.0,15.0
Biological,Vazquez_Simberloff_plant-pollinator_webs_Mascardi_nc,39,48,variation_neighborhood,20,0.8287292817679557,0.0252076429314911,9.0,8.0
Biological,Small_plant-pollinator_web_Small_plant-pollinator_web,47,141,variation_neighborhood,100,0.9154779646582926,0.0,47.0,141.0
Biological,Small_plant-pollinator_web_Small_plant-pollinator_web,47,141,variation_neighborhood,80,0.8455433455433455,0.0579063449986279,38.0,104.0
Biological,Small_plant-pollinator_web_Small_plant-pollinator_web,47,141,variation_neighborhood,60,0.8343789209535759,0.0436406382359564,29.0,53.0
Biological,Small_plant-pollinator_web_Small_plant-pollinator_web,47,141,variation_neighborhood,40,0.9174311926605504,0.0359795521944761,19.0,29.0
Biological,Small_plant-pollinator_web_Small_plant-pollinator_web,47,141,variation_neighborhood,20,1.0625,0.0389194162562489,13.0,23.0
Biological,Cold_Lake_host-parasite_web_Cold_Lake,50,91,variation_neighborhood,100,0.8029850746268656,0.0,50.0,91.0
Biological,Cold_Lake_host-parasite_web_Cold_Lake,50,91,variation_neighborhood,80,0.6796556411418215,0.0667712902650237,41.0,63.0
Biological,Cold_Lake_host-parasite_web_Cold_Lake,50,91,variation_neighborhood,60,0.8405545927209706,0.0411869157105684,30.0,36.0
Biological,Cold_Lake_host-parasite_web_Cold_Lake,50,91,variation_neighborhood,40,0.832,0.031558645889163,20.0,22.0
Biological,Cold_Lake_host-parasite_web_Cold_Lake,50,91,variation_neighborhood,20,0.8764940239043825,0.0343380710110068,10.0,12.0
Biological,Ollerton_plant-pollinator_web_Ollerton_plant-pollinator_web,65,103,variation_neighborhood,100,0.6154603643525357,0.0,65.0,103.0
Biological,Ollerton_plant-pollinator_web_Ollerton_plant-pollinator_web,65,103,variation_neighborhood,80,0.7149576669802447,0.0960952579043805,53.0,87.0
Biological,Ollerton_plant-pollinator_web_Ollerton_plant-pollinator_web,65,103,variation_neighborhood,60,0.5841784989858012,0.0534968166612088,39.0,48.0
Biological,Ollerton_plant-pollinator_web_Ollerton_plant-pollinator_web,65,103,variation_neighborhood,40,0.8685714285714285,0.0408017677254974,26.0,29.0
Biological,Ollerton_plant-pollinator_web_Ollerton_plant-pollinator_web,65,103,variation_neighborhood,20,0.8648648648648649,0.0323349577374756,13.0,15.0
Biological,Ramirez_Brito_plant-pollinator_web_Ramirez_Brito_plant-pollinator_web,70,101,variation_neighborhood,100,0.9329299041855772,0.0,70.0,101.0
Biological,Ramirez_Brito_plant-pollinator_web_Ramirez_Brito_plant-pollinator_web,70,101,variation_neighborhood,80,0.8971902937420179,0.0973730119876563,57.0,83.0
Biological,Ramirez_Brito_plant-pollinator_web_Ramirez_Brito_plant-pollinator_web,70,101,variation_neighborhood,60,0.9620128268376912,0.0582094192504882,42.0,59.0
Biological,Ramirez_Brito_plant-pollinator_web_Ramirez_Brito_plant-pollinator_web,70,101,variation_neighborhood,40,0.9045584045584044,0.0505847302265465,28.0,46.0
Biological,Ramirez_Brito_plant-pollinator_web_Ramirez_Brito_plant-pollinator_web,70,101,variation_neighborhood,20,0.9271523178807948,0.0543414279818534,15.0,25.0
Biological,Joern_plant-herbivore_webs_Marathon,74,184,variation_neighborhood,100,0.7983651226158038,0.0,74.0,184.0
Biological,Joern_plant-herbivore_webs_Marathon,74,184,variation_neighborhood,80,0.8107577542206518,0.1277533378452062,61.0,134.0
Biological,Joern_plant-herbivore_webs_Marathon,74,184,variation_neighborhood,60,0.8061002178649237,0.0815300662070512,45.0,92.0
Biological,Joern_plant-herbivore_webs_Marathon,74,184,variation_neighborhood,40,0.7701564380264742,0.0707373348996043,31.0,54.0
Biological,Joern_plant-herbivore_webs_Marathon,74,184,variation_neighborhood,20,0.6540084388185654,0.0530588892288506,15.0,19.0
Biological,Mosquin_Martin_plant-pollinator_web_Mosquin_Martin_plant-pollinator_web,22,33,variation_edges,100,0.9508196721311476,0.0,22.0,33.0
Biological,Mosquin_Martin_plant-pollinator_web_Mosquin_Martin_plant-pollinator_web,22,33,variation_edges,80,0.905511811023622,0.0149387791752815,18.0,29.0
Biological,Mosquin_Martin_plant-pollinator_web_Mosquin_Martin_plant-pollinator_web,22,33,variation_edges,60,0.9263157894736842,0.0132875610142946,15.0,19.0
Biological,Mosquin_Martin_plant-pollinator_web_Mosquin_Martin_plant-pollinator_web,22,33,variation_edges,40,0.959409594095941,0.0137318270280957,11.0,12.0
Biological,Mosquin_Martin_plant-pollinator_web_Mosquin_Martin_plant-pollinator_web,22,33,variation_edges,20,0.8805031446540881,0.0145089370198547,8.0,8.0
Biological,Poulin_seed-disperser_web_Poulin_seed-disperser_web,24,53,variation_edges,100,0.8449720670391062,0.0,24.0,53.0
Biological,Poulin_seed-disperser_web_Poulin_seed-disperser_web,24,53,variation_edges,80,0.939091915836102,0.0189297623001039,20.0,47.0
Biological,Poulin_seed-disperser_web_Poulin_seed-disperser_web,24,53,variation_edges,60,0.8967391304347827,0.0147695699706673,15.0,37.0
Biological,Poulin_seed-disperser_web_Poulin_seed-disperser_web,24,53,variation_edges,40,0.9118541033434652,0.0140893063507974,10.0,19.0
Biological,Poulin_seed-disperser_web_Poulin_seed-disperser_web,24,53,variation_edges,20,1.0679611650485437,0.0151379229500889,6.0,8.0
Biological,Olesen_plant-pollinator_web_Ile_aux_Aigrettes,27,52,variation_edges,100,0.8995403808273145,0.0,27.0,52.0
Biological,Olesen_plant-pollinator_web_Ile_aux_Aigrettes,27,52,variation_edges,80,0.9312080536912752,0.0211675018072128,22.0,46.0
Biological,Olesen_plant-pollinator_web_Ile_aux_Aigrettes,27,52,variation_edges,60,0.8460634547591069,0.0165045470930635,17.0,37.0
Biological,Olesen_plant-pollinator_web_Ile_aux_Aigrettes,27,52,variation_edges,40,0.8527131782945736,0.0143296630121767,11.0,21.0
Biological,Olesen_plant-pollinator_web_Ile_aux_Aigrettes,27,52,variation_edges,20,0.99009900990099,0.0147253279574215,6.0,13.0
Biological,Binary_interactomes_various species_2012_S_pombe_972H_fission_yeast_binary_lc,28,56,variation_edges,100,0.8175716900549115,0.0,28.0,56.0
Biological,Binary_interactomes_various species_2012_S_pombe_972H_fission_yeast_binary_lc,28,56,variation_edges,80,0.8748707342295761,0.0217344211414456,23.0,38.0
Biological,Binary_interactomes_various species_2012_S_pombe_972H_fission_yeast_binary_lc,28,56,variation_edges,60,0.9483960948396094,0.0177786853164434,18.0,27.0
Biological,Binary_interactomes_various species_2012_S_pombe_972H_fission_yeast_binary_lc,28,56,variation_edges,40,0.9115281501340484,0.015776920132339,13.0,16.0
Biological,Binary_interactomes_various species_2012_S_pombe_972H_fission_yeast_binary_lc,28,56,variation_edges,20,0.9115281501340484,0.0167641220614314,13.0,16.0
Biological,Vazquez_Simberloff_plant-pollinator_webs_Safariland,31,35,variation_edges,100,0.7960644007155635,0.0,31.0,35.0
Biological,Vazquez_Simberloff_plant-pollinator_webs_Safariland,31,35,variation_edges,80,0.7331042382588775,0.0195822766982018,25.0,29.0
Biological,Vazquez_Simberloff_plant-pollinator_webs_Safariland,31,35,variation_edges,60,0.6482982171799028,0.0187780102714896,19.0,22.0
Biological,Vazquez_Simberloff_plant-pollinator_webs_Safariland,31,35,variation_edges,40,0.5989583333333334,0.0177811309695243,14.0,15.0
Biological,Vazquez_Simberloff_plant-pollinator_webs_Safariland,31,35,variation_edges,20,0.579345088161209,0.0185739672742784,14.0,16.0
Biological,Binary_interactomes_various species_2012_E_coli_K12_binary_hq,32,37,variation_edges,100,0.908256880733945,0.0,32.0,37.0
Biological,Binary_interactomes_various species_2012_E_coli_K12_binary_hq,32,37,variation_edges,80,0.9843937575030012,0.0191689850762486,26.0,26.0
Biological,Binary_interactomes_various species_2012_E_coli_K12_binary_hq,32,37,variation_edges,60,0.963855421686747,0.0158267943188548,20.0,20.0
Biological,Binary_interactomes_various species_2012_E_coli_K12_binary_hq,32,37,variation_edges,40,1.0610932475884245,0.0142690171487629,13.0,13.0
Biological,Binary_interactomes_various species_2012_E_coli_K12_binary_hq,32,37,variation_edges,20,0.918918918918919,0.0161540978588163,9.0,8.0
Social,Zachary_Karate_Club_Zachary_karate_club_77,34,76,variation_edges,100,0.7968069666182874,0.0,34.0,76.0
Social,Zachary_Karate_Club_Zachary_karate_club_77,34,76,variation_edges,80,0.7863849765258216,0.0285278889350593,28.0,59.0
Social,Zachary_Karate_Club_Zachary_karate_club_77,34,76,variation_edges,60,0.7850834151128557,0.0235483818687498,22.0,37.0
Social,Zachary_Karate_Club_Zachary_karate_club_77,34,76,variation_edges,40,0.9421487603305784,0.0191684169694781,16.0,25.0
Social,Zachary_Karate_Club_Zachary_karate_club_77,34,76,variation_edges,20,0.8783783783783783,0.0185676240362226,7.0,10.0
Biological,Schemske_plant-pollinator_web_Schemske_plant-pollinator_web,39,59,variation_edges,100,0.704,0.0,39.0,59.0
Biological,Schemske_plant-pollinator_web_Schemske_plant-pollinator_web,39,59,variation_edges,80,0.5861344537815126,0.032050970941782,33.0,50.0
Biological,Schemske_plant-pollinator_web_Schemske_plant-pollinator_web,39,59,variation_edges,60,0.5215827338129496,0.0287625803612172,28.0,36.0
Biological,Schemske_plant-pollinator_web_Schemske_plant-pollinator_web,39,59,variation_edges,40,0.5400372439478585,0.0288438950665295,28.0,36.0
Biological,Schemske_plant-pollinator_web_Schemske_plant-pollinator_web,39,59,variation_edges,20,0.5128205128205129,0.0262751458212733,28.0,36.0
Biological,Vazquez_Simberloff_plant-pollinator_webs_Mascardi_nc,39,48,variation_edges,100,0.7240948813982523,0.0,39.0,48.0
Biological,Vazquez_Simberloff_plant-pollinator_webs_Mascardi_nc,39,48,variation_edges,80,0.6718146718146718,0.0235292240977287,32.0,41.0
Biological,Vazquez_Simberloff_plant-pollinator_webs_Mascardi_nc,39,48,variation_edges,60,0.768409818569904,0.0263204639777541,24.0,31.0
Biological,Vazquez_Simberloff_plant-pollinator_webs_Mascardi_nc,39,48,variation_edges,40,0.8856682769726247,0.0235178638249635,18.0,23.0
Biological,Vazquez_Simberloff_plant-pollinator_webs_Mascardi_nc,39,48,variation_edges,20,0.7421875,0.0246563619002699,10.0,12.0
Biological,Small_plant-pollinator_web_Small_plant-pollinator_web,47,141,variation_edges,100,0.9197860962566844,0.0,47.0,141.0
Biological,Small_plant-pollinator_web_Small_plant-pollinator_web,47,141,variation_edges,80,0.87248322147651,0.0464066839776933,38.0,120.0
Biological,Small_plant-pollinator_web_Small_plant-pollinator_web,47,141,variation_edges,60,0.832807570977918,0.0299361543729901,29.0,90.0
Biological,Small_plant-pollinator_web_Small_plant-pollinator_web,47,141,variation_edges,40,0.8820798514391829,0.0277181421406567,19.0,45.0
Biological,Small_plant-pollinator_web_Small_plant-pollinator_web,47,141,variation_edges,20,0.8658008658008658,0.0252651730552315,10.0,10.0
Biological,Cold_Lake_host-parasite_web_Cold_Lake,50,91,variation_edges,100,0.8158578856152513,0.0,50.0,91.0
Biological,Cold_Lake_host-parasite_web_Cold_Lake,50,91,variation_edges,80,0.7797123391370174,0.0445085223764181,40.0,78.0
Biological,Cold_Lake_host-parasite_web_Cold_Lake,50,91,variation_edges,60,0.8619685497961561,0.0355625497177243,30.0,57.0
Biological,Cold_Lake_host-parasite_web_Cold_Lake,50,91,variation_edges,40,0.913978494623656,0.0295363483019173,22.0,33.0
Biological,Cold_Lake_host-parasite_web_Cold_Lake,50,91,variation_edges,20,0.9420289855072465,0.0270107062533497,10.0,13.0
Biological,Ollerton_plant-pollinator_web_Ollerton_plant-pollinator_web,65,103,variation_edges,100,0.6162188809465122,0.0,65.0,103.0
Biological,Ollerton_plant-pollinator_web_Ollerton_plant-pollinator_web,65,103,variation_edges,80,0.7225887527489789,0.0646711587905883,52.0,85.0
Biological,Ollerton_plant-pollinator_web_Ollerton_plant-pollinator_web,65,103,variation_edges,60,0.7105637138796779,0.0516480230726301,40.0,62.0
Biological,Ollerton_plant-pollinator_web_Ollerton_plant-pollinator_web,65,103,variation_edges,40,0.6504770164787511,0.0398275279439985,28.0,38.0
Biological,Ollerton_plant-pollinator_web_Ollerton_plant-pollinator_web,65,103,variation_edges,20,0.6352459016393442,0.0373426587320864,15.0,19.0
Biological,Ramirez_Brito_plant-pollinator_web_Ramirez_Brito_plant-pollinator_web,70,101,variation_edges,100,0.9315206445115812,0.0,70.0,101.0
Biological,Ramirez_Brito_plant-pollinator_web_Ramirez_Brito_plant-pollinator_web,70,101,variation_edges,80,0.8987730061349694,0.0664878692477941,56.0,87.0
Biological,Ramirez_Brito_plant-pollinator_web_Ramirez_Brito_plant-pollinator_web,70,101,variation_edges,60,0.910843373493976,0.0446640602312982,42.0,69.0
Biological,Ramirez_Brito_plant-pollinator_web_Ramirez_Brito_plant-pollinator_web,70,101,variation_edges,40,0.9899665551839464,0.036041263025254,28.0,51.0
Biological,Ramirez_Brito_plant-pollinator_web_Ramirez_Brito_plant-pollinator_web,70,101,variation_edges,20,1.0320284697508897,0.0274803792126476,14.0,27.0
Biological,Joern_plant-herbivore_webs_Marathon,74,184,variation_edges,100,0.7940379403794038,0.0,74.0,184.0
Biological,Joern_plant-herbivore_webs_Marathon,74,184,variation_edges,80,0.8288590604026845,0.095255781430751,60.0,163.0
Biological,Joern_plant-herbivore_webs_Marathon,74,184,variation_edges,60,0.9014232999472852,0.0654012742452323,45.0,114.0
Biological,Joern_plant-herbivore_webs_Marathon,74,184,variation_edges,40,0.8792319353208691,0.0417846413329243,30.0,67.0
Biological,Joern_plant-herbivore_webs_Marathon,74,184,variation_edges,20,0.7178631051752922,0.0358625673688948,17.0,22.0
Biological,Binary_interactomes_various species_2012_M_musculus_mouse_binary_lc,81,108,variation_neighborhood,100,0.7386491981025526,0.0,81.0,108.0
Biological,Binary_interactomes_various species_2012_M_musculus_mouse_binary_lc,81,108,variation_neighborhood,80,0.8081824279007378,0.0971801104024052,65.0,78.0
Biological,Binary_interactomes_various species_2012_M_musculus_mouse_binary_lc,81,108,variation_neighborhood,60,0.8675282714054927,0.0716823488473892,49.0,57.0
Biological,Binary_interactomes_various species_2012_M_musculus_mouse_binary_lc,81,108,variation_neighborhood,40,0.8567096285064443,0.1107795550487935,33.0,40.0
Biological,Binary_interactomes_various species_2012_M_musculus_mouse_binary_lc,81,108,variation_neighborhood,20,0.9591836734693876,0.0564211066812276,17.0,18.0
Biological,Binary_interactomes_various species_2012_M_musculus_mouse_binary_lc,81,108,variation_edges,100,0.7475994513031551,0.0,81.0,108.0
Biological,Binary_interactomes_various species_2012_M_musculus_mouse_binary_lc,81,108,variation_edges,80,0.7795896896370332,0.0610793437808752,65.0,83.0
Biological,Binary_interactomes_various species_2012_M_musculus_mouse_binary_lc,81,108,variation_edges,60,0.7682512733446519,0.0541545809246599,51.0,65.0
Biological,Binary_interactomes_various species_2012_M_musculus_mouse_binary_lc,81,108,variation_edges,40,0.8207171314741036,0.0353283411823213,33.0,38.0
Biological,Binary_interactomes_various species_2012_M_musculus_mouse_binary_lc,81,108,variation_edges,20,0.9475806451612904,0.0298150870949029,17.0,18.0
Biological,Binary_interactomes_various species_2012_S_pombe_972H_fission_yeast_cocomp_hq,90,118,variation_neighborhood,100,0.6025588113908378,0.0,90.0,118.0
Biological,Binary_interactomes_various species_2012_S_pombe_972H_fission_yeast_cocomp_hq,90,118,variation_neighborhood,80,0.5684464070654356,0.120737514924258,73.0,81.0
Biological,Binary_interactomes_various species_2012_S_pombe_972H_fission_yeast_cocomp_hq,90,118,variation_neighborhood,60,0.4694167852062589,0.0795892337337136,54.0,57.0
Biological,Binary_interactomes_various species_2012_S_pombe_972H_fission_yeast_cocomp_hq,90,118,variation_neighborhood,40,0.8686868686868687,0.0578908193856477,36.0,44.0
Biological,Binary_interactomes_various species_2012_S_pombe_972H_fission_yeast_cocomp_hq,90,118,variation_neighborhood,20,1.015965166908563,0.0517969313077628,20.0,24.0
Biological,Binary_interactomes_various species_2012_S_pombe_972H_fission_yeast_cocomp_hq,90,118,variation_edges,100,0.5957967761681289,0.0,90.0,118.0
Biological,Binary_interactomes_various species_2012_S_pombe_972H_fission_yeast_cocomp_hq,90,118,variation_edges,80,0.5486058779201206,0.0780446119606494,73.0,85.0
Biological,Binary_interactomes_various species_2012_S_pombe_972H_fission_yeast_cocomp_hq,90,118,variation_edges,60,0.5339987523393637,0.0541743040084838,54.0,56.0
Biological,Binary_interactomes_various species_2012_S_pombe_972H_fission_yeast_cocomp_hq,90,118,variation_edges,40,0.4887218045112781,0.0503033557906746,38.0,40.0
Biological,Binary_interactomes_various species_2012_S_pombe_972H_fission_yeast_cocomp_hq,90,118,variation_edges,20,0.3014553014553014,0.0482329600490629,32.0,31.0
Biological,Leather_plant-herbivore_webs_Britain,94,116,variation_neighborhood,100,0.4930598715558318,0.0,94.0,116.0
Biological,Leather_plant-herbivore_webs_Britain,94,116,variation_neighborhood,80,0.4318109230277867,0.1610358068719506,78.0,98.0
Biological,Leather_plant-herbivore_webs_Britain,94,116,variation_neighborhood,60,0.2829758101323597,0.092200004030019,58.0,60.0
Biological,Leather_plant-herbivore_webs_Britain,94,116,variation_neighborhood,40,0.2639127940332759,0.1015029139816761,50.0,50.0
Biological,Leather_plant-herbivore_webs_Britain,94,116,variation_neighborhood,20,0.7142857142857143,0.0408830749802291,19.0,19.0
Biological,Leather_plant-herbivore_webs_Britain,94,116,variation_edges,100,0.4944940785372948,0.0,94.0,116.0
Biological,Leather_plant-herbivore_webs_Britain,94,116,variation_edges,80,0.2659123055162659,0.0607515159063041,78.0,96.0
Biological,Leather_plant-herbivore_webs_Britain,94,116,variation_edges,60,0.2125147579693034,0.0969534269534051,71.0,87.0
Biological,Leather_plant-herbivore_webs_Britain,94,116,variation_edges,40,0.2099125364431487,0.0638306043110787,71.0,87.0
Biological,Leather_plant-herbivore_webs_Britain,94,116,variation_edges,20,0.2163090128755365,0.0815540240146219,71.0,87.0
Social,Hollywood_film_music_Hollywood_film_music,101,192,variation_neighborhood,100,0.9575858381846264,0.0,101.0,192.0
Social,Hollywood_film_music_Hollywood_film_music,101,192,variation_neighborhood,80,0.8921704353176434,0.1799084651283919,82.0,157.0
Social,Hollywood_film_music_Hollywood_film_music,101,192,variation_neighborhood,60,0.9622683634739898,0.1176294358447194,61.0,119.0
Social,Hollywood_film_music_Hollywood_film_music,101,192,variation_neighborhood,40,0.9617209743751975,0.0884770411066711,41.0,94.0
Social,Hollywood_film_music_Hollywood_film_music,101,192,variation_neighborhood,20,1.1111111111111112,0.075081133749336,21.0,32.0
Social,Hollywood_film_music_Hollywood_film_music,101,192,variation_edges,100,0.9578134284016636,0.0,101.0,192.0
Social,Hollywood_film_music_Hollywood_film_music,101,192,variation_edges,80,0.955577774603628,0.1381390462629497,81.0,169.0
Social,Hollywood_film_music_Hollywood_film_music,101,192,variation_edges,60,0.9705827243769908,0.0950281848199665,61.0,142.0
Social,Hollywood_film_music_Hollywood_film_music,101,192,variation_edges,40,0.9672949002217296,0.0561856632120907,41.0,112.0
Social,Hollywood_film_music_Hollywood_film_music,101,192,variation_edges,20,0.910828025477707,0.0407031518407166,23.0,66.0
Biological,Memmott_plant-pollinator_web_Memmott_plant-pollinator_web,104,299,variation_neighborhood,100,0.7592671495526203,0.0,104.0,299.0
Biological,Memmott_plant-pollinator_web_Memmott_plant-pollinator_web,104,299,variation_neighborhood,80,0.7771097751057671,0.1871600439772009,84.0,218.0
Biological,Memmott_plant-pollinator_web_Memmott_plant-pollinator_web,104,299,variation_neighborhood,60,0.6783493499152062,0.1280340566299855,63.0,137.0
Biological,Memmott_plant-pollinator_web_Memmott_plant-pollinator_web,104,299,variation_neighborhood,40,0.8173326414115205,0.0880410498939454,42.0,120.0
Biological,Memmott_plant-pollinator_web_Memmott_plant-pollinator_web,104,299,variation_neighborhood,20,0.92317624273725,0.0850521293468773,21.0,79.0
Biological,Memmott_plant-pollinator_web_Memmott_plant-pollinator_web,104,299,variation_edges,100,0.7637710229902792,0.0,104.0,299.0
Biological,Memmott_plant-pollinator_web_Memmott_plant-pollinator_web,104,299,variation_edges,80,0.8176994504453288,0.1548162060789764,84.0,262.0
Biological,Memmott_plant-pollinator_web_Memmott_plant-pollinator_web,104,299,variation_edges,60,0.8491096532333645,0.1097676060162484,63.0,194.0
Biological,Memmott_plant-pollinator_web_Memmott_plant-pollinator_web,104,299,variation_edges,40,0.7166220636336604,0.0759353712201118,42.0,100.0
Biological,Memmott_plant-pollinator_web_Memmott_plant-pollinator_web,104,299,variation_edges,20,0.4173354735152488,0.0504822800867259,21.0,21.0
Biological,Binary_interactomes_various species_2012_R_norvegicus_rat_cocomp_hq,104,117,variation_neighborhood,100,0.7886565928379217,0.0,104.0,117.0
Biological,Binary_interactomes_various species_2012_R_norvegicus_rat_cocomp_hq,104,117,variation_neighborhood,80,0.7745358090185677,0.1029633414000272,84.0,94.0
Biological,Binary_interactomes_various species_2012_R_norvegicus_rat_cocomp_hq,104,117,variation_neighborhood,60,0.8319966230476994,0.0977779072709381,63.0,70.0
Biological,Binary_interactomes_various species_2012_R_norvegicus_rat_cocomp_hq,104,117,variation_neighborhood,40,1.0041346721795628,0.0849536783061921,43.0,49.0
Biological,Binary_interactomes_various species_2012_R_norvegicus_rat_cocomp_hq,104,117,variation_neighborhood,20,0.966183574879227,0.0670651560649275,21.0,22.0
Biological,Binary_interactomes_various species_2012_R_norvegicus_rat_cocomp_hq,104,117,variation_edges,100,0.7767584097859327,0.0,104.0,117.0
Biological,Binary_interactomes_various species_2012_R_norvegicus_rat_cocomp_hq,104,117,variation_edges,80,0.79004329004329,0.0753917987458407,84.0,94.0
Biological,Binary_interactomes_various species_2012_R_norvegicus_rat_cocomp_hq,104,117,variation_edges,60,0.7683307332293292,0.1105577209964394,63.0,68.0
Biological,Binary_interactomes_various species_2012_R_norvegicus_rat_cocomp_hq,104,117,variation_edges,40,0.6556245686680469,0.0455072601325809,42.0,42.0
Biological,Binary_interactomes_various species_2012_R_norvegicus_rat_cocomp_hq,104,117,variation_edges,20,0.3425774877650897,0.036619140766561,21.0,21.0
Biological,56e98770a6d70217090cde3e,116,134,variation_neighborhood,100,0.7500439135780784,0.0,116.0,134.0
Biological,56e98770a6d70217090cde3e,116,134,variation_neighborhood,80,0.81759557807462,0.1352791981771588,93.0,107.0
Biological,56e98770a6d70217090cde3e,116,134,variation_neighborhood,60,0.9018302828618968,0.1034248350188136,70.0,80.0
Biological,56e98770a6d70217090cde3e,116,134,variation_neighborhood,40,0.9172377438060096,0.1023557591252029,47.0,53.0
Biological,56e98770a6d70217090cde3e,116,134,variation_neighborhood,20,0.9726027397260274,0.0825778050348162,24.0,24.0
Biological,56e98770a6d70217090cde3e,116,134,variation_edges,100,0.7395219951506755,0.0,116.0,134.0
Biological,56e98770a6d70217090cde3e,116,134,variation_edges,80,0.8257090576395243,0.1130123198963701,93.0,107.0
Biological,56e98770a6d70217090cde3e,116,134,variation_edges,60,0.8498993963782696,0.0709100519306957,70.0,79.0
Biological,56e98770a6d70217090cde3e,116,134,variation_edges,40,0.8794974300399772,0.0466287578456103,46.0,50.0
Biological,56e98770a6d70217090cde3e,116,134,variation_edges,20,0.9163346613545816,0.0310769490897655,25.0,25.0
Biological,56e98770a6d70217090cdd81,121,154,variation_neighborhood,100,0.923896949955582,0.0,121.0,154.0
Biological,56e98770a6d70217090cdd81,121,154,variation_neighborhood,80,0.9361934193782948,0.1669387468136847,97.0,130.0
Biological,56e98770a6d70217090cdd81,121,154,variation_neighborhood,60,1.0061601642710472,0.1051351078785955,73.0,98.0
Biological,56e98770a6d70217090cdd81,121,154,variation_neighborhood,40,0.9617021276595744,0.1077395537868142,49.0,64.0
Biological,56e98770a6d70217090cdd81,121,154,variation_neighborhood,20,0.859538784067086,0.0836723325774073,25.0,32.0
Biological,56e98770a6d70217090cdd81,121,154,variation_edges,100,0.9156272927366104,0.0,121.0,154.0
Biological,56e98770a6d70217090cdd81,121,154,variation_edges,80,0.9365737996443392,0.1083191926591098,97.0,122.0
Biological,56e98770a6d70217090cdd81,121,154,variation_edges,60,0.9891891891891892,0.0896872668527066,74.0,92.0
Biological,56e98770a6d70217090cdd81,121,154,variation_edges,40,1.0046728971962615,0.0547087946906685,49.0,59.0
Biological,56e98770a6d70217090cdd81,121,154,variation_edges,20,0.9586056644880174,0.0338842328637838,25.0,30.0
Biological,Elberling_Olesen_plant-pollinator_web_Elberling_Olesen_plant-pollinator_web,141,238,variation_neighborhood,100,0.7438602713006471,0.0,141.0,238.0
Biological,Elberling_Olesen_plant-pollinator_web_Elberling_Olesen_plant-pollinator_web,141,238,variation_neighborhood,80,0.6869820903501737,0.2551898299716413,114.0,167.0
Biological,Elberling_Olesen_plant-pollinator_web_Elberling_Olesen_plant-pollinator_web,141,238,variation_neighborhood,60,0.7279617072197846,0.1440137261524796,85.0,121.0
Biological,Elberling_Olesen_plant-pollinator_web_Elberling_Olesen_plant-pollinator_web,141,238,variation_neighborhood,40,0.7983800983511715,0.1160496859811246,57.0,91.0
Biological,Elberling_Olesen_plant-pollinator_web_Elberling_Olesen_plant-pollinator_web,141,238,variation_neighborhood,20,0.9215885947046842,0.0877538230270147,31.0,65.0
Biological,Elberling_Olesen_plant-pollinator_web_Elberling_Olesen_plant-pollinator_web,141,238,variation_edges,100,0.7463084860345134,0.0,141.0,238.0
Biological,Elberling_Olesen_plant-pollinator_web_Elberling_Olesen_plant-pollinator_web,141,238,variation_edges,80,0.8088548318433376,0.2006653896532952,113.0,209.0
Biological,Elberling_Olesen_plant-pollinator_web_Elberling_Olesen_plant-pollinator_web,141,238,variation_edges,60,0.8210732800896735,0.1487708897329867,85.0,170.0
Biological,Elberling_Olesen_plant-pollinator_web_Elberling_Olesen_plant-pollinator_web,141,238,variation_edges,40,0.815619223659889,0.0984120070934295,57.0,116.0
Biological,Elberling_Olesen_plant-pollinator_web_Elberling_Olesen_plant-pollinator_web,141,238,variation_edges,20,0.8115183246073299,0.0653877686709165,29.0,64.0
Biological,56e98770a6d70217090cdd82,146,175,variation_neighborhood,100,0.8520292412402319,0.0,146.0,175.0
Biological,56e98770a6d70217090cdd82,146,175,variation_neighborhood,80,0.9384908053265696,0.2406149259768426,117.0,146.0
Biological,56e98770a6d70217090cdd82,146,175,variation_neighborhood,60,0.96529284164859,0.1564725651405751,88.0,113.0
Biological,56e98770a6d70217090cdd82,146,175,variation_neighborhood,40,0.9838783970520496,0.1325907572172582,59.0,74.0
Biological,56e98770a6d70217090cdd82,146,175,variation_neighborhood,20,0.9121621621621622,0.1056459741666913,30.0,37.0
Biological,56e98770a6d70217090cdd82,146,175,variation_edges,100,0.8470116526751034,0.0,146.0,175.0
Biological,56e98770a6d70217090cdd82,146,175,variation_edges,80,0.8911684564834108,0.1671611280180513,117.0,141.0
Biological,56e98770a6d70217090cdd82,146,175,variation_edges,60,0.9591555759522716,0.101813324727118,88.0,106.0
Biological,56e98770a6d70217090cdd82,146,175,variation_edges,40,0.9788566953797964,0.0690979547798633,58.0,68.0
Biological,56e98770a6d70217090cdd82,146,175,variation_edges,20,0.874751491053678,0.0429735598154366,30.0,32.0
Biological,McCullen_plant-pollinator_web_McCullen_plant-pollinator_web,150,198,variation_neighborhood,100,0.5294877313818338,0.0,150.0,198.0
Biological,McCullen_plant-pollinator_web_McCullen_plant-pollinator_web,150,198,variation_neighborhood,80,0.5607613469985359,0.2619000258855521,121.0,155.0
Biological,McCullen_plant-pollinator_web_McCullen_plant-pollinator_web,150,198,variation_neighborhood,60,0.503308602366152,0.1592084099538624,90.0,121.0
Biological,McCullen_plant-pollinator_web_McCullen_plant-pollinator_web,150,198,variation_neighborhood,40,0.7867236279986856,0.110790756996721,60.0,88.0
Biological,McCullen_plant-pollinator_web_McCullen_plant-pollinator_web,150,198,variation_neighborhood,20,0.7969374167776299,0.0893996329978108,30.0,55.0
Biological,McCullen_plant-pollinator_web_McCullen_plant-pollinator_web,150,198,variation_edges,100,0.535539349080222,0.0,150.0,198.0
Biological,McCullen_plant-pollinator_web_McCullen_plant-pollinator_web,150,198,variation_edges,80,0.5691511676688575,0.1921764947474002,120.0,162.0
Biological,McCullen_plant-pollinator_web_McCullen_plant-pollinator_web,150,198,variation_edges,60,0.4764764764764764,0.1243126490153372,90.0,120.0
Biological,McCullen_plant-pollinator_web_McCullen_plant-pollinator_web,150,198,variation_edges,40,0.2944997834560415,0.0877967341803014,60.0,64.0
Biological,McCullen_plant-pollinator_web_McCullen_plant-pollinator_web,150,198,variation_edges,20,0.221473278767453,0.0876694768667221,57.0,58.0
Social,Norwegian_Board_of_Directors_net1mode_2002-05-01,154,848,variation_neighborhood,100,0.35515766969535,0.0,154.0,848.0
Social,Norwegian_Board_of_Directors_net1mode_2002-05-01,154,848,variation_neighborhood,80,0.4334808061849221,0.4030700018629432,125.0,512.0
Social,Norwegian_Board_of_Directors_net1mode_2002-05-01,154,848,variation_neighborhood,60,0.4659548893445521,0.2869521761313081,95.0,344.0
Social,Norwegian_Board_of_Directors_net1mode_2002-05-01,154,848,variation_neighborhood,40,0.5906571654790183,0.1403227769769728,62.0,170.0
Social,Norwegian_Board_of_Directors_net1mode_2002-05-01,154,848,variation_neighborhood,20,0.7177497575169739,0.0891987443901598,31.0,69.0
Social,Norwegian_Board_of_Directors_net1mode_2002-05-01,154,848,variation_edges,100,0.3544094509186911,0.0,154.0,848.0
Social,Norwegian_Board_of_Directors_net1mode_2002-05-01,154,848,variation_edges,80,0.3883044554455446,0.3795635579153895,124.0,611.0
Social,Norwegian_Board_of_Directors_net1mode_2002-05-01,154,848,variation_edges,60,0.5183601801664249,0.1779878572560846,93.0,321.0
Social,Norwegian_Board_of_Directors_net1mode_2002-05-01,154,848,variation_edges,40,0.5766481334392375,0.1134848329238593,62.0,170.0
Social,Norwegian_Board_of_Directors_net1mode_2002-05-01,154,848,variation_edges,20,0.898876404494382,0.0501751182600855,30.0,44.0
Economic,Norwegian_Board_of_Directors_net2mode_2002-07-01,158,163,variation_neighborhood,100,0.5381227635562895,0.0,158.0,163.0
Economic,Norwegian_Board_of_Directors_net2mode_2002-07-01,158,163,variation_neighborhood,80,0.6404554349759829,0.2311406447552144,128.0,132.0
Economic,Norwegian_Board_of_Directors_net2mode_2002-07-01,158,163,variation_neighborhood,60,0.7406483790523691,0.1382858050055802,95.0,99.0
Economic,Norwegian_Board_of_Directors_net2mode_2002-07-01,158,163,variation_neighborhood,40,0.8290155440414507,0.1097030276432633,64.0,67.0
Economic,Norwegian_Board_of_Directors_net2mode_2002-07-01,158,163,variation_neighborhood,20,1.032520325203252,0.1075501763261854,33.0,37.0
Economic,Norwegian_Board_of_Directors_net2mode_2002-07-01,158,163,variation_edges,100,0.539161610590182,0.0,158.0,163.0
Economic,Norwegian_Board_of_Directors_net2mode_2002-07-01,158,163,variation_edges,80,0.6215372610222396,0.1754352822899818,127.0,132.0
Economic,Norwegian_Board_of_Directors_net2mode_2002-07-01,158,163,variation_edges,60,0.6610960924059966,0.1148356809280812,96.0,100.0
Economic,Norwegian_Board_of_Directors_net2mode_2002-07-01,158,163,variation_edges,40,0.6595538312318138,0.0800446821376681,64.0,68.0
Economic,Norwegian_Board_of_Directors_net2mode_2002-07-01,158,163,variation_edges,20,0.4819277108433735,0.06453318009153,34.0,37.0
Economic,Norwegian_Board_of_Directors_net2mode_2002-06-01,166,171,variation_neighborhood,100,0.5410152066823731,0.0,166.0,171.0
Economic,Norwegian_Board_of_Directors_net2mode_2002-06-01,166,171,variation_neighborhood,80,0.629059829059829,0.2105212798342108,133.0,137.0
Economic,Norwegian_Board_of_Directors_net2mode_2002-06-01,166,171,variation_neighborhood,60,0.7051574623459608,0.2051759981550276,102.0,106.0
Economic,Norwegian_Board_of_Directors_net2mode_2002-06-01,166,171,variation_neighborhood,40,0.8680149015433741,0.1110746278427541,67.0,71.0
Economic,Norwegian_Board_of_Directors_net2mode_2002-06-01,166,171,variation_neighborhood,20,1.0751818916734033,0.1017245110124349,34.0,38.0
Economic,Norwegian_Board_of_Directors_net2mode_2002-06-01,166,171,variation_edges,100,0.5441385549954763,0.0,166.0,171.0
Economic,Norwegian_Board_of_Directors_net2mode_2002-06-01,166,171,variation_edges,80,0.6218571907475695,0.1802566642872989,133.0,138.0
Economic,Norwegian_Board_of_Directors_net2mode_2002-06-01,166,171,variation_edges,60,0.6922549691569568,0.13550686230883,101.0,105.0
Economic,Norwegian_Board_of_Directors_net2mode_2002-06-01,166,171,variation_edges,40,0.6647992530345471,0.0859679905697703,67.0,71.0
Economic,Norwegian_Board_of_Directors_net2mode_2002-06-01,166,171,variation_edges,20,0.6821829855537721,0.0658760420046746,35.0,38.0
Biological,56e98770a6d70217090cde3f,176,199,variation_neighborhood,100,0.7586431126043134,0.0,176.0,199.0
Biological,56e98770a6d70217090cde3f,176,199,variation_neighborhood,80,0.8027118644067797,0.2445967569947242,141.0,164.0
Biological,56e98770a6d70217090cde3f,176,199,variation_neighborhood,60,0.8866799204771372,0.1741216578520834,106.0,121.0
Biological,56e98770a6d70217090cde3f,176,199,variation_neighborhood,40,0.9218500797448166,0.1602054620161652,71.0,81.0
Biological,56e98770a6d70217090cde3f,176,199,variation_neighborhood,20,0.9906001446131596,0.1498266812413931,37.0,43.0
Biological,56e98770a6d70217090cde3f,176,199,variation_edges,100,0.7657805491740509,0.0,176.0,199.0
Biological,56e98770a6d70217090cde3f,176,199,variation_edges,80,0.7961432506887053,0.2204802730120718,141.0,162.0
Biological,56e98770a6d70217090cde3f,176,199,variation_edges,60,0.8790987728827198,0.1254236726090312,106.0,119.0
Biological,56e98770a6d70217090cde3f,176,199,variation_edges,40,0.8987637821583695,0.0833560088649392,71.0,79.0
Biological,56e98770a6d70217090cde3f,176,199,variation_edges,20,0.9538002980625933,0.0473876977339386,36.0,41.0
Economic,5936021067ec90f1500d6599,180,945,variation_neighborhood,100,0.9311244752070804,0.0,180.0,945.0
Economic,5936021067ec90f1500d6599,180,945,variation_neighborhood,80,0.8364520236120221,0.5510855810716748,145.0,561.0
Economic,5936021067ec90f1500d6599,180,945,variation_neighborhood,60,0.8075778078484438,0.323396167717874,108.0,443.0
Economic,5936021067ec90f1500d6599,180,945,variation_neighborhood,40,0.8231114118940869,0.2252815887331962,72.0,334.0
Economic,5936021067ec90f1500d6599,180,945,variation_neighborhood,20,0.8680219425621168,0.1665237061679363,36.0,103.0
Economic,5936021067ec90f1500d6599,180,945,variation_edges,100,0.929310774387896,0.0,180.0,945.0
Economic,5936021067ec90f1500d6599,180,945,variation_edges,80,0.9442537797977923,0.501103107817471,144.0,735.0
Economic,5936021067ec90f1500d6599,180,945,variation_edges,60,0.9385140905209224,0.3423415860161185,108.0,596.0
Economic,5936021067ec90f1500d6599,180,945,variation_edges,40,0.9115832762165867,0.1694318638183176,72.0,388.0
Economic,5936021067ec90f1500d6599,180,945,variation_edges,20,0.8768223114303824,0.0947692031040787,37.0,191.0
Biological,56e98770a6d70217090cdd85,182,224,variation_neighborhood,100,0.8838951310861424,0.0,182.0,224.0
Biological,56e98770a6d70217090cdd85,182,224,variation_neighborhood,80,0.8836232053227501,0.3387836352922022,147.0,187.0
Biological,56e98770a6d70217090cdd85,182,224,variation_neighborhood,60,0.9752909944864202,0.2069099377840757,110.0,143.0
Biological,56e98770a6d70217090cdd85,182,224,variation_neighborhood,40,0.9546307884856072,0.1730851596221327,73.0,90.0
Biological,56e98770a6d70217090cdd85,182,224,variation_neighborhood,20,1.0320956576463185,0.1464052470400929,38.0,47.0
Biological,56e98770a6d70217090cdd85,182,224,variation_edges,100,0.8953808213980841,0.0,182.0,224.0
Biological,56e98770a6d70217090cdd85,182,224,variation_edges,80,0.8981380065717415,0.222060321830213,146.0,182.0
Biological,56e98770a6d70217090cdd85,182,224,variation_edges,60,0.9172413793103448,0.1427128599025309,110.0,138.0
Biological,56e98770a6d70217090cdd85,182,224,variation_edges,40,0.9632678910702976,0.0914874360896647,73.0,89.0
Biological,56e98770a6d70217090cdd85,182,224,variation_edges,20,0.9520500347463516,0.0531741199083626,37.0,43.0
Biological,Arroyo_plant-pollinator_web_Elevation_1,182,363,variation_neighborhood,100,0.8156418435815642,0.0,182.0,363.0
Biological,Arroyo_plant-pollinator_web_Elevation_1,182,363,variation_neighborhood,80,0.8446784505453178,0.4357255850918591,147.0,280.0
Biological,Arroyo_plant-pollinator_web_Elevation_1,182,363,variation_neighborhood,60,0.8374138103327671,0.2531658909283578,110.0,225.0
Biological,Arroyo_plant-pollinator_web_Elevation_1,182,363,variation_neighborhood,40,0.9011546043368064,0.177256491035223,73.0,179.0
Biological,Arroyo_plant-pollinator_web_Elevation_1,182,363,variation_neighborhood,20,0.8147396889790398,0.1382498079910874,37.0,94.0
Biological,Arroyo_plant-pollinator_web_Elevation_1,182,363,variation_edges,100,0.8114023089128413,0.0,182.0,363.0
Biological,Arroyo_plant-pollinator_web_Elevation_1,182,363,variation_edges,80,0.8183923255044657,0.3762106271460652,146.0,315.0
Biological,Arroyo_plant-pollinator_web_Elevation_1,182,363,variation_edges,60,0.8297581013235966,0.2434251839295029,110.0,274.0
Biological,Arroyo_plant-pollinator_web_Elevation_1,182,363,variation_edges,40,0.8478317320176577,0.1518575088120997,73.0,195.0
Biological,Arroyo_plant-pollinator_web_Elevation_1,182,363,variation_edges,20,0.8486818345973276,0.0801296830177307,37.0,88.0
Biological,56e98770a6d70217090cdd7e,187,218,variation_neighborhood,100,0.8077967416602017,0.0,187.0,218.0
Biological,56e98770a6d70217090cdd7e,187,218,variation_neighborhood,80,0.8535992217898833,0.300677128136158,150.0,181.0
Biological,56e98770a6d70217090cdd7e,187,218,variation_neighborhood,60,0.948892674616695,0.2237211489118635,113.0,137.0
Biological,56e98770a6d70217090cdd7e,187,218,variation_neighborhood,40,0.9587458745874587,0.1658812151290476,75.0,89.0
Biological,56e98770a6d70217090cdd7e,187,218,variation_neighborhood,20,0.9278350515463916,0.1412331322208047,40.0,48.0
Biological,56e98770a6d70217090cdd7e,187,218,variation_edges,100,0.8125243854857589,0.0,187.0,218.0
Biological,56e98770a6d70217090cdd7e,187,218,variation_edges,80,0.8347118644067797,0.2540379432030022,150.0,180.0
Biological,56e98770a6d70217090cdd7e,187,218,variation_edges,60,0.9007129194922622,0.1511646676808595,114.0,134.0
Biological,56e98770a6d70217090cdd7e,187,218,variation_edges,40,0.9146715776550032,0.0743653611280024,75.0,83.0
Biological,56e98770a6d70217090cdd7e,187,218,variation_edges,20,0.9309542280837858,0.0501511213369667,38.0,38.0
Biological,56e98770a6d70217090cde47,224,348,variation_neighborhood,100,0.7626076260762608,0.0,224.0,348.0
Biological,56e98770a6d70217090cde47,224,348,variation_neighborhood,80,0.7671252105558675,0.5434564370661974,181.0,288.0
Biological,56e98770a6d70217090cde47,224,348,variation_neighborhood,60,0.7882722938013594,0.3497950388118624,135.0,213.0
Biological,56e98770a6d70217090cde47,224,348,variation_neighborhood,40,0.7729083665338645,0.1847826871089637,90.0,148.0
Biological,56e98770a6d70217090cde47,224,348,variation_neighborhood,20,0.7979559748427673,0.1539741340093314,45.0,73.0
Biological,56e98770a6d70217090cde47,224,348,variation_edges,100,0.7619686051058601,0.0,224.0,348.0
Biological,56e98770a6d70217090cde47,224,348,variation_edges,80,0.7755923111309789,0.3809949080459773,180.0,274.0
Biological,56e98770a6d70217090cde47,224,348,variation_edges,60,0.7809341419299926,0.2155523137189448,135.0,205.0
Biological,56e98770a6d70217090cde47,224,348,variation_edges,40,0.804986642920748,0.1393171558156609,90.0,134.0
Biological,56e98770a6d70217090cde47,224,348,variation_edges,20,0.8468085106382979,0.0578981032595038,45.0,65.0
Biological,56e98770a6d70217090cde42,257,302,variation_neighborhood,100,0.7650883299402377,0.0,257.0,302.0
Biological,56e98770a6d70217090cde42,257,302,variation_neighborhood,80,0.8030287526859715,0.5394266890361905,207.0,252.0
Biological,56e98770a6d70217090cde42,257,302,variation_neighborhood,60,0.8300440697451619,0.2952295700088143,155.0,188.0
Biological,56e98770a6d70217090cde42,257,302,variation_neighborhood,40,0.8968609865470852,0.254295265302062,103.0,122.0
Biological,56e98770a6d70217090cde42,257,302,variation_neighborhood,20,0.9882352941176472,0.1993228220380842,52.0,60.0
Biological,56e98770a6d70217090cde42,257,302,variation_edges,100,0.775322773858645,0.0,257.0,302.0
Biological,56e98770a6d70217090cde42,257,302,variation_edges,80,0.7960777796243975,0.3956110551953316,206.0,247.0
Biological,56e98770a6d70217090cde42,257,302,variation_edges,60,0.8194833948339484,0.2538002440705895,155.0,183.0
Biological,56e98770a6d70217090cde42,257,302,variation_edges,40,0.8651951123374064,0.1342705353163182,103.0,120.0
Biological,56e98770a6d70217090cde42,257,302,variation_edges,20,0.9065420560747663,0.0712361237965524,52.0,59.0
Biological,56e98770a6d70217090cde4a,281,429,variation_neighborhood,100,0.7627045277465155,0.0,281.0,429.0
Biological,56e98770a6d70217090cde4a,281,429,variation_neighborhood,80,0.7648757289248712,0.6470149848610163,225.0,344.0
Biological,56e98770a6d70217090cde4a,281,429,variation_neighborhood,60,0.7867761721592681,0.4153560432605445,169.0,251.0
Biological,56e98770a6d70217090cde4a,281,429,variation_neighborhood,40,0.8044121603443638,0.2910215300507843,113.0,167.0
Biological,56e98770a6d70217090cde4a,281,429,variation_neighborhood,20,0.8479709267110842,0.2126458273269236,57.0,88.0
Biological,56e98770a6d70217090cde4a,281,429,variation_edges,100,0.7634646215173967,0.0,281.0,429.0
Biological,56e98770a6d70217090cde4a,281,429,variation_edges,80,0.7767788941770961,0.6022068141028285,225.0,333.0
Biological,56e98770a6d70217090cde4a,281,429,variation_edges,60,0.8165882855921334,0.3386240219697356,169.0,242.0
Biological,56e98770a6d70217090cde4a,281,429,variation_edges,40,0.8336818625400809,0.2037411830388009,113.0,162.0
Biological,56e98770a6d70217090cde4a,281,429,variation_edges,20,0.8948681397006415,0.0891674570739269,57.0,84.0
Biological,56e98770a6d70217090cde46,283,437,variation_neighborhood,100,0.7423728813559322,0.0,283.0,437.0
Biological,56e98770a6d70217090cde46,283,437,variation_neighborhood,80,0.744470033742167,0.7329995920881629,228.0,360.0
Biological,56e98770a6d70217090cde46,283,437,variation_neighborhood,60,0.7349003272835465,0.5396474567241967,171.0,277.0
Biological,56e98770a6d70217090cde46,283,437,variation_neighborhood,40,0.7541459871686236,0.3042407152242958,114.0,184.0
Biological,56e98770a6d70217090cde46,283,437,variation_neighborhood,20,0.816333118140736,0.2130520967766642,57.0,91.0
Biological,56e98770a6d70217090cde46,283,437,variation_edges,100,0.743475493316359,0.0,283.0,437.0
Biological,56e98770a6d70217090cde46,283,437,variation_edges,80,0.7672821436613375,0.6155300047248602,227.0,346.0
Biological,56e98770a6d70217090cde46,283,437,variation_edges,60,0.7663707413309052,0.3633983517065644,170.0,269.0
Biological,56e98770a6d70217090cde46,283,437,variation_edges,40,0.7795156407669022,0.1849858490750193,114.0,179.0
Biological,56e98770a6d70217090cde46,283,437,variation_edges,20,0.8174791914387635,0.093379785772413,57.0,89.0
Biological,Binary_interactomes_various species_2012_A_thaliana_mustard_binary_lc,297,560,variation_neighborhood,100,0.6197255685112414,0.0,297.0,560.0
Biological,Binary_interactomes_various species_2012_A_thaliana_mustard_binary_lc,297,560,variation_neighborhood,80,0.597473540457494,0.832959792111069,239.0,388.0
Biological,Binary_interactomes_various species_2012_A_thaliana_mustard_binary_lc,297,560,variation_neighborhood,60,0.6935260648931263,0.5196813009679317,180.0,267.0
Biological,Binary_interactomes_various species_2012_A_thaliana_mustard_binary_lc,297,560,variation_neighborhood,40,0.83019286189315,0.3462178078480065,120.0,200.0
Biological,Binary_interactomes_various species_2012_A_thaliana_mustard_binary_lc,297,560,variation_neighborhood,20,0.8610235265583313,0.228837511036545,60.0,109.0
Biological,Binary_interactomes_various species_2012_A_thaliana_mustard_binary_lc,297,560,variation_edges,100,0.6203649964532146,0.0,297.0,560.0
Biological,Binary_interactomes_various species_2012_A_thaliana_mustard_binary_lc,297,560,variation_edges,80,0.6311939092339756,0.7370994170196354,238.0,444.0
Biological,Binary_interactomes_various species_2012_A_thaliana_mustard_binary_lc,297,560,variation_edges,60,0.6558125380401704,0.4062838875688612,179.0,268.0
Biological,Binary_interactomes_various species_2012_A_thaliana_mustard_binary_lc,297,560,variation_edges,40,0.5463264257578353,0.1929298061877489,119.0,134.0
Biological,Binary_interactomes_various species_2012_A_thaliana_mustard_binary_lc,297,560,variation_edges,20,0.3744680851063829,0.1114594331011176,62.0,62.0
Biological,56e98770a6d70217090cde4d,305,465,variation_neighborhood,100,0.8188077906747984,0.0,305.0,465.0
Biological,56e98770a6d70217090cde4d,305,465,variation_neighborhood,80,0.8362863217576186,0.8459764779545367,245.0,378.0
Biological,56e98770a6d70217090cde4d,305,465,variation_neighborhood,60,0.836056257991192,0.4873511889018118,183.0,284.0
Biological,56e98770a6d70217090cde4d,305,465,variation_neighborhood,40,0.8784414372375174,0.3175401668995619,122.0,189.0
Biological,56e98770a6d70217090cde4d,305,465,variation_neighborhood,20,0.8994297563504406,0.2477442570962011,62.0,99.0
Biological,56e98770a6d70217090cde4d,305,465,variation_edges,100,0.8215230350163831,0.0,305.0,465.0
Biological,56e98770a6d70217090cde4d,305,465,variation_edges,80,0.8398027696181284,0.7097992389462888,244.0,363.0
Biological,56e98770a6d70217090cde4d,305,465,variation_edges,60,0.8552049542907696,0.4168038270436227,183.0,276.0
Biological,56e98770a6d70217090cde4d,305,465,variation_edges,40,0.8879730236043462,0.2071708021685481,122.0,178.0
Biological,56e98770a6d70217090cde4d,305,465,variation_edges,20,0.8956948858711354,0.1040377598255872,61.0,91.0
Biological,56e98770a6d70217090cde08,318,381,variation_neighborhood,100,0.8489065606361829,0.0,318.0,381.0
Biological,56e98770a6d70217090cde08,318,381,variation_neighborhood,80,0.8911686545948952,0.7615088121965528,256.0,319.0
Biological,56e98770a6d70217090cde08,318,381,variation_neighborhood,60,0.9240506329113924,0.5123339579440653,191.0,244.0
Biological,56e98770a6d70217090cde08,318,381,variation_neighborhood,40,0.910904712762298,0.3967004329897463,128.0,160.0
Biological,56e98770a6d70217090cde08,318,381,variation_neighborhood,20,0.9676331759946054,0.2627420607022941,64.0,78.0
Biological,56e98770a6d70217090cde08,318,381,variation_edges,100,0.8585503166783954,0.0,318.0,381.0
Biological,56e98770a6d70217090cde08,318,381,variation_edges,80,0.8928571428571429,0.5386387528851628,255.0,312.0
Biological,56e98770a6d70217090cde08,318,381,variation_edges,60,0.9187996469549868,0.3690257067792117,192.0,236.0
Biological,56e98770a6d70217090cde08,318,381,variation_edges,40,0.9557894736842104,0.219151081983,128.0,160.0
Biological,56e98770a6d70217090cde08,318,381,variation_edges,20,0.974987739087788,0.0944706662558019,64.0,76.0
Social,Norwegian_Board_of_Directors_net1mode_2003-05-01,338,1356,variation_neighborhood,100,0.3574832552127534,0.0,338.0,1356.0
Social,Norwegian_Board_of_Directors_net1mode_2003-05-01,338,1356,variation_neighborhood,80,0.3588406414076912,1.3494766200892627,271.0,1044.0
Social,Norwegian_Board_of_Directors_net1mode_2003-05-01,338,1356,variation_neighborhood,60,0.3977179219924296,0.8546528299339116,203.0,719.0
Social,Norwegian_Board_of_Directors_net1mode_2003-05-01,338,1356,variation_neighborhood,40,0.4845694238886148,0.4676758642308414,137.0,391.0
Social,Norwegian_Board_of_Directors_net1mode_2003-05-01,338,1356,variation_neighborhood,20,0.7097541633624108,0.2072949260473251,68.0,128.0
Social,Norwegian_Board_of_Directors_net1mode_2003-05-01,338,1356,variation_edges,100,0.3583628915094957,0.0,338.0,1356.0
Social,Norwegian_Board_of_Directors_net1mode_2003-05-01,338,1356,variation_edges,80,0.4076520614912227,1.2242530090734365,271.0,912.0
Social,Norwegian_Board_of_Directors_net1mode_2003-05-01,338,1356,variation_edges,60,0.5170853134193256,0.6146168578416109,203.0,514.0
Social,Norwegian_Board_of_Directors_net1mode_2003-05-01,338,1356,variation_edges,40,0.6333277112497891,0.3139951499179005,136.0,254.0
Social,Norwegian_Board_of_Directors_net1mode_2003-05-01,338,1356,variation_edges,20,0.8516559977734484,0.1231424328871071,68.0,91.0
Social,Norwegian_Board_of_Directors_net1mode_2003-04-01,340,1366,variation_neighborhood,100,0.3542996207168839,0.0,340.0,1366.0
Social,Norwegian_Board_of_Directors_net1mode_2003-04-01,340,1366,variation_neighborhood,80,0.3660616505987324,1.4364476189948618,273.0,1034.0
Social,Norwegian_Board_of_Directors_net1mode_2003-04-01,340,1366,variation_neighborhood,60,0.3911642890013806,0.7733553508296609,204.0,728.0
Social,Norwegian_Board_of_Directors_net1mode_2003-04-01,340,1366,variation_neighborhood,40,0.4709110867178924,0.4266336830332875,136.0,389.0
Social,Norwegian_Board_of_Directors_net1mode_2003-04-01,340,1366,variation_neighborhood,20,0.7128554265118142,0.2009020871482789,68.0,127.0
Social,Norwegian_Board_of_Directors_net1mode_2003-04-01,340,1366,variation_edges,100,0.3548508381843875,0.0,340.0,1366.0
Social,Norwegian_Board_of_Directors_net1mode_2003-04-01,340,1366,variation_edges,80,0.400928424059673,1.1794970510527492,272.0,920.0
Social,Norwegian_Board_of_Directors_net1mode_2003-04-01,340,1366,variation_edges,60,0.5063291139240507,0.645436923019588,204.0,516.0
Social,Norwegian_Board_of_Directors_net1mode_2003-04-01,340,1366,variation_edges,40,0.6131238915632126,0.3474155673757195,136.0,250.0
Social,Norwegian_Board_of_Directors_net1mode_2003-04-01,340,1366,variation_edges,20,0.8583690987124464,0.1086500170640647,68.0,91.0
Social,Norwegian_Board_of_Directors_net1mode_2002-12-01,342,1324,variation_neighborhood,100,0.3756879636276621,0.0,342.0,1324.0
Social,Norwegian_Board_of_Directors_net1mode_2002-12-01,342,1324,variation_neighborhood,80,0.3984903171433282,1.4106191089376807,275.0,1001.0
Social,Norwegian_Board_of_Directors_net1mode_2002-12-01,342,1324,variation_neighborhood,60,0.3904555314533622,0.8232811060734093,206.0,777.0
Social,Norwegian_Board_of_Directors_net1mode_2002-12-01,342,1324,variation_neighborhood,40,0.4750989789539487,0.5017002839595079,138.0,411.0
Social,Norwegian_Board_of_Directors_net1mode_2002-12-01,342,1324,variation_neighborhood,20,0.7105004906771345,0.2011960563249886,69.0,128.0
Social,Norwegian_Board_of_Directors_net1mode_2002-12-01,342,1324,variation_edges,100,0.3749154251296814,0.0,342.0,1324.0
Social,Norwegian_Board_of_Directors_net1mode_2002-12-01,342,1324,variation_edges,80,0.4245198527216638,1.284761117771268,274.0,921.0
Social,Norwegian_Board_of_Directors_net1mode_2002-12-01,342,1324,variation_edges,60,0.5356603203384709,0.6431530402041972,206.0,510.0
Social,Norwegian_Board_of_Directors_net1mode_2002-12-01,342,1324,variation_edges,40,0.6975324788560466,0.309862005058676,137.0,245.0
Social,Norwegian_Board_of_Directors_net1mode_2002-12-01,342,1324,variation_edges,20,0.8616334549536907,0.1264685401692986,69.0,91.0
Biological,C_elegans_interactomes_2009_BPmaps_scaffold,345,400,variation_neighborhood,100,0.7384804617276941,0.0,345.0,400.0
Biological,C_elegans_interactomes_2009_BPmaps_scaffold,345,400,variation_neighborhood,80,0.7502673161458951,0.8195459395647049,277.0,330.0
Biological,C_elegans_interactomes_2009_BPmaps_scaffold,345,400,variation_neighborhood,60,0.8147121187408253,0.5295633338391781,207.0,252.0
Biological,C_elegans_interactomes_2009_BPmaps_scaffold,345,400,variation_neighborhood,40,0.9532980259990372,0.3996731671504676,139.0,183.0
Biological,C_elegans_interactomes_2009_BPmaps_scaffold,345,400,variation_neighborhood,20,0.959221501390176,0.248468198813498,69.0,108.0
Biological,C_elegans_interactomes_2009_BPmaps_scaffold,345,400,variation_edges,100,0.7361124210129208,0.0,345.0,400.0
Biological,C_elegans_interactomes_2009_BPmaps_scaffold,345,400,variation_edges,80,0.7353028239891066,0.616624750662595,276.0,329.0
Biological,C_elegans_interactomes_2009_BPmaps_scaffold,345,400,variation_edges,60,0.7089552238805971,0.4861171930097043,208.0,257.0
Biological,C_elegans_interactomes_2009_BPmaps_scaffold,345,400,variation_edges,40,0.6679561573178594,0.269827215000987,138.0,172.0
Biological,C_elegans_interactomes_2009_BPmaps_scaffold,345,400,variation_edges,20,0.625,0.1474844571202993,69.0,92.0
Biological,56e98770a6d70217090cde04,359,443,variation_neighborhood,100,0.9047420965058236,0.0,359.0,443.0
Biological,56e98770a6d70217090cde04,359,443,variation_neighborhood,80,0.9614006347906214,0.9287707470357418,288.0,372.0
Biological,56e98770a6d70217090cde04,359,443,variation_neighborhood,60,0.97050704634607,0.5310405273921788,216.0,276.0
Biological,56e98770a6d70217090cde04,359,443,variation_neighborhood,40,0.948432760364004,0.3994057541713118,144.0,185.0
Biological,56e98770a6d70217090cde04,359,443,variation_neighborhood,20,0.9248185776487664,0.3499811980873346,74.0,97.0
Biological,56e98770a6d70217090cde04,359,443,variation_edges,100,0.9046668330421762,0.0,359.0,443.0
Biological,56e98770a6d70217090cde04,359,443,variation_edges,80,0.9476362094551622,0.7462813728488982,288.0,362.0
Biological,56e98770a6d70217090cde04,359,443,variation_edges,60,0.9681017175998214,0.4468981479294598,216.0,275.0
Biological,56e98770a6d70217090cde04,359,443,variation_edges,40,0.9923389992817812,0.2640645741485059,144.0,184.0
Biological,56e98770a6d70217090cde04,359,443,variation_edges,20,0.9189944134078212,0.1163655361160636,72.0,91.0
Economic,Norwegian_Board_of_Directors_net2mode_2002-10-01,388,394,variation_neighborhood,100,0.5638011266225814,0.0,388.0,394.0
Economic,Norwegian_Board_of_Directors_net2mode_2002-10-01,388,394,variation_neighborhood,80,0.644978605587717,0.8881580349989235,312.0,318.0
Economic,Norwegian_Board_of_Directors_net2mode_2002-10-01,388,394,variation_neighborhood,60,0.6855624446412755,0.5646686558611691,233.0,238.0
Economic,Norwegian_Board_of_Directors_net2mode_2002-10-01,388,394,variation_neighborhood,40,0.8170482420278005,0.3394412212073803,156.0,160.0
Economic,Norwegian_Board_of_Directors_net2mode_2002-10-01,388,394,variation_neighborhood,20,0.9440993788819876,0.2838826579973101,79.0,82.0
Economic,Norwegian_Board_of_Directors_net2mode_2002-10-01,388,394,variation_edges,100,0.5570073557878435,0.0,388.0,394.0
Economic,Norwegian_Board_of_Directors_net2mode_2002-10-01,388,394,variation_edges,80,0.6375031653583186,0.7785138478502631,311.0,315.0
Economic,Norwegian_Board_of_Directors_net2mode_2002-10-01,388,394,variation_edges,60,0.5863105765829502,0.4408399611711502,233.0,237.0
Economic,Norwegian_Board_of_Directors_net2mode_2002-10-01,388,394,variation_edges,40,0.5741025282860734,0.2785058841109276,156.0,160.0
Economic,Norwegian_Board_of_Directors_net2mode_2002-10-01,388,394,variation_edges,20,0.5641702408446057,0.1488380231894552,78.0,79.0
Social,Norwegian_Board_of_Directors_net1mode_2003-09-01,389,1628,variation_neighborhood,100,0.3728195671986604,0.0,389.0,1628.0
Social,Norwegian_Board_of_Directors_net1mode_2003-09-01,389,1628,variation_neighborhood,80,0.3941668012864758,1.754726564977318,313.0,1221.0
Social,Norwegian_Board_of_Directors_net1mode_2003-09-01,389,1628,variation_neighborhood,60,0.4282907662082514,1.0662195212207737,234.0,823.0
Social,Norwegian_Board_of_Directors_net1mode_2003-09-01,389,1628,variation_neighborhood,40,0.4896188410288193,0.5609606211073697,156.0,468.0
Social,Norwegian_Board_of_Directors_net1mode_2003-09-01,389,1628,variation_neighborhood,20,0.7743988684582743,0.2542445547878742,78.0,138.0
Social,Norwegian_Board_of_Directors_net1mode_2003-09-01,389,1628,variation_edges,100,0.370917065558906,0.0,389.0,1628.0
Social,Norwegian_Board_of_Directors_net1mode_2003-09-01,389,1628,variation_edges,80,0.4286955523861047,1.6085444991476834,312.0,1086.0
Social,Norwegian_Board_of_Directors_net1mode_2003-09-01,389,1628,variation_edges,60,0.5411194933407842,0.8220317629165947,233.0,607.0
Social,Norwegian_Board_of_Directors_net1mode_2003-09-01,389,1628,variation_edges,40,0.6870661566794164,0.3918256917968392,156.0,291.0
Social,Norwegian_Board_of_Directors_net1mode_2003-09-01,389,1628,variation_edges,20,0.8558352402745996,0.1585694481618702,78.0,109.0
Social,Norwegian_Board_of_Directors_net1mode_2004-03-01,395,1695,variation_neighborhood,100,0.3726499552372426,0.0,395.0,1695.0
Social,Norwegian_Board_of_Directors_net1mode_2004-03-01,395,1695,variation_neighborhood,80,0.3959178481066335,1.8479993855580688,317.0,1275.0
Social,Norwegian_Board_of_Directors_net1mode_2004-03-01,395,1695,variation_neighborhood,60,0.4272772344165502,1.0797739438712597,237.0,844.0
Social,Norwegian_Board_of_Directors_net1mode_2004-03-01,395,1695,variation_neighborhood,40,0.4760704231270221,0.6244811159558594,158.0,497.0
Social,Norwegian_Board_of_Directors_net1mode_2004-03-01,395,1695,variation_neighborhood,20,0.7322872087494056,0.2513743229210377,79.0,147.0
Social,Norwegian_Board_of_Directors_net1mode_2004-03-01,395,1695,variation_edges,100,0.3716970410358404,0.0,395.0,1695.0
Social,Norwegian_Board_of_Directors_net1mode_2004-03-01,395,1695,variation_edges,80,0.4020292064981526,1.6836190451867878,316.0,1219.0
Social,Norwegian_Board_of_Directors_net1mode_2004-03-01,395,1695,variation_edges,60,0.5306061953460798,0.8706112611107528,237.0,634.0
Social,Norwegian_Board_of_Directors_net1mode_2004-03-01,395,1695,variation_edges,40,0.6724731618391736,0.3911880450323224,158.0,305.0
Social,Norwegian_Board_of_Directors_net1mode_2004-03-01,395,1695,variation_edges,20,0.8731393023772495,0.1536910003051161,79.0,111.0
Economic,Norwegian_Board_of_Directors_net2mode_2003-06-01,397,402,variation_neighborhood,100,0.5535722785472892,0.0,397.0,402.0
Economic,Norwegian_Board_of_Directors_net2mode_2003-06-01,397,402,variation_neighborhood,80,0.6072423398328691,0.8346918788738549,318.0,322.0
Economic,Norwegian_Board_of_Directors_net2mode_2003-06-01,397,402,variation_neighborhood,60,0.6625258799171843,0.5670694028958678,239.0,242.0
Economic,Norwegian_Board_of_Directors_net2mode_2003-06-01,397,402,variation_neighborhood,40,0.7991831177671885,0.3682331210002303,159.0,162.0
Economic,Norwegian_Board_of_Directors_net2mode_2003-06-01,397,402,variation_neighborhood,20,1.0058086212167532,0.2887651659548282,81.0,84.0
Economic,Norwegian_Board_of_Directors_net2mode_2003-06-01,397,402,variation_edges,100,0.5536776957867174,0.0,397.0,402.0
Economic,Norwegian_Board_of_Directors_net2mode_2003-06-01,397,402,variation_edges,80,0.5990190067443286,0.7902119169011712,318.0,323.0
Economic,Norwegian_Board_of_Directors_net2mode_2003-06-01,397,402,variation_edges,60,0.5507819212923183,0.4886902798898518,239.0,243.0
Economic,Norwegian_Board_of_Directors_net2mode_2003-06-01,397,402,variation_edges,40,0.517718715393134,0.3605692898854613,159.0,162.0
Economic,Norwegian_Board_of_Directors_net2mode_2003-06-01,397,402,variation_edges,20,0.5384615384615384,0.1557663311250507,80.0,82.0
Economic,Norwegian_Board_of_Directors_net2mode_2003-05-01,402,405,variation_neighborhood,100,0.5392436335993919,0.0,402.0,405.0
Economic,Norwegian_Board_of_Directors_net2mode_2003-05-01,402,405,variation_neighborhood,80,0.6205783790492739,0.9742804090492428,322.0,324.0
Economic,Norwegian_Board_of_Directors_net2mode_2003-05-01,402,405,variation_neighborhood,60,0.6537194381827639,0.5571096390485764,242.0,244.0
Economic,Norwegian_Board_of_Directors_net2mode_2003-05-01,402,405,variation_neighborhood,40,0.7860932700363027,0.386838361620903,161.0,163.0
Economic,Norwegian_Board_of_Directors_net2mode_2003-05-01,402,405,variation_neighborhood,20,0.965090587715422,0.2646523742005229,81.0,83.0
Economic,Norwegian_Board_of_Directors_net2mode_2003-05-01,402,405,variation_edges,100,0.5324888576120104,0.0,402.0,405.0
Economic,Norwegian_Board_of_Directors_net2mode_2003-05-01,402,405,variation_edges,80,0.6198094772838301,0.7490407931618392,322.0,325.0
Economic,Norwegian_Board_of_Directors_net2mode_2003-05-01,402,405,variation_edges,60,0.5641289437585734,0.492586568929255,242.0,244.0
Economic,Norwegian_Board_of_Directors_net2mode_2003-05-01,402,405,variation_edges,40,0.5122525266509761,0.2562661739066243,161.0,163.0
Economic,Norwegian_Board_of_Directors_net2mode_2003-05-01,402,405,variation_edges,20,0.5347264904732637,0.1590537913143634,83.0,84.0
Economic,Norwegian_Board_of_Directors_net2mode_2003-02-01,402,404,variation_neighborhood,100,0.5362820938730958,0.0,402.0,404.0
Economic,Norwegian_Board_of_Directors_net2mode_2003-02-01,402,404,variation_neighborhood,80,0.5898549837851068,0.8892030916176736,322.0,324.0
Economic,Norwegian_Board_of_Directors_net2mode_2003-02-01,402,404,variation_neighborhood,60,0.6311332503113325,0.6270367382094264,242.0,243.0
Economic,Norwegian_Board_of_Directors_net2mode_2003-02-01,402,404,variation_neighborhood,40,0.7636313693174014,0.3381342850625515,161.0,162.0
Economic,Norwegian_Board_of_Directors_net2mode_2003-02-01,402,404,variation_neighborhood,20,0.944055944055944,0.2711478266865015,81.0,81.0
Economic,Norwegian_Board_of_Directors_net2mode_2003-02-01,402,404,variation_edges,100,0.5411099937748407,0.0,402.0,404.0
Economic,Norwegian_Board_of_Directors_net2mode_2003-02-01,402,404,variation_edges,80,0.5928707751031214,0.7846354669891298,322.0,324.0
Economic,Norwegian_Board_of_Directors_net2mode_2003-02-01,402,404,variation_edges,60,0.6174542945843394,0.5592267890460789,242.0,243.0
Economic,Norwegian_Board_of_Directors_net2mode_2003-02-01,402,404,variation_edges,40,0.5656395103419164,0.2858862709254026,161.0,162.0
Economic,Norwegian_Board_of_Directors_net2mode_2003-02-01,402,404,variation_edges,20,0.6089139987445071,0.1726237786933779,81.0,81.0
Social,Norwegian_Board_of_Directors_net1mode_2005-10-01,403,1533,variation_neighborhood,100,0.4669290816213706,0.0,403.0,1533.0
Social,Norwegian_Board_of_Directors_net1mode_2005-10-01,403,1533,variation_neighborhood,80,0.4958313047711781,1.9477120619267223,324.0,1164.0
Social,Norwegian_Board_of_Directors_net1mode_2005-10-01,403,1533,variation_neighborhood,60,0.5294006428436377,1.1093271640129387,242.0,797.0
Social,Norwegian_Board_of_Directors_net1mode_2005-10-01,403,1533,variation_neighborhood,40,0.5798705024178347,0.6196598801761866,162.0,506.0
Social,Norwegian_Board_of_Directors_net1mode_2005-10-01,403,1533,variation_neighborhood,20,0.7955816554809843,0.2840031841769814,81.0,173.0
Social,Norwegian_Board_of_Directors_net1mode_2005-10-01,403,1533,variation_edges,100,0.4694360764348203,0.0,403.0,1533.0
Social,Norwegian_Board_of_Directors_net1mode_2005-10-01,403,1533,variation_edges,80,0.5441308398316197,1.6132159158587456,323.0,1021.0
Social,Norwegian_Board_of_Directors_net1mode_2005-10-01,403,1533,variation_edges,60,0.6342726580350343,0.9150820230133832,242.0,608.0
Social,Norwegian_Board_of_Directors_net1mode_2005-10-01,403,1533,variation_edges,40,0.8007607555089192,0.3980121910572052,162.0,312.0
Social,Norwegian_Board_of_Directors_net1mode_2005-10-01,403,1533,variation_edges,20,0.8819616042577456,0.16604720428586,81.0,127.0
Social,Norwegian_Board_of_Directors_net1mode_2005-08-01,437,1658,variation_neighborhood,100,0.4398412602970356,0.0,437.0,1658.0
Social,Norwegian_Board_of_Directors_net1mode_2005-08-01,437,1658,variation_neighborhood,80,0.4444215567628807,2.2320040888153017,350.0,1369.0
Social,Norwegian_Board_of_Directors_net1mode_2005-08-01,437,1658,variation_neighborhood,60,0.4881027499033158,1.3003359897993505,263.0,914.0
Social,Norwegian_Board_of_Directors_net1mode_2005-08-01,437,1658,variation_neighborhood,40,0.5224848659556068,0.7051618960686028,175.0,564.0
Social,Norwegian_Board_of_Directors_net1mode_2005-08-01,437,1658,variation_neighborhood,20,0.7684478371501272,0.3197571821510792,89.0,185.0
Social,Norwegian_Board_of_Directors_net1mode_2005-08-01,437,1658,variation_edges,100,0.442029569351005,0.0,437.0,1658.0
Social,Norwegian_Board_of_Directors_net1mode_2005-08-01,437,1658,variation_edges,80,0.5043285375396654,2.009101277217269,350.0,1123.0
Social,Norwegian_Board_of_Directors_net1mode_2005-08-01,437,1658,variation_edges,60,0.6127368539073887,1.028874692041427,263.0,650.0
Social,Norwegian_Board_of_Directors_net1mode_2005-08-01,437,1658,variation_edges,40,0.7516057312252964,0.4626225586980581,175.0,326.0
Social,Norwegian_Board_of_Directors_net1mode_2005-08-01,437,1658,variation_edges,20,0.931442928930366,0.1767196599394083,88.0,134.0
Social,Norwegian_Board_of_Directors_net1mode_2004-12-01,443,1892,variation_neighborhood,100,0.3803664689740639,0.0,443.0,1892.0
Social,Norwegian_Board_of_Directors_net1mode_2004-12-01,443,1892,variation_neighborhood,80,0.3949294768791287,2.2928812229074538,356.0,1485.0
Social,Norwegian_Board_of_Directors_net1mode_2004-12-01,443,1892,variation_neighborhood,60,0.449782101956015,1.4326844178140163,267.0,912.0
Social,Norwegian_Board_of_Directors_net1mode_2004-12-01,443,1892,variation_neighborhood,40,0.4816521830911585,0.684264135081321,178.0,576.0
Social,Norwegian_Board_of_Directors_net1mode_2004-12-01,443,1892,variation_neighborhood,20,0.7350555347560215,0.3043577042408287,89.0,189.0
Social,Norwegian_Board_of_Directors_net1mode_2004-12-01,443,1892,variation_edges,100,0.3798083722245792,0.0,443.0,1892.0
Social,Norwegian_Board_of_Directors_net1mode_2004-12-01,443,1892,variation_edges,80,0.45730572026009,1.9613301968201995,355.0,1215.0
Social,Norwegian_Board_of_Directors_net1mode_2004-12-01,443,1892,variation_edges,60,0.538988515011082,1.04842431191355,266.0,724.0
Social,Norwegian_Board_of_Directors_net1mode_2004-12-01,443,1892,variation_edges,40,0.6885171275748264,0.4713855059817433,178.0,353.0
Social,Norwegian_Board_of_Directors_net1mode_2004-12-01,443,1892,variation_edges,20,0.8043758043758044,0.2016377090476453,89.0,148.0
Social,Norwegian_Board_of_Directors_net1mode_2004-05-01,450,1818,variation_neighborhood,100,0.3582675368536351,0.0,450.0,1818.0
Social,Norwegian_Board_of_Directors_net1mode_2004-05-01,450,1818,variation_neighborhood,80,0.376311844077961,2.345655750017613,361.0,1392.0
Social,Norwegian_Board_of_Directors_net1mode_2004-05-01,450,1818,variation_neighborhood,60,0.3938743435427608,1.3116926937364042,270.0,961.0
Social,Norwegian_Board_of_Directors_net1mode_2004-05-01,450,1818,variation_neighborhood,40,0.4091436677843694,0.692103574052453,180.0,631.0
Social,Norwegian_Board_of_Directors_net1mode_2004-05-01,450,1818,variation_neighborhood,20,0.6924384027187765,0.3030549329705536,90.0,166.0
Social,Norwegian_Board_of_Directors_net1mode_2004-05-01,450,1818,variation_edges,100,0.360101654173968,0.0,450.0,1818.0
Social,Norwegian_Board_of_Directors_net1mode_2004-05-01,450,1818,variation_edges,80,0.4034825457464773,2.0146995931863785,360.0,1246.0
Social,Norwegian_Board_of_Directors_net1mode_2004-05-01,450,1818,variation_edges,60,0.5083449785113507,1.0579887800849974,270.0,689.0
Social,Norwegian_Board_of_Directors_net1mode_2004-05-01,450,1818,variation_edges,40,0.6511181725523113,0.4814806799404323,180.0,335.0
Social,Norwegian_Board_of_Directors_net1mode_2004-05-01,450,1818,variation_edges,20,0.774971297359357,0.172309183049947,90.0,125.0
Social,Norwegian_Board_of_Directors_net1mode_2005-04-01,454,1870,variation_neighborhood,100,0.3877514687555635,0.0,454.0,1870.0
Social,Norwegian_Board_of_Directors_net1mode_2005-04-01,454,1870,variation_neighborhood,80,0.3969564281099705,2.29761670390144,364.0,1452.0
Social,Norwegian_Board_of_Directors_net1mode_2005-04-01,454,1870,variation_neighborhood,60,0.4522007233630452,1.3318999959155915,273.0,929.0
Social,Norwegian_Board_of_Directors_net1mode_2005-04-01,454,1870,variation_neighborhood,40,0.4972164231036882,0.7559128808788955,182.0,575.0
Social,Norwegian_Board_of_Directors_net1mode_2005-04-01,454,1870,variation_neighborhood,20,0.7423156360102053,0.3681610198691487,93.0,191.0
Social,Norwegian_Board_of_Directors_net1mode_2005-04-01,454,1870,variation_edges,100,0.3885538944589146,0.0,454.0,1870.0
Social,Norwegian_Board_of_Directors_net1mode_2005-04-01,454,1870,variation_edges,80,0.4478692450124601,2.0564152793958783,364.0,1235.0
Social,Norwegian_Board_of_Directors_net1mode_2005-04-01,454,1870,variation_edges,60,0.5494029888744622,1.1611535232514143,273.0,712.0
Social,Norwegian_Board_of_Directors_net1mode_2005-04-01,454,1870,variation_edges,40,0.6918667347749589,0.5090098408982158,182.0,352.0
Social,Norwegian_Board_of_Directors_net1mode_2005-04-01,454,1870,variation_edges,20,0.8046191097038555,0.2010203110985458,91.0,141.0
Social,Norwegian_Board_of_Directors_net1mode_2005-03-01,455,1882,variation_neighborhood,100,0.3860222654179183,0.0,455.0,1882.0
Social,Norwegian_Board_of_Directors_net1mode_2005-03-01,455,1882,variation_neighborhood,80,0.3967040840697396,2.44182455400005,365.0,1460.0
Social,Norwegian_Board_of_Directors_net1mode_2005-03-01,455,1882,variation_neighborhood,60,0.4443313498277482,1.3190602050162852,273.0,936.0
Social,Norwegian_Board_of_Directors_net1mode_2005-03-01,455,1882,variation_neighborhood,40,0.493207427949591,0.8091225000098348,182.0,571.0
Social,Norwegian_Board_of_Directors_net1mode_2005-03-01,455,1882,variation_neighborhood,20,0.7464162135442411,0.37399234296754,93.0,189.0
Social,Norwegian_Board_of_Directors_net1mode_2005-03-01,455,1882,variation_edges,100,0.3871853952499113,0.0,455.0,1882.0
Social,Norwegian_Board_of_Directors_net1mode_2005-03-01,455,1882,variation_edges,80,0.4548612588086832,2.0707048512995243,364.0,1210.0
Social,Norwegian_Board_of_Directors_net1mode_2005-03-01,455,1882,variation_edges,60,0.5480323779463422,1.0965580302290618,273.0,711.0
Social,Norwegian_Board_of_Directors_net1mode_2005-03-01,455,1882,variation_edges,40,0.6906124298906577,0.4815799309872091,182.0,351.0
Social,Norwegian_Board_of_Directors_net1mode_2005-03-01,455,1882,variation_edges,20,0.8210455764075067,0.1931492178700864,91.0,143.0
Economic,Norwegian_Board_of_Directors_net2mode_2004-02-01,457,476,variation_neighborhood,100,0.5631558492032647,0.0,457.0,476.0
Economic,Norwegian_Board_of_Directors_net2mode_2004-02-01,457,476,variation_neighborhood,80,0.6217563331791789,1.006144255399704,366.0,374.0
Economic,Norwegian_Board_of_Directors_net2mode_2004-02-01,457,476,variation_neighborhood,60,0.6633136525985859,0.6916478821076453,275.0,282.0
Economic,Norwegian_Board_of_Directors_net2mode_2004-02-01,457,476,variation_neighborhood,40,0.8252539242843953,0.4568139053881168,183.0,189.0
Economic,Norwegian_Board_of_Directors_net2mode_2004-02-01,457,476,variation_neighborhood,20,0.968284789644013,0.3543135868385434,93.0,97.0
Economic,Norwegian_Board_of_Directors_net2mode_2004-02-01,457,476,variation_edges,100,0.564934305431011,0.0,457.0,476.0
Economic,Norwegian_Board_of_Directors_net2mode_2004-02-01,457,476,variation_edges,80,0.594276954522228,0.979932411108166,366.0,376.0
Economic,Norwegian_Board_of_Directors_net2mode_2004-02-01,457,476,variation_edges,60,0.5689879832054437,0.6293209218420088,275.0,283.0
Economic,Norwegian_Board_of_Directors_net2mode_2004-02-01,457,476,variation_edges,40,0.5234356412086605,0.3874584860168397,183.0,187.0
Economic,Norwegian_Board_of_Directors_net2mode_2004-02-01,457,476,variation_edges,20,0.5720094883090477,0.186611162032932,93.0,93.0
Economic,Norwegian_Board_of_Directors_net2mode_2003-12-01,463,479,variation_neighborhood,100,0.5556199976800835,0.0,463.0,479.0
Economic,Norwegian_Board_of_Directors_net2mode_2003-12-01,463,479,variation_neighborhood,80,0.6259495594044364,1.2587093510665,372.0,378.0
Economic,Norwegian_Board_of_Directors_net2mode_2003-12-01,463,479,variation_neighborhood,60,0.6781010276451006,0.6990899699740112,278.0,283.0
Economic,Norwegian_Board_of_Directors_net2mode_2003-12-01,463,479,variation_neighborhood,40,0.8220746507900161,0.4845274877734482,186.0,190.0
Economic,Norwegian_Board_of_Directors_net2mode_2003-12-01,463,479,variation_neighborhood,20,0.9817232375979112,0.313509379979223,93.0,95.0
Economic,Norwegian_Board_of_Directors_net2mode_2003-12-01,463,479,variation_edges,100,0.5656366856917929,0.0,463.0,479.0
Economic,Norwegian_Board_of_Directors_net2mode_2003-12-01,463,479,variation_edges,80,0.608974358974359,1.043286300264299,371.0,379.0
Economic,Norwegian_Board_of_Directors_net2mode_2003-12-01,463,479,variation_edges,60,0.5331796238922112,0.691361335106194,278.0,284.0
Economic,Norwegian_Board_of_Directors_net2mode_2003-12-01,463,479,variation_edges,40,0.4825614636935391,0.37737528514117,186.0,190.0
Economic,Norwegian_Board_of_Directors_net2mode_2003-12-01,463,479,variation_edges,20,0.5868561278863232,0.1940801260061562,97.0,99.0
Biological,56e9e0d8a6d70217090cdffd,464,1115,variation_neighborhood,100,0.7492368204766936,0.0,464.0,1115.0
Biological,56e9e0d8a6d70217090cdffd,464,1115,variation_neighborhood,80,0.734669562042393,2.043534317985177,372.0,890.0
Biological,56e9e0d8a6d70217090cdffd,464,1115,variation_neighborhood,60,0.730892742453436,1.4302459848113358,280.0,702.0
Biological,56e9e0d8a6d70217090cdffd,464,1115,variation_neighborhood,40,0.7149609607506741,0.8510905932635069,186.0,571.0
Biological,56e9e0d8a6d70217090cdffd,464,1115,variation_neighborhood,20,0.713678041402779,0.4698179480619728,94.0,249.0
Biological,56e9e0d8a6d70217090cdffd,464,1115,variation_edges,100,0.745941522860441,0.0,464.0,1115.0
Biological,56e9e0d8a6d70217090cdffd,464,1115,variation_edges,80,0.7442534758611054,2.0193951539695263,372.0,976.0
Biological,56e9e0d8a6d70217090cdffd,464,1115,variation_edges,60,0.7136520026832276,1.2307963659986854,279.0,838.0
Biological,56e9e0d8a6d70217090cdffd,464,1115,variation_edges,40,0.7224295545588387,0.6576622440479696,186.0,580.0
Biological,56e9e0d8a6d70217090cdffd,464,1115,variation_edges,20,0.6856952650411916,0.2664069957099855,93.0,289.0
Economic,Norwegian_Board_of_Directors_net2mode_2004-03-01,470,489,variation_neighborhood,100,0.5612859509110074,0.0,470.0,489.0
Economic,Norwegian_Board_of_Directors_net2mode_2004-03-01,470,489,variation_neighborhood,80,0.633589329021827,1.3580789491534233,377.0,385.0
Economic,Norwegian_Board_of_Directors_net2mode_2004-03-01,470,489,variation_neighborhood,60,0.6543227063900877,0.7478817896917462,282.0,289.0
Economic,Norwegian_Board_of_Directors_net2mode_2004-03-01,470,489,variation_neighborhood,40,0.8072634597005416,0.4644860201515257,188.0,194.0
Economic,Norwegian_Board_of_Directors_net2mode_2004-03-01,470,489,variation_neighborhood,20,0.9729315628192032,0.3397278329357505,94.0,98.0
Economic,Norwegian_Board_of_Directors_net2mode_2004-03-01,470,489,variation_edges,100,0.5616030735620927,0.0,470.0,489.0
Economic,Norwegian_Board_of_Directors_net2mode_2004-03-01,470,489,variation_edges,80,0.6078647188312988,1.188819581642747,376.0,386.0
Economic,Norwegian_Board_of_Directors_net2mode_2004-03-01,470,489,variation_edges,60,0.5569514237855947,0.6434746040031314,282.0,290.0
Economic,Norwegian_Board_of_Directors_net2mode_2004-03-01,470,489,variation_edges,40,0.5182252241760801,0.3814685940742492,188.0,191.0
Economic,Norwegian_Board_of_Directors_net2mode_2004-03-01,470,489,variation_edges,20,0.5623529411764706,0.1976709049195051,104.0,105.0
Social,Norwegian_Board_of_Directors_net1mode_2005-05-01,470,1840,variation_neighborhood,100,0.3977293076895526,0.0,470.0,1840.0
Social,Norwegian_Board_of_Directors_net1mode_2005-05-01,470,1840,variation_neighborhood,80,0.3957029227655669,2.564327387139201,377.0,1467.0
Social,Norwegian_Board_of_Directors_net1mode_2005-05-01,470,1840,variation_neighborhood,60,0.4267039979637474,1.4373028809204698,282.0,1005.0
Social,Norwegian_Board_of_Directors_net1mode_2005-05-01,470,1840,variation_neighborhood,40,0.4958846336983879,0.8739759353920817,189.0,581.0
Social,Norwegian_Board_of_Directors_net1mode_2005-05-01,470,1840,variation_neighborhood,20,0.7412382464281353,0.3780328081920743,95.0,189.0
Social,Norwegian_Board_of_Directors_net1mode_2005-05-01,470,1840,variation_edges,100,0.3973415151216982,0.0,470.0,1840.0
Social,Norwegian_Board_of_Directors_net1mode_2005-05-01,470,1840,variation_edges,80,0.4615639130914304,2.2216070191934705,376.0,1240.0
Social,Norwegian_Board_of_Directors_net1mode_2005-05-01,470,1840,variation_edges,60,0.5623371980182849,1.1514453771524131,282.0,705.0
Social,Norwegian_Board_of_Directors_net1mode_2005-05-01,470,1840,variation_edges,40,0.6725562838415503,0.5388965122401714,188.0,347.0
Social,Norwegian_Board_of_Directors_net1mode_2005-05-01,470,1840,variation_edges,20,0.8195592286501377,0.2003046390600502,94.0,138.0
Social,Norwegian_Board_of_Directors_net1mode_2006-01-01,473,1743,variation_neighborhood,100,0.4528241606449855,0.0,473.0,1743.0
Social,Norwegian_Board_of_Directors_net1mode_2006-01-01,473,1743,variation_neighborhood,80,0.4653905015178504,2.486596337985248,379.0,1369.0
Social,Norwegian_Board_of_Directors_net1mode_2006-01-01,473,1743,variation_neighborhood,60,0.5008707503596578,1.466581909917295,284.0,960.0
Social,Norwegian_Board_of_Directors_net1mode_2006-01-01,473,1743,variation_neighborhood,40,0.5640831497797357,0.7559008547104895,190.0,577.0
Social,Norwegian_Board_of_Directors_net1mode_2006-01-01,473,1743,variation_neighborhood,20,0.8347082187595478,0.3565222788602114,96.0,191.0
Social,Norwegian_Board_of_Directors_net1mode_2006-01-01,473,1743,variation_edges,100,0.4535999021075123,0.0,473.0,1743.0
Social,Norwegian_Board_of_Directors_net1mode_2006-01-01,473,1743,variation_edges,80,0.5218835596479982,2.297191883902997,379.0,1171.0
Social,Norwegian_Board_of_Directors_net1mode_2006-01-01,473,1743,variation_edges,60,0.62152133580705,1.1740365461446345,284.0,698.0
Social,Norwegian_Board_of_Directors_net1mode_2006-01-01,473,1743,variation_edges,40,0.7562139369729249,0.5751651711761951,190.0,358.0
Social,Norwegian_Board_of_Directors_net1mode_2006-01-01,473,1743,variation_edges,20,0.90302066772655,0.2002100432291627,95.0,149.0
Economic,Norwegian_Board_of_Directors_net2mode_2005-09-01,479,512,variation_neighborhood,100,0.6333226232551498,0.0,479.0,512.0
Economic,Norwegian_Board_of_Directors_net2mode_2005-09-01,479,512,variation_neighborhood,80,0.6664499349804942,1.2813877062872052,385.0,409.0
Economic,Norwegian_Board_of_Directors_net2mode_2005-09-01,479,512,variation_neighborhood,60,0.7052748545656579,0.8126066271215677,288.0,306.0
Economic,Norwegian_Board_of_Directors_net2mode_2005-09-01,479,512,variation_neighborhood,40,0.8613212304589006,0.504903435241431,192.0,210.0
Economic,Norwegian_Board_of_Directors_net2mode_2005-09-01,479,512,variation_neighborhood,20,0.9866962305986696,0.3535339711233973,96.0,109.0
Economic,Norwegian_Board_of_Directors_net2mode_2005-09-01,479,512,variation_edges,100,0.6319014034337821,0.0,479.0,512.0
Economic,Norwegian_Board_of_Directors_net2mode_2005-09-01,479,512,variation_edges,80,0.6624575501028365,1.116834880784154,384.0,402.0
Economic,Norwegian_Board_of_Directors_net2mode_2005-09-01,479,512,variation_edges,60,0.6716072255673924,0.732336298096925,288.0,303.0
Economic,Norwegian_Board_of_Directors_net2mode_2005-09-01,479,512,variation_edges,40,0.6231732776617954,0.392004651017487,192.0,205.0
Economic,Norwegian_Board_of_Directors_net2mode_2005-09-01,479,512,variation_edges,20,0.6567992599444958,0.1982225691899657,96.0,105.0
Economic,Norwegian_Board_of_Directors_net2mode_2003-11-01,480,496,variation_neighborhood,100,0.5608197443807844,0.0,480.0,496.0
Economic,Norwegian_Board_of_Directors_net2mode_2003-11-01,480,496,variation_neighborhood,80,0.6340597574203727,1.3641573111526668,385.0,391.0
Economic,Norwegian_Board_of_Directors_net2mode_2003-11-01,480,496,variation_neighborhood,60,0.6602363809265045,0.8546659839339554,288.0,294.0
Economic,Norwegian_Board_of_Directors_net2mode_2003-11-01,480,496,variation_neighborhood,40,0.8444592790387183,0.5448904638178647,192.0,197.0
Economic,Norwegian_Board_of_Directors_net2mode_2003-11-01,480,496,variation_neighborhood,20,0.9905719673161534,0.3155706156976521,96.0,99.0
Economic,Norwegian_Board_of_Directors_net2mode_2003-11-01,480,496,variation_edges,100,0.5715248147316415,0.0,480.0,496.0
Economic,Norwegian_Board_of_Directors_net2mode_2003-11-01,480,496,variation_edges,80,0.6046511627906976,1.0109232342801988,384.0,392.0
Economic,Norwegian_Board_of_Directors_net2mode_2003-11-01,480,496,variation_edges,60,0.5454421490420672,0.7252726661972702,288.0,295.0
Economic,Norwegian_Board_of_Directors_net2mode_2003-11-01,480,496,variation_edges,40,0.5179680567879326,0.3909575780853629,193.0,197.0
Economic,Norwegian_Board_of_Directors_net2mode_2003-11-01,480,496,variation_edges,20,0.547945205479452,0.2570382799021899,96.0,99.0
Economic,Norwegian_Board_of_Directors_net2mode_2005-10-01,492,531,variation_neighborhood,100,0.6505409689201296,0.0,492.0,531.0
Economic,Norwegian_Board_of_Directors_net2mode_2005-10-01,492,531,variation_neighborhood,80,0.6908665105386417,1.1633454472757876,394.0,419.0
Economic,Norwegian_Board_of_Directors_net2mode_2005-10-01,492,531,variation_neighborhood,60,0.7453494218200101,0.9152652299962938,297.0,319.0
Economic,Norwegian_Board_of_Directors_net2mode_2005-10-01,492,531,variation_neighborhood,40,0.9090909090909092,0.5454773311503232,197.0,219.0
Economic,Norwegian_Board_of_Directors_net2mode_2005-10-01,492,531,variation_neighborhood,20,0.9873521011831906,0.3939168592914939,100.0,117.0
Economic,Norwegian_Board_of_Directors_net2mode_2005-10-01,492,531,variation_edges,100,0.6422861030787549,0.0,492.0,531.0
Economic,Norwegian_Board_of_Directors_net2mode_2005-10-01,492,531,variation_edges,80,0.7084381431511548,1.0993856978602707,394.0,414.0
Economic,Norwegian_Board_of_Directors_net2mode_2005-10-01,492,531,variation_edges,60,0.7067295437165434,0.6841080388985574,296.0,313.0
Economic,Norwegian_Board_of_Directors_net2mode_2005-10-01,492,531,variation_edges,40,0.6914460285132383,0.3789215548895299,197.0,210.0
Economic,Norwegian_Board_of_Directors_net2mode_2005-10-01,492,531,variation_edges,20,0.7235955056179775,0.2190995318815112,99.0,108.0
Social,Norwegian_Board_of_Directors_net1mode_2006-05-01,494,1789,variation_neighborhood,100,0.4307090677022513,0.0,494.0,1789.0
Social,Norwegian_Board_of_Directors_net1mode_2006-05-01,494,1789,variation_neighborhood,80,0.4293855702452642,2.700519140344113,397.0,1476.0
Social,Norwegian_Board_of_Directors_net1mode_2006-05-01,494,1789,variation_neighborhood,60,0.4838559250900001,1.5465527102351189,297.0,961.0
Social,Norwegian_Board_of_Directors_net1mode_2006-05-01,494,1789,variation_neighborhood,40,0.5603691180614258,0.7802286841906607,198.0,555.0
Social,Norwegian_Board_of_Directors_net1mode_2006-05-01,494,1789,variation_neighborhood,20,0.8071597433299561,0.3817184092476964,100.0,202.0
Social,Norwegian_Board_of_Directors_net1mode_2006-05-01,494,1789,variation_edges,100,0.430191135784163,0.0,494.0,1789.0
Social,Norwegian_Board_of_Directors_net1mode_2006-05-01,494,1789,variation_edges,80,0.4917805560945859,2.366725188214332,396.0,1215.0
Social,Norwegian_Board_of_Directors_net1mode_2006-05-01,494,1789,variation_edges,60,0.5986168604218823,1.2419452108442783,297.0,723.0
Social,Norwegian_Board_of_Directors_net1mode_2006-05-01,494,1789,variation_edges,40,0.7223953107672809,0.5622363244183362,198.0,370.0
Social,Norwegian_Board_of_Directors_net1mode_2006-05-01,494,1789,variation_edges,20,0.8851139919535091,0.2271743738092482,99.0,154.0
Economic,Norwegian_Board_of_Directors_net2mode_2004-04-01,529,551,variation_neighborhood,100,0.5702614379084967,0.0,529.0,551.0
Economic,Norwegian_Board_of_Directors_net2mode_2004-04-01,529,551,variation_neighborhood,80,0.6371934074490635,1.2381795160472393,424.0,435.0
Economic,Norwegian_Board_of_Directors_net2mode_2004-04-01,529,551,variation_neighborhood,60,0.7103858286823587,0.9609307888895272,318.0,327.0
Economic,Norwegian_Board_of_Directors_net2mode_2004-04-01,529,551,variation_neighborhood,40,0.834379526798648,0.5395326786674559,212.0,220.0
Economic,Norwegian_Board_of_Directors_net2mode_2004-04-01,529,551,variation_neighborhood,20,0.9969853574504738,0.4082834380678832,107.0,112.0
Economic,Norwegian_Board_of_Directors_net2mode_2004-04-01,529,551,variation_edges,100,0.5742776278549332,0.0,529.0,551.0
Economic,Norwegian_Board_of_Directors_net2mode_2004-04-01,529,551,variation_edges,80,0.6338788376009327,1.2109478190541267,424.0,437.0
Economic,Norwegian_Board_of_Directors_net2mode_2004-04-01,529,551,variation_edges,60,0.5920573232936605,0.8194675007835031,318.0,327.0
Economic,Norwegian_Board_of_Directors_net2mode_2004-04-01,529,551,variation_edges,40,0.4760499655748991,0.4271086421795189,213.0,217.0
Economic,Norwegian_Board_of_Directors_net2mode_2004-04-01,529,551,variation_edges,20,0.4642126789366053,0.2399125141091644,117.0,118.0
Economic,Norwegian_Board_of_Directors_net2mode_2004-07-01,536,558,variation_neighborhood,100,0.5498975043113266,0.0,536.0,558.0
Economic,Norwegian_Board_of_Directors_net2mode_2004-07-01,536,558,variation_neighborhood,80,0.6171231725760377,1.4389755739830434,429.0,444.0
Economic,Norwegian_Board_of_Directors_net2mode_2004-07-01,536,558,variation_neighborhood,60,0.6687021072796935,0.8671727092005312,322.0,331.0
Economic,Norwegian_Board_of_Directors_net2mode_2004-07-01,536,558,variation_neighborhood,40,0.7852215817821034,0.6036387169733644,215.0,224.0
Economic,Norwegian_Board_of_Directors_net2mode_2004-07-01,536,558,variation_neighborhood,20,0.88,0.374913414940238,108.0,116.0
Economic,Norwegian_Board_of_Directors_net2mode_2004-07-01,536,558,variation_edges,100,0.5409557952690375,0.0,536.0,558.0
Economic,Norwegian_Board_of_Directors_net2mode_2004-07-01,536,558,variation_edges,80,0.6125904915117903,1.4621063889935613,429.0,444.0
Economic,Norwegian_Board_of_Directors_net2mode_2004-07-01,536,558,variation_edges,60,0.5918984639108001,0.7279784986749291,322.0,335.0
Economic,Norwegian_Board_of_Directors_net2mode_2004-07-01,536,558,variation_edges,40,0.539270950770387,0.4626915170811116,215.0,226.0
Economic,Norwegian_Board_of_Directors_net2mode_2004-07-01,536,558,variation_edges,20,0.5252100840336135,0.2394317528232932,108.0,114.0
Biological,Binary_interactomes_various species_2012_M_musculus_mouse_binary_ht,537,1028,variation_neighborhood,100,0.7908970462161952,0.0,537.0,1028.0
Biological,Binary_interactomes_various species_2012_M_musculus_mouse_binary_ht,537,1028,variation_neighborhood,80,0.7843947352889099,2.5494767669588327,431.0,851.0
Biological,Binary_interactomes_various species_2012_M_musculus_mouse_binary_ht,537,1028,variation_neighborhood,60,0.8143715717922473,1.6346308416686952,323.0,669.0
Biological,Binary_interactomes_various species_2012_M_musculus_mouse_binary_ht,537,1028,variation_neighborhood,40,0.9109507914288792,1.002029404975474,216.0,534.0
Biological,Binary_interactomes_various species_2012_M_musculus_mouse_binary_ht,537,1028,variation_neighborhood,20,0.909335848039876,0.527677281294018,108.0,344.0
Biological,Binary_interactomes_various species_2012_M_musculus_mouse_binary_ht,537,1028,variation_edges,100,0.8006437971407834,0.0,537.0,1028.0
Biological,Binary_interactomes_various species_2012_M_musculus_mouse_binary_ht,537,1028,variation_edges,80,0.8114073640003907,2.5062774098478258,430.0,858.0
Biological,Binary_interactomes_various species_2012_M_musculus_mouse_binary_ht,537,1028,variation_edges,60,0.7969197254097323,1.4716792670078576,323.0,694.0
Biological,Binary_interactomes_various species_2012_M_musculus_mouse_binary_ht,537,1028,variation_edges,40,0.8163265306122449,0.7419724478386343,215.0,522.0
Biological,Binary_interactomes_various species_2012_M_musculus_mouse_binary_ht,537,1028,variation_edges,20,0.6803911477097272,0.3152218698523938,108.0,219.0
Economic,Norwegian_Board_of_Directors_net2mode_2004-10-01,542,567,variation_neighborhood,100,0.5616586233172467,0.0,542.0,567.0
Economic,Norwegian_Board_of_Directors_net2mode_2004-10-01,542,567,variation_neighborhood,80,0.6265130645295934,1.5651105609722435,435.0,451.0
Economic,Norwegian_Board_of_Directors_net2mode_2004-10-01,542,567,variation_neighborhood,60,0.66067806432918,0.946051080711186,326.0,340.0
Economic,Norwegian_Board_of_Directors_net2mode_2004-10-01,542,567,variation_neighborhood,40,0.740442295639717,0.6053200210444629,217.0,229.0
Economic,Norwegian_Board_of_Directors_net2mode_2004-10-01,542,567,variation_neighborhood,20,0.870935960591133,0.411964348051697,109.0,121.0
Economic,Norwegian_Board_of_Directors_net2mode_2004-10-01,542,567,variation_edges,100,0.5580089584253359,0.0,542.0,567.0
Economic,Norwegian_Board_of_Directors_net2mode_2004-10-01,542,567,variation_edges,80,0.5994085058524597,1.2298894189298153,434.0,449.0
Economic,Norwegian_Board_of_Directors_net2mode_2004-10-01,542,567,variation_edges,60,0.5519746865111919,0.8513606311753392,326.0,338.0
Economic,Norwegian_Board_of_Directors_net2mode_2004-10-01,542,567,variation_edges,40,0.549733406876264,0.417152910027653,217.0,229.0
Economic,Norwegian_Board_of_Directors_net2mode_2004-10-01,542,567,variation_edges,20,0.5231219920485457,0.2350756572559476,109.0,115.0
Economic,Norwegian_Board_of_Directors_net2mode_2005-02-01,549,582,variation_neighborhood,100,0.5703225019813449,0.0,549.0,582.0
Economic,Norwegian_Board_of_Directors_net2mode_2005-02-01,549,582,variation_neighborhood,80,0.6359684430848495,1.510103948879987,440.0,462.0
Economic,Norwegian_Board_of_Directors_net2mode_2005-02-01,549,582,variation_neighborhood,60,0.6743076053507505,1.0984128839336336,330.0,347.0
Economic,Norwegian_Board_of_Directors_net2mode_2005-02-01,549,582,variation_neighborhood,40,0.775200713648528,0.6071370048448443,220.0,234.0
Economic,Norwegian_Board_of_Directors_net2mode_2005-02-01,549,582,variation_neighborhood,20,0.8630721489526765,0.412699372973293,110.0,122.0
Economic,Norwegian_Board_of_Directors_net2mode_2005-02-01,549,582,variation_edges,100,0.577718767368616,0.0,549.0,582.0
Economic,Norwegian_Board_of_Directors_net2mode_2005-02-01,549,582,variation_edges,80,0.6101293719136431,1.304745783098042,440.0,460.0
Economic,Norwegian_Board_of_Directors_net2mode_2005-02-01,549,582,variation_edges,60,0.5846672283066554,0.8000099430792034,330.0,347.0
Economic,Norwegian_Board_of_Directors_net2mode_2005-02-01,549,582,variation_edges,40,0.5513085709146506,0.5196390612982213,220.0,235.0
Economic,Norwegian_Board_of_Directors_net2mode_2005-02-01,549,582,variation_edges,20,0.5355324781103644,0.2226362260989844,110.0,118.0
Economic,Norwegian_Board_of_Directors_net2mode_2004-11-01,554,579,variation_neighborhood,100,0.5605769826038507,0.0,554.0,579.0
Economic,Norwegian_Board_of_Directors_net2mode_2004-11-01,554,579,variation_neighborhood,80,0.62525326201475,1.6724664848297834,444.0,460.0
Economic,Norwegian_Board_of_Directors_net2mode_2004-11-01,554,579,variation_neighborhood,60,0.6610542968529295,0.9803664721548556,333.0,347.0
Economic,Norwegian_Board_of_Directors_net2mode_2004-11-01,554,579,variation_neighborhood,40,0.754414125200642,0.6062573278322816,222.0,234.0
Economic,Norwegian_Board_of_Directors_net2mode_2004-11-01,554,579,variation_neighborhood,20,0.847620882296282,0.4144361657090485,111.0,122.0
Economic,Norwegian_Board_of_Directors_net2mode_2004-11-01,554,579,variation_edges,100,0.5573679674996923,0.0,554.0,579.0
Economic,Norwegian_Board_of_Directors_net2mode_2004-11-01,554,579,variation_edges,80,0.5944592520797998,1.3156626909039917,444.0,459.0
Economic,Norwegian_Board_of_Directors_net2mode_2004-11-01,554,579,variation_edges,60,0.567415417200825,0.92088341107592,333.0,346.0
Economic,Norwegian_Board_of_Directors_net2mode_2004-11-01,554,579,variation_edges,40,0.5092264017033357,0.4601632812991738,222.0,235.0
Economic,Norwegian_Board_of_Directors_net2mode_2004-11-01,554,579,variation_edges,20,0.5386603061021665,0.2391817108727991,111.0,119.0
Social,Norwegian_Board_of_Directors_net1mode_2006-09-01,561,1935,variation_neighborhood,100,0.4497857580085697,0.0,561.0,1935.0
Social,Norwegian_Board_of_Directors_net1mode_2006-09-01,561,1935,variation_neighborhood,80,0.4492026111386547,3.372361000161618,450.0,1603.0
Social,Norwegian_Board_of_Directors_net1mode_2006-09-01,561,1935,variation_neighborhood,60,0.4928031227128568,1.9471260667778552,337.0,1075.0
Social,Norwegian_Board_of_Directors_net1mode_2006-09-01,561,1935,variation_neighborhood,40,0.5427251732101617,0.9990051039494574,225.0,640.0
Social,Norwegian_Board_of_Directors_net1mode_2006-09-01,561,1935,variation_neighborhood,20,0.7784841075794621,0.4946929570287466,114.0,225.0
Social,Norwegian_Board_of_Directors_net1mode_2006-09-01,561,1935,variation_edges,100,0.4512367867290041,0.0,561.0,1935.0
Social,Norwegian_Board_of_Directors_net1mode_2006-09-01,561,1935,variation_edges,80,0.5113010260303157,2.94445694796741,449.0,1342.0
Social,Norwegian_Board_of_Directors_net1mode_2006-09-01,561,1935,variation_edges,60,0.6057909359263761,1.6013945620507002,337.0,798.0
Social,Norwegian_Board_of_Directors_net1mode_2006-09-01,561,1935,variation_edges,40,0.7310338372256283,0.7848270339891315,225.0,412.0
Social,Norwegian_Board_of_Directors_net1mode_2006-09-01,561,1935,variation_edges,20,0.8990299221205083,0.2525274818763137,113.0,166.0
Economic,Norwegian_Board_of_Directors_net2mode_2005-05-01,568,594,variation_neighborhood,100,0.5763409613754692,0.0,568.0,594.0
Economic,Norwegian_Board_of_Directors_net2mode_2005-05-01,568,594,variation_neighborhood,80,0.61328387071313,1.584688767325133,455.0,468.0
Economic,Norwegian_Board_of_Directors_net2mode_2005-05-01,568,594,variation_neighborhood,60,0.6639439262652463,1.193712313193828,342.0,354.0
Economic,Norwegian_Board_of_Directors_net2mode_2005-05-01,568,594,variation_neighborhood,40,0.7887595202661297,0.6435209601186216,228.0,240.0
Economic,Norwegian_Board_of_Directors_net2mode_2005-05-01,568,594,variation_neighborhood,20,0.8554572271386431,0.4190479000099003,114.0,125.0
Economic,Norwegian_Board_of_Directors_net2mode_2005-05-01,568,594,variation_edges,100,0.5745496243097257,0.0,568.0,594.0
Economic,Norwegian_Board_of_Directors_net2mode_2005-05-01,568,594,variation_edges,80,0.5959921915461536,1.607025574892759,455.0,471.0
Economic,Norwegian_Board_of_Directors_net2mode_2005-05-01,568,594,variation_edges,60,0.5779710464028183,0.893207288812846,341.0,356.0
Economic,Norwegian_Board_of_Directors_net2mode_2005-05-01,568,594,variation_edges,40,0.5610159171957901,0.4606825658120215,228.0,240.0
Economic,Norwegian_Board_of_Directors_net2mode_2005-05-01,568,594,variation_edges,20,0.5169985918326292,0.2191322362050414,114.0,120.0
Economic,Norwegian_Board_of_Directors_net2mode_2005-06-01,576,596,variation_neighborhood,100,0.6075789852680848,0.0,576.0,596.0
Economic,Norwegian_Board_of_Directors_net2mode_2005-06-01,576,596,variation_neighborhood,80,0.6509980933110238,1.6004918972030282,461.0,476.0
Economic,Norwegian_Board_of_Directors_net2mode_2005-06-01,576,596,variation_neighborhood,60,0.700151384083045,1.0041950889863074,346.0,360.0
Economic,Norwegian_Board_of_Directors_net2mode_2005-06-01,576,596,variation_neighborhood,40,0.8018549747048904,0.7052265852689743,232.0,246.0
Economic,Norwegian_Board_of_Directors_net2mode_2005-06-01,576,596,variation_neighborhood,20,0.9642988590357012,0.4281545248813927,116.0,128.0
Economic,Norwegian_Board_of_Directors_net2mode_2005-06-01,576,596,variation_edges,100,0.6076154469349176,0.0,576.0,596.0
Economic,Norwegian_Board_of_Directors_net2mode_2005-06-01,576,596,variation_edges,80,0.6363174156204779,1.4215803602710366,461.0,478.0
Economic,Norwegian_Board_of_Directors_net2mode_2005-06-01,576,596,variation_edges,60,0.6201633132305064,0.945745857898146,346.0,361.0
Economic,Norwegian_Board_of_Directors_net2mode_2005-06-01,576,596,variation_edges,40,0.6183745583038869,0.5176943237893283,231.0,241.0
Economic,Norwegian_Board_of_Directors_net2mode_2005-06-01,576,596,variation_edges,20,0.6278452200303489,0.2590487622655928,116.0,125.0
Economic,Norwegian_Board_of_Directors_net2mode_2006-02-01,603,649,variation_neighborhood,100,0.6202218154409389,0.0,603.0,649.0
Economic,Norwegian_Board_of_Directors_net2mode_2006-02-01,603,649,variation_neighborhood,80,0.6925568621928033,2.163983935955912,484.0,520.0
Economic,Norwegian_Board_of_Directors_net2mode_2006-02-01,603,649,variation_neighborhood,60,0.7208953054600068,1.2645078930072486,363.0,394.0
Economic,Norwegian_Board_of_Directors_net2mode_2006-02-01,603,649,variation_neighborhood,40,0.8153028374635023,0.7153810597956181,242.0,269.0
Economic,Norwegian_Board_of_Directors_net2mode_2006-02-01,603,649,variation_neighborhood,20,0.9256114130434784,0.5075521189719439,122.0,136.0
Economic,Norwegian_Board_of_Directors_net2mode_2006-02-01,603,649,variation_edges,100,0.6210242587601078,0.0,603.0,649.0
Economic,Norwegian_Board_of_Directors_net2mode_2006-02-01,603,649,variation_edges,80,0.6742970888280666,1.7064658170565965,483.0,513.0
Economic,Norwegian_Board_of_Directors_net2mode_2006-02-01,603,649,variation_edges,60,0.6843010317620878,1.0322090978734195,362.0,385.0
Economic,Norwegian_Board_of_Directors_net2mode_2006-02-01,603,649,variation_edges,40,0.6583418952027188,0.5747966528870165,242.0,259.0
Economic,Norwegian_Board_of_Directors_net2mode_2006-02-01,603,649,variation_edges,20,0.6124234470691163,0.2594313998706639,121.0,132.0
Social,Norwegian_Board_of_Directors_net1mode_2006-11-01,609,2189,variation_neighborhood,100,0.4234097270570182,0.0,609.0,2189.0
Social,Norwegian_Board_of_Directors_net1mode_2006-11-01,609,2189,variation_neighborhood,80,0.4200989196697958,4.029008647892624,489.0,1845.0
Social,Norwegian_Board_of_Directors_net1mode_2006-11-01,609,2189,variation_neighborhood,60,0.4721326577614003,2.381867130752653,367.0,1273.0
Social,Norwegian_Board_of_Directors_net1mode_2006-11-01,609,2189,variation_neighborhood,40,0.5477520756096288,1.1314282957464457,244.0,712.0
Social,Norwegian_Board_of_Directors_net1mode_2006-11-01,609,2189,variation_neighborhood,20,0.7914987174789301,0.4871691549196839,122.0,237.0
Social,Norwegian_Board_of_Directors_net1mode_2006-11-01,609,2189,variation_edges,100,0.423292448207044,0.0,609.0,2189.0
Social,Norwegian_Board_of_Directors_net1mode_2006-11-01,609,2189,variation_edges,80,0.4682713800811325,3.67071673925966,488.0,1560.0
Social,Norwegian_Board_of_Directors_net1mode_2006-11-01,609,2189,variation_edges,60,0.5899596921949432,1.8462237501516936,366.0,890.0
Social,Norwegian_Board_of_Directors_net1mode_2006-11-01,609,2189,variation_edges,40,0.7257355710877662,0.8614716958254576,244.0,451.0
Social,Norwegian_Board_of_Directors_net1mode_2006-11-01,609,2189,variation_edges,20,0.8627264061010486,0.2408523457124829,122.0,185.0
Biological,56e9e0d7a6d70217090cdfeb,610,1481,variation_neighborhood,100,0.7700679133137303,0.0,610.0,1481.0
Biological,56e9e0d7a6d70217090cdfeb,610,1481,variation_neighborhood,80,0.7638830369933429,3.4993395269848406,489.0,1153.0
Biological,56e9e0d7a6d70217090cdfeb,610,1481,variation_neighborhood,60,0.7384123205118667,2.169998818077147,366.0,920.0
Biological,56e9e0d7a6d70217090cdfeb,610,1481,variation_neighborhood,40,0.756319514661274,1.2596371578983965,244.0,740.0
Biological,56e9e0d7a6d70217090cdfeb,610,1481,variation_neighborhood,20,0.7079356422143441,0.6941222660243511,123.0,407.0
Biological,56e9e0d7a6d70217090cdfeb,610,1481,variation_edges,100,0.7697215655921176,0.0,610.0,1481.0
Biological,56e9e0d7a6d70217090cdfeb,610,1481,variation_edges,80,0.7660831726252287,3.377699827775359,488.0,1311.0
Biological,56e9e0d7a6d70217090cdfeb,610,1481,variation_edges,60,0.75641751604379,2.114664019085467,366.0,1090.0
Biological,56e9e0d7a6d70217090cdfeb,610,1481,variation_edges,40,0.7474270288510209,1.1185013470239935,244.0,780.0
Biological,56e9e0d7a6d70217090cdfeb,610,1481,variation_edges,20,0.6814033664571081,0.3674544999375939,122.0,326.0
Biological,56e9e0d7a6d70217090cdfec,610,1482,variation_neighborhood,100,0.7723914711167625,0.0,610.0,1482.0
Biological,56e9e0d7a6d70217090cdfec,610,1482,variation_neighborhood,80,0.7660174914079745,3.66194762615487,489.0,1160.0
Biological,56e9e0d7a6d70217090cdfec,610,1482,variation_neighborhood,60,0.7255666180246412,2.2509067077189684,366.0,924.0
Biological,56e9e0d7a6d70217090cdfec,610,1482,variation_neighborhood,40,0.7477085126854712,1.258069559931755,244.0,739.0
Biological,56e9e0d7a6d70217090cdfec,610,1482,variation_neighborhood,20,0.739387426114992,0.6889291908591986,123.0,418.0
Biological,56e9e0d7a6d70217090cdfec,610,1482,variation_edges,100,0.7697302278820376,0.0,610.0,1482.0
Biological,56e9e0d7a6d70217090cdfec,610,1482,variation_edges,80,0.7671983680291002,3.45808572974056,488.0,1314.0
Biological,56e9e0d7a6d70217090cdfec,610,1482,variation_edges,60,0.7553376462663889,2.2658226881176238,366.0,1093.0
Biological,56e9e0d7a6d70217090cdfec,610,1482,variation_edges,40,0.7480541942923032,1.14307504799217,244.0,781.0
Biological,56e9e0d7a6d70217090cdfec,610,1482,variation_edges,20,0.6168561131133906,0.3672508867457509,122.0,317.0
Social,Norwegian_Board_of_Directors_net1mode_2007-02-01,652,2296,variation_neighborhood,100,0.4321817853343236,0.0,652.0,2296.0
Social,Norwegian_Board_of_Directors_net1mode_2007-02-01,652,2296,variation_neighborhood,80,0.4438217006743147,4.524878087919205,523.0,1825.0
Social,Norwegian_Board_of_Directors_net1mode_2007-02-01,652,2296,variation_neighborhood,60,0.4766750363420113,2.476464563049376,392.0,1286.0
Social,Norwegian_Board_of_Directors_net1mode_2007-02-01,652,2296,variation_neighborhood,40,0.5422030409008607,1.286300993990153,261.0,743.0
Social,Norwegian_Board_of_Directors_net1mode_2007-02-01,652,2296,variation_neighborhood,20,0.781603199443575,0.6179275447502732,132.0,247.0
Social,Norwegian_Board_of_Directors_net1mode_2007-02-01,652,2296,variation_edges,100,0.4310885670426483,0.0,652.0,2296.0
Social,Norwegian_Board_of_Directors_net1mode_2007-02-01,652,2296,variation_edges,80,0.4866619312576457,3.8500830940902233,522.0,1621.0
Social,Norwegian_Board_of_Directors_net1mode_2007-02-01,652,2296,variation_edges,60,0.6013045985296237,2.088297190144658,392.0,937.0
Social,Norwegian_Board_of_Directors_net1mode_2007-02-01,652,2296,variation_edges,40,0.7364733359283768,0.9276266591623424,261.0,479.0
Social,Norwegian_Board_of_Directors_net1mode_2007-02-01,652,2296,variation_edges,20,0.8271954674220963,0.3277661888860166,131.0,191.0
Economic,Norwegian_Board_of_Directors_net2mode_2006-07-01,671,719,variation_neighborhood,100,0.5844608396818148,0.0,671.0,719.0
Economic,Norwegian_Board_of_Directors_net2mode_2006-07-01,671,719,variation_neighborhood,80,0.6751952256999556,2.1077238880097866,537.0,565.0
Economic,Norwegian_Board_of_Directors_net2mode_2006-07-01,671,719,variation_neighborhood,60,0.7057090568227469,1.463760556653142,403.0,424.0
Economic,Norwegian_Board_of_Directors_net2mode_2006-07-01,671,719,variation_neighborhood,40,0.8447344418718866,0.8223073380067945,269.0,288.0
Economic,Norwegian_Board_of_Directors_net2mode_2006-07-01,671,719,variation_neighborhood,20,0.9449555590207392,0.5665289121679962,136.0,146.0
Economic,Norwegian_Board_of_Directors_net2mode_2006-07-01,671,719,variation_edges,100,0.5804157418677358,0.0,671.0,719.0
Economic,Norwegian_Board_of_Directors_net2mode_2006-07-01,671,719,variation_edges,80,0.6763684998248575,1.870823184028268,537.0,565.0
Economic,Norwegian_Board_of_Directors_net2mode_2006-07-01,671,719,variation_edges,60,0.6669697658558763,1.3273094352334738,403.0,419.0
Economic,Norwegian_Board_of_Directors_net2mode_2006-07-01,671,719,variation_edges,40,0.6490260933480339,0.6221561790443957,269.0,280.0
Economic,Norwegian_Board_of_Directors_net2mode_2006-07-01,671,719,variation_edges,20,0.5708693524710488,0.3004479533992708,135.0,142.0
Social,Norwegian_Board_of_Directors_net1mode_2007-05-01,682,2351,variation_neighborhood,100,0.4310378399428831,0.0,682.0,2351.0
Social,Norwegian_Board_of_Directors_net1mode_2007-05-01,682,2351,variation_neighborhood,80,0.4255389199377742,4.590413968078792,546.0,1937.0
Social,Norwegian_Board_of_Directors_net1mode_2007-05-01,682,2351,variation_neighborhood,60,0.4593595599308036,2.7521849060431123,410.0,1352.0
Social,Norwegian_Board_of_Directors_net1mode_2007-05-01,682,2351,variation_neighborhood,40,0.5217514927495025,1.3656950718723238,273.0,766.0
Social,Norwegian_Board_of_Directors_net1mode_2007-05-01,682,2351,variation_neighborhood,20,0.7707222491517208,0.6321006710641086,137.0,261.0
Social,Norwegian_Board_of_Directors_net1mode_2007-05-01,682,2351,variation_edges,100,0.43038417669017,0.0,682.0,2351.0
Social,Norwegian_Board_of_Directors_net1mode_2007-05-01,682,2351,variation_edges,80,0.4915424468730422,4.129124179016799,546.0,1591.0
Social,Norwegian_Board_of_Directors_net1mode_2007-05-01,682,2351,variation_edges,60,0.5916923130422687,2.4929591100662947,410.0,962.0
Social,Norwegian_Board_of_Directors_net1mode_2007-05-01,682,2351,variation_edges,40,0.7083379186383478,0.989774347282946,273.0,500.0
Social,Norwegian_Board_of_Directors_net1mode_2007-05-01,682,2351,variation_edges,20,0.8334221464350421,0.3359738746657967,137.0,204.0
Economic,Norwegian_Board_of_Directors_net2mode_2006-09-01,695,753,variation_neighborhood,100,0.5875194374957744,0.0,695.0,753.0
Economic,Norwegian_Board_of_Directors_net2mode_2006-09-01,695,753,variation_neighborhood,80,0.666526303125094,2.6575031531974678,557.0,593.0
Economic,Norwegian_Board_of_Directors_net2mode_2006-09-01,695,753,variation_neighborhood,60,0.6992357387155343,1.5350528382696211,417.0,445.0
Economic,Norwegian_Board_of_Directors_net2mode_2006-09-01,695,753,variation_neighborhood,40,0.8037383177570093,0.8802821659483016,278.0,306.0
Economic,Norwegian_Board_of_Directors_net2mode_2006-09-01,695,753,variation_neighborhood,20,0.904515386827725,0.5618434683419764,139.0,157.0
Economic,Norwegian_Board_of_Directors_net2mode_2006-09-01,695,753,variation_edges,100,0.5904468552533236,0.0,695.0,753.0
Economic,Norwegian_Board_of_Directors_net2mode_2006-09-01,695,753,variation_edges,80,0.6762585588031249,1.9041487122885885,556.0,593.0
Economic,Norwegian_Board_of_Directors_net2mode_2006-09-01,695,753,variation_edges,60,0.6556269009800609,1.276340224314481,417.0,443.0
Economic,Norwegian_Board_of_Directors_net2mode_2006-09-01,695,753,variation_edges,40,0.6403907468964114,0.7978960839100182,278.0,294.0
Economic,Norwegian_Board_of_Directors_net2mode_2006-09-01,695,753,variation_edges,20,0.5997588908981314,0.3667024252936244,140.0,152.0
Social,Norwegian_Board_of_Directors_net1mode_2007-06-01,708,2414,variation_neighborhood,100,0.4342169458448528,0.0,708.0,2414.0
Social,Norwegian_Board_of_Directors_net1mode_2007-06-01,708,2414,variation_neighborhood,80,0.426363953009721,4.825668974313885,567.0,2000.0
Social,Norwegian_Board_of_Directors_net1mode_2007-06-01,708,2414,variation_neighborhood,60,0.4491422711169122,3.144386142026633,425.0,1432.0
Social,Norwegian_Board_of_Directors_net1mode_2007-06-01,708,2414,variation_neighborhood,40,0.5294520094458299,1.4307503392919898,284.0,815.0
Social,Norwegian_Board_of_Directors_net1mode_2007-06-01,708,2414,variation_neighborhood,20,0.7667731629392972,0.6654600729234517,143.0,277.0
Social,Norwegian_Board_of_Directors_net1mode_2007-06-01,708,2414,variation_edges,100,0.4363814660455994,0.0,708.0,2414.0
Social,Norwegian_Board_of_Directors_net1mode_2007-06-01,708,2414,variation_edges,80,0.4815893100423641,4.554543749894947,567.0,1681.0
Social,Norwegian_Board_of_Directors_net1mode_2007-06-01,708,2414,variation_edges,60,0.5986820821059443,2.36636149790138,425.0,977.0
Social,Norwegian_Board_of_Directors_net1mode_2007-06-01,708,2414,variation_edges,40,0.724025974025974,1.0380038358271122,284.0,504.0
Social,Norwegian_Board_of_Directors_net1mode_2007-06-01,708,2414,variation_edges,20,0.8592436974789915,0.3308998350985348,142.0,204.0
Biological,56e9e0d7a6d70217090cdfd4,725,1657,variation_neighborhood,100,0.7240960222236438,0.0,725.0,1657.0
Biological,56e9e0d7a6d70217090cdfd4,725,1657,variation_neighborhood,80,0.6945190156599552,4.801578615326434,581.0,1399.0
Biological,56e9e0d7a6d70217090cdfd4,725,1657,variation_neighborhood,60,0.6713729591540294,2.97234066715464,435.0,1140.0
Biological,56e9e0d7a6d70217090cdfd4,725,1657,variation_neighborhood,40,0.6788961104699428,1.7590282410383224,290.0,892.0
Biological,56e9e0d7a6d70217090cdfd4,725,1657,variation_neighborhood,20,0.6833287808431212,0.8270300980657339,145.0,467.0
Biological,56e9e0d7a6d70217090cdfd4,725,1657,variation_edges,100,0.7221822225057646,0.0,725.0,1657.0
Biological,56e9e0d7a6d70217090cdfd4,725,1657,variation_edges,80,0.6847328976685181,4.636951335240156,580.0,1468.0
Biological,56e9e0d7a6d70217090cdfd4,725,1657,variation_edges,60,0.6596663786801356,2.753342639654875,435.0,1241.0
Biological,56e9e0d7a6d70217090cdfd4,725,1657,variation_edges,40,0.6485351618930216,1.4562959261238575,290.0,935.0
Biological,56e9e0d7a6d70217090cdfd4,725,1657,variation_edges,20,0.627617148554337,0.5193268628790975,145.0,425.0
Social,Norwegian_Board_of_Directors_net1mode_2010-08-01,747,2447,variation_neighborhood,100,0.4920926766396472,0.0,747.0,2447.0
Social,Norwegian_Board_of_Directors_net1mode_2010-08-01,747,2447,variation_neighborhood,80,0.4895021377899153,5.501321659423411,598.0,1966.0
Social,Norwegian_Board_of_Directors_net1mode_2010-08-01,747,2447,variation_neighborhood,60,0.4976199809598476,3.265269059222192,449.0,1470.0
Social,Norwegian_Board_of_Directors_net1mode_2010-08-01,747,2447,variation_neighborhood,40,0.5550703739058026,1.6066677030175924,299.0,879.0
Social,Norwegian_Board_of_Directors_net1mode_2010-08-01,747,2447,variation_neighborhood,20,0.730748615329641,0.7290133242495358,151.0,347.0
Social,Norwegian_Board_of_Directors_net1mode_2010-08-01,747,2447,variation_edges,100,0.4916272030464287,0.0,747.0,2447.0
Social,Norwegian_Board_of_Directors_net1mode_2010-08-01,747,2447,variation_edges,80,0.540557463861457,5.08208032278344,598.0,1737.0
Social,Norwegian_Board_of_Directors_net1mode_2010-08-01,747,2447,variation_edges,60,0.6409361918051504,2.6443268610164523,449.0,1035.0
Social,Norwegian_Board_of_Directors_net1mode_2010-08-01,747,2447,variation_edges,40,0.7531459337632255,1.2246812069788575,299.0,574.0
Social,Norwegian_Board_of_Directors_net1mode_2010-08-01,747,2447,variation_edges,20,0.8396415209257809,0.4140741620212793,150.0,241.0
Biological,56e9e0d8a6d70217090ce002,769,1858,variation_neighborhood,100,0.7626164315245894,0.0,769.0,1858.0
Biological,56e9e0d8a6d70217090ce002,769,1858,variation_neighborhood,80,0.7209413877917599,5.661135466769338,617.0,1513.0
Biological,56e9e0d8a6d70217090ce002,769,1858,variation_neighborhood,60,0.723765132388166,3.286396835930645,462.0,1263.0
Biological,56e9e0d8a6d70217090ce002,769,1858,variation_neighborhood,40,0.7150120326746432,1.9848146280273795,309.0,1049.0
Biological,56e9e0d8a6d70217090ce002,769,1858,variation_neighborhood,20,0.6824480894179653,0.8507528021000326,154.0,460.0
Biological,56e9e0d8a6d70217090ce002,769,1858,variation_edges,100,0.7615689235539348,0.0,769.0,1858.0
Biological,56e9e0d8a6d70217090ce002,769,1858,variation_edges,80,0.7373180726296453,5.213400361128151,616.0,1642.0
Biological,56e9e0d8a6d70217090ce002,769,1858,variation_edges,60,0.6899934220396294,3.4347951896488667,462.0,1411.0
Biological,56e9e0d8a6d70217090ce002,769,1858,variation_edges,40,0.7135023873395083,1.675896261818707,308.0,1060.0
Biological,56e9e0d8a6d70217090ce002,769,1858,variation_edges,20,0.552194421657096,0.5403901487588882,154.0,404.0
Economic,575aa410bd3e93b53c695629,774,1778,variation_neighborhood,100,0.7715188229478253,0.0,774.0,1778.0
Economic,575aa410bd3e93b53c695629,774,1778,variation_neighborhood,80,0.7401576362484157,5.484906150959432,621.0,1561.0
Economic,575aa410bd3e93b53c695629,774,1778,variation_neighborhood,60,0.7863052605581625,2.99398592626676,465.0,1058.0
Economic,575aa410bd3e93b53c695629,774,1778,variation_neighborhood,40,0.7924201308918432,1.8694287342950704,311.0,775.0
Economic,575aa410bd3e93b53c695629,774,1778,variation_neighborhood,20,0.8027113806635747,0.9469279884360732,157.0,346.0
Economic,575aa410bd3e93b53c695629,774,1778,variation_edges,100,0.7716222671013048,0.0,774.0,1778.0
Economic,575aa410bd3e93b53c695629,774,1778,variation_edges,80,0.7778156996587031,5.045429979916662,620.0,1359.0
Economic,575aa410bd3e93b53c695629,774,1778,variation_edges,60,0.7947859838933969,2.798240992240608,464.0,1070.0
Economic,575aa410bd3e93b53c695629,774,1778,variation_edges,40,0.7795506866714297,1.3425565692596138,310.0,670.0
Economic,575aa410bd3e93b53c695629,774,1778,variation_edges,20,0.6840667106378969,0.4183971439488232,155.0,225.0
Economic,Norwegian_Board_of_Directors_net2mode_2006-12-01,776,840,variation_neighborhood,100,0.5888956728970122,0.0,776.0,840.0
Economic,Norwegian_Board_of_Directors_net2mode_2006-12-01,776,840,variation_neighborhood,80,0.6699298849054107,2.7378644859418277,622.0,657.0
Economic,Norwegian_Board_of_Directors_net2mode_2006-12-01,776,840,variation_neighborhood,60,0.6949077162552814,1.902848931960761,466.0,496.0
Economic,Norwegian_Board_of_Directors_net2mode_2006-12-01,776,840,variation_neighborhood,40,0.8311822405782138,1.0413886550813911,311.0,340.0
Economic,Norwegian_Board_of_Directors_net2mode_2006-12-01,776,840,variation_neighborhood,20,0.9244892681665374,0.662056100089103,156.0,173.0
Economic,Norwegian_Board_of_Directors_net2mode_2006-12-01,776,840,variation_edges,100,0.5943034326489236,0.0,776.0,840.0
Economic,Norwegian_Board_of_Directors_net2mode_2006-12-01,776,840,variation_edges,80,0.679247291794203,2.741851076949388,621.0,657.0
Economic,Norwegian_Board_of_Directors_net2mode_2006-12-01,776,840,variation_edges,60,0.6334925395238624,1.6749131381511688,466.0,497.0
Economic,Norwegian_Board_of_Directors_net2mode_2006-12-01,776,840,variation_edges,40,0.5999651183070752,0.7782161268405616,311.0,335.0
Economic,Norwegian_Board_of_Directors_net2mode_2006-12-01,776,840,variation_edges,20,0.5615918313915435,0.3554737949743867,156.0,169.0
Social,Norwegian_Board_of_Directors_net1mode_2010-02-01,776,2525,variation_neighborhood,100,0.4694680970006532,0.0,776.0,2525.0
Social,Norwegian_Board_of_Directors_net1mode_2010-02-01,776,2525,variation_neighborhood,80,0.4579906103286384,6.087067187298089,622.0,2063.0
Social,Norwegian_Board_of_Directors_net1mode_2010-02-01,776,2525,variation_neighborhood,60,0.4630469931674751,3.4495779797434807,466.0,1570.0
Social,Norwegian_Board_of_Directors_net1mode_2010-02-01,776,2525,variation_neighborhood,40,0.5227681819922638,1.7819120669737458,311.0,924.0
Social,Norwegian_Board_of_Directors_net1mode_2010-02-01,776,2525,variation_neighborhood,20,0.73635079530799,0.7141771917231381,156.0,338.0
Social,Norwegian_Board_of_Directors_net1mode_2010-02-01,776,2525,variation_edges,100,0.468932763576303,0.0,776.0,2525.0
Social,Norwegian_Board_of_Directors_net1mode_2010-02-01,776,2525,variation_edges,80,0.5114857690415145,5.255407969001681,621.0,1787.0
Social,Norwegian_Board_of_Directors_net1mode_2010-02-01,776,2525,variation_edges,60,0.6151975496760093,2.86868289206177,466.0,1067.0
Social,Norwegian_Board_of_Directors_net1mode_2010-02-01,776,2525,variation_edges,40,0.7267451029870989,1.219885523431003,311.0,566.0
Social,Norwegian_Board_of_Directors_net1mode_2010-02-01,776,2525,variation_edges,20,0.8361523115621475,0.4116396610625088,156.0,243.0
Social,Norwegian_Board_of_Directors_net1mode_2009-12-01,781,2533,variation_neighborhood,100,0.4797527768869712,0.0,781.0,2533.0
Social,Norwegian_Board_of_Directors_net1mode_2009-12-01,781,2533,variation_neighborhood,80,0.4723341745451806,5.858083674218506,625.0,2053.0
Social,Norwegian_Board_of_Directors_net1mode_2009-12-01,781,2533,variation_neighborhood,60,0.4791982482735388,3.567663049325347,469.0,1551.0
Social,Norwegian_Board_of_Directors_net1mode_2009-12-01,781,2533,variation_neighborhood,40,0.5493157884491854,1.7362195407040415,313.0,908.0
Social,Norwegian_Board_of_Directors_net1mode_2009-12-01,781,2533,variation_neighborhood,20,0.7346839150597999,0.7379681719467044,157.0,337.0
Social,Norwegian_Board_of_Directors_net1mode_2009-12-01,781,2533,variation_edges,100,0.4814764967142799,0.0,781.0,2533.0
Social,Norwegian_Board_of_Directors_net1mode_2009-12-01,781,2533,variation_edges,80,0.5234715413943355,5.456598185934126,625.0,1814.0
Social,Norwegian_Board_of_Directors_net1mode_2009-12-01,781,2533,variation_edges,60,0.6390277670948389,2.8162540891207755,469.0,1061.0
Social,Norwegian_Board_of_Directors_net1mode_2009-12-01,781,2533,variation_edges,40,0.7310331977267787,1.2789842449128628,313.0,574.0
Social,Norwegian_Board_of_Directors_net1mode_2009-12-01,781,2533,variation_edges,20,0.8837044892188053,0.4119429760612547,157.0,237.0
Social,Norwegian_Board_of_Directors_net1mode_2011-03-01,788,2543,variation_neighborhood,100,0.483047885354771,0.0,788.0,2543.0
Social,Norwegian_Board_of_Directors_net1mode_2011-03-01,788,2543,variation_neighborhood,80,0.4856628766126871,6.109819759614766,632.0,2011.0
Social,Norwegian_Board_of_Directors_net1mode_2011-03-01,788,2543,variation_neighborhood,60,0.4920439837725547,3.650095681659877,474.0,1496.0
Social,Norwegian_Board_of_Directors_net1mode_2011-03-01,788,2543,variation_neighborhood,40,0.5664921674396386,1.7826381898485124,316.0,883.0
Social,Norwegian_Board_of_Directors_net1mode_2011-03-01,788,2543,variation_neighborhood,20,0.781190019193858,0.7850646208971739,159.0,318.0
Social,Norwegian_Board_of_Directors_net1mode_2011-03-01,788,2543,variation_edges,100,0.4830647698276765,0.0,788.0,2543.0
Social,Norwegian_Board_of_Directors_net1mode_2011-03-01,788,2543,variation_edges,80,0.5350838953423768,5.406876415014267,631.0,1798.0
Social,Norwegian_Board_of_Directors_net1mode_2011-03-01,788,2543,variation_edges,60,0.6383693924948051,2.8646015259437263,473.0,1066.0
Social,Norwegian_Board_of_Directors_net1mode_2011-03-01,788,2543,variation_edges,40,0.7554250779334766,1.4008242110721767,316.0,586.0
Social,Norwegian_Board_of_Directors_net1mode_2011-03-01,788,2543,variation_edges,20,0.8257182843500452,0.4312891759909689,158.0,252.0
Social,Norwegian_Board_of_Directors_net1mode_2011-02-01,791,2555,variation_edges,100,0.4828821541039493,0.0,791.0,2555.0
Social,Norwegian_Board_of_Directors_net1mode_2011-02-01,791,2555,variation_edges,80,0.5356883826101796,5.780207264237106,633.0,1805.0
Social,Norwegian_Board_of_Directors_net1mode_2011-02-01,791,2555,variation_edges,60,0.6389086129534226,3.017613796982914,475.0,1078.0
Social,Norwegian_Board_of_Directors_net1mode_2011-02-01,791,2555,variation_edges,40,0.7567891972993248,1.3460121829994025,317.0,592.0
Social,Norwegian_Board_of_Directors_net1mode_2011-02-01,791,2555,variation_edges,20,0.8461724610792933,0.4191463850438595,159.0,257.0
Social,Norwegian_Board_of_Directors_net1mode_2010-10-01,792,2550,variation_neighborhood,100,0.4983581448777601,0.0,792.0,2550.0
Social,Norwegian_Board_of_Directors_net1mode_2010-10-01,792,2550,variation_neighborhood,80,0.4950577227797479,5.931752013973892,634.0,2040.0
Social,Norwegian_Board_of_Directors_net1mode_2010-10-01,792,2550,variation_neighborhood,60,0.5049871265064152,3.6049925670959055,476.0,1499.0
Social,Norwegian_Board_of_Directors_net1mode_2010-10-01,792,2550,variation_neighborhood,40,0.5639972090859756,1.893143553752452,318.0,912.0
Social,Norwegian_Board_of_Directors_net1mode_2010-10-01,792,2550,variation_neighborhood,20,0.7674889762841139,0.8021886302158237,159.0,342.0
Social,Norwegian_Board_of_Directors_net1mode_2010-10-01,792,2550,variation_edges,100,0.5004515132977949,0.0,792.0,2550.0
Social,Norwegian_Board_of_Directors_net1mode_2010-10-01,792,2550,variation_edges,80,0.5600151915341723,5.4106888067908585,634.0,1783.0
Social,Norwegian_Board_of_Directors_net1mode_2010-10-01,792,2550,variation_edges,60,0.6519845333251822,2.9809919740073383,476.0,1072.0
Social,Norwegian_Board_of_Directors_net1mode_2010-10-01,792,2550,variation_edges,40,0.7549146484254637,1.3829900873824954,317.0,578.0
Social,Norwegian_Board_of_Directors_net1mode_2010-10-01,792,2550,variation_edges,20,0.8659386017714334,0.3982163718901574,159.0,243.0
Social,Norwegian_Board_of_Directors_net1mode_2010-09-01,802,2613,variation_neighborhood,100,0.4961087299796977,0.0,802.0,2613.0
Social,Norwegian_Board_of_Directors_net1mode_2010-09-01,802,2613,variation_neighborhood,80,0.4967805368482527,6.272960086353123,642.0,2083.0
Social,Norwegian_Board_of_Directors_net1mode_2010-09-01,802,2613,variation_neighborhood,60,0.5079237373363116,3.764322066213936,482.0,1535.0
Social,Norwegian_Board_of_Directors_net1mode_2010-09-01,802,2613,variation_neighborhood,40,0.5620122077971162,1.8105793842114508,321.0,931.0
Social,Norwegian_Board_of_Directors_net1mode_2010-09-01,802,2613,variation_neighborhood,20,0.7676917800388704,0.8119218070060015,161.0,357.0
Social,Norwegian_Board_of_Directors_net1mode_2010-09-01,802,2613,variation_edges,100,0.4965595877149904,0.0,802.0,2613.0
Social,Norwegian_Board_of_Directors_net1mode_2010-09-01,802,2613,variation_edges,80,0.5633397150263456,5.605363938957453,642.0,1810.0
Social,Norwegian_Board_of_Directors_net1mode_2010-09-01,802,2613,variation_edges,60,0.653040730129663,3.092573734931648,482.0,1101.0
Social,Norwegian_Board_of_Directors_net1mode_2010-09-01,802,2613,variation_edges,40,0.7511930713486126,1.2996455896645784,321.0,602.0
Social,Norwegian_Board_of_Directors_net1mode_2010-09-01,802,2613,variation_edges,20,0.8401363240072918,0.5235792999155819,161.0,262.0
Social,Norwegian_Board_of_Directors_net1mode_2007-09-01,808,2760,variation_neighborhood,100,0.4499077071239399,0.0,808.0,2760.0
Social,Norwegian_Board_of_Directors_net1mode_2007-09-01,808,2760,variation_neighborhood,80,0.4485785838126427,6.464786235243082,648.0,2233.0
Social,Norwegian_Board_of_Directors_net1mode_2007-09-01,808,2760,variation_neighborhood,60,0.4695435331326217,3.738973498344421,485.0,1597.0
Social,Norwegian_Board_of_Directors_net1mode_2007-09-01,808,2760,variation_neighborhood,40,0.5472495941405218,1.7930209110490978,324.0,930.0
Social,Norwegian_Board_of_Directors_net1mode_2007-09-01,808,2760,variation_neighborhood,20,0.7724937268490859,0.7372204270213842,162.0,340.0
Social,Norwegian_Board_of_Directors_net1mode_2007-09-01,808,2760,variation_edges,100,0.4489445079175254,0.0,808.0,2760.0
Social,Norwegian_Board_of_Directors_net1mode_2007-09-01,808,2760,variation_edges,80,0.5033814010849501,5.772032028995454,647.0,1903.0
Social,Norwegian_Board_of_Directors_net1mode_2007-09-01,808,2760,variation_edges,60,0.6211795336201041,3.025814010296017,485.0,1150.0
Social,Norwegian_Board_of_Directors_net1mode_2007-09-01,808,2760,variation_edges,40,0.7289956507963938,1.307435940951109,324.0,616.0
Social,Norwegian_Board_of_Directors_net1mode_2007-09-01,808,2760,variation_edges,20,0.8506190705901271,0.5364547180943191,162.0,257.0
Biological,56e9e0d7a6d70217090cdffa,813,2103,variation_neighborhood,100,0.7473097131297238,0.0,813.0,2103.0
Biological,56e9e0d7a6d70217090cdffa,813,2103,variation_neighborhood,80,0.7262598782225677,6.4729057271033525,652.0,1770.0
Biological,56e9e0d7a6d70217090cdffa,813,2103,variation_neighborhood,60,0.7167433658767365,3.995838485192508,488.0,1508.0
Biological,56e9e0d7a6d70217090cdffa,813,2103,variation_neighborhood,40,0.7255280474573406,2.3429816467687488,327.0,1260.0
Biological,56e9e0d7a6d70217090cdffa,813,2103,variation_neighborhood,20,0.6809651474530831,1.0094560873694718,163.0,629.0
Biological,56e9e0d7a6d70217090cdffa,813,2103,variation_edges,100,0.7438819745490142,0.0,813.0,2103.0
Biological,56e9e0d7a6d70217090cdffa,813,2103,variation_edges,80,0.7259725307691061,6.440358221065253,651.0,1886.0
Biological,56e9e0d7a6d70217090cdffa,813,2103,variation_edges,60,0.7000633362362442,3.690120237879455,488.0,1637.0
Biological,56e9e0d7a6d70217090cdffa,813,2103,variation_edges,40,0.7189238022641936,1.8396431216970088,326.0,1265.0
Biological,56e9e0d7a6d70217090cdffa,813,2103,variation_edges,20,0.673591775540801,0.6554259788244963,163.0,584.0
Social,Norwegian_Board_of_Directors_net1mode_2009-10-01,814,2644,variation_neighborhood,100,0.4780845551727773,0.0,814.0,2644.0
Social,Norwegian_Board_of_Directors_net1mode_2009-10-01,814,2644,variation_neighborhood,80,0.4709829302884788,6.319400543812662,652.0,2130.0
Social,Norwegian_Board_of_Directors_net1mode_2009-10-01,814,2644,variation_neighborhood,60,0.4800783801436969,4.010867204982787,489.0,1588.0
Social,Norwegian_Board_of_Directors_net1mode_2009-10-01,814,2644,variation_neighborhood,40,0.5414722799917561,1.8643803801387548,326.0,936.0
Social,Norwegian_Board_of_Directors_net1mode_2009-10-01,814,2644,variation_neighborhood,20,0.7351413733410271,0.7730923793278635,163.0,353.0
Social,Norwegian_Board_of_Directors_net1mode_2009-10-01,814,2644,variation_edges,100,0.4789693655239874,0.0,814.0,2644.0
Social,Norwegian_Board_of_Directors_net1mode_2009-10-01,814,2644,variation_edges,80,0.5160093776093518,5.86389713967219,652.0,1906.0
Social,Norwegian_Board_of_Directors_net1mode_2009-10-01,814,2644,variation_edges,60,0.6310373638615675,3.1244376730173826,489.0,1102.0
Social,Norwegian_Board_of_Directors_net1mode_2009-10-01,814,2644,variation_edges,40,0.7273213648793246,1.3860696125775576,326.0,594.0
Social,Norwegian_Board_of_Directors_net1mode_2009-10-01,814,2644,variation_edges,20,0.8668341708542714,0.4081665528938174,163.0,248.0
Social,Norwegian_Board_of_Directors_net1mode_2009-09-01,814,2550,variation_neighborhood,100,0.4851629136321141,0.0,814.0,2550.0
Social,Norwegian_Board_of_Directors_net1mode_2009-09-01,814,2550,variation_neighborhood,80,0.4834219378065244,6.260881957132369,652.0,2002.0
Social,Norwegian_Board_of_Directors_net1mode_2009-09-01,814,2550,variation_neighborhood,60,0.4975605515652675,3.773097942583263,489.0,1482.0
Social,Norwegian_Board_of_Directors_net1mode_2009-09-01,814,2550,variation_neighborhood,40,0.5468317719562686,1.8390526501461864,326.0,920.0
Social,Norwegian_Board_of_Directors_net1mode_2009-09-01,814,2550,variation_neighborhood,20,0.7161110795615878,0.7567808460444212,163.0,355.0
Social,Norwegian_Board_of_Directors_net1mode_2009-09-01,814,2550,variation_edges,100,0.4842323531952884,0.0,814.0,2550.0
Social,Norwegian_Board_of_Directors_net1mode_2009-09-01,814,2550,variation_edges,80,0.5380310353599593,5.893270822241902,652.0,1807.0
Social,Norwegian_Board_of_Directors_net1mode_2009-09-01,814,2550,variation_edges,60,0.6386722898146181,3.1356805991381407,489.0,1070.0
Social,Norwegian_Board_of_Directors_net1mode_2009-09-01,814,2550,variation_edges,40,0.745126839866581,1.3171230340376496,326.0,582.0
Social,Norwegian_Board_of_Directors_net1mode_2009-09-01,814,2550,variation_edges,20,0.8442730554643912,0.4343553986400366,163.0,253.0
Biological,56e9e0d7a6d70217090cdfde,816,1977,variation_neighborhood,100,0.7747638960322607,0.0,816.0,1977.0
Biological,56e9e0d7a6d70217090cdfde,816,1977,variation_neighborhood,80,0.7397679385787682,6.159618142060936,654.0,1596.0
Biological,56e9e0d7a6d70217090cdfde,816,1977,variation_neighborhood,60,0.7452436304976989,3.827697209082544,490.0,1365.0
Biological,56e9e0d7a6d70217090cdfde,816,1977,variation_neighborhood,40,0.7573997490822917,2.123723250813782,327.0,1136.0
Biological,56e9e0d7a6d70217090cdfde,816,1977,variation_neighborhood,20,0.7114785703692719,0.9736933950334788,164.0,560.0
Biological,56e9e0d7a6d70217090cdfde,816,1977,variation_edges,100,0.7786817698266433,0.0,816.0,1977.0
Biological,56e9e0d7a6d70217090cdfde,816,1977,variation_edges,80,0.7597407736341814,5.804493464995176,653.0,1739.0
Biological,56e9e0d7a6d70217090cdfde,816,1977,variation_edges,60,0.7306801658678442,3.7005328042432666,490.0,1505.0
Biological,56e9e0d7a6d70217090cdfde,816,1977,variation_edges,40,0.7578921318422965,1.9409544970840216,327.0,1147.0
Biological,56e9e0d7a6d70217090cdfde,816,1977,variation_edges,20,0.6337480559875582,0.7018632525578141,164.0,474.0
Social,Norwegian_Board_of_Directors_net1mode_2007-12-01,825,2819,variation_neighborhood,100,0.4565292114116678,0.0,825.0,2819.0
Social,Norwegian_Board_of_Directors_net1mode_2007-12-01,825,2819,variation_neighborhood,80,0.4625758691092932,6.727561797015369,661.0,2199.0
Social,Norwegian_Board_of_Directors_net1mode_2007-12-01,825,2819,variation_neighborhood,60,0.5070568131474019,3.889455317053944,495.0,1524.0
Social,Norwegian_Board_of_Directors_net1mode_2007-12-01,825,2819,variation_neighborhood,40,0.5415787480387383,1.9799509621225295,330.0,965.0
Social,Norwegian_Board_of_Directors_net1mode_2007-12-01,825,2819,variation_neighborhood,20,0.7622451370986641,0.7967106602154672,165.0,345.0
Social,Norwegian_Board_of_Directors_net1mode_2007-12-01,825,2819,variation_edges,100,0.4567837546311494,0.0,825.0,2819.0
Social,Norwegian_Board_of_Directors_net1mode_2007-12-01,825,2819,variation_edges,80,0.4981275098136534,6.187623959966004,660.0,2030.0
Social,Norwegian_Board_of_Directors_net1mode_2007-12-01,825,2819,variation_edges,60,0.624367906506349,3.2640104638412595,495.0,1155.0
Social,Norwegian_Board_of_Directors_net1mode_2007-12-01,825,2819,variation_edges,40,0.739438649069218,1.5504641951993108,330.0,614.0
Social,Norwegian_Board_of_Directors_net1mode_2007-12-01,825,2819,variation_edges,20,0.8359107927722612,0.4534127651713788,165.0,254.0
Social,Norwegian_Board_of_Directors_net1mode_2007-07-01,828,2835,variation_neighborhood,100,0.4395154816959176,0.0,828.0,2835.0
Social,Norwegian_Board_of_Directors_net1mode_2007-07-01,828,2835,variation_neighborhood,80,0.432600334615359,6.672626356128603,663.0,2294.0
Social,Norwegian_Board_of_Directors_net1mode_2007-07-01,828,2835,variation_neighborhood,60,0.4558301467927592,4.053134760819376,497.0,1646.0
Social,Norwegian_Board_of_Directors_net1mode_2007-07-01,828,2835,variation_neighborhood,40,0.5405706642888988,1.9800512748770416,332.0,937.0
Social,Norwegian_Board_of_Directors_net1mode_2007-07-01,828,2835,variation_neighborhood,20,0.771085790076566,0.8112739366479218,167.0,338.0
Social,Norwegian_Board_of_Directors_net1mode_2007-07-01,828,2835,variation_edges,100,0.4390221192244822,0.0,828.0,2835.0
Social,Norwegian_Board_of_Directors_net1mode_2007-07-01,828,2835,variation_edges,80,0.5072198430261251,6.049861245788634,663.0,1912.0
Social,Norwegian_Board_of_Directors_net1mode_2007-07-01,828,2835,variation_edges,60,0.5946835128073983,3.303776378277689,497.0,1172.0
Social,Norwegian_Board_of_Directors_net1mode_2007-07-01,828,2835,variation_edges,40,0.714327451209536,1.3498266763053834,332.0,606.0
Social,Norwegian_Board_of_Directors_net1mode_2007-07-01,828,2835,variation_edges,20,0.8545960091593066,0.4696911117061972,166.0,254.0
Social,Norwegian_Board_of_Directors_net1mode_2009-07-01,831,2601,variation_neighborhood,100,0.4903356497763272,0.0,831.0,2601.0
Social,Norwegian_Board_of_Directors_net1mode_2009-07-01,831,2601,variation_neighborhood,80,0.4931476569407604,6.632758805993944,665.0,2073.0
Social,Norwegian_Board_of_Directors_net1mode_2009-07-01,831,2601,variation_neighborhood,60,0.4980188966778421,3.862068734597415,499.0,1576.0
Social,Norwegian_Board_of_Directors_net1mode_2009-07-01,831,2601,variation_neighborhood,40,0.580608793686584,1.8926036302000284,333.0,923.0
Social,Norwegian_Board_of_Directors_net1mode_2009-07-01,831,2601,variation_neighborhood,20,0.746430704087726,0.801953496877104,167.0,371.0
Social,Norwegian_Board_of_Directors_net1mode_2009-07-01,831,2601,variation_edges,100,0.4903163367506555,0.0,831.0,2601.0
Social,Norwegian_Board_of_Directors_net1mode_2009-07-01,831,2601,variation_edges,80,0.5220787881674844,5.95639819977805,665.0,1916.0
Social,Norwegian_Board_of_Directors_net1mode_2009-07-01,831,2601,variation_edges,60,0.6488983446024714,3.1572741349227726,498.0,1110.0
Social,Norwegian_Board_of_Directors_net1mode_2009-07-01,831,2601,variation_edges,40,0.747297962968329,1.4648234341293571,333.0,609.0
Social,Norwegian_Board_of_Directors_net1mode_2009-07-01,831,2601,variation_edges,20,0.8957923712151002,0.4829788501374423,167.0,264.0
Social,Norwegian_Board_of_Directors_net1mode_2007-10-01,834,2854,variation_neighborhood,100,0.4480849598281064,0.0,834.0,2854.0
Social,Norwegian_Board_of_Directors_net1mode_2007-10-01,834,2854,variation_neighborhood,80,0.4495538322621766,6.832634050864726,668.0,2305.0
Social,Norwegian_Board_of_Directors_net1mode_2007-10-01,834,2854,variation_neighborhood,60,0.4805983921156734,4.190326006151736,502.0,1639.0
Social,Norwegian_Board_of_Directors_net1mode_2007-10-01,834,2854,variation_neighborhood,40,0.5502005845087041,2.00511431787163,334.0,960.0
Social,Norwegian_Board_of_Directors_net1mode_2007-10-01,834,2854,variation_neighborhood,20,0.7727407407407407,0.8195858900435269,167.0,341.0
Social,Norwegian_Board_of_Directors_net1mode_2007-10-01,834,2854,variation_edges,100,0.448680004735409,0.0,834.0,2854.0
Social,Norwegian_Board_of_Directors_net1mode_2007-10-01,834,2854,variation_edges,80,0.4906585447386992,6.217756239697337,668.0,2047.0
Social,Norwegian_Board_of_Directors_net1mode_2007-10-01,834,2854,variation_edges,60,0.6111835334476844,3.5156483738683164,501.0,1176.0
Social,Norwegian_Board_of_Directors_net1mode_2007-10-01,834,2854,variation_edges,40,0.7162893491627235,1.4865630390122533,334.0,620.0
Social,Norwegian_Board_of_Directors_net1mode_2007-10-01,834,2854,variation_edges,20,0.8232658612689014,0.490212092641741,167.0,258.0
Social,Norwegian_Board_of_Directors_net1mode_2008-12-01,839,2615,variation_neighborhood,100,0.5023968890726441,0.0,839.0,2615.0
Social,Norwegian_Board_of_Directors_net1mode_2008-12-01,839,2615,variation_neighborhood,80,0.504911706233189,6.845116172917187,673.0,2087.0
Social,Norwegian_Board_of_Directors_net1mode_2008-12-01,839,2615,variation_neighborhood,60,0.5134633808271674,4.160928863100708,504.0,1577.0
Social,Norwegian_Board_of_Directors_net1mode_2008-12-01,839,2615,variation_neighborhood,40,0.5688617374898931,2.011316983960569,336.0,964.0
Social,Norwegian_Board_of_Directors_net1mode_2008-12-01,839,2615,variation_neighborhood,20,0.7811581029781318,0.8648272980935872,169.0,377.0
Social,Norwegian_Board_of_Directors_net1mode_2008-12-01,839,2615,variation_edges,100,0.5035278306641281,0.0,839.0,2615.0
Social,Norwegian_Board_of_Directors_net1mode_2008-12-01,839,2615,variation_edges,80,0.5564664058568576,6.146463411860168,672.0,1878.0
Social,Norwegian_Board_of_Directors_net1mode_2008-12-01,839,2615,variation_edges,60,0.6656802608708143,3.2639768989756703,504.0,1125.0
Social,Norwegian_Board_of_Directors_net1mode_2008-12-01,839,2615,variation_edges,40,0.7881385584324703,1.368823815137148,336.0,609.0
Social,Norwegian_Board_of_Directors_net1mode_2008-12-01,839,2615,variation_edges,20,0.9091615510140648,0.5038570938631892,168.0,267.0
Biological,Mouse_visual_cortex_2011_Mouse_Mouse_visual_cortex_1,29,44,variation_neighborhood,100,0.9070631970260223,0.0,29.0,44.0
Biological,Mouse_visual_cortex_2011_Mouse_Mouse_visual_cortex_1,29,44,variation_neighborhood,80,0.9406392694063926,0.029428240843117237,24.0,37.0
Biological,Mouse_visual_cortex_2011_Mouse_Mouse_visual_cortex_1,29,44,variation_neighborhood,60,0.9504,0.024804282002151012,18.0,27.0
Biological,Mouse_visual_cortex_2011_Mouse_Mouse_visual_cortex_1,29,44,variation_neighborhood,40,1.075268817204301,0.020278502721339464,12.0,17.0
Biological,Mouse_visual_cortex_2011_Mouse_Mouse_visual_cortex_1,29,44,variation_neighborhood,20,1.1504424778761062,0.028129579033702612,6.0,9.0
Biological,Mouse_visual_cortex_2011_Mouse_Mouse_visual_cortex_1,29,44,variation_edges,100,0.912490650710546,0.0,29.0,44.0
Biological,Mouse_visual_cortex_2011_Mouse_Mouse_visual_cortex_1,29,44,variation_edges,80,1.019548872180451,0.018247029278427362,24.0,38.0
Biological,Mouse_visual_cortex_2011_Mouse_Mouse_visual_cortex_1,29,44,variation_edges,60,0.9840425531914894,0.015379117801785469,18.0,30.0
Biological,Mouse_visual_cortex_2011_Mouse_Mouse_visual_cortex_1,29,44,variation_edges,40,0.9903381642512078,0.014903103932738304,12.0,20.0
Biological,Mouse_visual_cortex_2011_Mouse_Mouse_visual_cortex_1,29,44,variation_edges,20,1.1818181818181819,0.014725845772773027,6.0,11.0
Biological,Macaque_visual_cortex_1991_fve30,30,190,variation_neighborhood,100,0.9121621621621622,0.0,30.0,190.0
Biological,Macaque_visual_cortex_1991_fve30,30,190,variation_neighborhood,80,0.8941755537325676,0.04714410286396742,25.0,143.0
Biological,Macaque_visual_cortex_1991_fve30,30,190,variation_neighborhood,60,0.7924528301886793,0.042485873214900494,19.0,77.0
Biological,Macaque_visual_cortex_1991_fve30,30,190,variation_neighborhood,40,0.7915057915057916,0.03458364401012659,12.0,38.0
Biological,Macaque_visual_cortex_1991_fve30,30,190,variation_neighborhood,20,0.9433962264150944,0.027986750937998295,6.0,12.0
Biological,Macaque_visual_cortex_1991_fve30,30,190,variation_edges,100,0.9124190368910166,0.0,30.0,190.0
Biological,Macaque_visual_cortex_1991_fve30,30,190,variation_edges,80,0.9209932279909706,0.03010337706655264,24.0,123.0
Biological,Macaque_visual_cortex_1991_fve30,30,190,variation_edges,60,0.9778142974527526,0.022486519068479538,18.0,85.0
Biological,Macaque_visual_cortex_1991_fve30,30,190,variation_edges,40,1.0119047619047619,0.018300421070307493,12.0,41.0
Biological,Macaque_visual_cortex_1991_fve30,30,190,variation_edges,20,1.1842105263157896,0.01670168898999691,6.0,14.0
Biological,Macaque_visual_cortex_1991_fve32,32,194,variation_neighborhood,100,0.9080944350758854,0.0,32.0,194.0
Biological,Macaque_visual_cortex_1991_fve32,32,194,variation_neighborhood,80,0.902227255568139,0.04458108497783542,26.0,150.0
Biological,Macaque_visual_cortex_1991_fve32,32,194,variation_neighborhood,60,0.7843137254901961,0.04637719597667456,21.0,79.0
Biological,Macaque_visual_cortex_1991_fve32,32,194,variation_neighborhood,40,0.8880994671403197,0.03271696576848626,13.0,31.0
Biological,Macaque_visual_cortex_1991_fve32,32,194,variation_neighborhood,20,0.7236842105263158,0.02932772971689701,7.0,15.0
Biological,Macaque_visual_cortex_1991_fve32,32,194,variation_edges,100,0.907941325240263,0.0,32.0,194.0
Biological,Macaque_visual_cortex_1991_fve32,32,194,variation_edges,80,0.9236305477808877,0.031834342051297426,26.0,126.0
Biological,Macaque_visual_cortex_1991_fve32,32,194,variation_edges,60,0.891156462585034,0.021813828963786364,20.0,83.0
Biological,Macaque_visual_cortex_1991_fve32,32,194,variation_edges,40,0.9440559440559441,0.01870517712086439,13.0,33.0
Biological,Macaque_visual_cortex_1991_fve32,32,194,variation_edges,20,0.9090909090909091,0.019210489001125097,8.0,13.0
Biological,Macaque_neocortex_visual_sensory_motor_Macaque_neocortex,47,313,variation_neighborhood,100,0.8803669257230221,0.0,47.0,313.0
Biological,Macaque_neocortex_visual_sensory_motor_Macaque_neocortex,47,313,variation_neighborhood,80,0.8422138191818495,0.09546570992097259,41.0,232.0
Biological,Macaque_neocortex_visual_sensory_motor_Macaque_neocortex,47,313,variation_neighborhood,60,0.8242338851708348,0.05572167597711086,29.0,120.0
Biological,Macaque_neocortex_visual_sensory_motor_Macaque_neocortex,47,313,variation_neighborhood,40,0.8752025931928686,0.051119939889758825,19.0,61.0
Biological,Macaque_neocortex_visual_sensory_motor_Macaque_neocortex,47,313,variation_neighborhood,20,0.912621359223301,0.04462115978822112,12.0,34.0
Biological,Macaque_neocortex_visual_sensory_motor_Macaque_neocortex,47,313,variation_edges,100,0.8751266464032421,0.0,47.0,313.0
Biological,Macaque_neocortex_visual_sensory_motor_Macaque_neocortex,47,313,variation_edges,80,0.9196305757516212,0.05197368236258626,38.0,209.0
Biological,Macaque_neocortex_visual_sensory_motor_Macaque_neocortex,47,313,variation_edges,60,0.9108976482278901,0.04206655686721206,29.0,138.0
Biological,Macaque_neocortex_visual_sensory_motor_Macaque_neocortex,47,313,variation_edges,40,0.8483896307934015,0.02970642689615488,19.0,66.0
Biological,Macaque_neocortex_visual_sensory_motor_Macaque_neocortex,47,313,variation_edges,20,0.7428571428571429,0.02245374210178852,10.0,22.0
Biological,Freshwater_stream_webs_Catlins,48,110,variation_neighborhood,100,0.9184461023925907,0.0,48.0,110.0
Biological,Freshwater_stream_webs_Catlins,48,110,variation_neighborhood,80,0.694908955778521,0.055951922200620174,39.0,82.0
Biological,Freshwater_stream_webs_Catlins,48,110,variation_neighborhood,60,0.7495407225964482,0.04895943496376276,29.0,60.0
Biological,Freshwater_stream_webs_Catlins,48,110,variation_neighborhood,40,0.9897292250233427,0.04468122869729996,21.0,41.0
Biological,Freshwater_stream_webs_Catlins,48,110,variation_neighborhood,20,0.946969696969697,0.03581420797854662,10.0,13.0
Biological,Freshwater_stream_webs_Catlins,48,110,variation_edges,100,0.9311424100156495,0.0,48.0,110.0
Biological,Freshwater_stream_webs_Catlins,48,110,variation_edges,80,0.7154471544715447,0.047400751151144505,39.0,96.0
Biological,Freshwater_stream_webs_Catlins,48,110,variation_edges,60,0.7314814814814815,0.03248243499547243,29.0,78.0
Biological,Freshwater_stream_webs_Catlins,48,110,variation_edges,40,0.718321226795803,0.030490178614854813,20.0,54.0
Biological,Freshwater_stream_webs_Catlins,48,110,variation_edges,20,0.639386189258312,0.025631867814809084,12.0,18.0
Biological,P_pacificus_nematode_2013_Worm_p_pacificus_neural_synaptic_2,50,141,variation_neighborhood,100,0.8723448133635802,0.0,50.0,141.0
Biological,P_pacificus_nematode_2013_Worm_p_pacificus_neural_synaptic_2,50,141,variation_neighborhood,80,0.7078313253012047,0.06117154425010085,41.0,79.0
Biological,P_pacificus_nematode_2013_Worm_p_pacificus_neural_synaptic_2,50,141,variation_neighborhood,60,0.7479784366576819,0.048506949096918106,30.0,48.0
Biological,P_pacificus_nematode_2013_Worm_p_pacificus_neural_synaptic_2,50,141,variation_neighborhood,40,0.8961748633879781,0.039209683891385794,20.0,35.0
Biological,P_pacificus_nematode_2013_Worm_p_pacificus_neural_synaptic_2,50,141,variation_neighborhood,20,0.9635974304068522,0.03873636433854699,12.0,26.0
Biological,P_pacificus_nematode_2013_Worm_p_pacificus_neural_synaptic_2,50,141,variation_edges,100,0.8709079678814083,0.0,50.0,141.0
Biological,P_pacificus_nematode_2013_Worm_p_pacificus_neural_synaptic_2,50,141,variation_edges,80,0.8237986270022883,0.04923764104023576,40.0,94.0
Biological,P_pacificus_nematode_2013_Worm_p_pacificus_neural_synaptic_2,50,141,variation_edges,60,0.7931034482758621,0.03525096597149968,30.0,58.0
Biological,P_pacificus_nematode_2013_Worm_p_pacificus_neural_synaptic_2,50,141,variation_edges,40,0.7904642409033876,0.029045732226222754,22.0,28.0
Biological,P_pacificus_nematode_2013_Worm_p_pacificus_neural_synaptic_2,50,141,variation_edges,20,0.65,0.028156362008303404,15.0,15.0
Biological,Cat_cerebral_hemisphere_cortex_only,52,515,variation_neighborhood,100,0.8684258087836617,0.0,52.0,515.0
Biological,Cat_cerebral_hemisphere_cortex_only,52,515,variation_neighborhood,80,0.9466840052015605,0.1067712688818574,43.0,411.0
Biological,Cat_cerebral_hemisphere_cortex_only,52,515,variation_neighborhood,60,0.6311787072243346,0.08503192337229848,33.0,173.0
Biological,Cat_cerebral_hemisphere_cortex_only,52,515,variation_neighborhood,40,0.7172995780590717,0.049303106032311916,21.0,95.0
Biological,Cat_cerebral_hemisphere_cortex_only,52,515,variation_neighborhood,20,0.883054892601432,0.04413410276174545,11.0,34.0
Biological,Cat_cerebral_hemisphere_cortex_only,52,515,variation_edges,100,0.8696045606732423,0.0,52.0,515.0
Biological,Cat_cerebral_hemisphere_cortex_only,52,515,variation_edges,80,0.8661198387321007,0.06642696913331747,42.0,363.0
Biological,Cat_cerebral_hemisphere_cortex_only,52,515,variation_edges,60,0.8370702541106129,0.04748375294730067,32.0,204.0
Biological,Cat_cerebral_hemisphere_cortex_only,52,515,variation_edges,40,0.8214285714285714,0.033268364146351814,21.0,105.0
Biological,Cat_cerebral_hemisphere_cortex_only,52,515,variation_edges,20,1.028708133971292,0.027773146983236074,11.0,31.0
Biological,Freshwater_stream_webs_AkatoreB,54,117,variation_neighborhood,100,0.8879049172687019,0.0,54.0,117.0
Biological,Freshwater_stream_webs_AkatoreB,54,117,variation_neighborhood,80,0.6633380884450785,0.06025433028116822,44.0,80.0
Biological,Freshwater_stream_webs_AkatoreB,54,117,variation_neighborhood,60,0.6286942504030092,0.06002019625157118,34.0,57.0
Biological,Freshwater_stream_webs_AkatoreB,54,117,variation_neighborhood,40,0.7374890254609306,0.039819860365241766,22.0,43.0
Biological,Freshwater_stream_webs_AkatoreB,54,117,variation_neighborhood,20,0.6551724137931034,0.04509620973840356,12.0,12.0
Biological,Freshwater_stream_webs_AkatoreB,54,117,variation_edges,100,0.8943661971830986,0.0,54.0,117.0
Biological,Freshwater_stream_webs_AkatoreB,54,117,variation_edges,80,0.771,0.04332664608955383,44.0,99.0
Biological,Freshwater_stream_webs_AkatoreB,54,117,variation_edges,60,0.8036490008688097,0.03956677811220288,33.0,76.0
Biological,Freshwater_stream_webs_AkatoreB,54,117,variation_edges,40,0.7609090909090909,0.031624922063201666,22.0,46.0
Biological,Freshwater_stream_webs_AkatoreB,54,117,variation_edges,20,0.7301587301587301,0.02758060907945037,12.0,14.0
Biological,P_pacificus_nematode_2013_Worm_p_pacificus_neural_synaptic_1,54,141,variation_neighborhood,100,0.8641239570917759,0.0,54.0,141.0
Biological,P_pacificus_nematode_2013_Worm_p_pacificus_neural_synaptic_1,54,141,variation_neighborhood,80,0.7223230490018149,0.05469626095145941,44.0,79.0
Biological,P_pacificus_nematode_2013_Worm_p_pacificus_neural_synaptic_1,54,141,variation_neighborhood,60,0.7412898443291327,0.06391464173793793,34.0,53.0
Biological,P_pacificus_nematode_2013_Worm_p_pacificus_neural_synaptic_1,54,141,variation_neighborhood,40,0.7289836888331241,0.04099754290655255,22.0,41.0
Biological,P_pacificus_nematode_2013_Worm_p_pacificus_neural_synaptic_1,54,141,variation_neighborhood,20,0.822429906542056,0.04097617510706186,13.0,28.0
Biological,P_pacificus_nematode_2013_Worm_p_pacificus_neural_synaptic_1,54,141,variation_edges,100,0.8636092912447886,0.0,54.0,141.0
Biological,P_pacificus_nematode_2013_Worm_p_pacificus_neural_synaptic_1,54,141,variation_edges,80,0.845367027677497,0.05191029002889991,44.0,97.0
Biological,P_pacificus_nematode_2013_Worm_p_pacificus_neural_synaptic_1,54,141,variation_edges,60,0.7401656314699794,0.03163799410685897,33.0,62.0
Biological,P_pacificus_nematode_2013_Worm_p_pacificus_neural_synaptic_1,54,141,variation_edges,40,0.6191117092866757,0.03141205897554755,22.0,26.0
Biological,P_pacificus_nematode_2013_Worm_p_pacificus_neural_synaptic_1,54,141,variation_edges,20,0.6801007556675063,0.030881546903401613,14.0,15.0
Biological,Freshwater_stream_webs_Coweeta1,58,126,variation_neighborhood,100,0.8463817181548878,0.0,58.0,126.0
Biological,Freshwater_stream_webs_Coweeta1,58,126,variation_neighborhood,80,0.8,0.0685568330809474,47.0,81.0
Biological,Freshwater_stream_webs_Coweeta1,58,126,variation_neighborhood,60,0.79628400796284,0.05288846092298627,35.0,57.0
Biological,Freshwater_stream_webs_Coweeta1,58,126,variation_neighborhood,40,0.8629032258064516,0.0443259016610682,24.0,43.0
Biological,Freshwater_stream_webs_Coweeta1,58,126,variation_neighborhood,20,0.5642633228840126,0.0418414450250566,12.0,13.0
Biological,Freshwater_stream_webs_Coweeta1,58,126,variation_edges,100,0.8505209440782479,0.0,58.0,126.0
Biological,Freshwater_stream_webs_Coweeta1,58,126,variation_edges,80,0.799890049477735,0.0556215881370008,47.0,104.0
Biological,Freshwater_stream_webs_Coweeta1,58,126,variation_edges,60,0.7514450867052023,0.04426837572827935,35.0,82.0
Biological,Freshwater_stream_webs_Coweeta1,58,126,variation_edges,40,0.7762803234501348,0.035928288009017706,26.0,59.0
Biological,Freshwater_stream_webs_Coweeta1,58,126,variation_edges,20,0.851581508515815,0.027050990145653486,12.0,19.0
Biological,Freshwater_stream_webs_Canton,62,167,variation_neighborhood,100,0.7786357786357786,0.0,62.0,167.0
Biological,Freshwater_stream_webs_Canton,62,167,variation_neighborhood,80,0.7016589611096002,0.07545974804088473,50.0,102.0
Biological,Freshwater_stream_webs_Canton,62,167,variation_neighborhood,60,0.7149046793760832,0.06286576669663191,38.0,69.0
Biological,Freshwater_stream_webs_Canton,62,167,variation_neighborhood,40,0.7052896725440806,0.05591392004862428,25.0,41.0
Biological,Freshwater_stream_webs_Canton,62,167,variation_neighborhood,20,0.7165109034267912,0.05231691198423505,13.0,13.0
Biological,Freshwater_stream_webs_Canton,62,167,variation_edges,100,0.7768860353130016,0.0,62.0,167.0
Biological,Freshwater_stream_webs_Canton,62,167,variation_edges,80,0.6301474813254165,0.0801206910982728,52.0,150.0
Biological,Freshwater_stream_webs_Canton,62,167,variation_edges,60,0.5101676774884053,0.05278892442584038,38.0,87.0
Biological,Freshwater_stream_webs_Canton,62,167,variation_edges,40,0.6201550387596899,0.042060424108058214,25.0,45.0
Biological,Freshwater_stream_webs_Canton,62,167,variation_edges,20,0.4627539503386005,0.0413903440348804,22.0,31.0
Biological,Cat_brain_2013_Cat_mixed_species_brain_1,65,730,variation_neighborhood,100,0.8817506289860161,0.0,65.0,730.0
Biological,Cat_brain_2013_Cat_mixed_species_brain_1,65,730,variation_neighborhood,80,0.8240902007516728,0.13712248671799898,53.0,462.0
Biological,Cat_brain_2013_Cat_mixed_species_brain_1,65,730,variation_neighborhood,60,0.7686781609195403,0.08092724019661546,39.0,238.0
Biological,Cat_brain_2013_Cat_mixed_species_brain_1,65,730,variation_neighborhood,40,0.711727842435094,0.06085821194574237,26.0,97.0
Biological,Cat_brain_2013_Cat_mixed_species_brain_1,65,730,variation_neighborhood,20,0.9152542372881356,0.059596641920506954,13.0,34.0
Biological,Cat_brain_2013_Cat_mixed_species_brain_1,65,730,variation_edges,100,0.8821635544108178,0.0,65.0,730.0
Biological,Cat_brain_2013_Cat_mixed_species_brain_1,65,730,variation_edges,80,0.8720664779472195,0.10408323537558317,52.0,498.0
Biological,Cat_brain_2013_Cat_mixed_species_brain_1,65,730,variation_edges,60,0.8652273470722931,0.06914478400722146,39.0,305.0
Biological,Cat_brain_2013_Cat_mixed_species_brain_1,65,730,variation_edges,40,0.8814703675918979,0.04481502203270793,26.0,158.0
Biological,Cat_brain_2013_Cat_mixed_species_brain_1,65,730,variation_edges,20,0.9405940594059405,0.03432219987735152,13.0,46.0
Biological,Freshwater_stream_webs_Venlaw,66,187,variation_neighborhood,100,0.8290888511601585,0.0,66.0,187.0
Biological,Freshwater_stream_webs_Venlaw,66,187,variation_neighborhood,80,0.8230860769535898,0.09236837504431605,53.0,143.0
Biological,Freshwater_stream_webs_Venlaw,66,187,variation_neighborhood,60,0.7827868852459017,0.06522944010794163,40.0,73.0
Biological,Freshwater_stream_webs_Venlaw,66,187,variation_neighborhood,40,0.8312958435207825,0.060906628146767616,28.0,55.0
Biological,Freshwater_stream_webs_Venlaw,66,187,variation_neighborhood,20,0.9447004608294931,0.04924176773056388,14.0,17.0
Biological,Freshwater_stream_webs_Venlaw,66,187,variation_edges,100,0.8267494356659143,0.0,66.0,187.0
Biological,Freshwater_stream_webs_Venlaw,66,187,variation_edges,80,0.8239499553172476,0.07995897205546498,53.0,162.0
Biological,Freshwater_stream_webs_Venlaw,66,187,variation_edges,60,0.900383141762452,0.061828034929931164,40.0,139.0
Biological,Freshwater_stream_webs_Venlaw,66,187,variation_edges,40,0.8596345514950166,0.04081117268651724,27.0,101.0
Biological,Freshwater_stream_webs_Venlaw,66,187,variation_edges,20,0.7276119402985074,0.03045577695593238,14.0,25.0
Biological,Freshwater_stream_webs_Coweeta17,71,148,variation_neighborhood,100,0.7868796736913665,0.0,71.0,148.0
Biological,Freshwater_stream_webs_Coweeta17,71,148,variation_neighborhood,80,0.791472678265131,0.11530719883739948,58.0,107.0
Biological,Freshwater_stream_webs_Coweeta17,71,148,variation_neighborhood,60,0.734966592427617,0.07538614701479673,43.0,76.0
Biological,Freshwater_stream_webs_Coweeta17,71,148,variation_neighborhood,40,0.7725816784112748,0.05563060333952308,29.0,58.0
Biological,Freshwater_stream_webs_Coweeta17,71,148,variation_neighborhood,20,0.7977736549165121,0.05372700793668628,15.0,22.0
Biological,Freshwater_stream_webs_Coweeta17,71,148,variation_edges,100,0.7734391313426603,0.0,71.0,148.0
Biological,Freshwater_stream_webs_Coweeta17,71,148,variation_edges,80,0.7249422147509982,0.07469709683209658,57.0,126.0
Biological,Freshwater_stream_webs_Coweeta17,71,148,variation_edges,60,0.7932763196697139,0.05539111001417041,43.0,101.0
Biological,Freshwater_stream_webs_Coweeta17,71,148,variation_edges,40,0.7166482910694597,0.04217177024111152,29.0,60.0
Biological,Freshwater_stream_webs_Coweeta17,71,148,variation_edges,20,0.7472178060413355,0.03160063410177827,15.0,27.0
Biological,Macaque_cortical_connectivity_Young_Macaque_cortical_network,71,438,variation_neighborhood,100,0.7812059735136658,0.0,71.0,438.0
Biological,Macaque_cortical_connectivity_Young_Macaque_cortical_network,71,438,variation_neighborhood,80,0.8742088607594937,0.142242977861315,58.0,336.0
Biological,Macaque_cortical_connectivity_Young_Macaque_cortical_network,71,438,variation_neighborhood,60,0.8311176760216642,0.07892749179154634,43.0,174.0
Biological,Macaque_cortical_connectivity_Young_Macaque_cortical_network,71,438,variation_neighborhood,40,0.8454312553373186,0.06230045668780804,29.0,88.0
Biological,Macaque_cortical_connectivity_Young_Macaque_cortical_network,71,438,variation_neighborhood,20,0.9925093632958801,0.05868454510346055,18.0,52.0
Biological,Macaque_cortical_connectivity_Young_Macaque_cortical_network,71,438,variation_edges,100,0.7855776723099809,0.0,71.0,438.0
Biological,Macaque_cortical_connectivity_Young_Macaque_cortical_network,71,438,variation_edges,80,0.8432561160424334,0.099242536816746,57.0,302.0
Biological,Macaque_cortical_connectivity_Young_Macaque_cortical_network,71,438,variation_edges,60,0.7946444096678839,0.06575402477756143,43.0,208.0
Biological,Macaque_cortical_connectivity_Young_Macaque_cortical_network,71,438,variation_edges,40,0.8627898137590269,0.04209502600133419,29.0,105.0
Biological,Macaque_cortical_connectivity_Young_Macaque_cortical_network,71,438,variation_edges,20,0.8656330749354004,0.031088147312402725,15.0,40.0
Biological,Freshwater_stream_webs_Narrowdale,71,154,variation_neighborhood,100,0.7755369732743073,0.0,71.0,154.0
Biological,Freshwater_stream_webs_Narrowdale,71,154,variation_neighborhood,80,0.6178363469200123,0.10716565325856209,58.0,95.0
Biological,Freshwater_stream_webs_Narrowdale,71,154,variation_neighborhood,60,0.6815834767641996,0.0710241342894733,43.0,75.0
Biological,Freshwater_stream_webs_Narrowdale,71,154,variation_neighborhood,40,0.6432748538011696,0.04947385657578707,29.0,51.0
Biological,Freshwater_stream_webs_Narrowdale,71,154,variation_neighborhood,20,0.8544303797468354,0.03938540490344167,15.0,30.0
Biological,Freshwater_stream_webs_Narrowdale,71,154,variation_edges,100,0.7689806535522679,0.0,71.0,154.0
Biological,Freshwater_stream_webs_Narrowdale,71,154,variation_edges,80,0.6262961426793862,0.07559624221175909,57.0,130.0
Biological,Freshwater_stream_webs_Narrowdale,71,154,variation_edges,60,0.7124760076775432,0.053177377209067345,43.0,97.0
Biological,Freshwater_stream_webs_Narrowdale,71,154,variation_edges,40,0.647887323943662,0.04141097329556942,29.0,59.0
Biological,Freshwater_stream_webs_Narrowdale,71,154,variation_edges,20,0.7666666666666667,0.03333133598789573,17.0,23.0
Biological,Freshwater_stream_webs_SuttonSp,74,391,variation_neighborhood,100,0.9466633589679979,0.0,74.0,391.0
Biological,Freshwater_stream_webs_SuttonSp,74,391,variation_neighborhood,80,0.6927921623512946,0.15210770908743143,61.0,253.0
Biological,Freshwater_stream_webs_SuttonSp,74,391,variation_neighborhood,60,0.9024288107202679,0.09043022384867072,45.0,150.0
Biological,Freshwater_stream_webs_SuttonSp,74,391,variation_neighborhood,40,0.8647450110864745,0.07445068610832095,31.0,80.0
Biological,Freshwater_stream_webs_SuttonSp,74,391,variation_neighborhood,20,0.8972691807542262,0.06342580588534474,15.0,40.0
Biological,Freshwater_stream_webs_SuttonSp,74,391,variation_edges,100,0.9422222222222222,0.0,74.0,391.0
Biological,Freshwater_stream_webs_SuttonSp,74,391,variation_edges,80,0.9095171120487576,0.1169946282170713,60.0,350.0
Biological,Freshwater_stream_webs_SuttonSp,74,391,variation_edges,60,0.9113961813842483,0.0863105827011168,45.0,250.0
Biological,Freshwater_stream_webs_SuttonSp,74,391,variation_edges,40,0.8098271155595996,0.05522392690181732,30.0,152.0
Biological,Freshwater_stream_webs_SuttonSp,74,391,variation_edges,20,0.8057395143487859,0.04201841913163662,16.0,48.0
Biological,Freshwater_stream_webs_Berwick,77,240,variation_neighborhood,100,0.9372993794136528,0.0,77.0,240.0
Biological,Freshwater_stream_webs_Berwick,77,240,variation_neighborhood,80,0.8874870734229576,0.13259535422548652,63.0,187.0
Biological,Freshwater_stream_webs_Berwick,77,240,variation_neighborhood,60,0.8032786885245902,0.057439894415438175,47.0,87.0
Biological,Freshwater_stream_webs_Berwick,77,240,variation_neighborhood,40,0.9495708154506437,0.06188551802188158,31.0,61.0
Biological,Freshwater_stream_webs_Berwick,77,240,variation_neighborhood,20,1.033112582781457,0.05628070095553994,16.0,35.0
Biological,Freshwater_stream_webs_Berwick,77,240,variation_edges,100,0.9378010919601756,0.0,77.0,240.0
Biological,Freshwater_stream_webs_Berwick,77,240,variation_edges,80,0.7966101694915254,0.09297542925924063,62.0,215.0
Biological,Freshwater_stream_webs_Berwick,77,240,variation_edges,60,0.8322709888909123,0.07961584581062198,47.0,175.0
Biological,Freshwater_stream_webs_Berwick,77,240,variation_edges,40,0.7634854771784232,0.04818515386432409,31.0,84.0
Biological,Freshwater_stream_webs_Berwick,77,240,variation_edges,20,0.6568364611260055,0.03433034522458911,17.0,30.0
Biological,Freshwater_stream_webs_Troy,77,181,variation_neighborhood,100,0.8735756918068366,0.0,77.0,181.0
Biological,Freshwater_stream_webs_Troy,77,181,variation_neighborhood,80,0.8523827973653622,0.12821376277133822,63.0,135.0
Biological,Freshwater_stream_webs_Troy,77,181,variation_neighborhood,60,0.8409951325040562,0.08773736795410514,47.0,107.0
Biological,Freshwater_stream_webs_Troy,77,181,variation_neighborhood,40,0.8169774288518155,0.06564828334376216,31.0,78.0
Biological,Freshwater_stream_webs_Troy,77,181,variation_neighborhood,20,0.9385665529010239,0.059812074061483145,16.0,23.0
Biological,Freshwater_stream_webs_Troy,77,181,variation_edges,100,0.8777429467084639,0.0,77.0,181.0
Biological,Freshwater_stream_webs_Troy,77,181,variation_edges,80,0.8081632653061224,0.09886091016232967,62.0,160.0
Biological,Freshwater_stream_webs_Troy,77,181,variation_edges,60,0.7951578447661999,0.06966812536120415,47.0,123.0
Biological,Freshwater_stream_webs_Troy,77,181,variation_edges,40,0.7287671232876712,0.046876523178070784,31.0,59.0
Biological,Freshwater_stream_webs_Troy,77,181,variation_edges,20,0.7296137339055794,0.0404682126827538,16.0,30.0
Biological,Freshwater_stream_webs_NorthCol,78,241,variation_neighborhood,100,0.8104974704890389,0.0,78.0,241.0
Biological,Freshwater_stream_webs_NorthCol,78,241,variation_neighborhood,80,0.7735756385068763,0.1506083239801228,64.0,182.0
Biological,Freshwater_stream_webs_NorthCol,78,241,variation_neighborhood,60,0.6313757926661153,0.07566023105755448,47.0,104.0
Biological,Freshwater_stream_webs_NorthCol,78,241,variation_neighborhood,40,0.7029795158286778,0.06109199998900294,32.0,71.0
Biological,Freshwater_stream_webs_NorthCol,78,241,variation_neighborhood,20,0.7735849056603774,0.05697694281116128,16.0,21.0
Biological,Freshwater_stream_webs_NorthCol,78,241,variation_edges,100,0.8086225026288117,0.0,78.0,241.0
Biological,Freshwater_stream_webs_NorthCol,78,241,variation_edges,80,0.8420779893768623,0.10615715105086565,63.0,213.0
Biological,Freshwater_stream_webs_NorthCol,78,241,variation_edges,60,0.8121546961325967,0.07751896698027849,47.0,172.0
Biological,Freshwater_stream_webs_NorthCol,78,241,variation_edges,40,0.8807733619763695,0.04684332758188248,32.0,101.0
Biological,Freshwater_stream_webs_NorthCol,78,241,variation_edges,20,0.8438818565400844,0.03531532594934106,16.0,31.0
Biological,Freshwater_stream_webs_Powder,78,268,variation_neighborhood,100,0.8297027785845676,0.0,78.0,268.0
Biological,Freshwater_stream_webs_Powder,78,268,variation_neighborhood,80,0.8146987608602763,0.1424807091243565,64.0,189.0
Biological,Freshwater_stream_webs_Powder,78,268,variation_neighborhood,60,0.8858720662678324,0.08900913177058101,47.0,129.0
Biological,Freshwater_stream_webs_Powder,78,268,variation_neighborhood,40,0.8466522678185745,0.06679062498733401,32.0,78.0
Biological,Freshwater_stream_webs_Powder,78,268,variation_neighborhood,20,0.5734767025089607,0.061624548863619566,16.0,22.0
Biological,Freshwater_stream_webs_Powder,78,268,variation_edges,100,0.825626204238921,0.0,78.0,268.0
Biological,Freshwater_stream_webs_Powder,78,268,variation_edges,80,0.9011593163618978,0.10056367656216025,63.0,239.0
Biological,Freshwater_stream_webs_Powder,78,268,variation_edges,60,0.8795060080106808,0.08073239773511887,47.0,197.0
Biological,Freshwater_stream_webs_Powder,78,268,variation_edges,40,0.8351243475591035,0.046153511852025986,32.0,129.0
Biological,Freshwater_stream_webs_Powder,78,268,variation_edges,20,0.7724137931034483,0.03377007506787777,16.0,32.0
Biological,Freshwater_stream_webs_LilKyeburn,78,375,variation_neighborhood,100,0.9136457412319481,0.0,78.0,375.0
Biological,Freshwater_stream_webs_LilKyeburn,78,375,variation_neighborhood,80,0.8768949294302143,0.1464232485741377,64.0,213.0
Biological,Freshwater_stream_webs_LilKyeburn,78,375,variation_neighborhood,60,0.9146742706733934,0.08693478535860777,47.0,137.0
Biological,Freshwater_stream_webs_LilKyeburn,78,375,variation_neighborhood,40,0.9537223340040242,0.06938539119437337,32.0,86.0
Biological,Freshwater_stream_webs_LilKyeburn,78,375,variation_neighborhood,20,0.7894736842105263,0.07171669509261847,16.0,32.0
Biological,Freshwater_stream_webs_LilKyeburn,78,375,variation_edges,100,0.9183824618575026,0.0,78.0,375.0
Biological,Freshwater_stream_webs_LilKyeburn,78,375,variation_edges,80,0.8292865147553231,0.12240006402134895,63.0,332.0
Biological,Freshwater_stream_webs_LilKyeburn,78,375,variation_edges,60,0.8618871903004744,0.08795105013996363,48.0,278.0
Biological,Freshwater_stream_webs_LilKyeburn,78,375,variation_edges,40,0.8375778155065082,0.05708339577540755,32.0,150.0
Biological,Freshwater_stream_webs_LilKyeburn,78,375,variation_edges,20,0.896551724137931,0.039306790102273226,16.0,23.0
Biological,Freshwater_stream_webs_SuttonAu,80,335,variation_neighborhood,100,0.9469394278408182,0.0,80.0,335.0
Biological,Freshwater_stream_webs_SuttonAu,80,335,variation_neighborhood,80,0.8421436383521692,0.14713581884279847,65.0,227.0
Biological,Freshwater_stream_webs_SuttonAu,80,335,variation_neighborhood,60,0.8065973791233619,0.09407250303775072,48.0,129.0
Biological,Freshwater_stream_webs_SuttonAu,80,335,variation_neighborhood,40,0.8165829145728642,0.07328206673264503,32.0,81.0
Biological,Freshwater_stream_webs_SuttonAu,80,335,variation_neighborhood,20,0.7680945347119645,0.06915544113144279,16.0,28.0
Biological,Freshwater_stream_webs_SuttonAu,80,335,variation_edges,100,0.9441478766632142,0.0,80.0,335.0
Biological,Freshwater_stream_webs_SuttonAu,80,335,variation_edges,80,0.8741400242816674,0.12202216079458594,64.0,293.0
Biological,Freshwater_stream_webs_SuttonAu,80,335,variation_edges,60,0.907451923076923,0.07400179607793689,48.0,226.0
Biological,Freshwater_stream_webs_SuttonAu,80,335,variation_edges,40,0.8440973265244819,0.05622192099690437,32.0,133.0
Biological,Freshwater_stream_webs_SuttonAu,80,335,variation_edges,20,0.8309859154929577,0.03712595719844103,16.0,31.0
Biological,Freshwater_stream_webs_DempstersAu,83,414,variation_neighborhood,100,0.89666951323655,0.0,83.0,414.0
Biological,Freshwater_stream_webs_DempstersAu,83,414,variation_neighborhood,80,0.8604313331098447,0.1698465426452458,68.0,245.0
Biological,Freshwater_stream_webs_DempstersAu,83,414,variation_neighborhood,60,0.814646110721794,0.12302672490477562,51.0,171.0
Biological,Freshwater_stream_webs_DempstersAu,83,414,variation_neighborhood,40,0.7163601161665053,0.06722718011587858,34.0,66.0
Biological,Freshwater_stream_webs_DempstersAu,83,414,variation_neighborhood,20,0.806878306878307,0.06276741996407509,17.0,31.0
Biological,Freshwater_stream_webs_DempstersAu,83,414,variation_edges,100,0.8957280661460725,0.0,83.0,414.0
Biological,Freshwater_stream_webs_DempstersAu,83,414,variation_edges,80,0.8842088011144801,0.13730177888646722,67.0,375.0
Biological,Freshwater_stream_webs_DempstersAu,83,414,variation_edges,60,0.9063678721988019,0.10007093194872141,52.0,330.0
Biological,Freshwater_stream_webs_DempstersAu,83,414,variation_edges,40,0.8001035732780942,0.05703422520309687,34.0,156.0
Biological,Freshwater_stream_webs_DempstersAu,83,414,variation_edges,20,0.7095046854082998,0.03814891213551164,17.0,31.0
Biological,Freshwater_stream_webs_AkatoreA,84,227,variation_neighborhood,100,0.8917060593038247,0.0,84.0,227.0
Biological,Freshwater_stream_webs_AkatoreA,84,227,variation_neighborhood,80,0.7189239332096475,0.1344121932052076,68.0,167.0
Biological,Freshwater_stream_webs_AkatoreA,84,227,variation_neighborhood,60,0.7349142991312515,0.09275762597098947,51.0,120.0
Biological,Freshwater_stream_webs_AkatoreA,84,227,variation_neighborhood,40,0.7343608340888487,0.0678415116854012,34.0,69.0
Biological,Freshwater_stream_webs_AkatoreA,84,227,variation_neighborhood,20,0.68259385665529,0.06553246593102813,18.0,37.0
Biological,Freshwater_stream_webs_AkatoreA,84,227,variation_edges,100,0.8946857820416082,0.0,84.0,227.0
Biological,Freshwater_stream_webs_AkatoreA,84,227,variation_edges,80,0.7959671000265323,0.1149111739359796,68.0,199.0
Biological,Freshwater_stream_webs_AkatoreA,84,227,variation_edges,60,0.793151642208246,0.0794851933605969,51.0,171.0
Biological,Freshwater_stream_webs_AkatoreA,84,227,variation_edges,40,0.733704552898788,0.04798296233639121,34.0,106.0
Biological,Freshwater_stream_webs_AkatoreA,84,227,variation_edges,20,0.7976878612716763,0.037136755883693695,17.0,40.0
Biological,Freshwater_stream_webs_German,84,352,variation_neighborhood,100,0.876749032450134,0.0,84.0,352.0
Biological,Freshwater_stream_webs_German,84,352,variation_neighborhood,80,0.7983849960927325,0.1335821240209043,68.0,204.0
Biological,Freshwater_stream_webs_German,84,352,variation_neighborhood,60,0.776856160226583,0.09663994843140244,51.0,144.0
Biological,Freshwater_stream_webs_German,84,352,variation_neighborhood,40,0.5377229080932785,0.06681786896660924,34.0,66.0
Biological,Freshwater_stream_webs_German,84,352,variation_neighborhood,20,0.5572755417956656,0.0721227303147316,18.0,24.0
Biological,Freshwater_stream_webs_German,84,352,variation_edges,100,0.8743412751428784,0.0,84.0,352.0
Biological,Freshwater_stream_webs_German,84,352,variation_edges,80,0.8440808469682387,0.11843561194837093,68.0,296.0
Biological,Freshwater_stream_webs_German,84,352,variation_edges,60,0.8303842264914054,0.09163737995550036,53.0,259.0
Biological,Freshwater_stream_webs_German,84,352,variation_edges,40,0.8259423503325942,0.057371390983462334,35.0,133.0
Biological,Freshwater_stream_webs_German,84,352,variation_edges,20,0.6214689265536723,0.03838950116187334,17.0,20.0
Biological,Freshwater_stream_webs_SuttonSu,86,423,variation_neighborhood,100,0.6489863572612521,0.0,86.0,423.0
Biological,Freshwater_stream_webs_SuttonSu,86,423,variation_neighborhood,80,0.43961076130509447,0.180964729283005,70.0,233.0
Biological,Freshwater_stream_webs_SuttonSu,86,423,variation_neighborhood,60,0.6271331058020477,0.11090769385918975,52.0,132.0
Biological,Freshwater_stream_webs_SuttonSu,86,423,variation_neighborhood,40,0.7838283828382838,0.08855079207569361,36.0,76.0
Biological,Freshwater_stream_webs_SuttonSu,86,423,variation_neighborhood,20,0.9168808911739503,0.06963326968252659,19.0,55.0
Biological,Freshwater_stream_webs_SuttonSu,86,423,variation_edges,100,0.6454067076649972,0.0,86.0,423.0
Biological,Freshwater_stream_webs_SuttonSu,86,423,variation_edges,80,0.7808922226608764,0.13915122812613845,70.0,380.0
Biological,Freshwater_stream_webs_SuttonSu,86,423,variation_edges,60,0.5240625922645409,0.09415900055319071,52.0,211.0
Biological,Freshwater_stream_webs_SuttonSu,86,423,variation_edges,40,0.31017369727047145,0.07154619507491589,43.0,68.0
Biological,Freshwater_stream_webs_SuttonSu,86,423,variation_edges,20,0.3147293327738145,0.07406048802658916,43.0,68.0
Biological,Freshwater_stream_webs_Blackrock,86,375,variation_neighborhood,100,0.8793725707940033,0.0,86.0,375.0
Biological,Freshwater_stream_webs_Blackrock,86,375,variation_neighborhood,80,0.8280945154996748,0.1542698652483523,69.0,252.0
Biological,Freshwater_stream_webs_Blackrock,86,375,variation_neighborhood,60,0.7037880356033948,0.0957617680542171,52.0,137.0
Biological,Freshwater_stream_webs_Blackrock,86,375,variation_neighborhood,40,0.7508571428571428,0.077801373321563,36.0,94.0
Biological,Freshwater_stream_webs_Blackrock,86,375,variation_neighborhood,20,0.7366482504604052,0.07111692428588867,18.0,53.0
Biological,Freshwater_stream_webs_Blackrock,86,375,variation_edges,100,0.8826192964123999,0.0,86.0,375.0
Biological,Freshwater_stream_webs_Blackrock,86,375,variation_edges,80,0.8927491141647222,0.11886402685195208,69.0,337.0
Biological,Freshwater_stream_webs_Blackrock,86,375,variation_edges,60,0.9099840353678006,0.0928883720189333,52.0,277.0
Biological,Freshwater_stream_webs_Blackrock,86,375,variation_edges,40,0.8485290542183321,0.06402248702943325,35.0,165.0
Biological,Freshwater_stream_webs_Blackrock,86,375,variation_edges,20,0.7889546351084812,0.04059989005327225,18.0,47.0
Biological,Rhesus_cortex_2014_Macaque_rhesus_cerebral_cortex_1,91,1401,variation_neighborhood,100,0.8820868956260395,0.0,91.0,1401.0
Biological,Rhesus_cortex_2014_Macaque_rhesus_cerebral_cortex_1,91,1401,variation_neighborhood,80,0.6821417517796348,0.24760786071419716,74.0,506.0
Biological,Rhesus_cortex_2014_Macaque_rhesus_cerebral_cortex_1,91,1401,variation_neighborhood,60,0.15668435683598686,0.22205352876335382,57.0,104.0
Biological,Rhesus_cortex_2014_Macaque_rhesus_cerebral_cortex_1,91,1401,variation_neighborhood,40,0.4470588235294118,0.12710259016603231,39.0,108.0
Biological,Rhesus_cortex_2014_Macaque_rhesus_cerebral_cortex_1,91,1401,variation_neighborhood,20,0.41362530413625304,0.07957398379221559,20.0,30.0
Biological,Rhesus_cortex_2014_Macaque_rhesus_cerebral_cortex_1,91,1401,variation_edges,100,0.8837889197485748,0.0,91.0,1401.0
Biological,Rhesus_cortex_2014_Macaque_rhesus_cerebral_cortex_1,91,1401,variation_edges,80,0.8847029415703254,0.19402597518637776,73.0,998.0
Biological,Rhesus_cortex_2014_Macaque_rhesus_cerebral_cortex_1,91,1401,variation_edges,60,0.8733793960096267,0.1404311708174646,55.0,669.0
Biological,Rhesus_cortex_2014_Macaque_rhesus_cerebral_cortex_1,91,1401,variation_edges,40,0.9032025908600216,0.09799266420304775,37.0,400.0
Biological,Rhesus_cortex_2014_Macaque_rhesus_cerebral_cortex_1,91,1401,variation_edges,20,0.8940158615717376,0.06886905618011951,19.0,97.0
Biological,Freshwater_stream_webs_DempstersSp,93,538,variation_neighborhood,100,0.9311597860098919,0.0,93.0,538.0
Biological,Freshwater_stream_webs_DempstersSp,93,538,variation_neighborhood,80,0.8704598318124889,0.1719556269235909,75.0,298.0
Biological,Freshwater_stream_webs_DempstersSp,93,538,variation_neighborhood,60,0.7757296466973886,0.11930494895204902,56.0,187.0
Biological,Freshwater_stream_webs_DempstersSp,93,538,variation_neighborhood,40,0.7623094226443389,0.1150370161049068,39.0,135.0
Biological,Freshwater_stream_webs_DempstersSp,93,538,variation_neighborhood,20,0.6022944550669216,0.08007251191884279,19.0,45.0
Biological,Freshwater_stream_webs_DempstersSp,93,538,variation_edges,100,0.929049801097739,0.0,93.0,538.0
Biological,Freshwater_stream_webs_DempstersSp,93,538,variation_edges,80,0.8797427652733119,0.1674919226206839,75.0,472.0
Biological,Freshwater_stream_webs_DempstersSp,93,538,variation_edges,60,0.8896551724137931,0.1087233368307352,58.0,423.0
Biological,Freshwater_stream_webs_DempstersSp,93,538,variation_edges,40,0.8483385929088546,0.07953679701313376,38.0,237.0
Biological,Freshwater_stream_webs_DempstersSp,93,538,variation_edges,20,0.7586206896551724,0.04996054386720061,19.0,53.0
Biological,Freshwater_stream_webs_Broad,94,564,variation_neighborhood,100,0.9274898078043098,0.0,94.0,564.0
Biological,Freshwater_stream_webs_Broad,94,564,variation_neighborhood,80,0.9253317145087158,0.17740572895854712,76.0,311.0
Biological,Freshwater_stream_webs_Broad,94,564,variation_neighborhood,60,0.7448979591836735,0.1401618029922247,58.0,196.0
Biological,Freshwater_stream_webs_Broad,94,564,variation_neighborhood,40,0.8170871559633027,0.09165544295683503,38.0,115.0
Biological,Freshwater_stream_webs_Broad,94,564,variation_neighborhood,20,0.9019165727170236,0.07487420691177249,19.0,35.0
Biological,Freshwater_stream_webs_Broad,94,564,variation_edges,100,0.9264107038976148,0.0,94.0,564.0
Biological,Freshwater_stream_webs_Broad,94,564,variation_edges,80,0.8499539736115372,0.1613059830851853,76.0,499.0
Biological,Freshwater_stream_webs_Broad,94,564,variation_edges,60,0.8570488567198553,0.12458324432373047,59.0,446.0
Biological,Freshwater_stream_webs_Broad,94,564,variation_edges,40,0.8120868744098206,0.07152760960161686,38.0,227.0
Biological,Freshwater_stream_webs_Broad,94,564,variation_edges,20,0.7380073800738007,0.04709877306595445,19.0,31.0
Biological,Macaque_cortical_connectivity_CoCoMac_CoCoMac95,94,1515,variation_neighborhood,100,0.6674457156833438,0.0,94.0,1515.0
Biological,Macaque_cortical_connectivity_CoCoMac_CoCoMac95,94,1515,variation_neighborhood,80,0.7170089779854876,0.27965677436441183,77.0,1029.0
Biological,Macaque_cortical_connectivity_CoCoMac_CoCoMac95,94,1515,variation_neighborhood,60,0.717815170940171,0.22019928181543946,59.0,772.0
Biological,Macaque_cortical_connectivity_CoCoMac_CoCoMac95,94,1515,variation_neighborhood,40,0.7332886206125643,0.12384692672640085,38.0,167.0
Biological,Macaque_cortical_connectivity_CoCoMac_CoCoMac95,94,1515,variation_neighborhood,20,0.7609756097560976,0.0918026939034462,19.0,44.0
Biological,Macaque_cortical_connectivity_CoCoMac_CoCoMac95,94,1515,variation_edges,100,0.6681175190424374,0.0,94.0,1515.0
Biological,Macaque_cortical_connectivity_CoCoMac_CoCoMac95,94,1515,variation_edges,80,0.7063343082900424,0.25350741669535637,76.0,915.0
Biological,Macaque_cortical_connectivity_CoCoMac_CoCoMac95,94,1515,variation_edges,60,0.5965301433890517,0.11717810621485114,57.0,523.0
Biological,Macaque_cortical_connectivity_CoCoMac_CoCoMac95,94,1515,variation_edges,40,0.6602888763834177,0.08193360175937414,38.0,231.0
Biological,Macaque_cortical_connectivity_CoCoMac_CoCoMac95,94,1515,variation_edges,20,0.6415478615071283,0.05569629417732358,19.0,40.0
Biological,Cat_cerebral_hemisphere_cortex_and_thalamus,95,1170,variation_neighborhood,100,0.8662058974436362,0.0,95.0,1170.0
Biological,Cat_cerebral_hemisphere_cortex_and_thalamus,95,1170,variation_neighborhood,80,0.8399351818509183,0.2779050995595753,77.0,827.0
Biological,Cat_cerebral_hemisphere_cortex_and_thalamus,95,1170,variation_neighborhood,60,0.7402398340997206,0.1495076366700232,57.0,405.0
Biological,Cat_cerebral_hemisphere_cortex_and_thalamus,95,1170,variation_neighborhood,40,0.678402747960498,0.1041021179407835,38.0,177.0
Biological,Cat_cerebral_hemisphere_cortex_and_thalamus,95,1170,variation_neighborhood,20,0.8715596330275228,0.08479889901354909,19.0,70.0
Biological,Cat_cerebral_hemisphere_cortex_and_thalamus,95,1170,variation_edges,100,0.8664412510566356,0.0,95.0,1170.0
Biological,Cat_cerebral_hemisphere_cortex_and_thalamus,95,1170,variation_edges,80,0.852541092008313,0.186169670894742,76.0,774.0
Biological,Cat_cerebral_hemisphere_cortex_and_thalamus,95,1170,variation_edges,60,0.8352328231846303,0.12491581263020635,57.0,493.0
Biological,Cat_cerebral_hemisphere_cortex_and_thalamus,95,1170,variation_edges,40,0.8148788927335641,0.08891760604456067,40.0,240.0
Biological,Cat_cerebral_hemisphere_cortex_and_thalamus,95,1170,variation_edges,20,0.8884826325411335,0.05754411406815052,19.0,59.0
Technological,58866954a411221d0e7c6782,96,179,variation_neighborhood,100,0.8583740304510198,0.0,96.0,179.0
Technological,58866954a411221d0e7c6782,96,179,variation_neighborhood,80,0.8584743684081432,0.14745574910193682,78.0,142.0
Technological,58866954a411221d0e7c6782,96,179,variation_neighborhood,60,0.8339376359680929,0.09785591484978795,58.0,109.0
Technological,58866954a411221d0e7c6782,96,179,variation_neighborhood,40,0.9123505976095617,0.0671013561077416,39.0,75.0
Technological,58866954a411221d0e7c6782,96,179,variation_neighborhood,20,0.8928571428571429,0.0657725278288126,20.0,31.0
Technological,58866954a411221d0e7c6782,96,179,variation_edges,100,0.8559458588462778,0.0,96.0,179.0
Technological,58866954a411221d0e7c6782,96,179,variation_edges,80,0.8931431920296932,0.11247284011915326,77.0,139.0
Technological,58866954a411221d0e7c6782,96,179,variation_edges,60,0.88923156001028,0.06975208315998316,58.0,103.0
Technological,58866954a411221d0e7c6782,96,179,variation_edges,40,0.8679421371908539,0.046921476256102324,39.0,63.0
Technological,58866954a411221d0e7c6782,96,179,variation_edges,20,0.9365994236311238,0.030819117091596127,20.0,25.0
Biological,Freshwater_stream_webs_Healy,96,634,variation_neighborhood,100,0.9182240940598403,0.0,96.0,634.0
Biological,Freshwater_stream_webs_Healy,96,634,variation_neighborhood,80,0.8816686722823907,0.21211069729179144,78.0,335.0
Biological,Freshwater_stream_webs_Healy,96,634,variation_neighborhood,60,0.785629099582588,0.12051490042358637,58.0,189.0
Biological,Freshwater_stream_webs_Healy,96,634,variation_neighborhood,40,0.8762399622106756,0.09789063734933734,39.0,147.0
Biological,Freshwater_stream_webs_Healy,96,634,variation_neighborhood,20,0.8751076658053403,0.0934072402305901,20.0,75.0
Biological,Freshwater_stream_webs_Healy,96,634,variation_edges,100,0.918627106741573,0.0,96.0,634.0
Biological,Freshwater_stream_webs_Healy,96,634,variation_edges,80,0.8486419474811225,0.1617360101081431,77.0,560.0
Biological,Freshwater_stream_webs_Healy,96,634,variation_edges,60,0.8703834391907787,0.12124583078548312,60.0,475.0
Biological,Freshwater_stream_webs_Healy,96,634,variation_edges,40,0.8375179340028694,0.07465179916471243,39.0,240.0
Biological,Freshwater_stream_webs_Healy,96,634,variation_edges,20,0.820842255531763,0.050827207043766975,20.0,70.0
Biological,Freshwater_stream_webs_Kyeburn,98,629,variation_neighborhood,100,0.8661554548623215,0.0,98.0,629.0
Biological,Freshwater_stream_webs_Kyeburn,98,629,variation_neighborhood,80,0.875673909491913,0.17741193668916821,79.0,325.0
Biological,Freshwater_stream_webs_Kyeburn,98,629,variation_neighborhood,60,0.7751639028152719,0.1339668999426067,59.0,225.0
Biological,Freshwater_stream_webs_Kyeburn,98,629,variation_neighborhood,40,0.812565445026178,0.11154405400156975,40.0,170.0
Biological,Freshwater_stream_webs_Kyeburn,98,629,variation_neighborhood,20,0.6943335993615324,0.15242664981633425,21.0,50.0
Biological,Freshwater_stream_webs_Kyeburn,98,629,variation_edges,100,0.8671377475355492,0.0,98.0,629.0
Biological,Freshwater_stream_webs_Kyeburn,98,629,variation_edges,80,0.8899777790439292,0.17741660214960575,79.0,533.0
Biological,Freshwater_stream_webs_Kyeburn,98,629,variation_edges,60,0.8648120167096259,0.12409907020628452,59.0,390.0
Biological,Freshwater_stream_webs_Kyeburn,98,629,variation_edges,40,0.8382213812677389,0.07797520514577627,40.0,205.0
Biological,Freshwater_stream_webs_Kyeburn,98,629,variation_edges,20,0.7136859781696054,0.05026624538004398,20.0,50.0
Technological,588f93d5a411221d0e7c6796,105,292,variation_neighborhood,100,0.5581249510072901,0.0,105.0,292.0
Technological,588f93d5a411221d0e7c6796,105,292,variation_neighborhood,80,0.5748997995991985,0.16232631169259548,85.0,190.0
Technological,588f93d5a411221d0e7c6796,105,292,variation_neighborhood,60,0.6846011131725418,0.09534538490697742,63.0,94.0
Technological,588f93d5a411221d0e7c6796,105,292,variation_neighborhood,40,0.7378378378378379,0.07466753199696541,42.0,61.0
Technological,588f93d5a411221d0e7c6796,105,292,variation_neighborhood,20,0.8035714285714286,0.06740116700530052,21.0,33.0
Technological,588f93d5a411221d0e7c6796,105,292,variation_edges,100,0.5607623848153107,0.0,105.0,292.0
Technological,588f93d5a411221d0e7c6796,105,292,variation_edges,80,0.5597523219814241,0.12871472723782063,84.0,194.0
Technological,588f93d5a411221d0e7c6796,105,292,variation_edges,60,0.617122990004346,0.08015317283570766,63.0,120.0
Technological,588f93d5a411221d0e7c6796,105,292,variation_edges,40,0.5255255255255254,0.05781348282471299,42.0,57.0
Technological,588f93d5a411221d0e7c6796,105,292,variation_edges,20,0.625,0.05441178800538182,21.0,26.0
Economic,5847088c8cf714f319c47aae,105,441,variation_neighborhood,100,0.8624951931000385,0.0,105.0,441.0
Economic,5847088c8cf714f319c47aae,105,441,variation_neighborhood,80,0.8142601888879435,0.22211384493857622,85.0,295.0
Economic,5847088c8cf714f319c47aae,105,441,variation_neighborhood,60,0.78290676416819,0.14275514893233776,63.0,199.0
Economic,5847088c8cf714f319c47aae,105,441,variation_neighborhood,40,0.8469464689620508,0.0960033037699759,42.0,126.0
Economic,5847088c8cf714f319c47aae,105,441,variation_neighborhood,20,0.8413284132841329,0.0812226845882833,21.0,58.0
Economic,5847088c8cf714f319c47aae,105,441,variation_edges,100,0.8603211134856704,0.0,105.0,441.0
Economic,5847088c8cf714f319c47aae,105,441,variation_edges,80,0.8754287496102277,0.16733249416574836,84.0,332.0
Economic,5847088c8cf714f319c47aae,105,441,variation_edges,60,0.873730378578024,0.1149712149053812,63.0,249.0
Economic,5847088c8cf714f319c47aae,105,441,variation_edges,40,0.9042316258351893,0.07202653726562858,42.0,148.0
Economic,5847088c8cf714f319c47aae,105,441,variation_edges,20,0.8737151248164464,0.03940136171877384,21.0,60.0
Biological,Freshwater_stream_webs_Martins,105,343,variation_neighborhood,100,0.8629026765647347,0.0,105.0,343.0
Biological,Freshwater_stream_webs_Martins,105,343,variation_neighborhood,80,0.8219043887147336,0.2158211418427527,85.0,251.0
Biological,Freshwater_stream_webs_Martins,105,343,variation_neighborhood,60,0.7214493691362018,0.13122425694018602,63.0,164.0
Biological,Freshwater_stream_webs_Martins,105,343,variation_neighborhood,40,0.7044902912621359,0.09198860498145223,42.0,112.0
Biological,Freshwater_stream_webs_Martins,105,343,variation_neighborhood,20,0.7692307692307693,0.08019575104117393,21.0,68.0
Biological,Freshwater_stream_webs_Martins,105,343,variation_edges,100,0.8670362006432629,0.0,105.0,343.0
Biological,Freshwater_stream_webs_Martins,105,343,variation_edges,80,0.826530612244898,0.22645368706434965,84.0,291.0
Biological,Freshwater_stream_webs_Martins,105,343,variation_edges,60,0.842170160295931,0.10880322195589542,63.0,228.0
Biological,Freshwater_stream_webs_Martins,105,343,variation_edges,40,0.7548928238583411,0.066949846688658,42.0,139.0
Biological,Freshwater_stream_webs_Martins,105,343,variation_edges,20,0.8188824662813102,0.044831136241555214,21.0,39.0
Biological,Freshwater_stream_webs_DempstersSu,107,965,variation_neighborhood,100,0.898176291793313,0.0,107.0,965.0
Biological,Freshwater_stream_webs_DempstersSu,107,965,variation_neighborhood,80,0.8942555448896075,0.24668864673003554,86.0,583.0
Biological,Freshwater_stream_webs_DempstersSu,107,965,variation_neighborhood,60,0.785031704920961,0.1724422280676663,65.0,341.0
Biological,Freshwater_stream_webs_DempstersSu,107,965,variation_neighborhood,40,0.7951506507398823,0.1232074461877346,43.0,200.0
Biological,Freshwater_stream_webs_DempstersSu,107,965,variation_neighborhood,20,0.8641975308641975,0.10217800131067634,22.0,113.0
Biological,Freshwater_stream_webs_DempstersSu,107,965,variation_edges,100,0.8982308954951669,0.0,107.0,965.0
Biological,Freshwater_stream_webs_DempstersSu,107,965,variation_edges,80,0.8653116639380265,0.22547920793294907,86.0,842.0
Biological,Freshwater_stream_webs_DempstersSu,107,965,variation_edges,60,0.8561299852289512,0.14674551924690604,65.0,717.0
Biological,Freshwater_stream_webs_DempstersSu,107,965,variation_edges,40,0.8111363940570204,0.09742849320173264,43.0,364.0
Biological,Freshwater_stream_webs_DempstersSu,107,965,variation_edges,20,0.7903225806451613,0.058742793276906013,22.0,117.0
Biological,Freshwater_stream_webs_Stony,112,830,variation_neighborhood,100,0.8509318797532396,0.0,112.0,830.0
Biological,Freshwater_stream_webs_Stony,112,830,variation_neighborhood,80,0.8298386071927819,0.29493519803509116,91.0,708.0
Biological,Freshwater_stream_webs_Stony,112,830,variation_neighborhood,60,0.8956283598742266,0.1646056268364191,68.0,278.0
Biological,Freshwater_stream_webs_Stony,112,830,variation_neighborhood,40,0.7048799380325329,0.09263781039044261,45.0,115.0
Biological,Freshwater_stream_webs_Stony,112,830,variation_neighborhood,20,0.7955894826123834,0.09549164399504662,23.0,72.0
Biological,Freshwater_stream_webs_Stony,112,830,variation_edges,100,0.8499885885690066,0.0,112.0,830.0
Biological,Freshwater_stream_webs_Stony,112,830,variation_edges,80,0.8993947602319381,0.22048077266663313,90.0,717.0
Biological,Freshwater_stream_webs_Stony,112,830,variation_edges,60,0.8862549666644218,0.16698281280696392,68.0,498.0
Biological,Freshwater_stream_webs_Stony,112,830,variation_edges,40,0.8281988823613698,0.09947726922109723,45.0,270.0
Biological,Freshwater_stream_webs_Stony,112,830,variation_edges,20,0.7139874739039667,0.06298211589455605,23.0,67.0
Economic,577ee40d58d31bd664bac0ee,113,2944,variation_neighborhood,100,0.9698220273407274,0.0,113.0,2944.0
Economic,577ee40d58d31bd664bac0ee,113,2944,variation_neighborhood,80,0.9448221686485901,0.4378531319089234,92.0,1689.0
Economic,577ee40d58d31bd664bac0ee,113,2944,variation_neighborhood,60,0.9122996225305161,0.32550711184740067,71.0,855.0
Economic,577ee40d58d31bd664bac0ee,113,2944,variation_neighborhood,40,0.748459824354437,0.20393608324229717,46.0,308.0
Economic,577ee40d58d31bd664bac0ee,113,2944,variation_neighborhood,20,0.7340787554691298,0.15809420216828585,23.0,130.0
Economic,577ee40d58d31bd664bac0ee,113,2944,variation_edges,100,0.9700722394220846,0.0,113.0,2944.0
Economic,577ee40d58d31bd664bac0ee,113,2944,variation_edges,80,0.9602080763661714,0.29728778917342424,91.0,2114.0
Economic,577ee40d58d31bd664bac0ee,113,2944,variation_edges,60,0.9294182382071933,0.1836978942155838,68.0,1348.0
Economic,577ee40d58d31bd664bac0ee,113,2944,variation_edges,40,0.8704427904629746,0.1305680563673377,46.0,744.0
Economic,577ee40d58d31bd664bac0ee,113,2944,variation_edges,20,0.8695652173913043,0.0942051149904728,23.0,186.0
Informational,5902c73762da632511870ff0,118,613,variation_neighborhood,100,0.8812230187334151,0.0,118.0,613.0
Informational,5902c73762da632511870ff0,118,613,variation_neighborhood,80,0.8274186329049171,0.2506635934114456,95.0,388.0
Informational,5902c73762da632511870ff0,118,613,variation_neighborhood,60,0.760375350682016,0.18195051094517112,71.0,284.0
Informational,5902c73762da632511870ff0,118,613,variation_neighborhood,40,0.8294031549845504,0.13430375698953867,48.0,199.0
Informational,5902c73762da632511870ff0,118,613,variation_neighborhood,20,0.8016877637130801,0.10885933600366116,25.0,64.0
Informational,5902c73762da632511870ff0,118,613,variation_edges,100,0.8853607098802276,0.0,118.0,613.0
Informational,5902c73762da632511870ff0,118,613,variation_edges,80,0.9056583418738874,0.22093942295759916,95.0,485.0
Informational,5902c73762da632511870ff0,118,613,variation_edges,60,0.8390141583639223,0.14910291321575642,72.0,396.0
Informational,5902c73762da632511870ff0,118,613,variation_edges,40,0.8500286204922726,0.09350968198850751,48.0,243.0
Informational,5902c73762da632511870ff0,118,613,variation_edges,20,0.8286644951140065,0.05602275999262929,24.0,85.0
Technological,ISCAS89_Benchmark_Circuits__s208_benc,125,176,variation_neighborhood,100,0.9965679420363543,0.0,125.0,176.0
Technological,ISCAS89_Benchmark_Circuits__s208_benc,125,176,variation_neighborhood,80,0.9664634146341463,0.2580971820279956,101.0,152.0
Technological,ISCAS89_Benchmark_Circuits__s208_benc,125,176,variation_neighborhood,60,0.9287925696594427,0.15923807304352522,75.0,119.0
Technological,ISCAS89_Benchmark_Circuits__s208_benc,125,176,variation_neighborhood,40,0.8428890543559195,0.10988724790513515,50.0,91.0
Technological,ISCAS89_Benchmark_Circuits__s208_benc,125,176,variation_neighborhood,20,0.9591474245115453,0.1040993919596076,26.0,37.0
Technological,ISCAS89_Benchmark_Circuits__s208_benc,125,176,variation_edges,100,1.0007658922644882,0.0,125.0,176.0
Technological,ISCAS89_Benchmark_Circuits__s208_benc,125,176,variation_edges,80,0.9481161210623842,0.1631068577989936,100.0,151.0
Technological,ISCAS89_Benchmark_Circuits__s208_benc,125,176,variation_edges,60,0.9422850412249706,0.10103765223175287,75.0,126.0
Technological,ISCAS89_Benchmark_Circuits__s208_benc,125,176,variation_edges,40,0.9490221224751524,0.06398507300764322,50.0,87.0
Technological,ISCAS89_Benchmark_Circuits__s208_benc,125,176,variation_edges,20,0.9236641221374046,0.03750093327835202,25.0,47.0
Technological,ISCAS89_Benchmark_Circuits__s208_1_benc,131,190,variation_neighborhood,100,0.9964005235602095,0.0,131.0,190.0
Technological,ISCAS89_Benchmark_Circuits__s208_1_benc,131,190,variation_neighborhood,80,0.9493034611518024,0.19393383571878076,105.0,158.0
Technological,ISCAS89_Benchmark_Circuits__s208_1_benc,131,190,variation_neighborhood,60,0.9874189858940144,0.14709633495658636,79.0,128.0
Technological,ISCAS89_Benchmark_Circuits__s208_1_benc,131,190,variation_neighborhood,40,0.9484649122807017,0.17755371611565351,53.0,98.0
Technological,ISCAS89_Benchmark_Circuits__s208_1_benc,131,190,variation_neighborhood,20,0.9457627118644067,0.1081689321435988,28.0,55.0
Technological,ISCAS89_Benchmark_Circuits__s208_1_benc,131,190,variation_edges,100,1.0027373577294338,0.0,131.0,190.0
Technological,ISCAS89_Benchmark_Circuits__s208_1_benc,131,190,variation_edges,80,0.9509287496534516,0.172346293926239,105.0,164.0
Technological,ISCAS89_Benchmark_Circuits__s208_1_benc,131,190,variation_edges,60,0.9568950098372384,0.1092825960367918,79.0,138.0
Technological,ISCAS89_Benchmark_Circuits__s208_1_benc,131,190,variation_edges,40,0.9862142099681867,0.0725773717276752,53.0,104.0
Technological,ISCAS89_Benchmark_Circuits__s208_1_benc,131,190,variation_edges,20,0.8767908309455588,0.04175875894725323,27.0,53.0
Informational,583d15578cf714f319c44aca,134,282,variation_neighborhood,100,0.46562358958928834,0.0,134.0,282.0
Informational,583d15578cf714f319c44aca,134,282,variation_neighborhood,80,0.17387218045112782,0.20615938631817698,108.0,147.0
Informational,583d15578cf714f319c44aca,134,282,variation_neighborhood,60,0.19240506329113924,0.13449737802147865,81.0,98.0
Informational,583d15578cf714f319c44aca,134,282,variation_neighborhood,40,0.29106474050294273,0.13150832802057266,58.0,65.0
Informational,583d15578cf714f319c44aca,134,282,variation_neighborhood,20,0.25972396486825594,0.11864758469164371,50.0,50.0
Informational,583d15578cf714f319c44aca,134,282,variation_edges,100,0.47011468064099643,0.0,134.0,282.0
Informational,583d15578cf714f319c44aca,134,282,variation_edges,80,0.4961534173263463,0.18738276464864612,108.0,202.0
Informational,583d15578cf714f319c44aca,134,282,variation_edges,60,0.45050761421319796,0.11618281109258533,81.0,116.0
Informational,583d15578cf714f319c44aca,134,282,variation_edges,40,0.2972596377148165,0.08705296507105231,55.0,59.0
Informational,583d15578cf714f319c44aca,134,282,variation_edges,20,0.3024662633783155,0.08500285027548671,55.0,59.0
Economic,577ee40d58d31bd664bac0ed,145,2266,variation_neighborhood,100,0.8970085826181151,0.0,145.0,2266.0
Economic,577ee40d58d31bd664bac0ed,145,2266,variation_neighborhood,80,0.7562071297459183,0.48584799375385046,117.0,1237.0
Economic,577ee40d58d31bd664bac0ed,145,2266,variation_neighborhood,60,0.7078978558345006,0.27176650194451213,87.0,522.0
Economic,577ee40d58d31bd664bac0ed,145,2266,variation_neighborhood,40,0.7349454717875771,0.2029548748396337,58.0,360.0
Economic,577ee40d58d31bd664bac0ed,145,2266,variation_neighborhood,20,0.8576533650982727,0.17010202491655946,29.0,221.0
Economic,577ee40d58d31bd664bac0ed,145,2266,variation_edges,100,0.8963363863447127,0.0,145.0,2266.0
Economic,577ee40d58d31bd664bac0ed,145,2266,variation_edges,80,0.88896642630069,0.4720451389439404,116.0,1845.0
Economic,577ee40d58d31bd664bac0ed,145,2266,variation_edges,60,0.8517526928584771,0.25920167891308665,87.0,1391.0
Economic,577ee40d58d31bd664bac0ed,145,2266,variation_edges,40,0.9230030194894318,0.16609644005075097,58.0,881.0
Economic,577ee40d58d31bd664bac0ed,145,2266,variation_edges,20,0.8638743455497382,0.09671357600018382,29.0,286.0
Informational,5922400c62da63251188d3ea,146,180,variation_neighborhood,100,0.4587717151945192,0.0,146.0,180.0
Informational,5922400c62da63251188d3ea,146,180,variation_neighborhood,80,0.32358070141445455,0.1909115221351385,117.0,123.0
Informational,5922400c62da63251188d3ea,146,180,variation_neighborhood,60,0.3873431533006001,0.1693479958921671,89.0,92.0
Informational,5922400c62da63251188d3ea,146,180,variation_neighborhood,40,0.4288777698355969,0.10406011901795864,60.0,63.0
Informational,5922400c62da63251188d3ea,146,180,variation_neighborhood,20,0.5574912891986062,0.07732122810557485,32.0,35.0
Informational,5922400c62da63251188d3ea,146,180,variation_edges,100,0.46337157987643424,0.0,146.0,180.0
Informational,5922400c62da63251188d3ea,146,180,variation_edges,80,0.4871753508630424,0.19206120679154992,117.0,144.0
Informational,5922400c62da63251188d3ea,146,180,variation_edges,60,0.5301256120928253,0.13787484914064407,90.0,114.0
Informational,5922400c62da63251188d3ea,146,180,variation_edges,40,0.632512315270936,0.11699793860316277,66.0,87.0
Informational,5922400c62da63251188d3ea,146,180,variation_edges,20,0.6302250803858521,0.1043920642696321,66.0,81.0
Technological,5728dc4b461efe0c7a675f41,149,273,variation_neighborhood,100,0.8447488584474886,0.0,149.0,273.0
Technological,5728dc4b461efe0c7a675f41,149,273,variation_neighborhood,80,0.894811994288434,0.26673615630716085,120.0,233.0
Technological,5728dc4b461efe0c7a675f41,149,273,variation_neighborhood,60,0.9148827726809379,0.18474796693772078,90.0,185.0
Technological,5728dc4b461efe0c7a675f41,149,273,variation_neighborhood,40,0.873336022589754,0.12549398187547922,60.0,130.0
Technological,5728dc4b461efe0c7a675f41,149,273,variation_neighborhood,20,0.8567208271787297,0.10197779396548867,30.0,70.0
Technological,5728dc4b461efe0c7a675f41,149,273,variation_edges,100,0.8491432068543452,0.0,149.0,273.0
Technological,5728dc4b461efe0c7a675f41,149,273,variation_edges,80,0.8203540679113862,0.22410245425999165,119.0,226.0
Technological,5728dc4b461efe0c7a675f41,149,273,variation_edges,60,0.8644679206390106,0.21771349478513002,90.0,183.0
Technological,5728dc4b461efe0c7a675f41,149,273,variation_edges,40,0.8582755203171457,0.09090901026502252,60.0,133.0
Technological,5728dc4b461efe0c7a675f41,149,273,variation_edges,20,0.711847879083374,0.05340779712423682,30.0,69.0
Technological,ISCAS89_Benchmark_Circuits__s298_benc,156,264,variation_neighborhood,100,0.887293950627021,0.0,156.0,264.0
Technological,ISCAS89_Benchmark_Circuits__s298_benc,156,264,variation_neighborhood,80,0.9041783267393613,0.31109509989619255,126.0,224.0
Technological,ISCAS89_Benchmark_Circuits__s298_benc,156,264,variation_neighborhood,60,0.9225543478260869,0.16942665399983525,94.0,172.0
Technological,ISCAS89_Benchmark_Circuits__s298_benc,156,264,variation_neighborhood,40,0.9149096385542168,0.17219670210033655,66.0,137.0
Technological,ISCAS89_Benchmark_Circuits__s298_benc,156,264,variation_neighborhood,20,0.9819639278557115,0.11155067943036556,32.0,48.0
Technological,ISCAS89_Benchmark_Circuits__s298_benc,156,264,variation_edges,100,0.877808988764045,0.0,156.0,264.0
Technological,ISCAS89_Benchmark_Circuits__s298_benc,156,264,variation_edges,80,0.8827977315689981,0.23423421382904053,125.0,229.0
Technological,ISCAS89_Benchmark_Circuits__s298_benc,156,264,variation_edges,60,0.8893762183235868,0.17360239708796144,94.0,191.0
Technological,ISCAS89_Benchmark_Circuits__s298_benc,156,264,variation_edges,40,0.8648542159180457,0.09290099097415805,62.0,132.0
Technological,ISCAS89_Benchmark_Circuits__s298_benc,156,264,variation_edges,20,0.9453405017921147,0.053153992630541325,32.0,74.0
Technological,5728dc4b461efe0c7a675f3b,159,293,variation_neighborhood,100,0.9455004559163919,0.0,159.0,293.0
Technological,5728dc4b461efe0c7a675f3b,159,293,variation_neighborhood,80,0.8854388808325514,0.3625306859612465,129.0,253.0
Technological,5728dc4b461efe0c7a675f3b,159,293,variation_neighborhood,60,0.8675541516245487,0.21905267611145973,96.0,205.0
Technological,5728dc4b461efe0c7a675f3b,159,293,variation_neighborhood,40,0.9416469732775858,0.13840027106925845,64.0,144.0
Technological,5728dc4b461efe0c7a675f3b,159,293,variation_neighborhood,20,0.9516746411483253,0.11206809291616082,32.0,77.0
Technological,5728dc4b461efe0c7a675f3b,159,293,variation_edges,100,0.9400934514261803,0.0,159.0,293.0
Technological,5728dc4b461efe0c7a675f3b,159,293,variation_edges,80,0.9036725392234201,0.2617574413307011,128.0,245.0
Technological,5728dc4b461efe0c7a675f3b,159,293,variation_edges,60,0.8606831882116545,0.1562608452513814,96.0,208.0
Technological,5728dc4b461efe0c7a675f3b,159,293,variation_edges,40,0.8841036414565826,0.10016400273889303,64.0,150.0
Technological,5728dc4b461efe0c7a675f3b,159,293,variation_edges,20,0.908240794856809,0.055497811175882816,32.0,84.0
Technological,Software_function-callgraphs_2002_Digital_Material_4_3_2002,162,252,variation_neighborhood,100,0.7684027490270763,0.0,162.0,252.0
Technological,Software_function-callgraphs_2002_Digital_Material_4_3_2002,162,252,variation_neighborhood,80,0.7491688215736978,0.2837244947440922,130.0,197.0
Technological,Software_function-callgraphs_2002_Digital_Material_4_3_2002,162,252,variation_neighborhood,60,0.8360030511060259,0.1688473466783762,98.0,152.0
Technological,Software_function-callgraphs_2002_Digital_Material_4_3_2002,162,252,variation_neighborhood,40,0.913503971756399,0.13710387889295816,65.0,116.0
Technological,Software_function-callgraphs_2002_Digital_Material_4_3_2002,162,252,variation_neighborhood,20,0.9619341563786008,0.11709228297695518,33.0,62.0
Technological,Software_function-callgraphs_2002_Digital_Material_4_3_2002,162,252,variation_edges,100,0.7589760366402224,0.0,162.0,252.0
Technological,Software_function-callgraphs_2002_Digital_Material_4_3_2002,162,252,variation_edges,80,0.748490526754112,0.2474438790231943,130.0,207.0
Technological,Software_function-callgraphs_2002_Digital_Material_4_3_2002,162,252,variation_edges,60,0.733142037302726,0.15594764333218336,98.0,161.0
Technological,Software_function-callgraphs_2002_Digital_Material_4_3_2002,162,252,variation_edges,40,0.7214254671881791,0.10045596398413181,65.0,117.0
Technological,Software_function-callgraphs_2002_Digital_Material_4_3_2002,162,252,variation_edges,20,0.8029739776951673,0.05688753491267562,35.0,64.0
Technological,5728dc4b461efe0c7a675f3c,167,309,variation_neighborhood,100,0.9845306764551652,0.0,167.0,309.0
Technological,5728dc4b461efe0c7a675f3c,167,309,variation_neighborhood,80,0.9442025479761329,0.3483760803937912,134.0,262.0
Technological,5728dc4b461efe0c7a675f3c,167,309,variation_neighborhood,60,0.9405314213412063,0.2322453106753528,101.0,215.0
Technological,5728dc4b461efe0c7a675f3c,167,309,variation_neighborhood,40,0.9369259032455602,0.15796178113669157,67.0,170.0
Technological,5728dc4b461efe0c7a675f3c,167,309,variation_neighborhood,20,0.8458852867830424,0.11814186302945018,34.0,81.0
Technological,5728dc4b461efe0c7a675f3c,167,309,variation_edges,100,0.9834348196163164,0.0,167.0,309.0
Technological,5728dc4b461efe0c7a675f3c,167,309,variation_edges,80,0.9760545512210592,0.27170372288674116,134.0,268.0
Technological,5728dc4b461efe0c7a675f3c,167,309,variation_edges,60,0.952087821893916,0.1887456332333386,101.0,224.0
Technological,5728dc4b461efe0c7a675f3c,167,309,variation_edges,40,0.850971547536433,0.1139867939054966,67.0,167.0
Technological,5728dc4b461efe0c7a675f3c,167,309,variation_edges,20,0.9032258064516129,0.053457302041351795,34.0,94.0
Economic,56e9db8da6d70217090cdf2b,183,945,variation_neighborhood,100,0.5339053480380045,0.0,183.0,945.0
Economic,56e9db8da6d70217090cdf2b,183,945,variation_neighborhood,80,0.05757247358439447,0.6603693328797817,168.0,300.0
Economic,56e9db8da6d70217090cdf2b,183,945,variation_neighborhood,60,0.4061433447098976,0.2848883429542184,110.0,262.0
Economic,56e9db8da6d70217090cdf2b,183,945,variation_neighborhood,40,0.14636790748102638,0.17224288126453757,75.0,79.0
Economic,56e9db8da6d70217090cdf2b,183,945,variation_neighborhood,20,0.24132730015082957,0.11968010105192661,38.0,39.0
Economic,56e9db8da6d70217090cdf2b,183,945,variation_edges,100,0.5339893067349598,0.0,183.0,945.0
Economic,56e9db8da6d70217090cdf2b,183,945,variation_edges,80,0.13717855849329952,0.4495508731342852,147.0,470.0
Economic,56e9db8da6d70217090cdf2b,183,945,variation_edges,60,0.13070692194403535,0.38482866482809186,147.0,341.0
Economic,56e9db8da6d70217090cdf2b,183,945,variation_edges,40,0.10342711894118678,0.34999070409685373,134.0,244.0
Economic,56e9db8da6d70217090cdf2b,183,945,variation_edges,20,0.10339087006045737,0.3623775187879801,134.0,244.0
Technological,ISCAS89_Benchmark_Circuits__s382_benc,183,313,variation_neighborhood,100,0.9057159316392499,0.0,183.0,313.0
Technological,ISCAS89_Benchmark_Circuits__s382_benc,183,313,variation_neighborhood,80,0.9046862589356632,0.3537948220036924,147.0,262.0
Technological,ISCAS89_Benchmark_Circuits__s382_benc,183,313,variation_neighborhood,60,0.8450395083406497,0.23882145201787353,110.0,206.0
Technological,ISCAS89_Benchmark_Circuits__s382_benc,183,313,variation_neighborhood,40,0.8424688391650398,0.19728310406208038,75.0,164.0
Technological,ISCAS89_Benchmark_Circuits__s382_benc,183,313,variation_neighborhood,20,0.8313651393481342,0.15085335914045572,38.0,81.0
Technological,ISCAS89_Benchmark_Circuits__s382_benc,183,313,variation_edges,100,0.9060639047192162,0.0,183.0,313.0
Technological,ISCAS89_Benchmark_Circuits__s382_benc,183,313,variation_edges,80,0.8961935033723544,0.37182211596518755,147.0,271.0
Technological,ISCAS89_Benchmark_Circuits__s382_benc,183,313,variation_edges,60,0.8824406240683693,0.21395060187205672,110.0,226.0
Technological,ISCAS89_Benchmark_Circuits__s382_benc,183,313,variation_edges,40,0.8721750135599349,0.12095107417553663,74.0,152.0
Technological,ISCAS89_Benchmark_Circuits__s382_benc,183,313,variation_edges,20,0.9459459459459459,0.05909389303997159,37.0,75.0
Technological,ISCAS89_Benchmark_Circuits__s386_benc,185,360,variation_neighborhood,100,0.9506651884700665,0.0,185.0,360.0
Technological,ISCAS89_Benchmark_Circuits__s386_benc,185,360,variation_neighborhood,80,0.9531044961668623,0.41802492504939437,149.0,301.0
Technological,ISCAS89_Benchmark_Circuits__s386_benc,185,360,variation_neighborhood,60,0.900286944045911,0.27676220890134573,111.0,247.0
Technological,ISCAS89_Benchmark_Circuits__s386_benc,185,360,variation_neighborhood,40,0.8982843137254902,0.21705181570723653,76.0,204.0
Technological,ISCAS89_Benchmark_Circuits__s386_benc,185,360,variation_neighborhood,20,0.8468664850136239,0.15425589121878147,38.0,81.0
Technological,ISCAS89_Benchmark_Circuits__s386_benc,185,360,variation_edges,100,0.9415317046390338,0.0,185.0,360.0
Technological,ISCAS89_Benchmark_Circuits__s386_benc,185,360,variation_edges,80,0.9396968719767816,0.35853845765814185,148.0,321.0
Technological,ISCAS89_Benchmark_Circuits__s386_benc,185,360,variation_edges,60,0.959486562374649,0.23674949211999774,111.0,281.0
Technological,ISCAS89_Benchmark_Circuits__s386_benc,185,360,variation_edges,40,0.9327651515151516,0.13608026364818215,74.0,216.0
Technological,ISCAS89_Benchmark_Circuits__s386_benc,185,360,variation_edges,20,0.9297439264609324,0.06657213205471635,37.0,137.0
Technological,ISCAS89_Benchmark_Circuits__s400_benc,187,327,variation_neighborhood,100,0.892204628501827,0.0,187.0,327.0
Technological,ISCAS89_Benchmark_Circuits__s400_benc,187,327,variation_neighborhood,80,0.8857336037863421,0.6267833379097283,150.0,275.0
Technological,ISCAS89_Benchmark_Circuits__s400_benc,187,327,variation_neighborhood,60,0.8070462925030726,0.3998731691390276,113.0,217.0
Technological,ISCAS89_Benchmark_Circuits__s400_benc,187,327,variation_neighborhood,40,0.8260325406758448,0.33041737880557775,78.0,177.0
Technological,ISCAS89_Benchmark_Circuits__s400_benc,187,327,variation_neighborhood,20,0.8539505187549881,0.18285453924909234,38.0,76.0
Technological,ISCAS89_Benchmark_Circuits__s400_benc,187,327,variation_edges,100,0.8905233724393654,0.0,187.0,327.0
Technological,ISCAS89_Benchmark_Circuits__s400_benc,187,327,variation_edges,80,0.8729984645755647,0.5189976342953742,150.0,284.0
Technological,ISCAS89_Benchmark_Circuits__s400_benc,187,327,variation_edges,60,0.8943242988006421,0.30706848204135895,113.0,235.0
Technological,ISCAS89_Benchmark_Circuits__s400_benc,187,327,variation_edges,40,0.8438464175522798,0.18761519715189934,75.0,159.0
Technological,ISCAS89_Benchmark_Circuits__s400_benc,187,327,variation_edges,20,0.8755020080321285,0.10728669492527843,38.0,75.0
Technological,5728dc4b461efe0c7a675f3a,189,361,variation_neighborhood,100,0.929092691427949,0.0,189.0,361.0
Technological,5728dc4b461efe0c7a675f3a,189,361,variation_neighborhood,80,0.9160356051547761,0.6310885860584676,152.0,310.0
Technological,5728dc4b461efe0c7a675f3a,189,361,variation_neighborhood,60,0.8830943068231204,0.4566927249543369,114.0,256.0
Technological,5728dc4b461efe0c7a675f3a,189,361,variation_neighborhood,40,0.93873031496063,0.28948809020221233,76.0,206.0
Technological,5728dc4b461efe0c7a675f3a,189,361,variation_neighborhood,20,0.9206748025843504,0.15910905925557017,39.0,96.0
Technological,5728dc4b461efe0c7a675f3a,189,361,variation_edges,100,0.9365393061045235,0.0,189.0,361.0
Technological,5728dc4b461efe0c7a675f3a,189,361,variation_edges,80,0.9354945418458485,0.3535126228816807,152.0,313.0
Technological,5728dc4b461efe0c7a675f3a,189,361,variation_edges,60,0.9113175675675675,0.2393387691117823,114.0,262.0
Technological,5728dc4b461efe0c7a675f3a,189,361,variation_edges,40,0.8824963432471965,0.13441958697512746,76.0,207.0
Technological,5728dc4b461efe0c7a675f3a,189,361,variation_edges,20,0.8354011579818031,0.0694198003038764,38.0,119.0
Technological,588f93d5a411221d0e7c6795,192,488,variation_neighborhood,100,0.6338595360824743,0.0,192.0,488.0
Technological,588f93d5a411221d0e7c6795,192,488,variation_neighborhood,80,0.6171057380007218,0.5170792513526976,155.0,342.0
Technological,588f93d5a411221d0e7c6795,192,488,variation_neighborhood,60,0.6801228609039052,0.2660753233358264,116.0,203.0
Technological,588f93d5a411221d0e7c6795,192,488,variation_neighborhood,40,0.795942255169723,0.1697493502870202,78.0,157.0
Technological,588f93d5a411221d0e7c6795,192,488,variation_neighborhood,20,0.8145315487571702,0.12734878296032548,39.0,80.0
Technological,588f93d5a411221d0e7c6795,192,488,variation_edges,100,0.6321285140562249,0.0,192.0,488.0
Technological,588f93d5a411221d0e7c6795,192,488,variation_edges,80,0.6503966571791922,0.3605902031995356,154.0,339.0
Technological,588f93d5a411221d0e7c6795,192,488,variation_edges,60,0.652232746955345,0.24627014016732574,116.0,244.0
Technological,588f93d5a411221d0e7c6795,192,488,variation_edges,40,0.7017250041869033,0.13181278901174664,77.0,146.0
Technological,588f93d5a411221d0e7c6795,192,488,variation_edges,20,0.6160164271047227,0.0770984087139368,39.0,57.0
Biological,Mouse_visual_cortex_2011_Mouse_Mouse_visual_cortex_2,193,214,variation_neighborhood,100,0.3708542713567839,0.0,193.0,214.0
Biological,Mouse_visual_cortex_2011_Mouse_Mouse_visual_cortex_2,193,214,variation_neighborhood,80,0.4083984124951991,0.3063770732842386,155.0,171.0
Biological,Mouse_visual_cortex_2011_Mouse_Mouse_visual_cortex_2,193,214,variation_neighborhood,60,0.43164168322196134,0.20816745981574059,116.0,129.0
Biological,Mouse_visual_cortex_2011_Mouse_Mouse_visual_cortex_2,193,214,variation_neighborhood,40,0.48723559445660103,0.11266438802704215,78.0,88.0
Biological,Mouse_visual_cortex_2011_Mouse_Mouse_visual_cortex_2,193,214,variation_neighborhood,20,0.7125,0.07940449099987745,39.0,47.0
Biological,Mouse_visual_cortex_2011_Mouse_Mouse_visual_cortex_2,193,214,variation_edges,100,0.366835669549657,0.0,193.0,214.0
Biological,Mouse_visual_cortex_2011_Mouse_Mouse_visual_cortex_2,193,214,variation_edges,80,0.42366412213740456,0.2701367372646928,155.0,176.0
Biological,Mouse_visual_cortex_2011_Mouse_Mouse_visual_cortex_2,193,214,variation_edges,60,0.42696629213483145,0.19714756682515144,116.0,134.0
Biological,Mouse_visual_cortex_2011_Mouse_Mouse_visual_cortex_2,193,214,variation_edges,40,0.44683136412459723,0.16449350072070956,97.0,112.0
Biological,Mouse_visual_cortex_2011_Mouse_Mouse_visual_cortex_2,193,214,variation_edges,20,0.4507042253521127,0.15249605476856232,97.0,112.0
Economic,577ee40d58d31bd664bac0ef,206,2741,variation_neighborhood,100,0.9396753899415552,0.0,206.0,2741.0
Economic,577ee40d58d31bd664bac0ef,206,2741,variation_neighborhood,80,0.8250168577208361,0.735696513671428,165.0,1452.0
Economic,577ee40d58d31bd664bac0ef,206,2741,variation_neighborhood,60,0.7606973058637084,0.4933055988512933,124.0,1037.0
Economic,577ee40d58d31bd664bac0ef,206,2741,variation_neighborhood,40,0.7877718988830099,0.3850868153385818,84.0,704.0
Economic,577ee40d58d31bd664bac0ef,206,2741,variation_neighborhood,20,0.8434972396970086,0.2763308850117028,43.0,454.0
Economic,577ee40d58d31bd664bac0ef,206,2741,variation_edges,100,0.9400603307016238,0.0,206.0,2741.0
Economic,577ee40d58d31bd664bac0ef,206,2741,variation_edges,80,0.9258627874379664,0.7213922520168126,165.0,2215.0
Economic,577ee40d58d31bd664bac0ef,206,2741,variation_edges,60,0.9315648318768129,0.4663762887939811,123.0,1842.0
Economic,577ee40d58d31bd664bac0ef,206,2741,variation_edges,40,0.9159282917782814,0.2800548607483506,83.0,1265.0
Economic,577ee40d58d31bd664bac0ef,206,2741,variation_edges,20,0.8424657534246576,0.15688996482640505,42.0,508.0
Informational,58b0173aa411221d0e7c680d,207,777,variation_neighborhood,100,0.690778589427066,0.0,207.0,777.0
Informational,58b0173aa411221d0e7c680d,207,777,variation_neighborhood,80,0.5897424166171021,0.5432110861875117,166.0,446.0
Informational,58b0173aa411221d0e7c680d,207,777,variation_neighborhood,60,0.6126582278481013,0.421753013972193,125.0,298.0
Informational,58b0173aa411221d0e7c680d,207,777,variation_neighborhood,40,0.6182336182336182,0.20666680671274662,83.0,195.0
Informational,58b0173aa411221d0e7c680d,207,777,variation_neighborhood,20,0.71280276816609,0.14934596698731184,42.0,86.0
Informational,58b0173aa411221d0e7c680d,207,777,variation_edges,100,0.6872277929707283,0.0,207.0,777.0
Informational,58b0173aa411221d0e7c680d,207,777,variation_edges,80,0.6786419974851805,0.5525426948443055,166.0,576.0
Informational,58b0173aa411221d0e7c680d,207,777,variation_edges,60,0.6791266767693775,0.33963562501594424,125.0,396.0
Informational,58b0173aa411221d0e7c680d,207,777,variation_edges,40,0.4684659488183471,0.1766153033822775,84.0,171.0
Informational,58b0173aa411221d0e7c680d,207,777,variation_edges,20,0.470013037809648,0.10922324005514383,47.0,61.0
Technological,ISCAS89_Benchmark_Circuits__s444_benc,210,363,variation_neighborhood,100,0.9631666936310198,0.0,210.0,363.0
Technological,ISCAS89_Benchmark_Circuits__s444_benc,210,363,variation_neighborhood,80,0.9301369863013699,0.4632030916400254,169.0,297.0
Technological,ISCAS89_Benchmark_Circuits__s444_benc,210,363,variation_neighborhood,60,0.9062908344222512,0.3307927227579057,126.0,231.0
Technological,ISCAS89_Benchmark_Circuits__s444_benc,210,363,variation_neighborhood,40,0.9342372881355933,0.24356123572215438,86.0,178.0
Technological,ISCAS89_Benchmark_Circuits__s444_benc,210,363,variation_neighborhood,20,0.9068825910931174,0.15923723997548223,42.0,83.0
Technological,ISCAS89_Benchmark_Circuits__s444_benc,210,363,variation_edges,100,0.9566661310193368,0.0,210.0,363.0
Technological,ISCAS89_Benchmark_Circuits__s444_benc,210,363,variation_edges,80,0.9821673525377229,0.48325040889903903,168.0,299.0
Technological,ISCAS89_Benchmark_Circuits__s444_benc,210,363,variation_edges,60,0.9907391228376726,0.2994109932333231,126.0,248.0
Technological,ISCAS89_Benchmark_Circuits__s444_benc,210,363,variation_edges,40,0.9709023370995201,0.15756525611504912,84.0,173.0
Technological,ISCAS89_Benchmark_Circuits__s444_benc,210,363,variation_edges,20,0.8592777085927771,0.0643461630679667,42.0,95.0
Technological,ISCAS89_Benchmark_Circuits__s344_benc,219,304,variation_neighborhood,100,0.9059729502362002,0.0,219.0,304.0
Technological,ISCAS89_Benchmark_Circuits__s344_benc,219,304,variation_neighborhood,80,0.8658467052211452,0.48094313917681575,176.0,252.0
Technological,ISCAS89_Benchmark_Circuits__s344_benc,219,304,variation_neighborhood,60,0.9330695680844049,0.29926886409521103,132.0,197.0
Technological,ISCAS89_Benchmark_Circuits__s344_benc,219,304,variation_neighborhood,40,0.9037202618553409,0.24626713898032904,88.0,148.0
Technological,ISCAS89_Benchmark_Circuits__s344_benc,219,304,variation_neighborhood,20,0.9586250795671547,0.16529823513701558,44.0,73.0
Technological,ISCAS89_Benchmark_Circuits__s344_benc,219,304,variation_edges,100,0.9127656800104317,0.0,219.0,304.0
Technological,ISCAS89_Benchmark_Circuits__s344_benc,219,304,variation_edges,80,0.9145191703331238,0.3578914771787822,176.0,261.0
Technological,ISCAS89_Benchmark_Circuits__s344_benc,219,304,variation_edges,60,0.8845684039087948,0.261480534914881,132.0,212.0
Technological,ISCAS89_Benchmark_Circuits__s344_benc,219,304,variation_edges,40,0.935155859309885,0.1371916150674224,88.0,142.0
Technological,ISCAS89_Benchmark_Circuits__s344_benc,219,304,variation_edges,20,0.9469759734879867,0.07599125383421779,44.0,77.0
Technological,ISCAS89_Benchmark_Circuits__s349_benc,220,308,variation_neighborhood,100,0.9025806451612903,0.0,220.0,308.0
Technological,ISCAS89_Benchmark_Circuits__s349_benc,220,308,variation_neighborhood,80,0.8533247464176461,0.55494175106287,177.0,257.0
Technological,ISCAS89_Benchmark_Circuits__s349_benc,220,308,variation_neighborhood,60,0.9499379395945386,0.3031604550778866,132.0,199.0
Technological,ISCAS89_Benchmark_Circuits__s349_benc,220,308,variation_neighborhood,40,0.8838304552590267,0.2317596641369164,88.0,150.0
Technological,ISCAS89_Benchmark_Circuits__s349_benc,220,308,variation_neighborhood,20,0.91384778012685,0.1640517357736826,44.0,78.0
Technological,ISCAS89_Benchmark_Circuits__s349_benc,220,308,variation_edges,100,0.9017080244924267,0.0,220.0,308.0
Technological,ISCAS89_Benchmark_Circuits__s349_benc,220,308,variation_edges,80,0.9080234833659491,0.3697496638633311,176.0,263.0
Technological,ISCAS89_Benchmark_Circuits__s349_benc,220,308,variation_edges,60,0.87782340862423,0.21216684998944402,132.0,213.0
Technological,ISCAS89_Benchmark_Circuits__s349_benc,220,308,variation_edges,40,0.8846088290438042,0.12637637741863728,88.0,139.0
Technological,ISCAS89_Benchmark_Circuits__s349_benc,220,308,variation_edges,20,0.9411764705882353,0.07769711455330253,44.0,80.0
Transportation,59488c124ed8f1bb6022a8df,224,376,variation_neighborhood,100,0.8074281353345205,0.0,224.0,376.0
Transportation,59488c124ed8f1bb6022a8df,224,376,variation_neighborhood,80,0.8179972493287052,0.5392783647403121,181.0,305.0
Transportation,59488c124ed8f1bb6022a8df,224,376,variation_neighborhood,60,0.8455882352941178,0.32879722118377686,135.0,222.0
Transportation,59488c124ed8f1bb6022a8df,224,376,variation_neighborhood,40,0.8983412711446872,0.19264603173360229,90.0,144.0
Transportation,59488c124ed8f1bb6022a8df,224,376,variation_neighborhood,20,1.004,0.14589443895965815,45.0,72.0
Transportation,59488c124ed8f1bb6022a8df,224,376,variation_edges,100,0.8162740458800535,0.0,224.0,376.0
Transportation,59488c124ed8f1bb6022a8df,224,376,variation_edges,80,0.8233931673422119,0.3462605378590524,180.0,290.0
Transportation,59488c124ed8f1bb6022a8df,224,376,variation_edges,60,0.8454412481716236,0.2694698190316558,135.0,223.0
Transportation,59488c124ed8f1bb6022a8df,224,376,variation_edges,40,0.8711197789696083,0.15827282797545195,90.0,146.0
Transportation,59488c124ed8f1bb6022a8df,224,376,variation_edges,20,0.9428571428571428,0.07078871177509427,45.0,73.0
Technological,588f93d5a411221d0e7c6794,228,491,variation_neighborhood,100,0.671868393742553,0.0,228.0,491.0
Technological,588f93d5a411221d0e7c6794,228,491,variation_neighborhood,80,0.6996298254891592,0.6110864421352744,184.0,374.0
Technological,588f93d5a411221d0e7c6794,228,491,variation_neighborhood,60,0.7133213321332132,0.3703427570872009,137.0,283.0
Technological,588f93d5a411221d0e7c6794,228,491,variation_neighborhood,40,0.8345715700842,0.24075229885056615,92.0,189.0
Technological,588f93d5a411221d0e7c6794,228,491,variation_neighborhood,20,0.8451918930573523,0.167863005772233,46.0,83.0
Technological,588f93d5a411221d0e7c6794,228,491,variation_edges,100,0.6739147197162464,0.0,228.0,491.0
Technological,588f93d5a411221d0e7c6794,228,491,variation_edges,80,0.6622320768662232,0.5013921642675996,183.0,404.0
Technological,588f93d5a411221d0e7c6794,228,491,variation_edges,60,0.7023608148856365,0.30942049203440547,137.0,288.0
Technological,588f93d5a411221d0e7c6794,228,491,variation_edges,40,0.6698071544236714,0.22423477191478014,92.0,159.0
Technological,588f93d5a411221d0e7c6794,228,491,variation_edges,20,0.5723298783235692,0.08562480099499226,46.0,62.0
Biological,Rhesus_brain_2012_Macaque_rhesus_brain_1,242,3054,variation_neighborhood,100,0.8917227204783259,0.0,242.0,3054.0
Biological,Rhesus_brain_2012_Macaque_rhesus_brain_1,242,3054,variation_neighborhood,80,0.8933117609269791,0.9991924636997283,194.0,2046.0
Biological,Rhesus_brain_2012_Macaque_rhesus_brain_1,242,3054,variation_neighborhood,60,0.8575882550269354,0.6270548249594867,146.0,1307.0
Biological,Rhesus_brain_2012_Macaque_rhesus_brain_1,242,3054,variation_neighborhood,40,0.8823417601216499,0.3734523970633745,97.0,769.0
Biological,Rhesus_brain_2012_Macaque_rhesus_brain_1,242,3054,variation_neighborhood,20,0.8769716088328076,0.26584085263311863,50.0,397.0
Biological,Rhesus_brain_2012_Macaque_rhesus_brain_1,242,3054,variation_edges,100,0.8881204010266033,0.0,242.0,3054.0
Biological,Rhesus_brain_2012_Macaque_rhesus_brain_1,242,3054,variation_edges,80,0.8883871387942076,0.9374081711284816,194.0,2324.0
Biological,Rhesus_brain_2012_Macaque_rhesus_brain_1,242,3054,variation_edges,60,0.8712829434048157,0.583399998024106,146.0,1732.0
Biological,Rhesus_brain_2012_Macaque_rhesus_brain_1,242,3054,variation_edges,40,0.8649719379333113,0.34698288701474667,97.0,963.0
Biological,Rhesus_brain_2012_Macaque_rhesus_brain_1,242,3054,variation_edges,20,0.8179031269160024,0.2459051702171564,49.0,306.0
Technological,ISCAS89_Benchmark_Circuits__s526_benc,244,472,variation_neighborhood,100,0.8982769522605122,0.0,244.0,472.0
Technological,ISCAS89_Benchmark_Circuits__s526_benc,244,472,variation_neighborhood,80,0.8831679177792332,0.6408258993178606,196.0,389.0
Technological,ISCAS89_Benchmark_Circuits__s526_benc,244,472,variation_neighborhood,60,0.848681595335895,0.4395176968537271,147.0,315.0
Technological,ISCAS89_Benchmark_Circuits__s526_benc,244,472,variation_neighborhood,40,0.9232592052497265,0.3076415932737291,99.0,255.0
Technological,ISCAS89_Benchmark_Circuits__s526_benc,244,472,variation_neighborhood,20,0.8824917413874469,0.2090885629877448,50.0,119.0
Technological,ISCAS89_Benchmark_Circuits__s526_benc,244,472,variation_edges,100,0.9031309599491417,0.0,244.0,472.0
Technological,ISCAS89_Benchmark_Circuits__s526_benc,244,472,variation_edges,80,0.8721093530568299,0.5729294107295573,196.0,418.0
Technological,ISCAS89_Benchmark_Circuits__s526_benc,244,472,variation_edges,60,0.8889016742419884,0.3571734707802534,147.0,362.0
Technological,ISCAS89_Benchmark_Circuits__s526_benc,244,472,variation_edges,40,0.8857556037599421,0.19858802715316415,97.0,259.0
Technological,ISCAS89_Benchmark_Circuits__s526_benc,244,472,variation_edges,20,0.8551691281562649,0.09361517010256648,49.0,119.0
Technological,ISCAS89_Benchmark_Circuits__s526n_benc,245,472,variation_neighborhood,100,0.9109993266526717,0.0,245.0,472.0
Technological,ISCAS89_Benchmark_Circuits__s526n_benc,245,472,variation_neighborhood,80,0.8829088738559491,0.7088645100593567,197.0,392.0
Technological,ISCAS89_Benchmark_Circuits__s526n_benc,245,472,variation_neighborhood,60,0.8560031388961549,0.4023299510590732,147.0,318.0
Technological,ISCAS89_Benchmark_Circuits__s526n_benc,245,472,variation_neighborhood,40,0.9379260201763155,0.3119831378571689,99.0,256.0
Technological,ISCAS89_Benchmark_Circuits__s526n_benc,245,472,variation_neighborhood,20,0.9167517875383043,0.20958510600030422,50.0,110.0
Technological,ISCAS89_Benchmark_Circuits__s526n_benc,245,472,variation_edges,100,0.9173945993378805,0.0,245.0,472.0
Technological,ISCAS89_Benchmark_Circuits__s526n_benc,245,472,variation_edges,80,0.8729193940527398,0.5402250001206994,196.0,416.0
Technological,ISCAS89_Benchmark_Circuits__s526n_benc,245,472,variation_edges,60,0.901262582184209,0.36496678180992603,147.0,361.0
Technological,ISCAS89_Benchmark_Circuits__s526n_benc,245,472,variation_edges,40,0.8578496333598373,0.21152309514582157,98.0,264.0
Technological,ISCAS89_Benchmark_Circuits__s526n_benc,245,472,variation_edges,20,0.7989116992332426,0.08856622688472271,49.0,116.0
Informational,583d15578cf714f319c44acb,247,415,variation_neighborhood,100,0.4706898903997453,0.0,247.0,415.0
Informational,583d15578cf714f319c44acb,247,415,variation_neighborhood,80,0.32276059929869305,0.5179789629764855,199.0,257.0
Informational,583d15578cf714f319c44acb,247,415,variation_neighborhood,60,0.4723408120628576,0.4055909048765898,150.0,231.0
Informational,583d15578cf714f319c44acb,247,415,variation_neighborhood,40,0.18839861179970255,0.19426255486905575,99.0,99.0
Informational,583d15578cf714f319c44acb,247,415,variation_neighborhood,20,0.30701754385964913,0.12222218792885542,50.0,50.0
Informational,583d15578cf714f319c44acb,247,415,variation_edges,100,0.4709040447700077,0.0,247.0,415.0
Informational,583d15578cf714f319c44acb,247,415,variation_edges,80,0.43786127167630057,0.5178401079028845,200.0,281.0
Informational,583d15578cf714f319c44acb,247,415,variation_edges,60,0.3642347778387274,0.33182034175843,149.0,197.0
Informational,583d15578cf714f319c44acb,247,415,variation_edges,40,0.29993815708101423,0.23451088787987828,122.0,148.0
Informational,583d15578cf714f319c44acb,247,415,variation_edges,20,0.2960312296681848,0.2257127920165658,122.0,148.0
Technological,ISCAS89_Benchmark_Circuits__s510_benc,249,437,variation_neighborhood,100,0.985047614943767,0.0,249.0,437.0
Technological,ISCAS89_Benchmark_Circuits__s510_benc,249,437,variation_neighborhood,80,0.9818655445346157,0.6853517112322152,200.0,388.0
Technological,ISCAS89_Benchmark_Circuits__s510_benc,249,437,variation_neighborhood,60,0.9597580545611653,0.5004808669909835,151.0,334.0
Technological,ISCAS89_Benchmark_Circuits__s510_benc,249,437,variation_neighborhood,40,0.9675555188640305,0.34198419796302915,101.0,282.0
Technological,ISCAS89_Benchmark_Circuits__s510_benc,249,437,variation_neighborhood,20,0.8513566653558788,0.22158312005922198,50.0,149.0
Technological,ISCAS89_Benchmark_Circuits__s510_benc,249,437,variation_edges,100,0.9831412351625667,0.0,249.0,437.0
Technological,ISCAS89_Benchmark_Circuits__s510_benc,249,437,variation_edges,80,0.9656803542673108,0.5997846028767526,200.0,388.0
Technological,ISCAS89_Benchmark_Circuits__s510_benc,249,437,variation_edges,60,0.9708678319533885,0.40723582776263356,150.0,337.0
Technological,ISCAS89_Benchmark_Circuits__s510_benc,249,437,variation_edges,40,0.9600601604278075,0.22123865829780698,100.0,277.0
Technological,ISCAS89_Benchmark_Circuits__s510_benc,249,437,variation_edges,20,0.9718929901794785,0.09760188171640038,50.0,182.0
Technological,ISCAS89_Benchmark_Circuits__s420_benc,249,354,variation_neighborhood,100,0.9900611620795107,0.0,249.0,354.0
Technological,ISCAS89_Benchmark_Circuits__s420_benc,249,354,variation_neighborhood,80,0.9346221670694272,0.5744929146021605,200.0,305.0
Technological,ISCAS89_Benchmark_Circuits__s420_benc,249,354,variation_neighborhood,60,0.9066893907115466,0.4329212927259505,151.0,245.0
Technological,ISCAS89_Benchmark_Circuits__s420_benc,249,354,variation_neighborhood,40,0.9208884452208635,0.31277303816750646,101.0,185.0
Technological,ISCAS89_Benchmark_Circuits__s420_benc,249,354,variation_neighborhood,20,0.8685714285714285,0.21820130199193954,51.0,96.0
Technological,ISCAS89_Benchmark_Circuits__s420_benc,249,354,variation_edges,100,0.98957480486873,0.0,249.0,354.0
Technological,ISCAS89_Benchmark_Circuits__s420_benc,249,354,variation_edges,80,0.9359058207979072,0.47236300678923726,200.0,305.0
Technological,ISCAS89_Benchmark_Circuits__s420_benc,249,354,variation_edges,60,0.9297182175622543,0.31838173186406493,150.0,255.0
Technological,ISCAS89_Benchmark_Circuits__s420_benc,249,354,variation_edges,40,0.894967467799761,0.22692320682108402,100.0,173.0
Technological,ISCAS89_Benchmark_Circuits__s420_benc,249,354,variation_edges,20,0.962033462033462,0.09443825902417302,50.0,85.0
Technological,588f9892a411221d0e7c67a0,249,802,variation_neighborhood,100,0.7298556124825337,0.0,249.0,802.0
Technological,588f9892a411221d0e7c67a0,249,802,variation_neighborhood,80,0.7326685171858401,0.796248170081526,200.0,567.0
Technological,588f9892a411221d0e7c67a0,249,802,variation_neighborhood,60,0.7854159974301317,0.5236524478532374,151.0,390.0
Technological,588f9892a411221d0e7c67a0,249,802,variation_neighborhood,40,0.8470269354565476,0.2911364887841046,100.0,274.0
Technological,588f9892a411221d0e7c67a0,249,802,variation_neighborhood,20,0.8758664146187776,0.19214032823219895,50.0,136.0
Technological,588f9892a411221d0e7c67a0,249,802,variation_edges,100,0.7287016369047619,0.0,249.0,802.0
Technological,588f9892a411221d0e7c67a0,249,802,variation_edges,80,0.7372222402967108,0.7152054780162871,200.0,603.0
Technological,588f9892a411221d0e7c67a0,249,802,variation_edges,60,0.7586483237611861,0.4641694794408977,150.0,476.0
Technological,588f9892a411221d0e7c67a0,249,802,variation_edges,40,0.8015541804576198,0.25758553110063076,101.0,329.0
Technological,588f9892a411221d0e7c67a0,249,802,variation_edges,20,0.7272269753397081,0.1137793380767107,50.0,112.0
Informational,57574842bd3e93b53c695558,269,484,variation_neighborhood,100,0.736257421949818,0.0,269.0,484.0
Informational,57574842bd3e93b53c695558,269,484,variation_neighborhood,80,0.7182376018509204,0.7916625239886343,217.0,383.0
Informational,57574842bd3e93b53c695558,269,484,variation_neighborhood,60,0.7284122562674095,0.5284601091407239,163.0,293.0
Informational,57574842bd3e93b53c695558,269,484,variation_neighborhood,40,0.7859327217125383,0.30622101621702313,108.0,222.0
Informational,57574842bd3e93b53c695558,269,484,variation_neighborhood,20,0.8287401574803149,0.1849767160601914,54.0,143.0
Informational,57574842bd3e93b53c695558,269,484,variation_edges,100,0.7371045062320231,0.0,269.0,484.0
Informational,57574842bd3e93b53c695558,269,484,variation_edges,80,0.7491162403826159,0.6003868579864502,216.0,373.0
Informational,57574842bd3e93b53c695558,269,484,variation_edges,60,0.7736891764388731,0.4187525939196348,162.0,304.0
Informational,57574842bd3e93b53c695558,269,484,variation_edges,40,0.7004044589128934,0.23293317295610905,108.0,226.0
Informational,57574842bd3e93b53c695558,269,484,variation_edges,20,0.6381870278718417,0.11372435418888927,54.0,104.0
Technological,ISCAS89_Benchmark_Circuits__s420_1_benc,269,400,variation_neighborhood,100,0.9968935329003107,0.0,269.0,400.0
Technological,ISCAS89_Benchmark_Circuits__s420_1_benc,269,400,variation_neighborhood,80,0.9793754369610813,0.8297862568870187,217.0,336.0
Technological,ISCAS89_Benchmark_Circuits__s420_1_benc,269,400,variation_neighborhood,60,0.9579100145137882,0.520192835945636,163.0,271.0
Technological,ISCAS89_Benchmark_Circuits__s420_1_benc,269,400,variation_neighborhood,40,0.9341665768774916,0.3618324473500252,109.0,207.0
Technological,ISCAS89_Benchmark_Circuits__s420_1_benc,269,400,variation_neighborhood,20,0.9252845126175161,0.2147049750201404,54.0,109.0
Technological,ISCAS89_Benchmark_Circuits__s420_1_benc,269,400,variation_edges,100,0.9942728382311521,0.0,269.0,400.0
Technological,ISCAS89_Benchmark_Circuits__s420_1_benc,269,400,variation_edges,80,0.9444350806225068,0.6420400249771774,216.0,347.0
Technological,ISCAS89_Benchmark_Circuits__s420_1_benc,269,400,variation_edges,60,0.9130835163278317,0.3821935784071684,162.0,292.0
Technological,ISCAS89_Benchmark_Circuits__s420_1_benc,269,400,variation_edges,40,0.9056917324470295,0.22399847209453583,108.0,215.0
Technological,ISCAS89_Benchmark_Circuits__s420_1_benc,269,400,variation_edges,20,0.9191095437513775,0.10070947417989373,54.0,124.0
Technological,Water_Distribution_Network_Modena,272,317,variation_neighborhood,100,0.924223602484472,0.0,272.0,317.0
Technological,Water_Distribution_Network_Modena,272,317,variation_neighborhood,80,0.9351953554056175,0.5651463428512216,219.0,260.0
Technological,Water_Distribution_Network_Modena,272,317,variation_neighborhood,60,0.9580522765598651,0.4636685489676893,164.0,203.0
Technological,Water_Distribution_Network_Modena,272,317,variation_neighborhood,40,0.9504518541601745,0.426625810097903,111.0,149.0
Technological,Water_Distribution_Network_Modena,272,317,variation_neighborhood,20,0.9564664760088974,0.22726807929575443,56.0,83.0
Technological,Water_Distribution_Network_Modena,272,317,variation_edges,100,0.9340279957315926,0.0,272.0,317.0
Technological,Water_Distribution_Network_Modena,272,317,variation_edges,80,0.9360999764206556,0.4495074599981308,218.0,262.0
Technological,Water_Distribution_Network_Modena,272,317,variation_edges,60,0.9394506866416978,0.31125969300046563,164.0,207.0
Technological,Water_Distribution_Network_Modena,272,317,variation_edges,40,0.9136498981350885,0.1736328611150384,109.0,146.0
Technological,Water_Distribution_Network_Modena,272,317,variation_edges,20,0.978366160800775,0.08943404536694288,55.0,84.0
Informational,57574842bd3e93b53c695556,280,553,variation_neighborhood,100,0.7344688717237736,0.0,280.0,553.0
Informational,57574842bd3e93b53c695556,280,553,variation_neighborhood,80,0.8097727515203244,0.7981475121341646,225.0,364.0
Informational,57574842bd3e93b53c695556,280,553,variation_neighborhood,60,0.8014814814814815,0.4609130551107228,168.0,278.0
Informational,57574842bd3e93b53c695556,280,553,variation_neighborhood,40,0.8759281179382331,0.35906311916187406,112.0,208.0
Informational,57574842bd3e93b53c695556,280,553,variation_neighborhood,20,0.9317443120260022,0.22754352912306786,57.0,125.0
Informational,57574842bd3e93b53c695556,280,553,variation_edges,100,0.7302024876111713,0.0,280.0,553.0
Informational,57574842bd3e93b53c695556,280,553,variation_edges,80,0.7585286830569848,0.6827042661607265,224.0,399.0
Informational,57574842bd3e93b53c695556,280,553,variation_edges,60,0.7745895985653194,0.40840629301965237,168.0,294.0
Informational,57574842bd3e93b53c695556,280,553,variation_edges,40,0.8075355293599207,0.23380617005750537,112.0,203.0
Informational,57574842bd3e93b53c695556,280,553,variation_edges,20,0.7282552753474009,0.11076138913631439,57.0,104.0
Biological,574fa888bd3e93b53c6954b1,297,2148,variation_neighborhood,100,0.8937142857142857,0.0,297.0,2148.0
Biological,574fa888bd3e93b53c6954b1,297,2148,variation_neighborhood,80,0.8441460660057724,1.3566655409522355,239.0,1654.0
Biological,574fa888bd3e93b53c6954b1,297,2148,variation_neighborhood,60,0.7956972237601835,0.9416517093777657,180.0,1121.0
Biological,574fa888bd3e93b53c6954b1,297,2148,variation_neighborhood,40,0.794274671645213,0.5538184507749975,120.0,780.0
Biological,574fa888bd3e93b53c6954b1,297,2148,variation_neighborhood,20,0.904097047379263,0.3154074097983539,60.0,503.0
Biological,574fa888bd3e93b53c6954b1,297,2148,variation_edges,100,0.8932569381619467,0.0,297.0,2148.0
Biological,574fa888bd3e93b53c6954b1,297,2148,variation_edges,80,0.8910377954746556,1.250020605046302,238.0,1638.0
Biological,574fa888bd3e93b53c6954b1,297,2148,variation_edges,60,0.8949581256569354,0.7953206631354988,179.0,1359.0
Biological,574fa888bd3e93b53c6954b1,297,2148,variation_edges,40,0.8587110481586402,0.426205150783062,119.0,904.0
Biological,574fa888bd3e93b53c6954b1,297,2148,variation_edges,20,0.7299793740471707,0.1830530408769846,60.0,376.0
Technological,ISCAS89_Benchmark_Circuits__s832_benc,334,793,variation_neighborhood,100,0.8746764925209458,0.0,334.0,793.0
Technological,ISCAS89_Benchmark_Circuits__s832_benc,334,793,variation_neighborhood,80,0.8650546226192659,1.3531770422123373,268.0,693.0
Technological,ISCAS89_Benchmark_Circuits__s832_benc,334,793,variation_neighborhood,60,0.8341088477579016,0.8186938329599798,201.0,562.0
Technological,ISCAS89_Benchmark_Circuits__s832_benc,334,793,variation_neighborhood,40,0.8624629296514171,0.5123159382492304,134.0,452.0
Technological,ISCAS89_Benchmark_Circuits__s832_benc,334,793,variation_neighborhood,20,0.8468826763364137,0.28516969783231616,67.0,234.0
Technological,ISCAS89_Benchmark_Circuits__s832_benc,334,793,variation_edges,100,0.8748875677335849,0.0,334.0,793.0
Technological,ISCAS89_Benchmark_Circuits__s832_benc,334,793,variation_edges,80,0.854504048582996,1.1915457281284034,268.0,722.0
Technological,ISCAS89_Benchmark_Circuits__s832_benc,334,793,variation_edges,60,0.8395982438202922,0.7318110419437289,201.0,652.0
Technological,ISCAS89_Benchmark_Circuits__s832_benc,334,793,variation_edges,40,0.8494257762654189,0.41747323609888554,134.0,523.0
Technological,ISCAS89_Benchmark_Circuits__s832_benc,334,793,variation_edges,20,0.8826256258112368,0.18396580684930086,67.0,317.0
Technological,ISCAS89_Benchmark_Circuits__s820_benc,336,781,variation_neighborhood,100,0.8977389287784863,0.0,336.0,781.0
Technological,ISCAS89_Benchmark_Circuits__s820_benc,336,781,variation_neighborhood,80,0.880410858400587,1.238416084088385,270.0,695.0
Technological,ISCAS89_Benchmark_Circuits__s820_benc,336,781,variation_neighborhood,60,0.8301699364955476,0.7784788520075381,202.0,548.0
Technological,ISCAS89_Benchmark_Circuits__s820_benc,336,781,variation_neighborhood,40,0.8530170702659785,0.4824064392596483,135.0,437.0
Technological,ISCAS89_Benchmark_Circuits__s820_benc,336,781,variation_neighborhood,20,0.7824046920821114,0.28767412109300494,68.0,230.0
Technological,ISCAS89_Benchmark_Circuits__s820_benc,336,781,variation_edges,100,0.8951838840218794,0.0,336.0,781.0
Technological,ISCAS89_Benchmark_Circuits__s820_benc,336,781,variation_edges,80,0.8438699769644228,1.0972325350157917,269.0,711.0
Technological,ISCAS89_Benchmark_Circuits__s820_benc,336,781,variation_edges,60,0.8608864146649032,0.8112336960621178,202.0,637.0
Technological,ISCAS89_Benchmark_Circuits__s820_benc,336,781,variation_edges,40,0.8847624249044237,0.40354564879089594,135.0,530.0
Technological,ISCAS89_Benchmark_Circuits__s820_benc,336,781,variation_edges,20,0.924984390330925,0.23967198887839913,68.0,328.0
Informational,57574842bd3e93b53c695559,343,693,variation_neighborhood,100,0.7647681985572315,0.0,343.0,693.0
Informational,57574842bd3e93b53c695559,343,693,variation_neighborhood,80,0.7120321477201023,1.2476470824331045,275.0,549.0
Informational,57574842bd3e93b53c695559,343,693,variation_neighborhood,60,0.7136707598894376,0.8275472591631114,206.0,429.0
Informational,57574842bd3e93b53c695559,343,693,variation_neighborhood,40,0.7614179054281294,0.5595042989589274,139.0,316.0
Informational,57574842bd3e93b53c695559,343,693,variation_neighborhood,20,0.8684631803628602,0.31433163583278656,70.0,193.0
Informational,57574842bd3e93b53c695559,343,693,variation_edges,100,0.7628440597796005,0.0,343.0,693.0
Informational,57574842bd3e93b53c695559,343,693,variation_edges,80,0.72419360152878,1.0699214129708707,275.0,554.0
Informational,57574842bd3e93b53c695559,343,693,variation_edges,60,0.6606914212548015,0.6666173599660397,206.0,450.0
Informational,57574842bd3e93b53c695559,343,693,variation_edges,40,0.7183089258498443,0.3979863990098238,139.0,318.0
Informational,57574842bd3e93b53c695559,343,693,variation_edges,20,0.38471209454362587,0.16033339221030474,69.0,100.0
Transportation,59488c124ed8f1bb6022a8dc,350,553,variation_neighborhood,100,0.8034934497816594,0.0,350.0,553.0
Transportation,59488c124ed8f1bb6022a8dc,350,553,variation_neighborhood,80,0.8210571004033114,1.0866206702776253,281.0,439.0
Transportation,59488c124ed8f1bb6022a8dc,350,553,variation_neighborhood,60,0.844706306739614,0.6340759769082069,210.0,327.0
Transportation,59488c124ed8f1bb6022a8dc,350,553,variation_neighborhood,40,0.8593602120007572,0.4114612680859864,140.0,227.0
Transportation,59488c124ed8f1bb6022a8dc,350,553,variation_neighborhood,20,0.8572017308881105,0.3330983850173652,70.0,123.0
Transportation,59488c124ed8f1bb6022a8dc,350,553,variation_edges,100,0.7977134782748322,0.0,350.0,553.0
Transportation,59488c124ed8f1bb6022a8dc,350,553,variation_edges,80,0.8073085395879228,0.9268515729345381,280.0,429.0
Transportation,59488c124ed8f1bb6022a8dc,350,553,variation_edges,60,0.8193303078621367,0.504388511646539,210.0,323.0
Transportation,59488c124ed8f1bb6022a8dc,350,553,variation_edges,40,0.8110714630147554,0.2994492161087692,140.0,220.0
Transportation,59488c124ed8f1bb6022a8dc,350,553,variation_edges,20,0.8566943260820812,0.12000902509316802,70.0,110.0
Transportation,59488c124ed8f1bb6022a8db,359,595,variation_neighborhood,100,0.7417995343491203,0.0,359.0,595.0
Transportation,59488c124ed8f1bb6022a8db,359,595,variation_neighborhood,80,0.7542359585817383,1.1707549537532032,288.0,469.0
Transportation,59488c124ed8f1bb6022a8db,359,595,variation_neighborhood,60,0.7770193401592719,0.7203980260528624,216.0,345.0
Transportation,59488c124ed8f1bb6022a8db,359,595,variation_neighborhood,40,0.7752932551319648,0.4014503778889775,144.0,231.0
Transportation,59488c124ed8f1bb6022a8db,359,595,variation_neighborhood,20,0.8489413680781759,0.29174406500533223,73.0,123.0
Transportation,59488c124ed8f1bb6022a8db,359,595,variation_edges,100,0.7489511113756063,0.0,359.0,595.0
Transportation,59488c124ed8f1bb6022a8db,359,595,variation_edges,80,0.7515902921275476,1.096125990152359,288.0,457.0
Transportation,59488c124ed8f1bb6022a8db,359,595,variation_edges,60,0.7763422337065748,0.5498606339097023,216.0,341.0
Transportation,59488c124ed8f1bb6022a8db,359,595,variation_edges,40,0.8127512923607123,0.3120736409910023,144.0,224.0
Transportation,59488c124ed8f1bb6022a8db,359,595,variation_edges,20,0.8425073017299483,0.1845581871457398,72.0,109.0
Technological,5728dc4b461efe0c7a675f37,362,617,variation_neighborhood,100,0.7910020681644333,0.0,362.0,617.0
Technological,5728dc4b461efe0c7a675f37,362,617,variation_neighborhood,80,0.7771225180584151,1.2301934091374278,290.0,524.0
Technological,5728dc4b461efe0c7a675f37,362,617,variation_neighborhood,60,0.741162018290186,0.7338554789312184,218.0,422.0
Technological,5728dc4b461efe0c7a675f37,362,617,variation_neighborhood,40,0.693645440719434,0.5153578310273588,145.0,316.0
Technological,5728dc4b461efe0c7a675f37,362,617,variation_neighborhood,20,0.6795797767564018,0.29694567201659083,73.0,153.0
Technological,5728dc4b461efe0c7a675f37,362,617,variation_edges,100,0.7923039813842617,0.0,362.0,617.0
Technological,5728dc4b461efe0c7a675f37,362,617,variation_edges,80,0.7923185852934065,1.127410220913589,290.0,527.0
Technological,5728dc4b461efe0c7a675f37,362,617,variation_edges,60,0.7561419876493847,0.7604403798468411,218.0,431.0
Technological,5728dc4b461efe0c7a675f37,362,617,variation_edges,40,0.7188587334725122,0.3873661747202277,145.0,302.0
Technological,5728dc4b461efe0c7a675f37,362,617,variation_edges,20,0.6959763865154575,0.15372831095010042,74.0,159.0
Transportation,59488c124ed8f1bb6022a8de,397,644,variation_neighborhood,100,0.7484463658470684,0.0,397.0,644.0
Transportation,59488c124ed8f1bb6022a8de,397,644,variation_neighborhood,80,0.7830342577487764,1.337636208627373,318.0,509.0
Transportation,59488c124ed8f1bb6022a8de,397,644,variation_neighborhood,60,0.8160949187516121,0.8864054251462221,239.0,375.0
Transportation,59488c124ed8f1bb6022a8de,397,644,variation_neighborhood,40,0.8239095315024233,0.5138193960301578,159.0,256.0
Transportation,59488c124ed8f1bb6022a8de,397,644,variation_neighborhood,20,0.8376128918009562,0.31635771691799164,80.0,138.0
Transportation,59488c124ed8f1bb6022a8de,397,644,variation_edges,100,0.7431453560122337,0.0,397.0,644.0
Transportation,59488c124ed8f1bb6022a8de,397,644,variation_edges,80,0.7880955893199587,1.2056345748715103,318.0,493.0
Transportation,59488c124ed8f1bb6022a8de,397,644,variation_edges,60,0.7890301823195955,0.6546239471063018,239.0,373.0
Transportation,59488c124ed8f1bb6022a8de,397,644,variation_edges,40,0.8153741727473274,0.38145356997847557,159.0,246.0
Transportation,59488c124ed8f1bb6022a8de,397,644,variation_edges,20,0.8565965583173997,0.16866947198286653,80.0,128.0
Technological,588f93d5a411221d0e7c6793,398,943,variation_neighborhood,100,0.6353709452949362,0.0,398.0,943.0
Technological,588f93d5a411221d0e7c6793,398,943,variation_neighborhood,80,0.6368775097833593,1.5793263856321573,319.0,689.0
Technological,588f93d5a411221d0e7c6793,398,943,variation_neighborhood,60,0.6215594411444826,1.0626448667608202,239.0,498.0
Technological,588f93d5a411221d0e7c6793,398,943,variation_neighborhood,40,0.6554138983659543,0.5892756078392267,160.0,343.0
Technological,588f93d5a411221d0e7c6793,398,943,variation_neighborhood,20,0.7346189164370983,0.4101849142462015,80.0,186.0
Technological,588f93d5a411221d0e7c6793,398,943,variation_edges,100,0.6321451395299297,0.0,398.0,943.0
Technological,588f93d5a411221d0e7c6793,398,943,variation_edges,80,0.6384101301442139,1.544316163752228,319.0,703.0
Technological,588f93d5a411221d0e7c6793,398,943,variation_edges,60,0.6476865699198701,0.860952952876687,239.0,505.0
Technological,588f93d5a411221d0e7c6793,398,943,variation_edges,40,0.5989727928928373,0.4131724499166012,160.0,294.0
Technological,588f93d5a411221d0e7c6793,398,943,variation_edges,20,0.5321673953778888,0.17413958813995123,80.0,100.0
Transportation,594b42fa4ed8f1bb6022ae4d,416,634,variation_neighborhood,100,0.8577211312291451,0.0,416.0,634.0
Transportation,594b42fa4ed8f1bb6022ae4d,416,634,variation_neighborhood,80,0.8405107409765743,1.4757345700636506,334.0,537.0
Transportation,594b42fa4ed8f1bb6022ae4d,416,634,variation_neighborhood,60,0.8546775658492279,1.00046720309183,250.0,418.0
Transportation,594b42fa4ed8f1bb6022ae4d,416,634,variation_neighborhood,40,0.8519161436773935,0.5371962520293891,167.0,303.0
Transportation,594b42fa4ed8f1bb6022ae4d,416,634,variation_neighborhood,20,0.8605125218404194,0.3907520370557904,85.0,164.0
Transportation,594b42fa4ed8f1bb6022ae4d,416,634,variation_edges,100,0.8578853781972371,0.0,416.0,634.0
Transportation,594b42fa4ed8f1bb6022ae4d,416,634,variation_edges,80,0.8442803379961656,1.15280577307567,333.0,506.0
Transportation,594b42fa4ed8f1bb6022ae4d,416,634,variation_edges,60,0.8484760381838446,0.7914610491134226,250.0,394.0
Transportation,594b42fa4ed8f1bb6022ae4d,416,634,variation_edges,40,0.8511527477885352,0.46081164199858904,167.0,293.0
Transportation,594b42fa4ed8f1bb6022ae4d,416,634,variation_edges,20,0.8852821836960532,0.23528209701180458,84.0,162.0
Informational,57574842bd3e93b53c695557,433,954,variation_neighborhood,100,0.7098485377259719,0.0,433.0,954.0
Informational,57574842bd3e93b53c695557,433,954,variation_neighborhood,80,0.6624666362084305,1.828817438799888,348.0,719.0
Informational,57574842bd3e93b53c695557,433,954,variation_neighborhood,60,0.6527025712525535,1.1562384106218815,260.0,567.0
Informational,57574842bd3e93b53c695557,433,954,variation_neighborhood,40,0.7259822795379691,0.6498897508718073,174.0,434.0
Informational,57574842bd3e93b53c695557,433,954,variation_neighborhood,20,0.8462763839107925,0.4103189748711884,88.0,244.0
Informational,57574842bd3e93b53c695557,433,954,variation_edges,100,0.7060171124108368,0.0,433.0,954.0
Informational,57574842bd3e93b53c695557,433,954,variation_edges,80,0.698880041998425,1.7667058408260345,347.0,792.0
Informational,57574842bd3e93b53c695557,433,954,variation_edges,60,0.6888679187848163,1.0698358728550375,260.0,602.0
Informational,57574842bd3e93b53c695557,433,954,variation_edges,40,0.669408517776936,0.5861670188605785,174.0,369.0
Informational,57574842bd3e93b53c695557,433,954,variation_edges,20,0.5954926797170588,0.30118504306301475,87.0,144.0
Technological,58866954a411221d0e7c6781,435,1303,variation_neighborhood,100,0.7454450674498735,0.0,435.0,1303.0
Technological,58866954a411221d0e7c6781,435,1303,variation_neighborhood,80,0.733857816168169,2.1742550120688975,349.0,966.0
Technological,58866954a411221d0e7c6781,435,1303,variation_neighborhood,60,0.7388421321091558,1.2367034843191504,261.0,720.0
Technological,58866954a411221d0e7c6781,435,1303,variation_neighborhood,40,0.7582595367847411,0.7320754891261458,174.0,469.0
Technological,58866954a411221d0e7c6781,435,1303,variation_neighborhood,20,0.8265956434890136,0.40128735499456525,88.0,255.0
Technological,58866954a411221d0e7c6781,435,1303,variation_edges,100,0.7421518987341772,0.0,435.0,1303.0
Technological,58866954a411221d0e7c6781,435,1303,variation_edges,80,0.7611624500424978,1.7964510368183255,348.0,953.0
Technological,58866954a411221d0e7c6781,435,1303,variation_edges,60,0.7503166144949701,1.1283635217696428,261.0,770.0
Technological,58866954a411221d0e7c6781,435,1303,variation_edges,40,0.7433866753755716,0.5653200149536133,174.0,491.0
Technological,58866954a411221d0e7c6781,435,1303,variation_edges,20,0.7269422989550205,0.2413956387899816,87.0,209.0
Technological,5728dc4b461efe0c7a675f3d,441,802,variation_neighborhood,100,0.9466647045220427,0.0,441.0,802.0
Technological,5728dc4b461efe0c7a675f3d,441,802,variation_neighborhood,80,0.877882797731569,1.731680931057781,353.0,688.0
Technological,5728dc4b461efe0c7a675f3d,441,802,variation_neighborhood,60,0.8715538051073561,1.1910420823842287,266.0,577.0
Technological,5728dc4b461efe0c7a675f3d,441,802,variation_neighborhood,40,0.8412562519713422,0.7823027833364904,177.0,442.0
Technological,5728dc4b461efe0c7a675f3d,441,802,variation_neighborhood,20,0.8574760905061815,0.37994078220799565,89.0,261.0
Technological,5728dc4b461efe0c7a675f3d,441,802,variation_edges,100,0.9439460003354018,0.0,441.0,802.0
Technological,5728dc4b461efe0c7a675f3d,441,802,variation_edges,80,0.9069426964271954,1.595803629141301,353.0,676.0
Technological,5728dc4b461efe0c7a675f3d,441,802,variation_edges,60,0.9100149286916748,1.030213390942663,266.0,574.0
Technological,5728dc4b461efe0c7a675f3d,441,802,variation_edges,40,0.903639089546136,0.5392596940509975,177.0,439.0
Technological,5728dc4b461efe0c7a675f3d,441,802,variation_edges,20,0.8576172685761727,0.22855049977079034,89.0,295.0
Technological,ISCAS89_Benchmark_Circuits__s953_benc,446,772,variation_neighborhood,100,0.99758005272028,0.0,446.0,772.0
Technological,ISCAS89_Benchmark_Circuits__s953_benc,446,772,variation_neighborhood,80,0.9757840210263083,1.7581843100488186,357.0,682.0
Technological,ISCAS89_Benchmark_Circuits__s953_benc,446,772,variation_neighborhood,60,0.9885742672627919,1.2796745956875384,268.0,586.0
Technological,ISCAS89_Benchmark_Circuits__s953_benc,446,772,variation_neighborhood,40,0.9903342070773263,0.7545918500982225,179.0,488.0
Technological,ISCAS89_Benchmark_Circuits__s953_benc,446,772,variation_neighborhood,20,0.9117408906882591,0.44882660917937756,90.0,303.0
Technological,ISCAS89_Benchmark_Circuits__s953_benc,446,772,variation_edges,100,1.0110809390329363,0.0,446.0,772.0
Technological,ISCAS89_Benchmark_Circuits__s953_benc,446,772,variation_edges,80,0.9976679224007586,1.7692962558940053,357.0,683.0
Technological,ISCAS89_Benchmark_Circuits__s953_benc,446,772,variation_edges,60,0.987985212569316,1.07300382014364,268.0,592.0
Technological,ISCAS89_Benchmark_Circuits__s953_benc,446,772,variation_edges,40,0.9830439223697651,0.642440817784518,179.0,490.0
Technological,ISCAS89_Benchmark_Circuits__s953_benc,446,772,variation_edges,20,0.9492241567713265,0.25867745792493224,90.0,345.0
Technological,Water_Distribution_Network_Balerma_Irrigation,447,454,variation_neighborhood,100,0.8556743421052632,0.0,447.0,454.0
Technological,Water_Distribution_Network_Balerma_Irrigation,447,454,variation_neighborhood,80,0.8581752484191508,1.019158863928169,358.0,365.0
Technological,Water_Distribution_Network_Balerma_Irrigation,447,454,variation_neighborhood,60,0.8761847899096947,0.7883668961003423,269.0,276.0
Technological,Water_Distribution_Network_Balerma_Irrigation,447,454,variation_neighborhood,40,0.9078114004222378,0.6037721270695329,179.0,186.0
Technological,Water_Distribution_Network_Balerma_Irrigation,447,454,variation_neighborhood,20,0.9263959390862944,0.44806047389283776,91.0,98.0
Technological,Water_Distribution_Network_Balerma_Irrigation,447,454,variation_edges,100,0.864633538308127,0.0,447.0,454.0
Technological,Water_Distribution_Network_Balerma_Irrigation,447,454,variation_edges,80,0.8587522584759273,1.0085022780112922,358.0,365.0
Technological,Water_Distribution_Network_Balerma_Irrigation,447,454,variation_edges,60,0.8560993425858291,0.5836232816800475,269.0,276.0
Technological,Water_Distribution_Network_Balerma_Irrigation,447,454,variation_edges,40,0.8987566607460036,0.36169669730588794,179.0,186.0
Technological,Water_Distribution_Network_Balerma_Irrigation,447,454,variation_edges,20,0.899215070643642,0.16790901310741901,90.0,97.0
Technological,588f9554a411221d0e7c679b,457,926,variation_neighborhood,100,0.5126163428530984,0.0,457.0,926.0
Technological,588f9554a411221d0e7c679b,457,926,variation_neighborhood,80,0.5418981050841152,1.78661132697016,366.0,654.0
Technological,588f9554a411221d0e7c679b,457,926,variation_neighborhood,60,0.585192515293271,1.0618156059645116,275.0,417.0
Technological,588f9554a411221d0e7c679b,457,926,variation_neighborhood,40,0.72185532176317,0.6254635769873857,183.0,267.0
Technological,588f9554a411221d0e7c679b,457,926,variation_neighborhood,20,0.8042752171008684,0.5480864848941565,93.0,175.0
Technological,588f9554a411221d0e7c679b,457,926,variation_edges,100,0.5172383009873414,0.0,457.0,926.0
Technological,588f9554a411221d0e7c679b,457,926,variation_edges,80,0.503196323586044,1.6293509840033948,366.0,675.0
Technological,588f9554a411221d0e7c679b,457,926,variation_edges,60,0.49440752147835954,0.9334866590797901,275.0,458.0
Technological,588f9554a411221d0e7c679b,457,926,variation_edges,40,0.49356913183279744,0.45336821489036083,183.0,256.0
Technological,588f9554a411221d0e7c679b,457,926,variation_edges,20,0.2696225284601558,0.28073409432545304,113.0,129.0
Technological,ISCAS89_Benchmark_Circuits__s641_benc,467,575,variation_neighborhood,100,0.9762977953576794,0.0,467.0,575.0
Technological,ISCAS89_Benchmark_Circuits__s641_benc,467,575,variation_neighborhood,80,0.9720614339739136,1.5033349869772792,375.0,476.0
Technological,ISCAS89_Benchmark_Circuits__s641_benc,467,575,variation_neighborhood,60,0.9718562243069463,1.0156998899765313,281.0,363.0
Technological,ISCAS89_Benchmark_Circuits__s641_benc,467,575,variation_neighborhood,40,0.965705378020265,0.7565245982259512,187.0,263.0
Technological,ISCAS89_Benchmark_Circuits__s641_benc,467,575,variation_neighborhood,20,0.8964243746852442,0.5379402516409755,94.0,142.0
Technological,ISCAS89_Benchmark_Circuits__s641_benc,467,575,variation_edges,100,0.9755499724247809,0.0,467.0,575.0
Technological,ISCAS89_Benchmark_Circuits__s641_benc,467,575,variation_edges,80,0.9632749070490932,1.3465309906750917,374.0,477.0
Technological,ISCAS89_Benchmark_Circuits__s641_benc,467,575,variation_edges,60,0.9484546512216095,0.8718952657654881,281.0,376.0
Technological,ISCAS89_Benchmark_Circuits__s641_benc,467,575,variation_edges,40,0.9622467771639042,0.513419094029814,187.0,266.0
Technological,ISCAS89_Benchmark_Circuits__s641_benc,467,575,variation_edges,20,0.934283452098179,0.2687557768076658,94.0,148.0
Technological,ISCAS89_Benchmark_Circuits__s713_benc,481,627,variation_neighborhood,100,0.9462121001969541,0.0,481.0,627.0
Technological,ISCAS89_Benchmark_Circuits__s713_benc,481,627,variation_neighborhood,80,0.9323984560359786,1.716470723040402,385.0,510.0
Technological,ISCAS89_Benchmark_Circuits__s713_benc,481,627,variation_neighborhood,60,0.9479207532365633,1.0528781493194401,289.0,388.0
Technological,ISCAS89_Benchmark_Circuits__s713_benc,481,627,variation_neighborhood,40,0.9379478360561766,0.8325568903237581,194.0,282.0
Technological,ISCAS89_Benchmark_Circuits__s713_benc,481,627,variation_neighborhood,20,0.8916111024965111,0.5632702521979809,98.0,152.0
Technological,ISCAS89_Benchmark_Circuits__s713_benc,481,627,variation_edges,100,0.9439340270090768,0.0,481.0,627.0
Technological,ISCAS89_Benchmark_Circuits__s713_benc,481,627,variation_edges,80,0.9430395548739167,1.5156608377583325,385.0,508.0
Technological,ISCAS89_Benchmark_Circuits__s713_benc,481,627,variation_edges,60,0.9269162210338681,0.904657144099474,289.0,401.0
Technological,ISCAS89_Benchmark_Circuits__s713_benc,481,627,variation_edges,40,0.929641141565414,0.5051295049488544,192.0,285.0
Technological,ISCAS89_Benchmark_Circuits__s713_benc,481,627,variation_edges,20,0.9149326805385557,0.2638716739602387,97.0,152.0
Technological,588f93d5a411221d0e7c6791,486,2717,variation_neighborhood,100,0.41519588346425373,0.0,486.0,2717.0
Technological,588f93d5a411221d0e7c6791,486,2717,variation_neighborhood,80,0.41776651532749093,2.8290208568796515,389.0,1452.0
Technological,588f93d5a411221d0e7c6791,486,2717,variation_neighborhood,60,0.4810056764645048,1.7862133253365755,293.0,780.0
Technological,588f93d5a411221d0e7c6791,486,2717,variation_neighborhood,40,0.474250248732648,0.8005592501722276,195.0,414.0
Technological,588f93d5a411221d0e7c6791,486,2717,variation_neighborhood,20,0.6083810164927633,0.4457346140407026,98.0,278.0
Technological,588f93d5a411221d0e7c6791,486,2717,variation_edges,100,0.4146907664423865,0.0,486.0,2717.0
Technological,588f93d5a411221d0e7c6791,486,2717,variation_edges,80,0.4437194127243067,2.8745535323396325,389.0,1803.0
Technological,588f93d5a411221d0e7c6791,486,2717,variation_edges,60,0.4246012854082361,1.6239356589503586,292.0,1240.0
Technological,588f93d5a411221d0e7c6791,486,2717,variation_edges,40,0.16339285714285715,0.7763599921017885,195.0,438.0
Technological,588f93d5a411221d0e7c6791,486,2717,variation_edges,20,0.1702256244963739,0.6820453479886055,177.0,395.0
Technological,ISCAS89_Benchmark_Circuits__s838_benc,491,704,variation_neighborhood,100,1.0123332373548324,0.0,491.0,704.0
Technological,ISCAS89_Benchmark_Circuits__s838_benc,491,704,variation_neighborhood,80,0.9635918837242768,2.037244603037834,394.0,607.0
Technological,ISCAS89_Benchmark_Circuits__s838_benc,491,704,variation_neighborhood,60,0.9598172489982398,1.2896637353114784,295.0,489.0
Technological,ISCAS89_Benchmark_Circuits__s838_benc,491,704,variation_neighborhood,40,0.9011105235325225,0.8918254422023892,198.0,371.0
Technological,ISCAS89_Benchmark_Circuits__s838_benc,491,704,variation_neighborhood,20,0.8507364255880414,0.4911882858723402,100.0,208.0
Technological,ISCAS89_Benchmark_Circuits__s838_benc,491,704,variation_edges,100,1.0095233537519144,0.0,491.0,704.0
Technological,ISCAS89_Benchmark_Circuits__s838_benc,491,704,variation_edges,80,0.9562778323983576,1.7737753191031516,393.0,606.0
Technological,ISCAS89_Benchmark_Circuits__s838_benc,491,704,variation_edges,60,0.9644124287710998,1.1450355700217187,295.0,508.0
Technological,ISCAS89_Benchmark_Circuits__s838_benc,491,704,variation_edges,40,0.9087533156498674,0.5613774792291224,197.0,368.0
Technological,ISCAS89_Benchmark_Circuits__s838_benc,491,704,variation_edges,20,0.932285498977285,0.2406552922911942,101.0,214.0
Technological,588f93d5a411221d0e7c6792,504,1139,variation_neighborhood,100,0.5279032554978123,0.0,504.0,1139.0
Technological,588f93d5a411221d0e7c6792,504,1139,variation_neighborhood,80,0.5253979721481777,2.1726325838826597,405.0,687.0
Technological,588f93d5a411221d0e7c6792,504,1139,variation_neighborhood,60,0.5178311810484906,1.122553551569581,303.0,435.0
Technological,588f93d5a411221d0e7c6792,504,1139,variation_neighborhood,40,0.5743264659270998,0.7179484087973833,202.0,315.0
Technological,588f93d5a411221d0e7c6792,504,1139,variation_neighborhood,20,0.7479010163499779,0.44389034900814295,102.0,206.0
Technological,588f93d5a411221d0e7c6792,504,1139,variation_edges,100,0.5257368495275702,0.0,504.0,1139.0
Technological,588f93d5a411221d0e7c6792,504,1139,variation_edges,80,0.48737534946177385,2.1107267779298127,404.0,775.0
Technological,588f93d5a411221d0e7c6792,504,1139,variation_edges,60,0.39088352084712114,1.1516957529820502,304.0,446.0
Technological,588f93d5a411221d0e7c6792,504,1139,variation_edges,40,0.25752480931682115,0.6043833140283823,217.0,250.0
Technological,588f93d5a411221d0e7c6792,504,1139,variation_edges,20,0.25807512122955534,0.5363419968634844,217.0,250.0
Technological,ISCAS89_Benchmark_Circuits__s838_1_benc,545,820,variation_neighborhood,100,0.9997384463714464,0.0,545.0,820.0
Technological,ISCAS89_Benchmark_Circuits__s838_1_benc,545,820,variation_neighborhood,80,0.9667440061871616,2.5244345320388675,437.0,705.0
Technological,ISCAS89_Benchmark_Circuits__s838_1_benc,545,820,variation_neighborhood,60,0.9391665336100911,1.4688261998817325,327.0,558.0
Technological,ISCAS89_Benchmark_Circuits__s838_1_benc,545,820,variation_neighborhood,40,0.8964858844387872,1.0342532782815397,219.0,423.0
Technological,ISCAS89_Benchmark_Circuits__s838_1_benc,545,820,variation_neighborhood,20,0.9553430507845141,0.5151960318908095,109.0,241.0
Technological,ISCAS89_Benchmark_Circuits__s838_1_benc,545,820,variation_edges,100,1.0003623771943952,0.0,545.0,820.0
Technological,ISCAS89_Benchmark_Circuits__s838_1_benc,545,820,variation_edges,80,0.9556468957606461,2.265341875143349,436.0,711.0
Technological,ISCAS89_Benchmark_Circuits__s838_1_benc,545,820,variation_edges,60,0.9224840669927376,1.3286017589271069,327.0,601.0
Technological,ISCAS89_Benchmark_Circuits__s838_1_benc,545,820,variation_edges,40,0.9072397209826264,0.7675922159105539,218.0,443.0
Technological,ISCAS89_Benchmark_Circuits__s838_1_benc,545,820,variation_edges,20,0.9071007043594137,0.2653791387565434,109.0,235.0
Technological,ISCAS89_Benchmark_Circuits__s1238_benc,567,1070,variation_neighborhood,100,0.9612156682164554,0.0,567.0,1070.0
Technological,ISCAS89_Benchmark_Circuits__s1238_benc,567,1070,variation_neighborhood,80,0.9573558908171275,2.961340125184506,454.0,948.0
Technological,ISCAS89_Benchmark_Circuits__s1238_benc,567,1070,variation_neighborhood,60,0.9511250654107797,1.9270608751103282,341.0,827.0
Technological,ISCAS89_Benchmark_Circuits__s1238_benc,567,1070,variation_neighborhood,40,0.945004706198736,1.190706369932741,227.0,706.0
Technological,ISCAS89_Benchmark_Circuits__s1238_benc,567,1070,variation_neighborhood,20,0.8999284022690973,0.6035430002957582,114.0,419.0
Technological,ISCAS89_Benchmark_Circuits__s1238_benc,567,1070,variation_edges,100,0.9682922084723699,0.0,567.0,1070.0
Technological,ISCAS89_Benchmark_Circuits__s1238_benc,567,1070,variation_edges,80,0.9644039735099338,2.80871845735237,454.0,957.0
Technological,ISCAS89_Benchmark_Circuits__s1238_benc,567,1070,variation_edges,60,0.964031441623112,1.7968746689148247,341.0,843.0
Technological,ISCAS89_Benchmark_Circuits__s1238_benc,567,1070,variation_edges,40,0.9475254237288135,0.9230277081951499,227.0,703.0
Technological,ISCAS89_Benchmark_Circuits__s1238_benc,567,1070,variation_edges,20,0.9239337395277989,0.42621502187103033,114.0,498.0
Technological,ISCAS89_Benchmark_Circuits__s1196_benc,588,1038,variation_neighborhood,100,0.9773903400689995,0.0,588.0,1038.0
Technological,ISCAS89_Benchmark_Circuits__s1196_benc,588,1038,variation_neighborhood,80,0.9478009653860647,3.0213436619378626,471.0,915.0
Technological,ISCAS89_Benchmark_Circuits__s1196_benc,588,1038,variation_neighborhood,60,0.9277087344652547,1.9486755402758718,353.0,787.0
Technological,ISCAS89_Benchmark_Circuits__s1196_benc,588,1038,variation_neighborhood,40,0.9361918769091526,1.1949499510228634,236.0,666.0
Technological,ISCAS89_Benchmark_Circuits__s1196_benc,588,1038,variation_neighborhood,20,0.9139724169115985,0.6243544551543891,118.0,403.0
Technological,ISCAS89_Benchmark_Circuits__s1196_benc,588,1038,variation_edges,100,0.9776161939827153,0.0,588.0,1038.0
Technological,ISCAS89_Benchmark_Circuits__s1196_benc,588,1038,variation_edges,80,0.9702671646078712,2.8326787212863564,470.0,919.0
Technological,ISCAS89_Benchmark_Circuits__s1196_benc,588,1038,variation_edges,60,0.946088453674809,1.9373483881354332,352.0,800.0
Technological,ISCAS89_Benchmark_Circuits__s1196_benc,588,1038,variation_edges,40,0.9339349565809637,1.037014627829194,236.0,660.0
Technological,ISCAS89_Benchmark_Circuits__s1196_benc,588,1038,variation_edges,20,0.923492079356354,0.3673177962191403,117.0,463.0
Technological,ISCAS89_Benchmark_Circuits__s1494_benc,686,1418,variation_neighborhood,100,0.9028925843085135,0.0,686.0,1418.0
Technological,ISCAS89_Benchmark_Circuits__s1494_benc,686,1418,variation_neighborhood,80,0.8991298743151789,4.578213160391897,550.0,1274.0
Technological,ISCAS89_Benchmark_Circuits__s1494_benc,686,1418,variation_neighborhood,60,0.8923292824938043,2.865653093904257,412.0,1121.0
Technological,ISCAS89_Benchmark_Circuits__s1494_benc,686,1418,variation_neighborhood,40,0.9048697406230376,1.710999402217567,275.0,965.0
Technological,ISCAS89_Benchmark_Circuits__s1494_benc,686,1418,variation_neighborhood,20,0.8842824601366742,0.7863490227609873,138.0,480.0
Technological,ISCAS89_Benchmark_Circuits__s1494_benc,686,1418,variation_edges,100,0.9055638641437458,0.0,686.0,1418.0
Technological,ISCAS89_Benchmark_Circuits__s1494_benc,686,1418,variation_edges,80,0.8989655942251878,4.264362945687026,549.0,1280.0
Technological,ISCAS89_Benchmark_Circuits__s1494_benc,686,1418,variation_edges,60,0.9117059997651755,2.962319603189826,411.0,1139.0
Technological,ISCAS89_Benchmark_Circuits__s1494_benc,686,1418,variation_edges,40,0.9155740024525988,1.4424038538709283,275.0,974.0
Technological,ISCAS89_Benchmark_Circuits__s1494_benc,686,1418,variation_edges,20,0.9179083048846632,0.5921067893505096,138.0,727.0
Technological,ISCAS89_Benchmark_Circuits__s1488_benc,692,1412,variation_neighborhood,100,0.9036831193078819,0.0,692.0,1412.0
Technological,ISCAS89_Benchmark_Circuits__s1488_benc,692,1412,variation_neighborhood,80,0.9019381111585933,4.477465932723135,554.0,1266.0
Technological,ISCAS89_Benchmark_Circuits__s1488_benc,692,1412,variation_neighborhood,60,0.8897736423011542,2.8517777640372515,416.0,1114.0
Technological,ISCAS89_Benchmark_Circuits__s1488_benc,692,1412,variation_neighborhood,40,0.8952037112521595,1.6753207203000784,277.0,943.0
Technological,ISCAS89_Benchmark_Circuits__s1488_benc,692,1412,variation_neighborhood,20,0.8660334379163623,0.8851722599938512,139.0,510.0
Technological,ISCAS89_Benchmark_Circuits__s1488_benc,692,1412,variation_edges,100,0.9046061567549359,0.0,692.0,1412.0
Technological,ISCAS89_Benchmark_Circuits__s1488_benc,692,1412,variation_edges,80,0.8988373680096287,4.383930581156164,554.0,1273.0
Technological,ISCAS89_Benchmark_Circuits__s1488_benc,692,1412,variation_edges,60,0.9175522169292781,2.7963396166451275,416.0,1131.0
Technological,ISCAS89_Benchmark_Circuits__s1488_benc,692,1412,variation_edges,40,0.9208134514882982,1.4613661766052246,277.0,965.0
Technological,ISCAS89_Benchmark_Circuits__s1488_benc,692,1412,variation_edges,20,0.9144704931285368,0.5745913651771843,139.0,712.0
Technological,5728dc4b461efe0c7a675f40,737,1341,variation_neighborhood,100,0.9217417156447961,0.0,737.0,1341.0
Technological,5728dc4b461efe0c7a675f40,737,1341,variation_neighborhood,80,0.911591248067213,4.730524654965848,591.0,1158.0
Technological,5728dc4b461efe0c7a675f40,737,1341,variation_neighborhood,60,0.871666979826794,3.0842274869792163,444.0,966.0
Technological,5728dc4b461efe0c7a675f40,737,1341,variation_neighborhood,40,0.8459016393442623,1.7035710960626602,296.0,761.0
Technological,5728dc4b461efe0c7a675f40,737,1341,variation_neighborhood,20,0.742404594294183,0.8376054521650076,148.0,457.0
Technological,5728dc4b461efe0c7a675f40,737,1341,variation_edges,100,0.9238968481375358,0.0,737.0,1341.0
Technological,5728dc4b461efe0c7a675f40,737,1341,variation_edges,80,0.9090275065558221,4.312121282797307,590.0,1136.0
Technological,5728dc4b461efe0c7a675f40,737,1341,variation_edges,60,0.8972545544402598,2.678366797976196,443.0,973.0
Technological,5728dc4b461efe0c7a675f40,737,1341,variation_edges,40,0.9001176781382839,1.406440181657672,295.0,745.0
Technological,5728dc4b461efe0c7a675f40,737,1341,variation_edges,20,0.9034572733202871,0.5136536760255694,148.0,450.0
Technological,5728dc4b461efe0c7a675f39,770,1415,variation_neighborhood,100,0.9161219927043998,0.0,770.0,1415.0
Technological,5728dc4b461efe0c7a675f39,770,1415,variation_neighborhood,80,0.8986230877988511,5.222636603284627,617.0,1229.0
Technological,5728dc4b461efe0c7a675f39,770,1415,variation_neighborhood,60,0.907913850817912,3.3209248492494226,462.0,1037.0
Technological,5728dc4b461efe0c7a675f39,770,1415,variation_neighborhood,40,0.9233800162747869,1.7594396406784654,308.0,830.0
Technological,5728dc4b461efe0c7a675f39,770,1415,variation_neighborhood,20,0.9513665594855305,0.9256169274449348,154.0,525.0
Technological,5728dc4b461efe0c7a675f39,770,1415,variation_edges,100,0.9195155471568459,0.0,770.0,1415.0
Technological,5728dc4b461efe0c7a675f39,770,1415,variation_edges,80,0.9231403513155594,4.654838420916349,616.0,1251.0
Technological,5728dc4b461efe0c7a675f39,770,1415,variation_edges,60,0.9217073727459484,3.097867079079151,462.0,1081.0
Technological,5728dc4b461efe0c7a675f39,770,1415,variation_edges,40,0.908934855377221,1.5429054931737483,308.0,826.0
Technological,5728dc4b461efe0c7a675f39,770,1415,variation_edges,20,0.919033559279744,0.5851507079787552,154.0,507.0
Technological,Software_function-callgraphs_2002_VTK_v4_0,771,1357,variation_neighborhood,100,0.7625475050728131,0.0,771.0,1357.0
Technological,Software_function-callgraphs_2002_VTK_v4_0,771,1357,variation_neighborhood,80,0.7517558799104818,4.835435978136957,618.0,1124.0
Technological,Software_function-callgraphs_2002_VTK_v4_0,771,1357,variation_neighborhood,60,0.7518922528940339,2.985510094091296,463.0,896.0
Technological,Software_function-callgraphs_2002_VTK_v4_0,771,1357,variation_neighborhood,40,0.802525017738739,1.6978675108402967,309.0,719.0
Technological,Software_function-callgraphs_2002_VTK_v4_0,771,1357,variation_neighborhood,20,0.8431237042156186,0.844913586974144,155.0,450.0
Technological,Software_function-callgraphs_2002_VTK_v4_0,771,1357,variation_edges,100,0.7653962574125961,0.0,771.0,1357.0
Technological,Software_function-callgraphs_2002_VTK_v4_0,771,1357,variation_edges,80,0.7592476829831761,4.573809674009681,617.0,1161.0
Technological,Software_function-callgraphs_2002_VTK_v4_0,771,1357,variation_edges,60,0.7417235510495397,2.6394199980422854,463.0,900.0
Technological,Software_function-callgraphs_2002_VTK_v4_0,771,1357,variation_edges,40,0.7148513645224172,1.411535422783345,309.0,586.0
Technological,Software_function-callgraphs_2002_VTK_v4_0,771,1357,variation_edges,20,0.3110155059603836,0.5595116312615573,187.0,233.0
Technological,ISCAS89_Benchmark_Circuits__s1423_benc,819,1237,variation_neighborhood,100,0.8942632872848888,0.0,819.0,1237.0
Technological,ISCAS89_Benchmark_Circuits__s1423_benc,819,1237,variation_neighborhood,80,0.9028460805895118,5.2157347411848605,657.0,1019.0
Technological,ISCAS89_Benchmark_Circuits__s1423_benc,819,1237,variation_neighborhood,60,0.8980968337844225,2.73755917372182,492.0,781.0
Technological,ISCAS89_Benchmark_Circuits__s1423_benc,819,1237,variation_neighborhood,40,0.8715995321076153,1.7066632746718824,328.0,591.0
Technological,ISCAS89_Benchmark_Circuits__s1423_benc,819,1237,variation_neighborhood,20,0.8606811145510835,0.8650668100453913,164.0,360.0
Technological,ISCAS89_Benchmark_Circuits__s1423_benc,819,1237,variation_edges,100,0.8949445499050854,0.0,819.0,1237.0
Technological,ISCAS89_Benchmark_Circuits__s1423_benc,819,1237,variation_edges,80,0.8856027623479958,4.667235387954861,656.0,1055.0
Technological,ISCAS89_Benchmark_Circuits__s1423_benc,819,1237,variation_edges,60,0.9246894409937888,2.8902687625959516,492.0,852.0
Technological,ISCAS89_Benchmark_Circuits__s1423_benc,819,1237,variation_edges,40,0.8752384124004723,1.4629883067682385,328.0,588.0
Technological,ISCAS89_Benchmark_Circuits__s1423_benc,819,1237,variation_edges,20,0.8291547277936963,0.5031398814171553,164.0,341.0
Social,Norwegian_Board_of_Directors_net1mode_2008-11-01,842,2629,variation_neighborhood,100,0.5049001572064087,0.0,842.0,2629.0
Social,Norwegian_Board_of_Directors_net1mode_2008-11-01,842,2629,variation_neighborhood,80,0.5013211608936375,7.260022978764027,674.0,2108.0
Social,Norwegian_Board_of_Directors_net1mode_2008-11-01,842,2629,variation_neighborhood,60,0.5179479279001694,4.270497452933341,506.0,1570.0
Social,Norwegian_Board_of_Directors_net1mode_2008-11-01,842,2629,variation_neighborhood,40,0.5859233499963776,2.1452376903034747,337.0,960.0
Social,Norwegian_Board_of_Directors_net1mode_2008-11-01,842,2629,variation_neighborhood,20,0.772060755768119,0.9521898948587477,169.0,383.0
Social,Norwegian_Board_of_Directors_net1mode_2008-11-01,842,2629,variation_edges,100,0.5039786322408325,0.0,842.0,2629.0
Social,Norwegian_Board_of_Directors_net1mode_2008-11-01,842,2629,variation_edges,80,0.5537488932469445,6.563160879071802,674.0,1837.0
Social,Norwegian_Board_of_Directors_net1mode_2008-11-01,842,2629,variation_edges,60,0.6626984126984127,3.4894157382659614,506.0,1136.0
Social,Norwegian_Board_of_Directors_net1mode_2008-11-01,842,2629,variation_edges,40,0.776436003112661,1.5145726967602968,337.0,615.0
Social,Norwegian_Board_of_Directors_net1mode_2008-11-01,842,2629,variation_edges,20,0.8810539141029546,0.4927332317456603,169.0,268.0
Economic,Norwegian_Board_of_Directors_net2mode_2007-05-01,842,906,variation_neighborhood,100,0.5822569249442925,0.0,842.0,906.0
Economic,Norwegian_Board_of_Directors_net2mode_2007-05-01,842,906,variation_neighborhood,80,0.679364457610106,3.330219428986311,674.0,709.0
Economic,Norwegian_Board_of_Directors_net2mode_2007-05-01,842,906,variation_neighborhood,60,0.7297709923664122,2.2500946982763708,506.0,536.0
Economic,Norwegian_Board_of_Directors_net2mode_2007-05-01,842,906,variation_neighborhood,40,0.8176299815254685,1.2451873836107552,337.0,366.0
Economic,Norwegian_Board_of_Directors_net2mode_2007-05-01,842,906,variation_neighborhood,20,0.8728384895894601,0.75368343712762,169.0,187.0
Economic,Norwegian_Board_of_Directors_net2mode_2007-05-01,842,906,variation_edges,100,0.5873967395277432,0.0,842.0,906.0
Economic,Norwegian_Board_of_Directors_net2mode_2007-05-01,842,906,variation_edges,80,0.677883798285867,3.20790805388242,674.0,714.0
Economic,Norwegian_Board_of_Directors_net2mode_2007-05-01,842,906,variation_edges,60,0.6784511784511784,1.9530068850144744,506.0,539.0
Economic,Norwegian_Board_of_Directors_net2mode_2007-05-01,842,906,variation_edges,40,0.6123750797363385,1.1029427568428218,337.0,362.0
Economic,Norwegian_Board_of_Directors_net2mode_2007-05-01,842,906,variation_edges,20,0.49560153636476273,0.4961180849932134,169.0,179.0
Social,Norwegian_Board_of_Directors_net1mode_2008-10-01,851,2664,variation_neighborhood,100,0.5009155400589893,0.0,851.0,2664.0
Social,Norwegian_Board_of_Directors_net1mode_2008-10-01,851,2664,variation_neighborhood,80,0.5020370238010149,7.167231396306306,681.0,2130.0
Social,Norwegian_Board_of_Directors_net1mode_2008-10-01,851,2664,variation_neighborhood,60,0.5155451002282673,4.171088891103864,511.0,1607.0
Social,Norwegian_Board_of_Directors_net1mode_2008-10-01,851,2664,variation_neighborhood,40,0.577723771912582,2.299368522129953,342.0,974.0
Social,Norwegian_Board_of_Directors_net1mode_2008-10-01,851,2664,variation_neighborhood,20,0.7936590167331503,0.8915363028645515,171.0,389.0
Social,Norwegian_Board_of_Directors_net1mode_2008-10-01,851,2664,variation_edges,100,0.4994315324573103,0.0,851.0,2664.0
Social,Norwegian_Board_of_Directors_net1mode_2008-10-01,851,2664,variation_edges,80,0.5740017361111112,6.310592343099415,681.0,1821.0
Social,Norwegian_Board_of_Directors_net1mode_2008-10-01,851,2664,variation_edges,60,0.6567577393103834,3.564125321805477,511.0,1148.0
Social,Norwegian_Board_of_Directors_net1mode_2008-10-01,851,2664,variation_edges,40,0.7832912970782442,1.5280307093635201,341.0,622.0
Social,Norwegian_Board_of_Directors_net1mode_2008-10-01,851,2664,variation_edges,20,0.8862202629778825,0.6185739738866687,171.0,271.0
Social,Norwegian_Board_of_Directors_net1mode_2008-06-01,852,2798,variation_neighborhood,100,0.49117481379483,0.0,852.0,2798.0
Social,Norwegian_Board_of_Directors_net1mode_2008-06-01,852,2798,variation_neighborhood,80,0.4942836093754263,7.188800771255046,682.0,2230.0
Social,Norwegian_Board_of_Directors_net1mode_2008-06-01,852,2798,variation_neighborhood,60,0.5046433358727832,4.301859330851585,512.0,1662.0
Social,Norwegian_Board_of_Directors_net1mode_2008-06-01,852,2798,variation_neighborhood,40,0.5649893545204341,2.1752770910970867,341.0,1003.0
Social,Norwegian_Board_of_Directors_net1mode_2008-06-01,852,2798,variation_neighborhood,20,0.7947440924022464,1.0264947810210288,172.0,378.0
Social,Norwegian_Board_of_Directors_net1mode_2008-06-01,852,2798,variation_edges,100,0.4905556192242377,0.0,852.0,2798.0
Social,Norwegian_Board_of_Directors_net1mode_2008-06-01,852,2798,variation_edges,80,0.5482035742996723,6.682010704185814,682.0,1958.0
Social,Norwegian_Board_of_Directors_net1mode_2008-06-01,852,2798,variation_edges,60,0.6552983166272376,3.475729904137552,512.0,1176.0
Social,Norwegian_Board_of_Directors_net1mode_2008-06-01,852,2798,variation_edges,40,0.7615749577357256,1.5907459710724652,341.0,641.0
Social,Norwegian_Board_of_Directors_net1mode_2008-06-01,852,2798,variation_edges,20,0.8587198050318974,0.6142767509445548,171.0,284.0
Social,Norwegian_Board_of_Directors_net1mode_2011-08-01,854,2745,variation_neighborhood,100,0.4783303004419356,0.0,854.0,2745.0
Social,Norwegian_Board_of_Directors_net1mode_2011-08-01,854,2745,variation_neighborhood,80,0.4747815128352648,7.530998297967017,684.0,2203.0
Social,Norwegian_Board_of_Directors_net1mode_2011-08-01,854,2745,variation_neighborhood,60,0.4910917563626852,4.177764029242098,513.0,1651.0
Social,Norwegian_Board_of_Directors_net1mode_2011-08-01,854,2745,variation_neighborhood,40,0.5780721330357786,2.2756350808776915,342.0,964.0
Social,Norwegian_Board_of_Directors_net1mode_2011-08-01,854,2745,variation_neighborhood,20,0.8138262962152701,0.8574022809043527,171.0,369.0
Social,Norwegian_Board_of_Directors_net1mode_2011-08-01,854,2745,variation_edges,100,0.4792710996762687,0.0,854.0,2745.0
Social,Norwegian_Board_of_Directors_net1mode_2011-08-01,854,2745,variation_edges,80,0.5258018012431988,6.909970384091139,684.0,1957.0
Social,Norwegian_Board_of_Directors_net1mode_2011-08-01,854,2745,variation_edges,60,0.6456675569261268,3.5472002350725234,513.0,1166.0
Social,Norwegian_Board_of_Directors_net1mode_2011-08-01,854,2745,variation_edges,40,0.7483031200245803,1.7435532072559,342.0,628.0
Social,Norwegian_Board_of_Directors_net1mode_2011-08-01,854,2745,variation_edges,20,0.8667653589933383,0.5221018912270665,171.0,276.0
Social,Norwegian_Board_of_Directors_net1mode_2008-04-01,859,2813,variation_neighborhood,100,0.47365393882552886,0.0,859.0,2813.0
Social,Norwegian_Board_of_Directors_net1mode_2008-04-01,859,2813,variation_neighborhood,80,0.47440936849693294,7.559962188825011,688.0,2234.0
Social,Norwegian_Board_of_Directors_net1mode_2008-04-01,859,2813,variation_neighborhood,60,0.48630143572877904,4.4823998478241265,516.0,1662.0
Social,Norwegian_Board_of_Directors_net1mode_2008-04-01,859,2813,variation_neighborhood,40,0.5470200041245618,2.1507846382446587,344.0,1010.0
Social,Norwegian_Board_of_Directors_net1mode_2008-04-01,859,2813,variation_neighborhood,20,0.7850823160488297,0.9122959850355983,173.0,358.0
Social,Norwegian_Board_of_Directors_net1mode_2008-04-01,859,2813,variation_edges,100,0.47401253869728227,0.0,859.0,2813.0
Social,Norwegian_Board_of_Directors_net1mode_2008-04-01,859,2813,variation_edges,80,0.5376784968026305,6.852992631029338,688.0,1924.0
Social,Norwegian_Board_of_Directors_net1mode_2008-04-01,859,2813,variation_edges,60,0.636876968183299,3.6224362682551146,516.0,1183.0
Social,Norwegian_Board_of_Directors_net1mode_2008-04-01,859,2813,variation_edges,40,0.7661189074575231,1.5980554251000285,344.0,631.0
Social,Norwegian_Board_of_Directors_net1mode_2008-04-01,859,2813,variation_edges,20,0.8621976709465513,0.5068990220315754,172.0,274.0
Biological,56e9e0d8a6d70217090ce004,861,2011,variation_neighborhood,100,0.7402913503106041,0.0,861.0,2011.0
Biological,56e9e0d8a6d70217090ce004,861,2011,variation_neighborhood,80,0.7087986924543721,7.021874513011426,689.0,1678.0
Biological,56e9e0d8a6d70217090ce004,861,2011,variation_neighborhood,60,0.703396964801711,4.399121648166329,517.0,1409.0
Biological,56e9e0d8a6d70217090ce004,861,2011,variation_neighborhood,40,0.7123863052609313,2.46833085315302,345.0,1152.0
Biological,56e9e0d8a6d70217090ce004,861,2011,variation_neighborhood,20,0.6484025755649427,1.0145300668664277,173.0,494.0
Biological,56e9e0d8a6d70217090ce004,861,2011,variation_edges,100,0.7432072650351945,0.0,861.0,2011.0
Biological,56e9e0d8a6d70217090ce004,861,2011,variation_edges,80,0.7303025648901859,6.849811727181077,689.0,1772.0
Biological,56e9e0d8a6d70217090ce004,861,2011,variation_edges,60,0.6965456119378375,4.285954900085926,517.0,1548.0
Biological,56e9e0d8a6d70217090ce004,861,2011,variation_edges,40,0.7172280466949216,2.0667769950814545,345.0,1169.0
Biological,56e9e0d8a6d70217090ce004,861,2011,variation_edges,20,0.42685190094914893,0.6589741329662502,173.0,380.0
Economic,575aa410bd3e93b53c69562a,866,2531,variation_neighborhood,100,0.78430698149008,0.0,866.0,2531.0
Economic,575aa410bd3e93b53c69562a,866,2531,variation_neighborhood,80,0.7630519437660881,7.7236712370067835,693.0,2289.0
Economic,575aa410bd3e93b53c69562a,866,2531,variation_neighborhood,60,0.7798842498868698,4.349392153788358,520.0,1340.0
Economic,575aa410bd3e93b53c69562a,866,2531,variation_neighborhood,40,0.7849098212176104,2.455628993920982,347.0,1101.0
Economic,575aa410bd3e93b53c69562a,866,2531,variation_neighborhood,20,0.7717041800643086,1.1429470018483698,174.0,500.0
Economic,575aa410bd3e93b53c69562a,866,2531,variation_edges,100,0.7861546682601975,0.0,866.0,2531.0
Economic,575aa410bd3e93b53c69562a,866,2531,variation_edges,80,0.769005639796556,6.899484724737704,693.0,1909.0
Economic,575aa410bd3e93b53c69562a,866,2531,variation_edges,60,0.7941267070541124,4.277292935177684,520.0,1552.0
Economic,575aa410bd3e93b53c69562a,866,2531,variation_edges,40,0.8109814993684523,1.9243779769167304,347.0,927.0
Economic,575aa410bd3e93b53c69562a,866,2531,variation_edges,20,0.7621287856512791,0.6487254058010876,174.0,343.0
Social,Norwegian_Board_of_Directors_net1mode_2008-05-01,870,2832,variation_neighborhood,100,0.4756695121575395,0.0,870.0,2832.0
Social,Norwegian_Board_of_Directors_net1mode_2008-05-01,870,2832,variation_neighborhood,80,0.4801112133402282,7.783518571872264,697.0,2253.0
Social,Norwegian_Board_of_Directors_net1mode_2008-05-01,870,2832,variation_neighborhood,60,0.49509561370317545,4.57979413215071,522.0,1650.0
Social,Norwegian_Board_of_Directors_net1mode_2008-05-01,870,2832,variation_neighborhood,40,0.5547218628719276,2.1887501310557127,348.0,1001.0
Social,Norwegian_Board_of_Directors_net1mode_2008-05-01,870,2832,variation_neighborhood,20,0.7773949766614804,0.9700613957829773,175.0,359.0
Social,Norwegian_Board_of_Directors_net1mode_2008-05-01,870,2832,variation_edges,100,0.47438301011156525,0.0,870.0,2832.0
Social,Norwegian_Board_of_Directors_net1mode_2008-05-01,870,2832,variation_edges,80,0.5364085565141964,6.786149754654616,696.0,1954.0
Social,Norwegian_Board_of_Directors_net1mode_2008-05-01,870,2832,variation_edges,60,0.6359893241775191,3.807579417247325,522.0,1192.0
Social,Norwegian_Board_of_Directors_net1mode_2008-05-01,870,2832,variation_edges,40,0.7498701937529035,1.6678660199977458,348.0,640.0
Social,Norwegian_Board_of_Directors_net1mode_2008-05-01,870,2832,variation_edges,20,0.8374676045908923,0.577976631000638,174.0,274.0
Technological,Water_Distribution_Network_Richmond,873,957,variation_neighborhood,100,0.750818889040535,0.0,873.0,957.0
Technological,Water_Distribution_Network_Richmond,873,957,variation_neighborhood,80,0.7932482071016267,3.6960352319292724,700.0,777.0
Technological,Water_Distribution_Network_Richmond,873,957,variation_neighborhood,60,0.7840971838763113,2.288435310125351,524.0,576.0
Technological,Water_Distribution_Network_Richmond,873,957,variation_neighborhood,40,0.8262285659545933,1.4945325781591237,350.0,393.0
Technological,Water_Distribution_Network_Richmond,873,957,variation_neighborhood,20,0.9049711272909867,0.9570314991287887,175.0,191.0
Technological,Water_Distribution_Network_Richmond,873,957,variation_edges,100,0.7540865631746685,0.0,873.0,957.0
Technological,Water_Distribution_Network_Richmond,873,957,variation_edges,80,0.79627555614116,3.3829743461683393,699.0,771.0
Technological,Water_Distribution_Network_Richmond,873,957,variation_edges,60,0.8083823122134352,2.1048696991056204,524.0,579.0
Technological,Water_Distribution_Network_Richmond,873,957,variation_edges,40,0.8419505023278608,1.08812142489478,350.0,387.0
Technological,Water_Distribution_Network_Richmond,873,957,variation_edges,20,0.9258839528558477,0.44317214703187346,175.0,193.0
Biological,56e9e0d8a6d70217090ce005,880,2296,variation_neighborhood,100,0.7670692411133382,0.0,880.0,2296.0
Biological,56e9e0d8a6d70217090ce005,880,2296,variation_neighborhood,80,0.737369589682757,8.138049110770226,705.0,1976.0
Biological,56e9e0d8a6d70217090ce005,880,2296,variation_neighborhood,60,0.7349686808446795,4.934333053883165,528.0,1699.0
Biological,56e9e0d8a6d70217090ce005,880,2296,variation_neighborhood,40,0.76265752546302,2.7078562579117715,352.0,1423.0
Biological,56e9e0d8a6d70217090ce005,880,2296,variation_neighborhood,20,0.7173093458562074,1.2155062812380493,176.0,618.0
Biological,56e9e0d8a6d70217090ce005,880,2296,variation_edges,100,0.7633746804279897,0.0,880.0,2296.0
Biological,56e9e0d8a6d70217090ce005,880,2296,variation_edges,80,0.7543604223653637,7.946955317165703,704.0,2051.0
Biological,56e9e0d8a6d70217090ce005,880,2296,variation_edges,60,0.734140998703563,4.60556080006063,528.0,1791.0
Biological,56e9e0d8a6d70217090ce005,880,2296,variation_edges,40,0.7584546066601067,2.4362879060208797,352.0,1350.0
Biological,56e9e0d8a6d70217090ce005,880,2296,variation_edges,20,0.6701509472887941,0.826058984734118,176.0,591.0
Biological,56e9e0d7a6d70217090cdfd7,896,2186,variation_neighborhood,100,0.720860426885678,0.0,896.0,2186.0
Biological,56e9e0d7a6d70217090cdfd7,896,2186,variation_neighborhood,80,0.6983606557377049,7.612260417081416,717.0,1879.0
Biological,56e9e0d7a6d70217090cdfd7,896,2186,variation_neighborhood,60,0.6645934694287005,4.9762797760777175,538.0,1582.0
Biological,56e9e0d7a6d70217090cdfd7,896,2186,variation_neighborhood,40,0.6818212625215186,2.767539001069963,359.0,1272.0
Biological,56e9e0d7a6d70217090cdfd7,896,2186,variation_neighborhood,20,0.6483300589390962,1.1754048699513078,180.0,466.0
Biological,56e9e0d7a6d70217090cdfd7,896,2186,variation_edges,100,0.7185743951064494,0.0,896.0,2186.0
Biological,56e9e0d7a6d70217090cdfd7,896,2186,variation_edges,80,0.687481586006916,7.770627286285162,717.0,1938.0
Biological,56e9e0d7a6d70217090cdfd7,896,2186,variation_edges,60,0.670066595223515,4.900313542224467,538.0,1659.0
Biological,56e9e0d7a6d70217090cdfd7,896,2186,variation_edges,40,0.6689234556848702,2.345257447101176,359.0,1235.0
Biological,56e9e0d7a6d70217090cdfd7,896,2186,variation_edges,20,0.5712779759974052,0.8181938580237329,180.0,493.0
Transportation,594b42e14ed8f1bb6022ae4b,930,1798,variation_neighborhood,100,0.7919172086554588,0.0,930.0,1798.0
Transportation,594b42e14ed8f1bb6022ae4b,930,1798,variation_neighborhood,80,0.7881497474335994,7.141146671026945,745.0,1481.0
Transportation,594b42e14ed8f1bb6022ae4b,930,1798,variation_neighborhood,60,0.780194944747168,4.100161607842892,558.0,1150.0
Transportation,594b42e14ed8f1bb6022ae4b,930,1798,variation_neighborhood,40,0.7599221632140106,2.175282508600503,372.0,841.0
Transportation,594b42e14ed8f1bb6022ae4b,930,1798,variation_neighborhood,20,0.7790632176437454,1.047767834737897,186.0,456.0
Transportation,594b42e14ed8f1bb6022ae4b,930,1798,variation_edges,100,0.7891604571913061,0.0,930.0,1798.0
Transportation,594b42e14ed8f1bb6022ae4b,930,1798,variation_edges,80,0.7845981805542962,6.801694250199944,744.0,1501.0
Transportation,594b42e14ed8f1bb6022ae4b,930,1798,variation_edges,60,0.7700377675199328,3.798458849079907,558.0,1204.0
Transportation,594b42e14ed8f1bb6022ae4b,930,1798,variation_edges,40,0.761689134453607,2.0832776338793337,372.0,823.0
Transportation,594b42e14ed8f1bb6022ae4b,930,1798,variation_edges,20,0.7783560744596053,0.6315903342328966,186.0,422.0
Economic,Norwegian_Board_of_Directors_net2mode_2010-08-01,935,1024,variation_neighborhood,100,0.6719468168010561,0.0,935.0,1024.0
Economic,Norwegian_Board_of_Directors_net2mode_2010-08-01,935,1024,variation_neighborhood,80,0.7658378467093386,4.184331321157515,749.0,821.0
Economic,Norwegian_Board_of_Directors_net2mode_2010-08-01,935,1024,variation_neighborhood,60,0.7962343333522373,2.8332202127203345,561.0,620.0
Economic,Norwegian_Board_of_Directors_net2mode_2010-08-01,935,1024,variation_neighborhood,40,0.9080610021786493,1.4691928098909557,374.0,429.0
Economic,Norwegian_Board_of_Directors_net2mode_2010-08-01,935,1024,variation_neighborhood,20,0.9687699171446782,1.0020970720797777,188.0,229.0
Economic,Norwegian_Board_of_Directors_net2mode_2010-08-01,935,1024,variation_edges,100,0.6641410965794768,0.0,935.0,1024.0
Economic,Norwegian_Board_of_Directors_net2mode_2010-08-01,935,1024,variation_edges,80,0.7776486150639356,4.200543285813183,748.0,835.0
Economic,Norwegian_Board_of_Directors_net2mode_2010-08-01,935,1024,variation_edges,60,0.7772341263146055,2.45605186605826,561.0,624.0
Economic,Norwegian_Board_of_Directors_net2mode_2010-08-01,935,1024,variation_edges,40,0.7380057083314456,1.4082423551008105,374.0,417.0
Economic,Norwegian_Board_of_Directors_net2mode_2010-08-01,935,1024,variation_edges,20,0.7521566346806242,0.5130928847938776,187.0,218.0
Economic,Norwegian_Board_of_Directors_net2mode_2010-06-01,937,1014,variation_neighborhood,100,0.6312709030100334,0.0,937.0,1014.0
Economic,Norwegian_Board_of_Directors_net2mode_2010-06-01,937,1014,variation_neighborhood,80,0.7055754539243494,4.369265588931739,751.0,813.0
Economic,Norwegian_Board_of_Directors_net2mode_2010-06-01,937,1014,variation_neighborhood,60,0.7329692440356425,2.4627857049927115,563.0,611.0
Economic,Norwegian_Board_of_Directors_net2mode_2010-06-01,937,1014,variation_neighborhood,40,0.8551810237203495,1.7274811039678752,376.0,421.0
Economic,Norwegian_Board_of_Directors_net2mode_2010-06-01,937,1014,variation_neighborhood,20,0.8987682832948422,0.9288276471197605,189.0,217.0
Economic,Norwegian_Board_of_Directors_net2mode_2010-06-01,937,1014,variation_edges,100,0.6278184667540858,0.0,937.0,1014.0
Economic,Norwegian_Board_of_Directors_net2mode_2010-06-01,937,1014,variation_edges,80,0.7106259746045891,3.6381795541383326,750.0,826.0
Economic,Norwegian_Board_of_Directors_net2mode_2010-06-01,937,1014,variation_edges,60,0.7017238881645661,2.242097380105406,563.0,612.0
Economic,Norwegian_Board_of_Directors_net2mode_2010-06-01,937,1014,variation_edges,40,0.6785946046166682,1.2319381940178573,375.0,409.0
Economic,Norwegian_Board_of_Directors_net2mode_2010-06-01,937,1014,variation_edges,20,0.635668656403812,0.5303591331467032,188.0,206.0
Transportation,594b46354ed8f1bb6022ae5a,948,1384,variation_neighborhood,100,0.8289127575624726,0.0,948.0,1384.0
Transportation,594b46354ed8f1bb6022ae5a,948,1384,variation_neighborhood,80,0.8299900374269635,6.57907214993611,760.0,1163.0
Transportation,594b46354ed8f1bb6022ae5a,948,1384,variation_neighborhood,60,0.8270717729464204,3.969637861009687,570.0,898.0
Transportation,594b46354ed8f1bb6022ae5a,948,1384,variation_neighborhood,40,0.8211392909308193,2.176922961138189,380.0,653.0
Transportation,594b46354ed8f1bb6022ae5a,948,1384,variation_neighborhood,20,0.8447254499886079,1.0859114285558462,190.0,349.0
Transportation,594b46354ed8f1bb6022ae5a,948,1384,variation_edges,100,0.826674828117656,0.0,948.0,1384.0
Transportation,594b46354ed8f1bb6022ae5a,948,1384,variation_edges,80,0.8243637990473434,5.404909395147115,759.0,1179.0
Transportation,594b46354ed8f1bb6022ae5a,948,1384,variation_edges,60,0.8242440977495513,3.433796890079975,569.0,940.0
Transportation,594b46354ed8f1bb6022ae5a,948,1384,variation_edges,40,0.8186715495050818,1.7302235690876842,380.0,655.0
Transportation,594b46354ed8f1bb6022ae5a,948,1384,variation_edges,20,0.826624021175692,0.6414477056823671,191.0,360.0
Economic,Norwegian_Board_of_Directors_net2mode_2010-01-01,964,1045,variation_neighborhood,100,0.667893198930134,0.0,964.0,1045.0
Economic,Norwegian_Board_of_Directors_net2mode_2010-01-01,964,1045,variation_neighborhood,80,0.7576756357244162,5.280767760705203,773.0,840.0
Economic,Norwegian_Board_of_Directors_net2mode_2010-01-01,964,1045,variation_neighborhood,60,0.7745375587499657,3.0743075511418283,579.0,638.0
Economic,Norwegian_Board_of_Directors_net2mode_2010-01-01,964,1045,variation_neighborhood,40,0.911045186809407,1.500845538917929,386.0,433.0
Economic,Norwegian_Board_of_Directors_net2mode_2010-01-01,964,1045,variation_neighborhood,20,0.9506630265210609,0.9205145710147917,193.0,220.0
Economic,Norwegian_Board_of_Directors_net2mode_2010-01-01,964,1045,variation_edges,100,0.6707033069399162,0.0,964.0,1045.0
Economic,Norwegian_Board_of_Directors_net2mode_2010-01-01,964,1045,variation_edges,80,0.7511600364998933,4.073693973943591,772.0,851.0
Economic,Norwegian_Board_of_Directors_net2mode_2010-01-01,964,1045,variation_edges,60,0.7196595277320154,2.705732632894069,579.0,636.0
Economic,Norwegian_Board_of_Directors_net2mode_2010-01-01,964,1045,variation_edges,40,0.6688498115916024,1.3290616013109684,386.0,419.0
Economic,Norwegian_Board_of_Directors_net2mode_2010-01-01,964,1045,variation_edges,20,0.7084468664850136,0.5379935912787914,193.0,212.0
Biological,56e9e0d7a6d70217090cdfd1,965,2353,variation_neighborhood,100,0.6971108472615459,0.0,965.0,2353.0
Biological,56e9e0d7a6d70217090cdfd1,965,2353,variation_neighborhood,80,0.6833217841642657,9.425152773037553,773.0,2039.0
Biological,56e9e0d7a6d70217090cdfd1,965,2353,variation_neighborhood,60,0.6831126331130801,5.516860025934875,579.0,1755.0
Biological,56e9e0d7a6d70217090cdfd1,965,2353,variation_neighborhood,40,0.6748532536281464,3.0956605528481305,386.0,1423.0
Biological,56e9e0d7a6d70217090cdfd1,965,2353,variation_neighborhood,20,0.6696440163061823,1.3675044430419803,193.0,781.0
Biological,56e9e0d7a6d70217090cdfd1,965,2353,variation_edges,100,0.6980161197888088,0.0,965.0,2353.0
Biological,56e9e0d7a6d70217090cdfd1,965,2353,variation_edges,80,0.6755982080298945,9.089688473381102,772.0,2097.0
Biological,56e9e0d7a6d70217090cdfd1,965,2353,variation_edges,60,0.6518049787223156,5.52410634001717,579.0,1826.0
Biological,56e9e0d7a6d70217090cdfd1,965,2353,variation_edges,40,0.640081312034934,2.6617967672646046,386.0,1357.0
Biological,56e9e0d7a6d70217090cdfd1,965,2353,variation_edges,20,0.5131648557359704,1.0025606527924538,194.0,481.0
Economic,Norwegian_Board_of_Directors_net2mode_2010-03-01,969,1045,variation_neighborhood,100,0.6621801006390269,0.0,969.0,1045.0
Economic,Norwegian_Board_of_Directors_net2mode_2010-03-01,969,1045,variation_neighborhood,80,0.7450125934514052,4.495049599092454,776.0,837.0
Economic,Norwegian_Board_of_Directors_net2mode_2010-03-01,969,1045,variation_neighborhood,60,0.7696579298089739,3.0046535483561456,583.0,631.0
Economic,Norwegian_Board_of_Directors_net2mode_2010-03-01,969,1045,variation_neighborhood,40,0.9040013887683361,1.810760092921555,388.0,430.0
Economic,Norwegian_Board_of_Directors_net2mode_2010-03-01,969,1045,variation_neighborhood,20,0.9183872224386443,0.884263011161238,194.0,218.0
Economic,Norwegian_Board_of_Directors_net2mode_2010-03-01,969,1045,variation_edges,100,0.6656735871892747,0.0,969.0,1045.0
Economic,Norwegian_Board_of_Directors_net2mode_2010-03-01,969,1045,variation_edges,80,0.7555085078020858,4.11516685411334,776.0,850.0
Economic,Norwegian_Board_of_Directors_net2mode_2010-03-01,969,1045,variation_edges,60,0.7609955300480107,2.527190257795155,582.0,634.0
Economic,Norwegian_Board_of_Directors_net2mode_2010-03-01,969,1045,variation_edges,40,0.7141568981064021,1.2192356660962105,388.0,419.0
Economic,Norwegian_Board_of_Directors_net2mode_2010-03-01,969,1045,variation_edges,20,0.6253116585219906,0.4860461098141968,194.0,213.0
Technological,Software_function-callgraphs_2002_XMMS_v1_2_7,971,1802,variation_neighborhood,100,0.7375251842801545,0.0,971.0,1802.0
Technological,Software_function-callgraphs_2002_XMMS_v1_2_7,971,1802,variation_neighborhood,80,0.7435336782038291,7.213378676213324,778.0,1420.0
Technological,Software_function-callgraphs_2002_XMMS_v1_2_7,971,1802,variation_neighborhood,60,0.7463836343404947,4.587201437912881,584.0,1113.0
Technological,Software_function-callgraphs_2002_XMMS_v1_2_7,971,1802,variation_neighborhood,40,0.8181872954029683,2.5268561020493507,390.0,846.0
Technological,Software_function-callgraphs_2002_XMMS_v1_2_7,971,1802,variation_neighborhood,20,0.8045556233475697,1.1174661507830024,195.0,483.0
Technological,Software_function-callgraphs_2002_XMMS_v1_2_7,971,1802,variation_edges,100,0.7425782904813113,0.0,971.0,1802.0
Technological,Software_function-callgraphs_2002_XMMS_v1_2_7,971,1802,variation_edges,80,0.7337197610457207,7.174914798699319,777.0,1528.0
Technological,Software_function-callgraphs_2002_XMMS_v1_2_7,971,1802,variation_edges,60,0.7522581925951135,4.198986072093248,583.0,1124.0
Technological,Software_function-callgraphs_2002_XMMS_v1_2_7,971,1802,variation_edges,40,0.6823996365636132,1.9810553989373147,389.0,715.0
Technological,Software_function-callgraphs_2002_XMMS_v1_2_7,971,1802,variation_edges,20,0.2805049088359046,0.5706030987203121,195.0,225.0
Transportation,59488c124ed8f1bb6022a8dd,974,1611,variation_neighborhood,100,0.748690044336961,0.0,974.0,1611.0
Transportation,59488c124ed8f1bb6022a8dd,974,1611,variation_neighborhood,80,0.7760356731875719,6.3918562941253185,780.0,1289.0
Transportation,59488c124ed8f1bb6022a8dd,974,1611,variation_neighborhood,60,0.7829520925017988,3.844691882841289,585.0,964.0
Transportation,59488c124ed8f1bb6022a8dd,974,1611,variation_neighborhood,40,0.8103057001735415,2.0722615271806717,390.0,648.0
Transportation,59488c124ed8f1bb6022a8dd,974,1611,variation_neighborhood,20,0.8158534516876802,1.0436174827627838,195.0,349.0
Transportation,59488c124ed8f1bb6022a8dd,974,1611,variation_edges,100,0.7513122454795327,0.0,974.0,1611.0
Transportation,59488c124ed8f1bb6022a8dd,974,1611,variation_edges,80,0.7670394728693692,6.019895941950381,780.0,1247.0
Transportation,59488c124ed8f1bb6022a8dd,974,1611,variation_edges,60,0.7787550166510119,3.734225692227483,585.0,954.0
Transportation,59488c124ed8f1bb6022a8dd,974,1611,variation_edges,40,0.8103592314118631,1.8479414959438145,390.0,644.0
Transportation,59488c124ed8f1bb6022a8dd,974,1611,variation_edges,20,0.8078858078858079,0.5907628950662911,195.0,337.0
Economic,Norwegian_Board_of_Directors_net2mode_2007-08-01,975,1055,variation_neighborhood,100,0.6235276120544593,0.0,975.0,1055.0
Economic,Norwegian_Board_of_Directors_net2mode_2007-08-01,975,1055,variation_neighborhood,80,0.7102243985350356,4.933839661069214,781.0,831.0
Economic,Norwegian_Board_of_Directors_net2mode_2007-08-01,975,1055,variation_neighborhood,60,0.755699408950183,3.0291317007504404,585.0,629.0
Economic,Norwegian_Board_of_Directors_net2mode_2007-08-01,975,1055,variation_neighborhood,40,0.8732161503654716,1.7062444337643683,390.0,431.0
Economic,Norwegian_Board_of_Directors_net2mode_2007-08-01,975,1055,variation_neighborhood,20,0.9635583158279294,0.8924917080439627,195.0,228.0
Economic,Norwegian_Board_of_Directors_net2mode_2007-08-01,975,1055,variation_edges,100,0.6230224844473656,0.0,975.0,1055.0
Economic,Norwegian_Board_of_Directors_net2mode_2007-08-01,975,1055,variation_edges,80,0.7155584352474285,4.058708626311272,780.0,830.0
Economic,Norwegian_Board_of_Directors_net2mode_2007-08-01,975,1055,variation_edges,60,0.7044307347167695,2.588701989967376,585.0,629.0
Economic,Norwegian_Board_of_Directors_net2mode_2007-08-01,975,1055,variation_edges,40,0.6425954062025203,1.3138002580963075,390.0,422.0
Economic,Norwegian_Board_of_Directors_net2mode_2007-08-01,975,1055,variation_edges,20,0.5966162065894924,0.5069975410588086,195.0,214.0
Economic,Norwegian_Board_of_Directors_net2mode_2009-12-01,977,1052,variation_neighborhood,100,0.6564050570686821,0.0,977.0,1052.0
Economic,Norwegian_Board_of_Directors_net2mode_2009-12-01,977,1052,variation_neighborhood,80,0.7422631516540849,4.549691077321768,782.0,843.0
Economic,Norwegian_Board_of_Directors_net2mode_2009-12-01,977,1052,variation_neighborhood,60,0.7632839721254355,2.862153321970254,587.0,638.0
Economic,Norwegian_Board_of_Directors_net2mode_2009-12-01,977,1052,variation_neighborhood,40,0.9108077946604858,1.6809299499727786,391.0,433.0
Economic,Norwegian_Board_of_Directors_net2mode_2009-12-01,977,1052,variation_neighborhood,20,0.929655435716331,0.8984821243211627,196.0,221.0
Economic,Norwegian_Board_of_Directors_net2mode_2009-12-01,977,1052,variation_edges,100,0.6553278939942335,0.0,977.0,1052.0
Economic,Norwegian_Board_of_Directors_net2mode_2009-12-01,977,1052,variation_edges,80,0.7555599291478056,4.181187727954239,782.0,855.0
Economic,Norwegian_Board_of_Directors_net2mode_2009-12-01,977,1052,variation_edges,60,0.7294480895407178,2.6976431841030717,587.0,637.0
Economic,Norwegian_Board_of_Directors_net2mode_2009-12-01,977,1052,variation_edges,40,0.68848605397586,1.3261836641468108,391.0,423.0
Economic,Norwegian_Board_of_Directors_net2mode_2009-12-01,977,1052,variation_edges,20,0.71338199513382,0.5602149846963584,196.0,218.0
Economic,Norwegian_Board_of_Directors_net2mode_2010-11-01,987,1070,variation_neighborhood,100,0.6634191952705556,0.0,987.0,1070.0
Economic,Norwegian_Board_of_Directors_net2mode_2010-11-01,987,1070,variation_neighborhood,80,0.7589137766341112,4.366136864759028,790.0,855.0
Economic,Norwegian_Board_of_Directors_net2mode_2010-11-01,987,1070,variation_neighborhood,60,0.7955312086785223,3.039377490989864,593.0,647.0
Economic,Norwegian_Board_of_Directors_net2mode_2010-11-01,987,1070,variation_neighborhood,40,0.9169102296450939,1.6842237492091954,395.0,446.0
Economic,Norwegian_Board_of_Directors_net2mode_2010-11-01,987,1070,variation_neighborhood,20,0.9472464801283194,1.0002910192124546,198.0,232.0
Economic,Norwegian_Board_of_Directors_net2mode_2010-11-01,987,1070,variation_edges,100,0.6663233311622412,0.0,987.0,1070.0
Economic,Norwegian_Board_of_Directors_net2mode_2010-11-01,987,1070,variation_edges,80,0.7761840013788613,4.182302508037537,790.0,870.0
Economic,Norwegian_Board_of_Directors_net2mode_2010-11-01,987,1070,variation_edges,60,0.7577992971914482,2.827175399288535,593.0,652.0
Economic,Norwegian_Board_of_Directors_net2mode_2010-11-01,987,1070,variation_edges,40,0.7364470391993327,1.6859012641943991,395.0,443.0
Economic,Norwegian_Board_of_Directors_net2mode_2010-11-01,987,1070,variation_edges,20,0.6191664356344146,0.5568651920184493,198.0,226.0
Informational,56a85c8e26855e083a2f7954,994,3640,variation_neighborhood,100,0.9597382851737926,0.0,994.0,3640.0
Informational,56a85c8e26855e083a2f7954,994,3640,variation_neighborhood,80,0.94366104930243,11.324531361926347,797.0,3175.0
Informational,56a85c8e26855e083a2f7954,994,3640,variation_neighborhood,60,0.9380428836778735,6.739631092175841,597.0,2633.0
Informational,56a85c8e26855e083a2f7954,994,3640,variation_neighborhood,40,0.9423784744256886,3.577699786052108,399.0,2224.0
Informational,56a85c8e26855e083a2f7954,994,3640,variation_neighborhood,20,0.8683582353461232,1.6180494842119515,199.0,1210.0
Informational,56a85c8e26855e083a2f7954,994,3640,variation_edges,100,0.9579709975304597,0.0,994.0,3640.0
Informational,56a85c8e26855e083a2f7954,994,3640,variation_edges,80,0.9495497440180948,10.673234344925731,796.0,3154.0
Informational,56a85c8e26855e083a2f7954,994,3640,variation_edges,60,0.9586674319772261,6.6212363061495125,597.0,2741.0
Informational,56a85c8e26855e083a2f7954,994,3640,variation_edges,40,0.9456831937780287,3.2601933730766177,398.0,2243.0
Informational,56a85c8e26855e083a2f7954,994,3640,variation_edges,20,0.935251798561151,1.1042950390838087,199.0,1513.0
Technological,5728dc4b461efe0c7a675f3f,998,1928,variation_neighborhood,100,0.8600201561348355,0.0,998.0,1928.0
Technological,5728dc4b461efe0c7a675f3f,998,1928,variation_neighborhood,80,0.8482202402653412,8.201844236347824,799.0,1677.0
Technological,5728dc4b461efe0c7a675f3f,998,1928,variation_neighborhood,60,0.8124697867365178,5.26286980509758,599.0,1389.0
Technological,5728dc4b461efe0c7a675f3f,998,1928,variation_neighborhood,40,0.7984244670991659,2.7629538350738585,400.0,1091.0
Technological,5728dc4b461efe0c7a675f3f,998,1928,variation_neighborhood,20,0.8219729830214401,1.2394318897277117,200.0,635.0
Technological,5728dc4b461efe0c7a675f3f,998,1928,variation_edges,100,0.8614649801490143,0.0,998.0,1928.0
Technological,5728dc4b461efe0c7a675f3f,998,1928,variation_edges,80,0.8646828118679541,8.314625538885593,799.0,1702.0
Technological,5728dc4b461efe0c7a675f3f,998,1928,variation_edges,60,0.8661878782712472,4.943449886050075,599.0,1467.0
Technological,5728dc4b461efe0c7a675f3f,998,1928,variation_edges,40,0.8416324044464748,2.4434588099829853,400.0,1105.0
Technological,5728dc4b461efe0c7a675f3f,998,1928,variation_edges,20,0.8154943934760448,0.8808637210167944,200.0,575.0
Economic,Norwegian_Board_of_Directors_net2mode_2007-09-01,1001,1086,variation_neighborhood,100,0.623464282542408,0.0,1001.0,1086.0
Economic,Norwegian_Board_of_Directors_net2mode_2007-09-01,1001,1086,variation_neighborhood,80,0.7003693353917104,4.78807064704597,801.0,853.0
Economic,Norwegian_Board_of_Directors_net2mode_2007-09-01,1001,1086,variation_neighborhood,60,0.7624342034590181,2.904163114260882,601.0,649.0
Economic,Norwegian_Board_of_Directors_net2mode_2007-09-01,1001,1086,variation_neighborhood,40,0.8949810206663855,1.6368148899637163,401.0,442.0
Economic,Norwegian_Board_of_Directors_net2mode_2007-09-01,1001,1086,variation_neighborhood,20,0.9705571227080394,0.9737430610693991,201.0,238.0
Economic,Norwegian_Board_of_Directors_net2mode_2007-09-01,1001,1086,variation_edges,100,0.6241941937491664,0.0,1001.0,1086.0
Economic,Norwegian_Board_of_Directors_net2mode_2007-09-01,1001,1086,variation_edges,80,0.7285337501221061,4.6543319509364665,801.0,858.0
Economic,Norwegian_Board_of_Directors_net2mode_2007-09-01,1001,1086,variation_edges,60,0.6967790912048585,2.5931210331618786,601.0,645.0
Economic,Norwegian_Board_of_Directors_net2mode_2007-09-01,1001,1086,variation_edges,40,0.6481956558919103,1.2963617201894522,401.0,438.0
Economic,Norwegian_Board_of_Directors_net2mode_2007-09-01,1001,1086,variation_edges,20,0.5961875121571678,0.566344132181257,201.0,218.0
Economic,Norwegian_Board_of_Directors_net2mode_2007-11-01,1014,1098,variation_neighborhood,100,0.6261995809707998,0.0,1014.0,1098.0
Economic,Norwegian_Board_of_Directors_net2mode_2007-11-01,1014,1098,variation_neighborhood,80,0.700752810945755,5.095125418156385,812.0,862.0
Economic,Norwegian_Board_of_Directors_net2mode_2007-11-01,1014,1098,variation_neighborhood,60,0.766975142580437,2.9566903389059007,609.0,651.0
Economic,Norwegian_Board_of_Directors_net2mode_2007-11-01,1014,1098,variation_neighborhood,40,0.8982160720240081,1.8806410999968648,406.0,444.0
Economic,Norwegian_Board_of_Directors_net2mode_2007-11-01,1014,1098,variation_neighborhood,20,0.9046936581870296,1.0603731600567698,203.0,234.0
Economic,Norwegian_Board_of_Directors_net2mode_2007-11-01,1014,1098,variation_edges,100,0.623495601686385,0.0,1014.0,1098.0
Economic,Norwegian_Board_of_Directors_net2mode_2007-11-01,1014,1098,variation_edges,80,0.722980519849308,4.495739104226232,812.0,877.0
Economic,Norwegian_Board_of_Directors_net2mode_2007-11-01,1014,1098,variation_edges,60,0.6974676724137931,2.8487242902629077,609.0,652.0
Economic,Norwegian_Board_of_Directors_net2mode_2007-11-01,1014,1098,variation_edges,40,0.6239381583418281,1.5630496218800545,406.0,440.0
Economic,Norwegian_Board_of_Directors_net2mode_2007-11-01,1014,1098,variation_edges,20,0.6110342100059324,0.516697108745575,203.0,216.0
Economic,Norwegian_Board_of_Directors_net2mode_2009-10-01,1015,1090,variation_neighborhood,100,0.6447387785136129,0.0,1015.0,1090.0
Economic,Norwegian_Board_of_Directors_net2mode_2009-10-01,1015,1090,variation_neighborhood,80,0.7402914921441162,4.870034211315215,813.0,878.0
Economic,Norwegian_Board_of_Directors_net2mode_2009-10-01,1015,1090,variation_neighborhood,60,0.7741066476507408,3.320089370943606,609.0,658.0
Economic,Norwegian_Board_of_Directors_net2mode_2009-10-01,1015,1090,variation_neighborhood,40,0.9049188535191288,1.6065314011648297,406.0,446.0
Economic,Norwegian_Board_of_Directors_net2mode_2009-10-01,1015,1090,variation_neighborhood,20,0.9503140007388253,0.8519880077801645,203.0,228.0
Economic,Norwegian_Board_of_Directors_net2mode_2009-10-01,1015,1090,variation_edges,100,0.6453180927690789,0.0,1015.0,1090.0
Economic,Norwegian_Board_of_Directors_net2mode_2009-10-01,1015,1090,variation_edges,80,0.7470447403860542,5.653563503641635,814.0,886.0
Economic,Norwegian_Board_of_Directors_net2mode_2009-10-01,1015,1090,variation_edges,60,0.7366320830007981,2.7506125420331955,609.0,656.0
Economic,Norwegian_Board_of_Directors_net2mode_2009-10-01,1015,1090,variation_edges,40,0.6808780075981427,1.3420920162461698,406.0,439.0
Economic,Norwegian_Board_of_Directors_net2mode_2009-10-01,1015,1090,variation_edges,20,0.7028603688370343,0.6016127369366586,203.0,226.0
Economic,Norwegian_Board_of_Directors_net2mode_2009-05-01,1017,1101,variation_neighborhood,100,0.6569204202885826,0.0,1017.0,1101.0
Economic,Norwegian_Board_of_Directors_net2mode_2009-05-01,1017,1101,variation_neighborhood,80,0.7530922481352091,5.009954227134585,815.0,880.0
Economic,Norwegian_Board_of_Directors_net2mode_2009-05-01,1017,1101,variation_neighborhood,60,0.8071374533691597,3.0841176519170403,611.0,662.0
Economic,Norwegian_Board_of_Directors_net2mode_2009-05-01,1017,1101,variation_neighborhood,40,0.9263851062964921,1.5890003922395408,407.0,455.0
Economic,Norwegian_Board_of_Directors_net2mode_2009-05-01,1017,1101,variation_neighborhood,20,0.9794808839003858,1.0784103013575077,205.0,238.0
Economic,Norwegian_Board_of_Directors_net2mode_2009-05-01,1017,1101,variation_edges,100,0.6515523172271652,0.0,1017.0,1101.0
Economic,Norwegian_Board_of_Directors_net2mode_2009-05-01,1017,1101,variation_edges,80,0.7768653520287507,4.948680715635419,814.0,893.0
Economic,Norwegian_Board_of_Directors_net2mode_2009-05-01,1017,1101,variation_edges,60,0.748942459609602,2.711437114048749,611.0,673.0
Economic,Norwegian_Board_of_Directors_net2mode_2009-05-01,1017,1101,variation_edges,40,0.7457895614473903,1.4313528528437018,407.0,446.0
Economic,Norwegian_Board_of_Directors_net2mode_2009-05-01,1017,1101,variation_edges,20,0.7465021291387851,0.5701369312591851,206.0,238.0
Economic,Norwegian_Board_of_Directors_net2mode_2009-09-01,1021,1102,variation_neighborhood,100,0.6631191753536587,0.0,1021.0,1102.0
Economic,Norwegian_Board_of_Directors_net2mode_2009-09-01,1021,1102,variation_neighborhood,80,0.7617991466646618,5.434271835722029,818.0,878.0
Economic,Norwegian_Board_of_Directors_net2mode_2009-09-01,1021,1102,variation_neighborhood,60,0.8112144635136905,3.313896039966494,613.0,664.0
Economic,Norwegian_Board_of_Directors_net2mode_2009-09-01,1021,1102,variation_neighborhood,40,0.9255284015852048,1.775595041923225,409.0,451.0
Economic,Norwegian_Board_of_Directors_net2mode_2009-09-01,1021,1102,variation_neighborhood,20,0.9632571996027804,1.0188781809993088,205.0,235.0
Economic,Norwegian_Board_of_Directors_net2mode_2009-09-01,1021,1102,variation_edges,100,0.6670274064757671,0.0,1021.0,1102.0
Economic,Norwegian_Board_of_Directors_net2mode_2009-09-01,1021,1102,variation_edges,80,0.793285855810389,4.734219675883651,817.0,894.0
Economic,Norwegian_Board_of_Directors_net2mode_2009-09-01,1021,1102,variation_edges,60,0.7762294439070302,2.981698099989444,613.0,670.0
Economic,Norwegian_Board_of_Directors_net2mode_2009-09-01,1021,1102,variation_edges,40,0.7203052282923148,1.3559329649433494,409.0,446.0
Economic,Norwegian_Board_of_Directors_net2mode_2009-09-01,1021,1102,variation_edges,20,0.738453276047261,0.575330404099077,205.0,233.0
Informational,58b0173aa411221d0e7c680c,1024,4916,variation_neighborhood,100,0.8456320789291512,0.0,1024.0,4916.0
Informational,58b0173aa411221d0e7c680c,1024,4916,variation_neighborhood,80,0.8139295789707444,12.001301370095462,820.0,3610.0
Informational,58b0173aa411221d0e7c680c,1024,4916,variation_neighborhood,60,0.806636284040141,7.325226795859635,615.0,2805.0
Informational,58b0173aa411221d0e7c680c,1024,4916,variation_neighborhood,40,0.8263778031166856,3.6582702370360494,410.0,2307.0
Informational,58b0173aa411221d0e7c680c,1024,4916,variation_neighborhood,20,0.8643397458050148,1.7515667281113565,205.0,1780.0
Informational,58b0173aa411221d0e7c680c,1024,4916,variation_edges,100,0.8455558366997932,0.0,1024.0,4916.0
Informational,58b0173aa411221d0e7c680c,1024,4916,variation_edges,80,0.8566460003024347,12.214004321955144,820.0,4159.0
Informational,58b0173aa411221d0e7c680c,1024,4916,variation_edges,60,0.8618864381190854,7.150855953805149,615.0,3482.0
Informational,58b0173aa411221d0e7c680c,1024,4916,variation_edges,40,0.840376094239706,3.53728535072878,410.0,2455.0
Informational,58b0173aa411221d0e7c680c,1024,4916,variation_edges,20,0.6291008419926221,1.1834238623268902,205.0,700.0
Economic,Norwegian_Board_of_Directors_net2mode_2007-12-01,1028,1122,variation_neighborhood,100,0.6353449746885843,0.0,1028.0,1122.0
Economic,Norwegian_Board_of_Directors_net2mode_2007-12-01,1028,1122,variation_neighborhood,80,0.7130847406964579,5.130872821900994,824.0,888.0
Economic,Norwegian_Board_of_Directors_net2mode_2007-12-01,1028,1122,variation_neighborhood,60,0.7809931372804843,2.999772230628878,617.0,667.0
Economic,Norwegian_Board_of_Directors_net2mode_2007-12-01,1028,1122,variation_neighborhood,40,0.9069927521561324,2.014482595026493,412.0,456.0
Economic,Norwegian_Board_of_Directors_net2mode_2007-12-01,1028,1122,variation_neighborhood,20,0.9047136340598074,1.1044507240876555,207.0,243.0
Economic,Norwegian_Board_of_Directors_net2mode_2007-12-01,1028,1122,variation_edges,100,0.6394550034348523,0.0,1028.0,1122.0
Economic,Norwegian_Board_of_Directors_net2mode_2007-12-01,1028,1122,variation_edges,80,0.728146503076419,4.771389848086983,825.0,909.0
Economic,Norwegian_Board_of_Directors_net2mode_2007-12-01,1028,1122,variation_edges,60,0.7182262109014121,2.9947019340470433,617.0,667.0
Economic,Norwegian_Board_of_Directors_net2mode_2007-12-01,1028,1122,variation_edges,40,0.648622287247013,1.6142695229500532,412.0,455.0
Economic,Norwegian_Board_of_Directors_net2mode_2007-12-01,1028,1122,variation_edges,20,0.5293144642528946,0.6390238390304148,207.0,227.0
Technological,58866954a411221d0e7c6780,1031,4408,variation_neighborhood,100,0.726819467422608,0.0,1031.0,4408.0
Technological,58866954a411221d0e7c6780,1031,4408,variation_neighborhood,80,0.7429731145251397,11.431315719150007,825.0,3389.0
Technological,58866954a411221d0e7c6780,1031,4408,variation_neighborhood,60,0.763844338195243,6.997503615915775,619.0,2586.0
Technological,58866954a411221d0e7c6780,1031,4408,variation_neighborhood,40,0.7877403354696486,3.7082201652228832,414.0,1931.0
Technological,58866954a411221d0e7c6780,1031,4408,variation_neighborhood,20,0.7810781078107811,1.5512543329969049,207.0,1238.0
Technological,58866954a411221d0e7c6780,1031,4408,variation_edges,100,0.7278993078545428,0.0,1031.0,4408.0
Technological,58866954a411221d0e7c6780,1031,4408,variation_edges,80,0.7403374391884898,11.42559489607811,825.0,3580.0
Technological,58866954a411221d0e7c6780,1031,4408,variation_edges,60,0.7605679323295702,6.885841021314263,619.0,2827.0
Technological,58866954a411221d0e7c6780,1031,4408,variation_edges,40,0.764862926362767,3.164076332002878,413.0,1703.0
Technological,58866954a411221d0e7c6780,1031,4408,variation_edges,20,0.5414476344520824,1.0264653321355581,207.0,478.0
Economic,Norwegian_Board_of_Directors_net2mode_2007-10-01,1033,1117,variation_neighborhood,100,0.6193966692008664,0.0,1033.0,1117.0
Economic,Norwegian_Board_of_Directors_net2mode_2007-10-01,1033,1117,variation_neighborhood,80,0.6989654780400925,4.459378300700337,827.0,880.0
Economic,Norwegian_Board_of_Directors_net2mode_2007-10-01,1033,1117,variation_neighborhood,60,0.7517228632535051,3.1853501992300153,620.0,663.0
Economic,Norwegian_Board_of_Directors_net2mode_2007-10-01,1033,1117,variation_neighborhood,40,0.8816818774445893,1.9087928752414882,415.0,455.0
Economic,Norwegian_Board_of_Directors_net2mode_2007-10-01,1033,1117,variation_neighborhood,20,0.949173300673607,1.0986501458100975,207.0,238.0
Economic,Norwegian_Board_of_Directors_net2mode_2007-10-01,1033,1117,variation_edges,100,0.617042255533803,0.0,1033.0,1117.0
Economic,Norwegian_Board_of_Directors_net2mode_2007-10-01,1033,1117,variation_edges,80,0.7152417758506928,4.6924770292826,827.0,881.0
Economic,Norwegian_Board_of_Directors_net2mode_2007-10-01,1033,1117,variation_edges,60,0.6965449890463747,2.5422179577872157,620.0,661.0
Economic,Norwegian_Board_of_Directors_net2mode_2007-10-01,1033,1117,variation_edges,40,0.6869434967129899,1.3361785700544715,414.0,447.0
Economic,Norwegian_Board_of_Directors_net2mode_2007-10-01,1033,1117,variation_edges,20,0.5347392204857842,0.6962319770827889,207.0,222.0
Technological,Software_function-callgraphs_2002_AbiWord_v1_0_2,1035,1719,variation_neighborhood,100,0.7773653498229013,0.0,1035.0,1719.0
Technological,Software_function-callgraphs_2002_AbiWord_v1_0_2,1035,1719,variation_neighborhood,80,0.7502338634237605,8.790335099212825,829.0,1447.0
Technological,Software_function-callgraphs_2002_AbiWord_v1_0_2,1035,1719,variation_neighborhood,60,0.7390191323093506,4.80342599702999,621.0,1167.0
Technological,Software_function-callgraphs_2002_AbiWord_v1_0_2,1035,1719,variation_neighborhood,40,0.8284834570274263,2.774234252050519,414.0,941.0
Technological,Software_function-callgraphs_2002_AbiWord_v1_0_2,1035,1719,variation_neighborhood,20,0.8553340077668635,1.4357961392961442,207.0,593.0
Technological,Software_function-callgraphs_2002_AbiWord_v1_0_2,1035,1719,variation_edges,100,0.779497312812476,0.0,1035.0,1719.0
Technological,Software_function-callgraphs_2002_AbiWord_v1_0_2,1035,1719,variation_edges,80,0.746961256675829,7.614264709874988,828.0,1448.0
Technological,Software_function-callgraphs_2002_AbiWord_v1_0_2,1035,1719,variation_edges,60,0.7301939058171745,4.6128172390162945,621.0,1140.0
Technological,Software_function-callgraphs_2002_AbiWord_v1_0_2,1035,1719,variation_edges,40,0.6813928233092262,2.548490971326828,414.0,734.0
Technological,Software_function-callgraphs_2002_AbiWord_v1_0_2,1035,1719,variation_edges,20,0.25621759711473435,0.7806743229739368,225.0,270.0
Technological,5728dc4b461efe0c7a675f38,1036,2022,variation_neighborhood,100,0.8774071734300579,0.0,1036.0,2022.0
Technological,5728dc4b461efe0c7a675f38,1036,2022,variation_neighborhood,80,0.8587450300131388,8.883949774783105,829.0,1728.0
Technological,5728dc4b461efe0c7a675f38,1036,2022,variation_neighborhood,60,0.8522691040493144,5.819341706112027,622.0,1461.0
Technological,5728dc4b461efe0c7a675f38,1036,2022,variation_neighborhood,40,0.7974568574023615,3.111965444870293,415.0,1191.0
Technological,5728dc4b461efe0c7a675f38,1036,2022,variation_neighborhood,20,0.7298655363108104,1.3865717109292746,208.0,697.0
Technological,5728dc4b461efe0c7a675f38,1036,2022,variation_edges,100,0.8776065147782377,0.0,1036.0,2022.0
Technological,5728dc4b461efe0c7a675f38,1036,2022,variation_edges,80,0.8314662898111127,8.58380627213046,829.0,1726.0
Technological,5728dc4b461efe0c7a675f38,1036,2022,variation_edges,60,0.8409710828012164,5.263022943865508,622.0,1484.0
Technological,5728dc4b461efe0c7a675f38,1036,2022,variation_edges,40,0.8141321044546851,2.732119191903621,415.0,1166.0
Technological,5728dc4b461efe0c7a675f38,1036,2022,variation_edges,20,0.7531515135294274,0.9728391249664128,208.0,732.0
Economic,Norwegian_Board_of_Directors_net2mode_2009-02-01,1039,1119,variation_neighborhood,100,0.6580312373926576,0.0,1039.0,1119.0
Economic,Norwegian_Board_of_Directors_net2mode_2009-02-01,1039,1119,variation_neighborhood,80,0.74161706532589,5.186984953004867,832.0,893.0
Economic,Norwegian_Board_of_Directors_net2mode_2009-02-01,1039,1119,variation_neighborhood,60,0.8080232196537783,3.3931826697662473,624.0,672.0
Economic,Norwegian_Board_of_Directors_net2mode_2009-02-01,1039,1119,variation_neighborhood,40,0.9204249348566848,1.8242632639594376,416.0,461.0
Economic,Norwegian_Board_of_Directors_net2mode_2009-02-01,1039,1119,variation_neighborhood,20,0.9793413432448784,1.0456388392485678,208.0,240.0
Economic,Norwegian_Board_of_Directors_net2mode_2009-02-01,1039,1119,variation_edges,100,0.6544949053440147,0.0,1039.0,1119.0
Economic,Norwegian_Board_of_Directors_net2mode_2009-02-01,1039,1119,variation_edges,80,0.774338301016034,4.701009058859199,832.0,907.0
Economic,Norwegian_Board_of_Directors_net2mode_2009-02-01,1039,1119,variation_edges,60,0.7656606644686786,2.9526526108384132,624.0,684.0
Economic,Norwegian_Board_of_Directors_net2mode_2009-02-01,1039,1119,variation_edges,40,0.7146071092567595,1.3953697183169425,416.0,455.0
Economic,Norwegian_Board_of_Directors_net2mode_2009-02-01,1039,1119,variation_edges,20,0.716529935416303,0.6279203440062702,208.0,237.0
Transportation,594b46354ed8f1bb6022ae59,1040,1595,variation_neighborhood,100,0.7955613018444968,0.0,1040.0,1595.0
Transportation,594b46354ed8f1bb6022ae59,1040,1595,variation_neighborhood,80,0.7994154013895817,7.353533141314983,833.0,1316.0
Transportation,594b46354ed8f1bb6022ae59,1040,1595,variation_neighborhood,60,0.8186389864930209,4.5616717101074755,624.0,995.0
Transportation,594b46354ed8f1bb6022ae59,1040,1595,variation_neighborhood,40,0.8330388246579492,2.2011409867554903,416.0,682.0
Transportation,594b46354ed8f1bb6022ae59,1040,1595,variation_neighborhood,20,0.8721592449964745,1.153845053166151,208.0,362.0
Transportation,594b46354ed8f1bb6022ae59,1040,1595,variation_edges,100,0.7964577047714829,0.0,1040.0,1595.0
Transportation,594b46354ed8f1bb6022ae59,1040,1595,variation_edges,80,0.8123166461625816,6.643588542938232,832.0,1293.0
Transportation,594b46354ed8f1bb6022ae59,1040,1595,variation_edges,60,0.8205945644377142,3.9931432250887156,624.0,1006.0
Transportation,594b46354ed8f1bb6022ae59,1040,1595,variation_edges,40,0.8069686070126502,2.105966671835631,416.0,700.0
Transportation,594b46354ed8f1bb6022ae59,1040,1595,variation_edges,20,0.8225629218774528,0.6830210820771754,208.0,374.0
Biological,56e9e0d7a6d70217090cdff5,1042,2764,variation_neighborhood,100,0.7475413854025184,0.0,1042.0,2764.0
Biological,56e9e0d7a6d70217090cdff5,1042,2764,variation_neighborhood,80,0.7386514510728419,10.51990817906335,834.0,2262.0
Biological,56e9e0d7a6d70217090cdff5,1042,2764,variation_neighborhood,60,0.7290066616834099,6.675347032025456,626.0,1878.0
Biological,56e9e0d7a6d70217090cdff5,1042,2764,variation_neighborhood,40,0.7318880262861193,3.5556474970653653,417.0,1569.0
Biological,56e9e0d7a6d70217090cdff5,1042,2764,variation_neighborhood,20,0.7029320802665963,1.621448062825948,209.0,826.0
Biological,56e9e0d7a6d70217090cdff5,1042,2764,variation_edges,100,0.7498962745931659,0.0,1042.0,2764.0
Biological,56e9e0d7a6d70217090cdff5,1042,2764,variation_edges,80,0.7298907939732922,10.504280234221369,834.0,2472.0
Biological,56e9e0d7a6d70217090cdff5,1042,2764,variation_edges,60,0.7166680224518018,6.679792963899672,626.0,2086.0
Biological,56e9e0d7a6d70217090cdff5,1042,2764,variation_edges,40,0.7219298336314663,3.2674544737674296,417.0,1631.0
Biological,56e9e0d7a6d70217090cdff5,1042,2764,variation_edges,20,0.6643671651779969,1.2208333238959312,209.0,766.0
Economic,Norwegian_Board_of_Directors_net2mode_2008-08-01,1043,1120,variation_neighborhood,100,0.6602217799260733,0.0,1043.0,1120.0
Economic,Norwegian_Board_of_Directors_net2mode_2008-08-01,1043,1120,variation_neighborhood,80,0.7501482140210464,4.958292160183191,835.0,897.0
Economic,Norwegian_Board_of_Directors_net2mode_2008-08-01,1043,1120,variation_neighborhood,60,0.7985712463324404,3.1856000749394298,626.0,680.0
Economic,Norwegian_Board_of_Directors_net2mode_2008-08-01,1043,1120,variation_neighborhood,40,0.920413598621338,2.0378217450343072,419.0,469.0
Economic,Norwegian_Board_of_Directors_net2mode_2008-08-01,1043,1120,variation_neighborhood,20,0.9936347854840043,1.072682003956288,209.0,249.0
Economic,Norwegian_Board_of_Directors_net2mode_2008-08-01,1043,1120,variation_edges,100,0.6662267236679769,0.0,1043.0,1120.0
Economic,Norwegian_Board_of_Directors_net2mode_2008-08-01,1043,1120,variation_edges,80,0.7869762009052417,4.513666461687535,835.0,909.0
Economic,Norwegian_Board_of_Directors_net2mode_2008-08-01,1043,1120,variation_edges,60,0.7741027445460943,2.7996572637930512,626.0,687.0
Economic,Norwegian_Board_of_Directors_net2mode_2008-08-01,1043,1120,variation_edges,40,0.7148005766458434,1.6013257470913231,418.0,462.0
Economic,Norwegian_Board_of_Directors_net2mode_2008-08-01,1043,1120,variation_edges,20,0.698051948051948,0.6252027107402682,209.0,240.0
Economic,Norwegian_Board_of_Directors_net2mode_2008-12-01,1052,1131,variation_neighborhood,100,0.6597738559524143,0.0,1052.0,1131.0
Economic,Norwegian_Board_of_Directors_net2mode_2008-12-01,1052,1131,variation_neighborhood,80,0.7680850281343091,5.732971959281713,843.0,905.0
Economic,Norwegian_Board_of_Directors_net2mode_2008-12-01,1052,1131,variation_neighborhood,60,0.8257180978274551,3.263976563233882,633.0,688.0
Economic,Norwegian_Board_of_Directors_net2mode_2008-12-01,1052,1131,variation_neighborhood,40,0.9368698619512951,2.0691452706232667,421.0,472.0
Economic,Norwegian_Board_of_Directors_net2mode_2008-12-01,1052,1131,variation_neighborhood,20,0.9939783881877423,1.026183701120317,211.0,248.0
Economic,Norwegian_Board_of_Directors_net2mode_2008-12-01,1052,1131,variation_edges,100,0.6691518574904315,0.0,1052.0,1131.0
Economic,Norwegian_Board_of_Directors_net2mode_2008-12-01,1052,1131,variation_edges,80,0.7923043603811724,4.88017560262233,842.0,917.0
Economic,Norwegian_Board_of_Directors_net2mode_2008-12-01,1052,1131,variation_edges,60,0.7717025904686573,3.2206108584068716,633.0,697.0
Economic,Norwegian_Board_of_Directors_net2mode_2008-12-01,1052,1131,variation_edges,40,0.6749344145003577,1.6510083330795169,421.0,464.0
Economic,Norwegian_Board_of_Directors_net2mode_2008-12-01,1052,1131,variation_edges,20,0.629040712912808,0.5725101130083203,211.0,238.0
Economic,Norwegian_Board_of_Directors_net2mode_2008-11-01,1056,1136,variation_neighborhood,100,0.6667971644691768,0.0,1056.0,1136.0
Economic,Norwegian_Board_of_Directors_net2mode_2008-11-01,1056,1136,variation_neighborhood,80,0.7647601977078919,5.262896697036922,845.0,910.0
Economic,Norwegian_Board_of_Directors_net2mode_2008-11-01,1056,1136,variation_neighborhood,60,0.8160535117056856,3.292497767135501,634.0,693.0
Economic,Norwegian_Board_of_Directors_net2mode_2008-11-01,1056,1136,variation_neighborhood,40,0.9387442572741195,2.017832661047578,424.0,476.0
Economic,Norwegian_Board_of_Directors_net2mode_2008-11-01,1056,1136,variation_neighborhood,20,0.9894566098945661,1.0443243491463363,212.0,252.0
Economic,Norwegian_Board_of_Directors_net2mode_2008-11-01,1056,1136,variation_edges,100,0.6746166468624456,0.0,1056.0,1136.0
Economic,Norwegian_Board_of_Directors_net2mode_2008-11-01,1056,1136,variation_edges,80,0.7865248988651415,4.37758956104517,845.0,922.0
Economic,Norwegian_Board_of_Directors_net2mode_2008-11-01,1056,1136,variation_edges,60,0.7718112588457112,3.2113461792469025,634.0,701.0
Economic,Norwegian_Board_of_Directors_net2mode_2008-11-01,1056,1136,variation_edges,40,0.7043748280334893,1.6403087992221117,423.0,470.0
Economic,Norwegian_Board_of_Directors_net2mode_2008-11-01,1056,1136,variation_edges,20,0.6428571428571429,0.6371347941458225,212.0,240.0
Economic,Norwegian_Board_of_Directors_net2mode_2008-06-01,1063,1148,variation_neighborhood,100,0.6626957680773076,0.0,1063.0,1148.0
Economic,Norwegian_Board_of_Directors_net2mode_2008-06-01,1063,1148,variation_neighborhood,80,0.7462821416309788,5.2268279530107975,851.0,913.0
Economic,Norwegian_Board_of_Directors_net2mode_2008-06-01,1063,1148,variation_neighborhood,60,0.7858619573068972,3.6974497688934207,639.0,694.0
Economic,Norwegian_Board_of_Directors_net2mode_2008-06-01,1063,1148,variation_neighborhood,40,0.9329120265115025,1.7793178749270737,426.0,475.0
Economic,Norwegian_Board_of_Directors_net2mode_2008-06-01,1063,1148,variation_neighborhood,20,0.9984450446026679,1.0215631378814578,213.0,252.0
Economic,Norwegian_Board_of_Directors_net2mode_2008-06-01,1063,1148,variation_edges,100,0.6624658218712266,0.0,1063.0,1148.0
Economic,Norwegian_Board_of_Directors_net2mode_2008-06-01,1063,1148,variation_edges,80,0.7569629642712068,5.454179668333381,852.0,929.0
Economic,Norwegian_Board_of_Directors_net2mode_2008-06-01,1063,1148,variation_edges,60,0.7611113857714935,2.7976917140185833,638.0,696.0
Economic,Norwegian_Board_of_Directors_net2mode_2008-06-01,1063,1148,variation_edges,40,0.7262437171013576,1.5110205649398267,426.0,468.0
Economic,Norwegian_Board_of_Directors_net2mode_2008-06-01,1063,1148,variation_edges,20,0.6499701848539058,0.6900437120348215,213.0,242.0
Economic,Norwegian_Board_of_Directors_net2mode_2008-04-01,1072,1159,variation_neighborhood,100,0.6472879419739324,0.0,1072.0,1159.0
Economic,Norwegian_Board_of_Directors_net2mode_2008-04-01,1072,1159,variation_neighborhood,80,0.7236569783136867,5.212711970787495,858.0,915.0
Economic,Norwegian_Board_of_Directors_net2mode_2008-04-01,1072,1159,variation_neighborhood,60,0.7772007789484197,3.3582358988933265,644.0,694.0
Economic,Norwegian_Board_of_Directors_net2mode_2008-04-01,1072,1159,variation_neighborhood,40,0.9066915075298866,1.809473528061062,429.0,473.0
Economic,Norwegian_Board_of_Directors_net2mode_2008-04-01,1072,1159,variation_neighborhood,20,0.9474569146700295,1.0253278599120677,215.0,248.0
Economic,Norwegian_Board_of_Directors_net2mode_2008-04-01,1072,1159,variation_edges,100,0.6489223721610509,0.0,1072.0,1159.0
Economic,Norwegian_Board_of_Directors_net2mode_2008-04-01,1072,1159,variation_edges,80,0.7475059716172544,5.344993397127837,859.0,937.0
Economic,Norwegian_Board_of_Directors_net2mode_2008-04-01,1072,1159,variation_edges,60,0.7624633431085044,3.2555331541225314,644.0,702.0
Economic,Norwegian_Board_of_Directors_net2mode_2008-04-01,1072,1159,variation_edges,40,0.6650591163658992,1.5104376538656652,429.0,472.0
Economic,Norwegian_Board_of_Directors_net2mode_2008-04-01,1072,1159,variation_edges,20,0.6204410881318115,0.6267259358428419,215.0,243.0
Biological,C_elegans_interactomes_2009_WI-2007,1108,1500,variation_neighborhood,100,0.7177675237971313,0.0,1108.0,1500.0
Biological,C_elegans_interactomes_2009_WI-2007,1108,1500,variation_neighborhood,80,0.7104384812811028,7.787688164040446,888.0,1273.0
Biological,C_elegans_interactomes_2009_WI-2007,1108,1500,variation_neighborhood,60,0.7314176784012251,4.876135090831667,665.0,1018.0
Biological,C_elegans_interactomes_2009_WI-2007,1108,1500,variation_neighborhood,40,0.868617816705832,2.7839349629357457,444.0,786.0
Biological,C_elegans_interactomes_2009_WI-2007,1108,1500,variation_neighborhood,20,0.932353149077543,1.3565614870749414,222.0,535.0
Biological,C_elegans_interactomes_2009_WI-2007,1108,1500,variation_edges,100,0.7166843230926063,0.0,1108.0,1500.0
Biological,C_elegans_interactomes_2009_WI-2007,1108,1500,variation_edges,80,0.6996904773419742,7.655075071845204,887.0,1268.0
Biological,C_elegans_interactomes_2009_WI-2007,1108,1500,variation_edges,60,0.6518380222751562,4.285212855320424,667.0,996.0
Biological,C_elegans_interactomes_2009_WI-2007,1108,1500,variation_edges,40,0.5528098114589054,2.4223502217791975,446.0,655.0
Biological,C_elegans_interactomes_2009_WI-2007,1108,1500,variation_edges,20,0.2868161002651241,1.260222121141851,331.0,393.0
Social,Email_network_Uni_R-V_Spain_Email_network_Uni_R-V_Spain,1133,5451,variation_neighborhood,100,0.948119704279472,0.0,1133.0,5451.0
Social,Email_network_Uni_R-V_Spain_Email_network_Uni_R-V_Spain,1133,5451,variation_neighborhood,80,0.9407011134605697,14.945858988910913,908.0,4273.0
Social,Email_network_Uni_R-V_Spain_Email_network_Uni_R-V_Spain,1133,5451,variation_neighborhood,60,0.9439343739632836,8.971678379923105,680.0,3613.0
Social,Email_network_Uni_R-V_Spain_Email_network_Uni_R-V_Spain,1133,5451,variation_neighborhood,40,0.9471663067692991,4.6676385388709605,454.0,3071.0
Social,Email_network_Uni_R-V_Spain_Email_network_Uni_R-V_Spain,1133,5451,variation_neighborhood,20,0.8931573790717647,1.9592952658422291,227.0,1779.0
Social,Email_network_Uni_R-V_Spain_Email_network_Uni_R-V_Spain,1133,5451,variation_edges,100,0.9457979001745129,0.0,1133.0,5451.0
Social,Email_network_Uni_R-V_Spain_Email_network_Uni_R-V_Spain,1133,5451,variation_edges,80,0.949367911767766,14.69287068163976,907.0,4515.0
Social,Email_network_Uni_R-V_Spain_Email_network_Uni_R-V_Spain,1133,5451,variation_edges,60,0.9590911110303353,8.910158039070666,680.0,3898.0
Social,Email_network_Uni_R-V_Spain_Email_network_Uni_R-V_Spain,1133,5451,variation_edges,40,0.9509273794988081,4.267822027206421,454.0,3012.0
Social,Email_network_Uni_R-V_Spain_Email_network_Uni_R-V_Spain,1133,5451,variation_edges,20,0.93185657968838,1.4331975257955492,227.0,1709.0
Transportation,German_highway_system_2002_Autobahn_2002,1168,1243,variation_neighborhood,100,1.0280882520474424,0.0,1168.0,1243.0
Transportation,German_highway_system_2002_Autobahn_2002,1168,1243,variation_neighborhood,80,1.0114476162874946,5.942635186947882,935.0,1009.0
Transportation,German_highway_system_2002_Autobahn_2002,1168,1243,variation_neighborhood,60,1.0079257936680746,4.263479833025485,702.0,775.0
Transportation,German_highway_system_2002_Autobahn_2002,1168,1243,variation_neighborhood,40,1.0222813435317593,2.6829380900599062,469.0,542.0
Transportation,German_highway_system_2002_Autobahn_2002,1168,1243,variation_neighborhood,20,0.9969214645968428,1.4575083190575242,234.0,302.0
Transportation,German_highway_system_2002_Autobahn_2002,1168,1243,variation_edges,100,1.0342149160225638,0.0,1168.0,1243.0
Transportation,German_highway_system_2002_Autobahn_2002,1168,1243,variation_edges,80,1.0100291167906825,5.638058611191809,935.0,1009.0
Transportation,German_highway_system_2002_Autobahn_2002,1168,1243,variation_edges,60,1.0087325731544505,3.455369377974421,701.0,775.0
Transportation,German_highway_system_2002_Autobahn_2002,1168,1243,variation_edges,40,0.9856942308977872,1.973355489782989,468.0,538.0
Transportation,German_highway_system_2002_Autobahn_2002,1168,1243,variation_edges,20,0.972940708316753,0.917769375257194,234.0,300.0
Biological,Reguly_yeast_interactome_2006_LC-multiple,1213,2556,variation_neighborhood,100,0.6830672741775111,0.0,1213.0,2556.0
Biological,Reguly_yeast_interactome_2006_LC-multiple,1213,2556,variation_neighborhood,80,0.6857819181429444,11.469317618757486,972.0,1900.0
Biological,Reguly_yeast_interactome_2006_LC-multiple,1213,2556,variation_neighborhood,60,0.7340585146286571,6.290529632940888,728.0,1238.0
Biological,Reguly_yeast_interactome_2006_LC-multiple,1213,2556,variation_neighborhood,40,0.8257635228589586,3.368323729839176,486.0,883.0
Biological,Reguly_yeast_interactome_2006_LC-multiple,1213,2556,variation_neighborhood,20,0.8328929718304134,1.4904529051855206,243.0,463.0
Biological,Reguly_yeast_interactome_2006_LC-multiple,1213,2556,variation_edges,100,0.681637281519523,0.0,1213.0,2556.0
Biological,Reguly_yeast_interactome_2006_LC-multiple,1213,2556,variation_edges,80,0.7209593292494678,10.812635692767799,971.0,1797.0
Biological,Reguly_yeast_interactome_2006_LC-multiple,1213,2556,variation_edges,60,0.7783749154714026,6.119217632338405,728.0,1298.0
Biological,Reguly_yeast_interactome_2006_LC-multiple,1213,2556,variation_edges,40,0.7431964145451184,2.5496456963010132,486.0,733.0
Biological,Reguly_yeast_interactome_2006_LC-multiple,1213,2556,variation_edges,20,0.5961869540266531,0.7958218427374959,243.0,311.0
Transportation,57f1e9918cf714f319c390a8,1226,2408,variation_neighborhood,100,0.8673575850316477,0.0,1226.0,2408.0
Transportation,57f1e9918cf714f319c390a8,1226,2408,variation_neighborhood,80,0.8534239548602206,12.050888335797936,981.0,2029.0
Transportation,57f1e9918cf714f319c390a8,1226,2408,variation_neighborhood,60,0.843215670625385,8.16135016689077,736.0,1730.0
Transportation,57f1e9918cf714f319c390a8,1226,2408,variation_neighborhood,40,0.8649133628665956,4.0873080641031265,491.0,1436.0
Transportation,57f1e9918cf714f319c390a8,1226,2408,variation_neighborhood,20,0.8380190761797659,1.8169742650352418,247.0,907.0
Transportation,57f1e9918cf714f319c390a8,1226,2408,variation_edges,100,0.8658469550122957,0.0,1226.0,2408.0
Transportation,57f1e9918cf714f319c390a8,1226,2408,variation_edges,80,0.854298427268148,11.815613059792668,980.0,2061.0
Transportation,57f1e9918cf714f319c390a8,1226,2408,variation_edges,60,0.859736154892797,7.29833960486576,736.0,1775.0
Transportation,57f1e9918cf714f319c390a8,1226,2408,variation_edges,40,0.8719077069457659,3.5989866070449352,490.0,1359.0
Transportation,57f1e9918cf714f319c390a8,1226,2408,variation_edges,20,0.7669198503571023,1.2359930472448468,246.0,654.0
Transportation,594898cf4ed8f1bb6022a8f6,1603,2320,variation_neighborhood,100,0.81484657094207,0.0,1603.0,2320.0
Transportation,594898cf4ed8f1bb6022a8f6,1603,2320,variation_neighborhood,80,0.804103784105271,16.793268950190395,1284.0,1936.0
Transportation,594898cf4ed8f1bb6022a8f6,1603,2320,variation_neighborhood,60,0.7966426858513189,9.679388142190874,963.0,1551.0
Transportation,594898cf4ed8f1bb6022a8f6,1603,2320,variation_neighborhood,40,0.7892750262867003,5.604772488120943,642.0,1163.0
Transportation,594898cf4ed8f1bb6022a8f6,1603,2320,variation_neighborhood,20,0.8196443212983121,2.450430691242218,321.0,628.0
Transportation,594898cf4ed8f1bb6022a8f6,1603,2320,variation_edges,100,0.8150631152986653,0.0,1603.0,2320.0
Transportation,594898cf4ed8f1bb6022a8f6,1603,2320,variation_edges,80,0.8051522695394829,14.66937587596476,1283.0,1949.0
Transportation,594898cf4ed8f1bb6022a8f6,1603,2320,variation_edges,60,0.7930558663384799,9.454326368868351,962.0,1583.0
Transportation,594898cf4ed8f1bb6022a8f6,1603,2320,variation_edges,40,0.7998521074685728,4.769070993177593,642.0,1144.0
Transportation,594898cf4ed8f1bb6022a8f6,1603,2320,variation_edges,20,0.7976038604470574,1.5208713598549366,321.0,641.0
Technological,Water_Distribution_Network_Wolf-Cordera_Ranch,1786,1992,variation_neighborhood,100,0.7788920830681676,0.0,1786.0,1992.0
Technological,Water_Distribution_Network_Wolf-Cordera_Ranch,1786,1992,variation_neighborhood,80,0.8065587687083619,13.853266300167888,1429.0,1635.0
Technological,Water_Distribution_Network_Wolf-Cordera_Ranch,1786,1992,variation_neighborhood,60,0.835114112317292,9.570207700133324,1073.0,1274.0
Technological,Water_Distribution_Network_Wolf-Cordera_Ranch,1786,1992,variation_neighborhood,40,0.8155854530929426,5.318160796072334,716.0,907.0
Technological,Water_Distribution_Network_Wolf-Cordera_Ranch,1786,1992,variation_neighborhood,20,0.8175678064995225,2.6776665467768908,359.0,508.0
Technological,Water_Distribution_Network_Wolf-Cordera_Ranch,1786,1992,variation_edges,100,0.784255958518693,0.0,1786.0,1992.0
Technological,Water_Distribution_Network_Wolf-Cordera_Ranch,1786,1992,variation_edges,80,0.7981942880165555,13.233242419082671,1429.0,1634.0
Technological,Water_Distribution_Network_Wolf-Cordera_Ranch,1786,1992,variation_edges,60,0.8385911179173048,7.9287922703661025,1072.0,1273.0
Technological,Water_Distribution_Network_Wolf-Cordera_Ranch,1786,1992,variation_edges,40,0.8233353872920367,4.387716318015009,715.0,903.0
Technological,Water_Distribution_Network_Wolf-Cordera_Ranch,1786,1992,variation_edges,20,0.7948393447233355,1.4889972587116063,357.0,510.0
Technological,Water_Distribution_Network_EXNET,1893,2418,variation_neighborhood,100,0.8400607927326101,0.0,1893.0,2418.0
Technological,Water_Distribution_Network_EXNET,1893,2418,variation_neighborhood,80,0.8475900998697351,18.431167640723288,1515.0,1992.0
Technological,Water_Distribution_Network_EXNET,1893,2418,variation_neighborhood,60,0.8358336905272181,10.606502398848534,1136.0,1482.0
Technological,Water_Distribution_Network_EXNET,1893,2418,variation_neighborhood,40,0.8564239328602209,6.663376849144697,759.0,1054.0
Technological,Water_Distribution_Network_EXNET,1893,2418,variation_neighborhood,20,0.8253254057528523,2.8909467281773686,380.0,553.0
Technological,Water_Distribution_Network_EXNET,1893,2418,variation_edges,100,0.8443202806463228,0.0,1893.0,2418.0
Technological,Water_Distribution_Network_EXNET,1893,2418,variation_edges,80,0.8428473528425411,17.592959282919765,1515.0,1976.0
Technological,Water_Distribution_Network_EXNET,1893,2418,variation_edges,60,0.8223127975055958,10.218369904905558,1136.0,1531.0
Technological,Water_Distribution_Network_EXNET,1893,2418,variation_edges,40,0.811214953271028,5.567556271795183,758.0,1025.0
Technological,Water_Distribution_Network_EXNET,1893,2418,variation_edges,20,0.7626875314047807,1.717456434853375,379.0,498.0
Biological,C_elegans_interactomes_2009_WI8,2214,3538,variation_neighborhood,100,0.7761351049997592,0.0,2214.0,3538.0
Biological,C_elegans_interactomes_2009_WI8,2214,3538,variation_neighborhood,80,0.7629102374241629,33.6245057489723,1772.0,3084.0
Biological,C_elegans_interactomes_2009_WI8,2214,3538,variation_neighborhood,60,0.8232033691074582,21.946358311455697,1329.0,2551.0
Biological,C_elegans_interactomes_2009_WI8,2214,3538,variation_neighborhood,40,0.906485533460239,11.106891486793756,886.0,2074.0
Biological,C_elegans_interactomes_2009_WI8,2214,3538,variation_neighborhood,20,0.9328532893416859,4.770281714852899,444.0,1481.0
Biological,C_elegans_interactomes_2009_WI8,2214,3538,variation_edges,100,0.7763536722284596,0.0,2214.0,3538.0
Biological,C_elegans_interactomes_2009_WI8,2214,3538,variation_edges,80,0.7655672725851896,32.81827615201473,1772.0,3077.0
Biological,C_elegans_interactomes_2009_WI8,2214,3538,variation_edges,60,0.760573326418696,20.459666767157614,1329.0,2508.0
Biological,C_elegans_interactomes_2009_WI8,2214,3538,variation_edges,40,0.7496003924857961,10.093947909772396,886.0,1859.0
Biological,C_elegans_interactomes_2009_WI8,2214,3538,variation_edges,20,0.2738608025391068,3.2646736660972238,550.0,747.0
Transportation,5944a2174ed8f1bb6022a45c,3353,4831,variation_neighborhood,100,0.8381041886935297,0.0,3353.0,4831.0
Transportation,5944a2174ed8f1bb6022a45c,3353,4831,variation_neighborhood,80,0.8151447940161609,65.46794911986217,2683.0,4091.0
Transportation,5944a2174ed8f1bb6022a45c,3353,4831,variation_neighborhood,60,0.7893297710242334,38.02415230218321,2012.0,3188.0
Transportation,5944a2174ed8f1bb6022a45c,3353,4831,variation_neighborhood,40,0.8015190293378833,19.879655892029405,1342.0,2353.0
Transportation,5944a2174ed8f1bb6022a45c,3353,4831,variation_neighborhood,20,0.8005445075757576,7.354302528779954,671.0,1303.0
Transportation,5944a2174ed8f1bb6022a45c,3353,4831,variation_edges,100,0.8359763560138531,0.0,3353.0,4831.0
Transportation,5944a2174ed8f1bb6022a45c,3353,4831,variation_edges,80,0.815662211080659,63.07506266189739,2683.0,4107.0
Transportation,5944a2174ed8f1bb6022a45c,3353,4831,variation_edges,60,0.7989096161279167,37.582120324950665,2011.0,3274.0
Transportation,5944a2174ed8f1bb6022a45c,3353,4831,variation_edges,40,0.8195441680321763,18.48294295510277,1342.0,2348.0
Transportation,5944a2174ed8f1bb6022a45c,3353,4831,variation_edges,20,0.7926363647043619,5.712733624037355,671.0,1317.0
