domain,name,n_nodes,n_edges,H_20,H_40,H_60,H_80,H_100,seal_entropy,seal_auc,adamic_adar_entropy,adamic_adar_auc,newly_included
Biological,56e98770a6d70217090cdd7d,74,75,0.8674698795180723,1.0940695296523515,0.8819875776397516,0.79800853485064,0.7486818980667839,0.6026682727790719,0.5666666666666667,0.7243672219378039,0.5022222222222222,False
Biological,56e98770a6d70217090cdd7e,187,218,0.9532710280373832,0.9658256148195464,0.9409562702058872,0.858085808580858,0.8020412093202388,0.696975117320594,0.7336398053001622,0.7506821559194196,0.5470524607896159,False
Biological,56e98770a6d70217090cdd7f,84,86,0.949820788530466,1.0740740740740742,1.0333863275039743,0.8966789667896679,0.8254437869822485,0.6489283313239146,0.6920415224913494,0.7143809278234565,0.4705882352941176,False
Biological,56e98770a6d70217090cdd80,332,412,0.9509287496534516,0.9221647533745426,0.9251341055741272,0.8916873729387848,0.8656406553233742,0.6927432560157208,0.7794467578822128,0.7662681104408859,0.5377751338488995,False
Biological,56e98770a6d70217090cdd81,121,154,0.8418891170431211,0.9783549783549784,1.0129198966408268,0.9265577302926916,0.921985815602837,0.7459305672749473,0.5766666666666667,0.7051281800180511,0.6138888888888889,False
Biological,56e98770a6d70217090cdd82,146,175,0.916030534351145,0.9484944532488112,0.9576307825335062,0.9315499606608968,0.8592856234905301,0.6924504155939182,0.7155102040816326,0.7386091205776316,0.5693877551020409,False
Biological,56e98770a6d70217090cdd83,322,404,1.0286637060960842,0.9371223564954684,0.9183431952662722,0.8825925063998138,0.8776931345515727,0.7254781013881162,0.737265625,0.762090233245766,0.5643750000000001,False
Biological,56e98770a6d70217090cdd84,132,171,0.9384615384615383,0.9748999636231358,0.9842863378437364,0.941382605925454,0.919390545643964,0.72728528016658,0.6816608996539792,0.7004749493361316,0.6215397923875432,False
Biological,56e98770a6d70217090cdd85,182,224,1.0718954248366013,0.9587104072398188,0.9533042494748748,0.8748073959938366,0.8736695974086072,0.7401974388609311,0.6188016528925621,0.7734085744372282,0.5451962809917354,False
Biological,56e98770a6d70217090cdd86,223,276,1.087179487179487,0.9870232009437672,0.9523212045169384,0.9219284043892788,0.9091577245332942,0.7317484070027883,0.7289256198347107,0.7508508176005131,0.5287603305785123,False
Biological,56e98770a6d70217090cdd87,120,163,0.9802073515551368,0.9931506849315068,0.9933283914010378,0.9642797249706524,0.9658308073849546,0.6818339024736455,0.72900390625,0.7366667276337318,0.56494140625,False
Biological,56e98770a6d70217090cdd88,158,200,0.9424083769633508,1.0119363395225462,0.9996227838551488,0.9439890710382514,0.931372549019608,0.6924910155683068,0.7743749999999998,0.7589387878318353,0.5249999999999999,False
Biological,56e98770a6d70217090cddaf,254,286,0.9960915689558906,0.9870024370430543,0.9678407350689128,0.9256040326786026,0.8704838368899218,0.7297517879447254,0.6812865497076024,0.7925589531709426,0.543859649122807,False
Biological,56e98770a6d70217090cdddd,346,417,0.9331453886427707,0.9705018516153748,0.945515373586108,0.9259774206106446,0.8577696199131487,0.693813797373379,0.8054870082740601,0.769310959326474,0.5662650602409639,False
Biological,56e98770a6d70217090cde03,386,460,0.9874415168677664,1.0006075334143378,0.9951605207552314,0.9586437965694854,0.9090543583145708,0.7256680014554459,0.7422613421550095,0.797485270927982,0.5378662570888468,False
Biological,56e98770a6d70217090cde04,359,443,0.9204368174726988,0.95069173465768,0.9878734102336586,0.9540743751270068,0.9053446553446554,0.6882283982825853,0.7507747933884298,0.7525848199260499,0.5742510330578512,False
Biological,56e98770a6d70217090cde06,339,369,1.0066280033140016,1.0023980815347722,0.9774938012588212,0.8617868199911544,0.8007546378786291,0.6948492526619933,0.7255582660911991,0.7863886570729763,0.5205479452054794,False
Biological,56e98770a6d70217090cde08,318,381,0.950960901259112,0.94248291571754,0.9226617188158892,0.8946322067594434,0.8514881100752779,0.7048179255025079,0.7174515235457063,0.7668753593104884,0.5526315789473684,False
Biological,56e98770a6d70217090cde3e,116,134,0.984743411927878,0.9249471458773784,0.8626648476580263,0.806929564622749,0.7348132851488556,0.6693483002076939,0.6782544378698225,0.7236113022777599,0.5192307692307693,False
Biological,56e98770a6d70217090cde3f,176,199,0.9553695955369595,0.918918918918919,0.8943252456386606,0.8033654498575112,0.7641921397379913,0.7169834278478734,0.7212360289283366,0.786489325016772,0.5128205128205129,False
Biological,56e98770a6d70217090cde40,142,159,0.9585253456221198,0.9963099630996308,0.8743589743589744,0.8123249299719887,0.7329696461043503,0.6967252030132559,0.6347554630593132,0.7281977795819593,0.5478668054110302,False
Biological,56e98770a6d70217090cde41,411,488,0.8981769675411294,0.8495593359294938,0.8236791852323361,0.7869003690036901,0.7422153776809525,0.7019867830627928,0.7636305664789031,0.7786313709218067,0.5515463917525774,False
Biological,56e98770a6d70217090cde42,257,302,0.9853372434017597,0.8996675141795423,0.8401210146613917,0.8054187192118226,0.7647702407002188,0.6971287991374854,0.76625,0.7890292195588064,0.5333333333333333,False
Biological,56e98770a6d70217090cde45,305,477,0.804724409448819,0.8205988988854572,0.7622016009067082,0.7575454727163702,0.742667745789494,0.6316754511615652,0.9028808864265928,0.7523733775537399,0.6157894736842106,False
Biological,56e98770a6d70217090cde46,283,437,0.8213972522654194,0.7597560975609756,0.736598822038321,0.7505399568034558,0.7522218882830278,0.5668311435645788,0.9161051658079006,0.7149855432987662,0.6377328577090764,False
Biological,56e98770a6d70217090cde47,224,348,0.7988631394840402,0.7748841667998083,0.7848484848484848,0.7717291534279461,0.762820871315922,0.6454437791702812,0.900861163621088,0.7104714261112859,0.644927536231884,False
Biological,56e98770a6d70217090cde49,311,474,0.908625543895572,0.8757355486327448,0.8315334773218143,0.8239062969266193,0.8246788214478036,0.6467925970481485,0.8929379809868719,0.7210721114528353,0.6212086917157085,False
Biological,56e98770a6d70217090cde4a,281,429,0.8438818565400844,0.803763440860215,0.7694184627897519,0.7604840979453983,0.7731121934096793,0.6152416978780703,0.8764013840830449,0.7445673902379742,0.6176470588235294,False
Biological,56e98770a6d70217090cde4d,305,465,0.9050599895670318,0.8754359740906826,0.8402282453637661,0.8381532217148655,0.8211340409580554,0.6646923209487,0.8971557405480404,0.7739131810280094,0.5804139206844723,False
Biological,56e98770a6d70217090cde4e,199,311,0.8956310679611651,0.8629441624365481,0.8396062536189924,0.8398261297465759,0.836934417895272,0.6917402087635361,0.8844953173777316,0.744528143137271,0.605098855359001,False
Biological,56e98770a6d70217090cde4f,192,307,0.9885304659498207,0.8767236056801812,0.8733118971061093,0.8476330085366904,0.833712391968289,0.5712748094490306,0.9101048105348024,0.6714680835332884,0.6585595270088684,False
Biological,56e98770a6d70217090cde51,251,399,0.8480331262939959,0.8740068104426788,0.8415544308141031,0.8474053987427586,0.8192507259484935,0.6412504371262865,0.9080275596859476,0.7813811678195612,0.5949367088607596,False
Biological,56e9e0d7a6d70217090cdfa0,300,712,0.7623485554520038,0.6813402495443712,0.7268527619422056,0.7404924857122699,0.7589830424064344,0.625149822795969,0.8687264431660385,0.8361646050306369,0.6147341797262448,False
Biological,56e9e0d7a6d70217090cdfcb,774,1818,0.6982040044685056,0.6893417035436178,0.6782589101288166,0.68827695359064,0.7351786415390655,0.4871269085811137,0.8994414467742793,0.7987860240863289,0.6593356555790816,False
Biological,56e9e0d7a6d70217090cdfcd,360,887,0.6376146788990825,0.7198379422433694,0.7271284121889775,0.7550048667561097,0.770479761858739,0.6344725689720782,0.8649972868588208,0.8673664417520255,0.5677327715535128,False
Biological,56e9e0d7a6d70217090cdfce,354,856,0.6497909368290202,0.7422640968004208,0.7484357997823721,0.7746680179829006,0.7913625427121455,0.6789706253816542,0.8281864505317875,0.8455315682345848,0.5630279402209227,False
Biological,56e9e0d7a6d70217090cdfcf,546,1289,0.6349466776045939,0.6980398423351443,0.6854871921588008,0.7137720806628107,0.7309595922287065,0.5915561194604944,0.91015761025905,0.8419214520102846,0.606988750775939,False
Biological,56e9e0d7a6d70217090cdfd1,965,2353,0.668283775312747,0.673781478228436,0.6811090309351877,0.6764493519943404,0.6989493476920448,0.4810165109965216,0.8767632412856496,0.8072231824824964,0.6592394748755092,False
Biological,56e9e0d7a6d70217090cdfd4,725,1657,0.6845581782068455,0.6759157600558938,0.6690217312620347,0.697457874307254,0.7231114599112992,0.5387930145071943,0.8966785626272122,0.8175040969770428,0.6348928907184126,False
Biological,56e9e0d7a6d70217090cdfd5,759,1771,0.7331710592580157,0.7540366552925036,0.7128398288364466,0.7056077137782288,0.7572469580930347,0.5422081960440703,0.8836581122921254,0.8261219183032831,0.6378036324172491,False
Biological,56e9e0d7a6d70217090cdfd6,337,806,0.6450366937041329,0.7407983411093831,0.7348102654090809,0.7686910642119443,0.772169108919438,0.627295243819534,0.8701631881486054,0.8420957784142405,0.5995331970217197,False
Biological,56e9e0d7a6d70217090cdfd7,896,2186,0.6590818363273453,0.6880028805273581,0.6760189880464378,0.6977173198158456,0.7166962229692173,0.5083034420897472,0.8813105792039545,0.8074894605959083,0.6683362221093476,False
Biological,56e9e0d7a6d70217090cdfde,816,1977,0.7248218756017716,0.7612694058233056,0.7442470659149736,0.7600900481586671,0.7763379019307615,0.5034097904216623,0.8862682262457939,0.8249275302133497,0.6283640442236821,False
Biological,56e9e0d7a6d70217090cdfe0,783,1986,0.6225518793232769,0.7435322876349563,0.7026814972077353,0.7211882934357259,0.7752193310776417,0.5055168895278699,0.8827922263322525,0.8066901391834213,0.6404297977907353,False
Biological,56e9e0d7a6d70217090cdfe9,600,1421,0.6821042033727661,0.7525572903256009,0.7511669658886894,0.76657824933687,0.7739081759211495,0.5670026192423482,0.8858237452886332,0.8192156059681084,0.6323398135290617,False
Biological,56e9e0d7a6d70217090cdfeb,610,1481,0.716533259729506,0.7568442073864354,0.7385856632956573,0.7664449580068767,0.7738088979085394,0.5790007777885573,0.8664684532505479,0.8200625615237144,0.6194530679327975,False
Biological,56e9e0d7a6d70217090cdfec,610,1482,0.7435828154552824,0.7516547054497502,0.7290274684484038,0.7689718525167244,0.7677683533196841,0.5535037661630247,0.9011938458729,0.8153313967514135,0.6333203981008034,False
Biological,56e9e0d7a6d70217090cdfee,609,1476,0.7308822713913381,0.7572741194486983,0.736939951663878,0.7613412228796844,0.775852041409794,0.5501461013813314,0.88707842573973,0.8036001258958834,0.64310255673657,False
Biological,56e9e0d7a6d70217090cdfef,598,1425,0.6928335978513002,0.7578793522076329,0.7407539371481509,0.7609154632210117,0.7694157775056847,0.562187733631869,0.8913142505386273,0.8052708195095076,0.6535118497999385,False
Biological,56e9e0d7a6d70217090cdff0,808,2105,0.7491180742892716,0.7719771724157319,0.7587338601718704,0.7608349198418374,0.7857748145865578,0.5001118828331534,0.8989708927392647,0.8021846791366672,0.6727647666172049,False
Biological,56e9e0d7a6d70217090cdff5,1042,2764,0.6837411967370928,0.7298633323640594,0.7204333819498983,0.7397825538602835,0.7468587549293189,0.4515070852249349,0.9064764492753624,0.7989143750869971,0.6835633926696072,False
Biological,56e9e0d7a6d70217090cdff6,601,1536,0.763943829113924,0.7978317946980604,0.7727047066925036,0.7616082615133453,0.772980571821556,0.5858240153137483,0.8834364290337298,0.8425451150352606,0.6363462742310262,False
Biological,56e9e0d7a6d70217090cdffa,813,2103,0.6856164843278072,0.7237485675955169,0.7199562297508958,0.7281591229877992,0.7451167155753836,0.4893247614450353,0.8893253968253968,0.8099991758238204,0.6596598639455782,False
Biological,56e9e0d8a6d70217090cdffd,464,1115,0.7113916894374823,0.7160614867467348,0.7322283419982498,0.734969160117595,0.7492038333406713,0.6672242672779205,0.846839872106819,0.8353317152471602,0.6110217378189788,False
Biological,56e9e0d8a6d70217090cdffe,619,1501,0.7440719542109567,0.7936653450370132,0.7625414611511162,0.7773870347024086,0.7699120512450824,0.578603603031849,0.8692777777777778,0.8093490665918592,0.64025,False
Biological,56e9e0d8a6d70217090ce002,769,1858,0.6984603830266617,0.7229553252872191,0.7219485423826262,0.7237556607446568,0.7602193819458922,0.5289299805218881,0.8880202846535553,0.8192053382895838,0.6314906168946753,False
Biological,56e9e0d8a6d70217090ce004,861,2011,0.6733029171851238,0.7160710769090937,0.7001947816633448,0.7017608183543085,0.7418004441046923,0.521020489185771,0.8748422068760675,0.8371344864950906,0.6131624217222346,False
Biological,56e9e0d8a6d70217090ce005,880,2296,0.6988411989383051,0.7655443597935611,0.726780782022134,0.7390738159968929,0.7647940501261692,0.4782231547471818,0.8797281197640034,0.8196210908546839,0.6512428742981095,False
Biological,573f4b0f3d097b601f7bab25,176,803,0.8317781924820048,0.7638615808100668,0.7944220090863201,0.7985229633048696,0.8504660627543652,0.6029977621229549,0.878515625,0.5974538944409563,0.860078125,False
Biological,573f4b0f3d097b601f7bab26,155,744,0.8067729083665338,0.9065117535801134,0.9111408050776684,0.8714978448275863,0.8924180024295577,0.6148197135357193,0.9055195398100804,0.6276794964952295,0.8914581811541271,False
Biological,573f4b0f3d097b601f7bab27,179,705,0.8890005022601708,0.7785778577857786,0.8064279424713825,0.8221550855991944,0.8322147651006712,0.5477864513522376,0.9130576932749862,0.5659367689281551,0.8819978874302097,False
Biological,574fa888bd3e93b53c6954b1,297,2148,0.899840534588807,0.7897736524995929,0.7913626619992528,0.8440401505646173,0.8953597010277172,0.711922011926504,0.8901766454214006,0.7351345433573294,0.8524567895197267,True
Biological,Aishihik_Lake_host-parasite_web_Aishihik_Lake_host-parasite_web,36,78,0.9473684210526316,0.9401709401709404,0.7150153217568948,0.6387096774193548,0.5755102040816327,0.375449493651825,0.9155555555555556,0.669052343747023,0.2666666666666666,False
Biological,Arroyo_plant-pollinator_web_Elevation_1,182,363,0.8172261783655477,0.9085746734809768,0.8307722811539605,0.8335807600950118,0.8133157837007787,0.6681247162534127,0.8852237654320989,0.8317062176051787,0.4722222222222222,False
Biological,Arroyo_plant-pollinator_web_Elevation_2,97,179,0.872210953346856,0.9594912859161564,0.9170709170709171,0.8981233243967829,0.8695095402740428,0.5917236512158845,0.8591836734693877,0.8164164341133904,0.4285714285714286,False
Biological,Arroyo_plant-pollinator_web_Elevation_3,65,85,0.9787234042553192,1.004985044865404,0.9133765468473778,0.7922392886014551,0.782635279730969,0.6310268012378403,0.7750865051903114,0.7113117939117964,0.4117647058823529,False
Biological,Barrett_Helenurm_plant-pollinator_web_Barrett_Helenurm_plant-pollinator_web,112,166,0.8368200836820084,0.6688341848583371,0.5335579893288401,0.4593707778421154,0.5179010658649905,0.3503482733873156,0.9710743801652892,0.7772548668686862,0.3484848484848485,False
Biological,Beehler_seed-disperser_web_Beehler_seed-disperser_web,40,119,0.9056603773584906,0.6619718309859155,0.5283911671924291,0.7323340471092077,0.7336220898754738,0.416187944643161,0.941398865784499,0.6791715107953454,0.1956521739130434,False
Biological,Binary_interactomes_various species_2012_A_thaliana_mustard_binary_hq,297,560,0.8715934200834765,0.8298342541436464,0.683949675943576,0.6034525156150101,0.61994522313517,0.5335272981905719,0.8626434948979592,0.7905594713823966,0.6023596938775511,False
Biological,Binary_interactomes_various species_2012_A_thaliana_mustard_binary_lc,297,560,0.8492822966507177,0.8281596452328159,0.691237192231228,0.6016108437285139,0.6200651003899578,0.5362497248665365,0.86328125,0.7815927895151563,0.6023596938775511,False
Biological,Binary_interactomes_various species_2012_A_thaliana_mustard_cocomp_hq,128,134,0.6025492468134415,0.1281024819855884,0.1276935355147645,0.2267224301122606,0.345553411682161,0.1860127132804979,0.9940828402366864,0.706483542767105,0.3069526627218935,False
Biological,Binary_interactomes_various species_2012_C_elegans_nematode_binary_lc,50,53,0.8849557522123893,1.047040971168437,0.8930232558139535,0.8268229166666667,0.7708665603402446,0.5268120382491202,0.62,0.629202967422018,0.4,False
Biological,Binary_interactomes_various species_2012_D_melanogaster_fly_cocomp_hq,26,56,1.0185185185185184,0.9428571428571428,0.8561020036429873,0.8690744920993229,0.7997481108312342,0.5047059358419745,0.7768595041322314,0.6891993665086772,0.6859504132231405,False
Biological,Binary_interactomes_various species_2012_E_coli_K12_binary_hq,32,37,0.96,0.99009900990099,0.9786476868327402,1.013986013986014,0.925925925925926,0.6304101590858295,0.7755102040816326,0.5320213197228486,0.5714285714285714,False
Biological,Binary_interactomes_various species_2012_E_coli_K12_binary_lc,32,37,1.04,1.0621761658031088,0.935374149659864,1.0171568627450982,0.9228187919463088,0.6304101590858295,0.7755102040816326,0.701838730514401,0.5714285714285714,False
Biological,Binary_interactomes_various species_2012_E_coli_K12_cocomp_hq,974,2299,0.835866656273547,0.8997641946196867,0.8444366010765022,0.837716554286288,0.8654326538768985,0.4754621705834769,0.8878707619576516,0.7989195334519628,0.662632131041717,False
Biological,Binary_interactomes_various species_2012_H_sapiens_human_binary_lc,3155,5648,0.90317287075525,0.9131205673758864,0.8259287291729307,0.7951419811952743,0.8088076469086617,0.2610698806254198,0.89708396324926,0.7843015096286464,0.6281384327037967,False
Biological,Binary_interactomes_various species_2012_M_musculus_mouse_binary_hq,705,1243,0.8600973901624993,0.8939110834297239,0.797444700360697,0.7639100152109519,0.770757853987791,0.6130188277257388,0.8134348985431842,0.806448943004662,0.580027315296566,False
Biological,Binary_interactomes_various species_2012_M_musculus_mouse_binary_ht,537,1028,0.9157458563535912,0.9037725145369452,0.8184311863691512,0.7898384286393157,0.7965213023138991,0.5904714973369622,0.8680785246876859,0.8111066404499118,0.5793813206424747,False
Biological,Binary_interactomes_various species_2012_M_musculus_mouse_binary_lc,81,108,1.0,0.8975377283558379,0.8826429980276134,0.8175033921302578,0.7398190045248869,0.7155423559250013,0.6780045351473922,0.630737271787274,0.6258503401360543,False
Biological,Binary_interactomes_various species_2012_M_musculus_mouse_cocomp_hq,890,1329,0.9012969883490878,0.8488469420151817,0.7067289949563292,0.6698506373011286,0.6852539564646061,0.4680331643177126,0.9004129583481666,0.749088431291438,0.631306514773941,False
Biological,Binary_interactomes_various species_2012_R_norvegicus_rat_cocomp_hq,104,117,0.9419152276295132,0.9993468321358588,0.8841940532081377,0.7786666666666666,0.7878411910669975,0.6410026102086864,0.7665406427221172,0.6962623632778772,0.500945179584121,False
Biological,Binary_interactomes_various species_2012_S_pombe_972H_fission_yeast_binary_hq,129,153,1.0335689045936396,0.9981378026070764,0.8996188055908514,0.8811398575178103,0.8335809806835067,0.6970120937757284,0.6405555555555555,0.7941069368103728,0.4994444444444444,False
Biological,Binary_interactomes_various species_2012_S_pombe_972H_fission_yeast_binary_ht,96,114,0.9254498714652956,1.0221992772328343,0.835740817168799,0.8654353562005277,0.8282531006937145,0.7008063299757806,0.5165289256198347,0.7333612812032428,0.4545454545454545,False
Biological,Binary_interactomes_various species_2012_S_pombe_972H_fission_yeast_binary_lc,28,56,1.0666666666666669,0.8743169398907104,0.8576642335766423,0.8395677472984207,0.8077695914266577,0.6995756396056729,0.6694214876033058,0.6220913406329318,0.793388429752066,False
Biological,Binary_interactomes_various species_2012_S_pombe_972H_fission_yeast_cocomp_hq,90,118,1.0309278350515465,0.8921161825726142,0.4761904761904761,0.5691318327974276,0.5992201928996511,0.5290258677031883,0.8260869565217391,0.6842727487014718,0.5982986767485823,False
Biological,Bluthgen_plant-ant_web_Bluthgen_plant-ant_web,92,285,0.6751054852320676,0.8669179472310815,0.8542886668963141,0.809553739786298,0.8390367553865653,0.6090887239236146,0.8775007694675284,0.8422943872468942,0.3596491228070175,False
Biological,C_elegans_interactomes_2009_BPmaps_scaffold,345,400,0.95523765574527,0.95912475307704,0.8115588115588116,0.7447373076242703,0.734208174591976,0.7246539260834512,0.7349218750000001,0.7936162775934246,0.5125,False
Biological,C_elegans_interactomes_2009_Genetic,683,1543,0.8753851057048763,0.872860155981753,0.7972319820221513,0.774407405091,0.7885530711392729,0.5327200845610104,0.8868221875527071,0.6459099677669465,0.759750801146905,False
Biological,C_elegans_interactomes_2009_LCI_lit,117,123,0.7287449392712552,0.1442524417731029,0.1311546840958605,0.2473164448261056,0.3145253526496378,0.0846881254206378,0.9826388888888888,0.6479169585680525,0.4652777777777778,False
Biological,C_elegans_interactomes_2009_WI-2004,1084,1602,0.921316542268109,0.8915342867329556,0.7886218159980078,0.7339096388192337,0.7520960965407467,0.4820847156874315,0.8798779296875,0.8488360886155615,0.533427734375,False
Biological,C_elegans_interactomes_2009_WI-2007,1108,1500,0.9409691629955949,0.8701420989556582,0.7348463446024422,0.7039461829539312,0.7135749397974008,0.4590696199531296,0.8793055555555556,0.8352718711733389,0.5453333333333333,False
Biological,C_elegans_interactomes_2009_WI8,2214,3538,0.9403825776588032,0.9046987029585466,0.8233562103531145,0.7672576451868147,0.7741649423588531,0.3521385256651534,0.8777580829410482,0.852099111682499,0.5416215697140536,False
Biological,C_elegans_neurons_1986_C_elegans_Metabolic,297,2148,0.8754567600487211,0.7932362734216883,0.7952619338562813,0.8527636554884921,0.9028102293447684,0.7378655772153014,0.8902038132807364,0.7415722238522339,0.8350992441901532,False
Biological,C_elegans_pharynx_2011_Worm_c_elegans_herm_pharynx_1,279,2287,0.8769589863287763,0.8628519527702089,0.8531219105588618,0.8936896632917354,0.9313392250169952,0.7132193617262198,0.8855105842019833,0.7364807327920714,0.8512154714650297,False
Biological,C_elegans_posterior_nervous_system_Worm_c_elegans_neural_male_1,269,2902,0.8948450077067991,0.8469907245972522,0.8532461258315062,0.8814381899586451,0.9385852746903538,0.6721657284273574,0.9240368608799048,0.6723665236680398,0.9139506539833532,False
Biological,Cat_brain_2013_Cat_mixed_species_brain_1,65,730,0.944055944055944,0.714377406931964,0.7688162385485898,0.8232600732600732,0.8801541875949072,0.6168993264357217,0.8785419403265152,0.6095226334933601,0.9147354100206418,True
Biological,Cat_cerebral_hemisphere_cortex_and_thalamus,95,1170,0.8643639427127212,0.6810344827586207,0.7391069499459849,0.8438856729377714,0.8690649224806202,0.6141179297308828,0.9008145226093944,0.7009508518366498,0.8640514281539923,True
Biological,Cat_cerebral_hemisphere_cortex_only,52,515,0.8851674641148326,0.7251675807434491,0.6314988587370023,0.9474232170744404,0.8683473389355741,0.6256056308878795,0.8749175228579508,0.6135392974517966,0.8742105759261005,True
Biological,Clements_Long_plant-pollinator_web_Clements_Long_plant-pollinator_web,361,918,0.8264711789515967,0.7238085508504878,0.6843755764619074,0.7445906326476217,0.7926772257232081,0.5755169968377496,0.9352623249425184,0.8848054509751812,0.4316939890710382,False
Biological,Cold_Lake_host-parasite_web_Cold_Lake,50,91,0.8627450980392157,0.8774834437086093,0.875,0.6980802792321117,0.8181265206812651,0.5012284433819969,0.8858024691358025,0.7123973480961188,0.3888888888888889,False
Biological,Dupont_plant-pollinator_web_Dupont_plant-pollinator_web,49,106,0.9582309582309582,0.8324324324324325,0.8650742414460942,0.8260373049105444,0.8757961783439491,0.5481358958010906,0.91156462585034,0.7298492291704377,0.3571428571428571,False
Biological,Elberling_Olesen_plant-pollinator_web_Elberling_Olesen_plant-pollinator_web,141,238,0.9227967953386744,0.8058394160583942,0.7292707292707292,0.6992245952931574,0.7476385671003386,0.5346668046596015,0.88909008601177,0.8258652820123958,0.425531914893617,False
Biological,Fonseca_Ganade_plant-ant_web_Fonseca_Ganade_plant-ant_web,29,38,1.1956521739130437,0.930930930930931,0.9836065573770492,0.8823529411764706,0.885547201336675,0.4314427109160555,0.673469387755102,0.5795586742010627,0.5,False
Biological,Freshwater_stream_webs_AkatoreA,84,227,0.6659267480577137,0.7493061979648474,0.7250405374102387,0.7120980091883614,0.8938186517337928,0.5130276269388524,0.8948148148148147,0.859676000199216,0.3409876543209876,True
Biological,Freshwater_stream_webs_AkatoreB,54,117,0.8143322475570033,0.7285342584562012,0.6310679611650485,0.672019269369731,0.8893557422969188,0.4537541560279867,0.88468809073724,0.8416230297354891,0.439508506616257,True
Biological,Freshwater_stream_webs_Berwick,77,240,1.0209424083769634,0.9394904458598726,0.784,0.886735136698973,0.9276712909033148,0.6619441630532145,0.8967013888888888,0.8239676481502551,0.3309461805555554,True
Biological,Freshwater_stream_webs_Blackrock,86,375,0.8823529411764707,0.7583102493074791,0.7035695809622349,0.8254997298757428,0.8834193278482777,0.5628030233201454,0.9262222222222224,0.8897532480268346,0.4033777777777778,True
Biological,Freshwater_stream_webs_Broad,94,564,0.9029345372460498,0.8108108108108109,0.746966817716708,0.9276647539558336,0.9240812379110253,0.5134221894402999,0.9394929846938777,0.8272647453354689,0.2720025510204081,True
Biological,Freshwater_stream_webs_Canton,62,167,0.7301587301587301,0.6965174129353234,0.7142857142857143,0.7168657960544597,0.7778849244615879,0.4477259249766309,0.9623507805325988,0.6648209684025264,0.2272727272727273,True
Biological,Freshwater_stream_webs_Catlins,48,110,0.9420289855072465,1.0,0.7607209446861405,0.6904008438818566,0.9311424100156496,0.486649619109562,0.8966942148760331,0.7743445467630249,0.3398760330578512,True
Biological,Freshwater_stream_webs_Coweeta1,58,126,0.6369426751592357,0.8955223880597015,0.7745358090185677,0.8058353594998264,0.8519701810436635,0.4877400793933316,0.912,0.8344332128416931,0.5784,True
Biological,Freshwater_stream_webs_Coweeta17,71,148,0.7875457875457875,0.7091808686091259,0.7539984767707539,0.8041958041958043,0.7819478326139989,0.4598046296832113,0.8466111771700356,0.7859219112133653,0.5190249702734839,True
Biological,Freshwater_stream_webs_DempstersAu,83,414,0.8026315789473685,0.6977475117862755,0.8149316508937959,0.858034321372855,0.900336389420223,0.5635476457765782,0.9121058893515764,0.8099758830897273,0.3664485425342058,True
Biological,Freshwater_stream_webs_DempstersSp,93,538,0.7109448082319925,0.7659467604218986,0.779320987654321,0.8807821127908029,0.92956469165659,0.5601284246942807,0.9205170757271376,0.8535904308509685,0.3206830290855097,True
Biological,Freshwater_stream_webs_DempstersSu,107,965,0.8683926645091693,0.7914818101153505,0.7921059745877264,0.8888665695776629,0.8988593155893536,0.6017607360600019,0.9322397916722596,0.9111384675083736,0.4179709522403285,True
Biological,Freshwater_stream_webs_German,84,352,0.5607476635514018,0.6410614525139665,0.7649402390438247,0.7898466692436541,0.8733041737712209,0.5029819729999375,0.9228571428571428,0.8507776183081097,0.3912244897959184,True
Biological,Freshwater_stream_webs_Healy,96,634,0.896949152542373,0.8713010803193988,0.7895131086142322,0.8832275174797075,0.9181838122395262,0.5667374347254884,0.923721340388007,0.8981733714502373,0.3606072058453011,True
Biological,Freshwater_stream_webs_Kyeburn,98,629,0.7154605263157895,0.819949281487743,0.7817969661610269,0.8764614504128854,0.863259368622172,0.4908811520361669,0.930496,0.8894238491823334,0.407616,True
Biological,Freshwater_stream_webs_LilKyeburn,78,375,0.8442330558858502,0.9421378091872792,0.9102815979043876,0.8655830753353972,0.9163464380727164,0.469455152532684,0.9431111111111112,0.8417833714627354,0.3677333333333333,True
Biological,Freshwater_stream_webs_Martins,105,343,0.8220338983050848,0.7240811848601206,0.7255571823653815,0.8230331567588778,0.8673923461354145,0.6091181983831335,0.8965181660899655,0.8410069100900164,0.5418468858131488,True
Biological,Freshwater_stream_webs_Narrowdale,71,154,0.8256880733944953,0.6382978723404256,0.6771835321277415,0.615553723550426,0.7741407528641571,0.5087845876057184,0.8500000000000001,0.7601168085365014,0.5050000000000001,True
Biological,Freshwater_stream_webs_NorthCol,78,241,0.7824427480916031,0.7000463606861382,0.6287753981328941,0.7711515863689777,0.8077731092436975,0.6519919656568086,0.8641493055555556,0.8585499918325524,0.4338107638888889,True
Biological,Freshwater_stream_webs_Powder,78,268,0.5693950177935942,0.8506944444444444,0.8808053077099062,0.8111174134997163,0.825467154690811,0.5102085504016154,0.9003203987184051,0.8944544597956929,0.3862584549661801,True
Biological,Freshwater_stream_webs_Stony,112,830,0.7955145118733509,0.7052441229656419,0.8940866747671121,0.8271406856949839,0.8517659358970171,0.5607279368586556,0.9132312382058354,0.8538906181892304,0.3358796632312382,True
Biological,Freshwater_stream_webs_SuttonAu,80,335,0.9428129829984544,0.8199018920812894,0.8102587380844303,0.8420413122721749,0.938019472809309,0.4843153626953498,0.9400757406994876,0.8369054928397353,0.3570951214078859,True
Biological,Freshwater_stream_webs_SuttonSp,74,391,0.9324324324324323,0.8383490971625107,0.9071774363291938,0.6889352818371607,0.941037212399201,0.4938933223074207,0.905982905982906,0.7694701240817979,0.2902695595003287,True
Biological,Freshwater_stream_webs_SuttonSu,86,423,0.895397489539749,0.7723577235772358,0.6209081309398099,0.4378563283922463,0.6441407238673753,0.3527822862809285,0.9686791383219956,0.768605740485934,0.2836592970521542,True
Biological,Freshwater_stream_webs_Troy,77,181,0.9581881533101044,0.8121158911325724,0.8419057931781267,0.8530438154323382,0.8872269238338909,0.5845493931135158,0.8541666666666666,0.8365185394572978,0.5447530864197533,True
Biological,Freshwater_stream_webs_Venlaw,66,187,0.865979381443299,0.8281461434370772,0.791072250345145,0.8206214689265536,0.8265162200282088,0.5378475011012491,0.8728999269539811,0.8062742707136293,0.3389335281227173,True
Biological,Hocking_plant-pollinator_web_Hocking_plant-pollinator_web,87,86,0.0880540064572938,0.0867330549309347,0.0890795117123061,0.0888099467140319,0.09009009009009,0.0,1.0,0.5996632946814531,0.1764705882352941,False
Biological,Inouye_Pyke_plant-pollinator_web_Inouye_Pyke_plant-pollinator_web,128,278,0.7733491969066032,0.9249226006191952,0.8641799544419134,0.8602926025139089,0.8468776732249785,0.5860298742651543,0.8793388429752066,0.8476064295071692,0.4363636363636364,False
Biological,Ito_core_yeast_interactome_2001_Ito-core,426,521,0.9483705602343464,0.9262006304468756,0.7336591325595602,0.6829204919452625,0.7541659508675486,0.7137838149960823,0.821144600591716,0.7932410107200627,0.5197392751479291,False
Biological,Joern_plant-herbivore_webs_Altuda,74,184,0.6339468302658486,0.757396449704142,0.8000882612533098,0.8031894204589654,0.799127233056048,0.4387710403160112,0.9375,0.7924030636522058,0.375,False
Biological,Joern_plant-herbivore_webs_Marathon,74,184,0.6300813008130081,0.7591933570581257,0.8136125654450262,0.8035019455252919,0.8007652364033889,0.4387710403160112,0.9375,0.7696630870964873,0.375,False
Biological,Kato_plant-pollinator_web_Kato_plant-pollinator_web,765,1201,0.8048743023910706,0.6378052648271487,0.5785065967998503,0.5392113659198674,0.5646675037864568,0.3493319370884417,0.9813194444444444,0.8523821181690162,0.475,False
Biological,Kevan_plant-pollinator_web_Kevan_plant-pollinator_web,147,312,0.8256150506512302,0.646112600536193,0.5997857907890038,0.6922394241199092,0.7226811740210893,0.5040922612726152,0.9799687825182102,0.8267244741217189,0.3064516129032258,False
Biological,Leather_plant-herbivore_webs_Britain,94,116,0.7524752475247525,0.256553262688232,0.279027902790279,0.4373401534526854,0.4903172641120725,0.2762074857650291,0.9867674858223062,0.6929808875463489,0.3043478260869565,False
Biological,Leather_plant-herbivore_webs_Finland,69,95,0.1806451612903225,0.2238314680710994,0.2226588081204977,0.3861788617886179,0.4262734584450402,0.403874451550941,0.9889196675900276,0.6795219473615349,0.2368421052631579,False
Biological,Macaque_cortical_connectivity_CoCoMac_CoCoMac95,94,1515,0.7543520309477756,0.7319794688685561,0.7188712050287548,0.7162162162162162,0.6685540069686411,0.5035686187570254,0.9516387282292584,0.5542700985514628,0.9395810868215536,True
Biological,Macaque_cortical_connectivity_Young_Macaque_cortical_network,71,438,0.9851301115241636,0.8334892422825071,0.8250244379276638,0.8729139922978176,0.7807659814136862,0.6697526015110146,0.8505747126436782,0.6679890266799082,0.8759413396749902,True
Biological,Macaque_neocortex_visual_sensory_motor_Macaque_neocortex,47,313,0.9215686274509804,0.8759124087591241,0.8283185840707965,0.8406244638874593,0.8761252694307087,0.6659282264204396,0.798907388137357,0.6237042841586378,0.8176378772112385,True
Biological,Macaque_visual_cortex_1991_fve30,30,190,0.9345794392523366,0.8086785009861932,0.7865168539325843,0.8941755537325676,0.9142212189616252,0.6687393761424829,0.832409972299169,0.6493447614684938,0.8105955678670361,True
Biological,Macaque_visual_cortex_1991_fve32,32,194,0.8208955223880596,0.8849557522123894,0.7913209955328654,0.9104761904761904,0.9045099521289998,0.5894009972965064,0.7970914127423823,0.5900649754577745,0.8663434903047091,True
Biological,Malaria_var_DBLa_HVR_networks_HVR_networks_2,112,743,0.9181636726546906,0.7406356413166856,0.4998611496806442,0.4672112018669778,0.4067880327406152,0.2936895211833748,0.983473338203068,0.3421746198251941,0.9737034331628928,False
Biological,Malaria_var_DBLa_HVR_networks_HVR_networks_4,183,933,0.8315789473684211,0.7114267269205939,0.5769903252127287,0.54266019554055,0.4872568821914077,0.3058888386697553,0.9838131575904728,0.3026710490588203,0.9722655798358192,False
Biological,Malaria_var_DBLa_HVR_networks_HVR_networks_5,298,2684,0.8073440643863179,0.714665048175404,0.7269322109165332,0.7782963827304551,0.8231323166680666,0.5625390767111107,0.93645230006683,0.5741146195748603,0.9281559785030072,False
Biological,Malaria_var_DBLa_HVR_networks_HVR_networks_6,291,3251,0.7597496389022629,0.7201162442839437,0.6837351794382112,0.7301816846285393,0.7326650959093752,0.408847255920331,0.9744402366863906,0.4733339775916396,0.9559005917159764,False
Biological,Malaria_var_DBLa_HVR_networks_HVR_networks_8,273,3933,0.8442074823784564,0.7358479959525549,0.6477052359405301,0.6431872242772264,0.6806546370121695,0.4435801625491315,0.9652142454790904,0.4877017849401022,0.9548208470109876,False
Biological,Malaria_var_DBLa_HVR_networks_HVR_networks_9,297,7562,0.8089381604018708,0.7744742229666853,0.7160656154898364,0.7365534259293192,0.6512146102761273,0.5400380699310727,0.9661626739173036,0.6048500058626186,0.9457884105288206,False
Biological,McCullen_plant-pollinator_web_McCullen_plant-pollinator_web,150,198,0.7985907222548443,0.8125613346418057,0.5674474959612278,0.5598367346938775,0.5349570512123518,0.4673249080728874,0.9263642340565416,0.7270626335978432,0.3974358974358974,False
Biological,Medan_plant-pollinator_web_RB_web,73,72,0.0589318600368324,0.057892356399819,0.0570206699928724,0.0579710144927536,0.0591341077085533,0.0,1.0,0.6510400217103541,0.2142857142857143,False
Biological,Memmott_plant-pollinator_web_Memmott_plant-pollinator_web,104,299,0.7883522727272727,0.8272058823529411,0.6920119607005554,0.7731501993797076,0.761479886162603,0.495941547850961,0.9602125825912096,0.8245022659349178,0.3559322033898305,False
Biological,Mosquin_Martin_plant-pollinator_web_Mosquin_Martin_plant-pollinator_web,22,33,0.75,0.898876404494382,0.8353221957040573,0.9118541033434652,0.9436008676789588,0.5545118520972888,0.4583333333333332,0.6508667942032516,0.3333333333333333,False
Biological,Motten_plant-pollinator_web_Motten_plant-pollinator_web,57,143,1.0103092783505154,0.7502206531332745,0.7723418134377038,0.8160237388724035,0.7275512157763738,0.4055778163780149,0.9145408163265308,0.7359275086001543,0.3214285714285714,False
Biological,Mouse_visual_cortex_2011_Mouse_Mouse_visual_cortex_1,29,44,1.1403508771929824,1.0610079575596816,0.9442060085836907,0.9572490706319704,0.8963997060984571,0.5587479733446136,0.71875,0.5587479733446136,0.3359375,True
Biological,Mouse_visual_cortex_2011_Mouse_Mouse_visual_cortex_2,193,214,0.7196969696969697,0.4827984966753397,0.4328925919217533,0.4123814995690893,0.3694433319983981,0.3611619319746103,0.9685374149659864,0.7818362949574013,0.4685374149659864,True
Biological,Olesen_plant-pollinator_web_Flores,22,30,0.8247422680412372,0.4838709677419354,0.9200968523002422,1.022222222222222,0.8745684695051783,0.5545118520972888,0.638888888888889,0.6508667942032513,0.3333333333333333,False
Biological,Olesen_plant-pollinator_web_Ile_aux_Aigrettes,27,52,0.8849557522123893,0.9577464788732394,0.8607198748043818,0.8895705521472392,0.9025032938076416,0.491742920022809,0.73,0.4488750451927542,0.35,False
Biological,Ollerton_plant-pollinator_web_Ollerton_plant-pollinator_web,65,103,0.9221902017291066,0.8656036446469249,0.5958230958230958,0.7055503292568204,0.6256256256256256,0.4909949674638064,0.8200000000000001,0.7260398840586382,0.325,False
Biological,P_pacificus_nematode_2013_Worm_p_pacificus_neural_synaptic_1,54,141,0.8043875685557587,0.7477477477477478,0.7212925562608193,0.7184115523465704,0.8605341246290801,0.5696021638632811,0.8711734693877551,0.6541852445334055,0.7487244897959183,True
Biological,P_pacificus_nematode_2013_Worm_p_pacificus_neural_synaptic_2,50,141,0.9803921568627452,0.8942202835332606,0.7370517928286853,0.704383664293743,0.8660933660933662,0.5192140749970672,0.8647959183673469,0.5077589330746682,0.8826530612244897,True
Biological,Parsnip_and_McGregor_host-parasite_webs_McGregor_River,65,114,0.7317073170731708,0.8285714285714286,0.8347927612375948,0.8412438625204582,0.6436314363143631,0.4510986465409035,0.8822314049586777,0.7362753905621731,0.4318181818181818,False
Biological,Parsnip_and_McGregor_host-parasite_webs_Parsnip_River,70,158,0.9282700421940928,0.8689138576779026,0.7058287795992714,0.7222739981360671,0.729267505646983,0.5540367003039339,0.8668054110301768,0.7449992381937567,0.4193548387096774,False
Biological,Poulin_seed-disperser_web_Poulin_seed-disperser_web,24,53,1.206896551724138,0.8132530120481927,0.7421150278293136,0.882147024504084,0.8612099644128114,0.591896873247771,0.71,0.6055713536802567,0.25,False
Biological,Ramirez_Brito_plant-pollinator_web_Ramirez_Brito_plant-pollinator_web,70,101,0.9443507588532885,0.9156452775775056,0.9438528557599226,0.8983375959079284,0.922233300099701,0.659777147917026,0.6075,0.6840517393896199,0.45,False
Biological,Reguly_yeast_interactome_2006_LC-multiple,1213,2556,0.8382872750642674,0.8218998104318775,0.733462841203427,0.6856465912564965,0.6817599363116368,0.2761466239940306,0.9443763619165062,0.509951951259813,0.7976034099134118,False
Biological,Rhesus_brain_2012_Macaque_rhesus_brain_1,242,3054,0.882,0.8501296311783892,0.8957984164595736,0.8995347638076712,0.8879207429572552,0.6974672246330473,0.8939747379736631,0.7199885763735451,0.8841480784735285,True
Biological,Rhesus_cortex_2014_Macaque_rhesus_cerebral_cortex_1,91,1401,0.4141291108404385,0.4487747268969589,0.1592193117616846,0.6859632741985683,0.8837889197485748,0.5979044839860775,0.934783163265306,0.7841855291665788,0.7560714285714285,True
Biological,Schemske_plant-pollinator_web_Schemske_plant-pollinator_web,39,59,0.7741935483870968,0.748898678414097,0.7649667405764966,0.782122905027933,0.7086223984142715,0.5102681695279896,0.7148760330578512,0.6215362336540277,0.4545454545454545,False
Biological,Small_plant-pollinator_web_Small_plant-pollinator_web,47,141,1.0408163265306123,0.8928571428571428,0.8401768793430195,0.8476132190942472,0.9114031369224248,0.5839242163645111,0.9158163265306124,0.7868145933912876,0.2857142857142857,False
Biological,Smallwood_Reservoir_host-parasite_web_Smallwood_Reservoir,28,51,0.7633587786259542,1.0443037974683544,0.5882352941176471,0.4733727810650888,0.8629776021080369,0.3997337064822074,0.98,0.8199729625417171,0.3,False
Biological,Snow_seed-disperser_web_Snow_seed-disperser_web,48,211,0.576923076923077,0.8695652173913044,0.6792452830188679,0.6803385416666667,0.6106027137898391,0.3387437733426339,0.9523809523809524,0.6757214890115055,0.238095238095238,False
Biological,Uetz_screen_yeast_interactome_2000_Uetz-screen,263,281,1.0031460674157302,0.971118433805001,0.8552971576227391,0.773434605409411,0.7760386190754827,0.7308662345603884,0.6205357142857143,0.7774554906778425,0.5,False
Biological,Vazquez_Simberloff_plant-pollinator_webs_Arroyo_Goye,35,41,0.9022556390977444,0.9444444444444444,0.7879656160458453,0.7197696737044146,0.7116654438738077,0.4238023871986209,0.734375,0.665975179883547,0.1875,False
Biological,Vazquez_Simberloff_plant-pollinator_webs_Cerro_Lopez,40,44,1.0303030303030305,0.9292035398230089,0.8481532147742818,0.8003300330033003,0.7443095599393019,0.5784455328993979,0.53125,0.6362900861893377,0.4375,False
Biological,Vazquez_Simberloff_plant-pollinator_webs_Llao_Llao,32,36,0.8620689655172414,0.4899777282850779,0.6914893617021277,0.6373117033603708,0.6944444444444444,0.4605927482942771,0.6734693877551021,0.5589815876572581,0.4285714285714286,False
Biological,Vazquez_Simberloff_plant-pollinator_webs_Mascardi_c,30,34,1.262135922330097,0.7308970099667774,0.6595744680851063,0.7364787111622554,0.6959706959706959,0.5763225542887565,0.7500000000000001,0.5763225542887565,0.3333333333333333,False
Biological,Vazquez_Simberloff_plant-pollinator_webs_Mascardi_nc,39,48,0.8287292817679557,0.7843137254901962,0.6828193832599119,0.6410256410256411,0.7295597484276729,0.4412797248643604,0.8888888888888891,0.6359917734213215,0.3888888888888889,False
Biological,Vazquez_Simberloff_plant-pollinator_webs_Quetrihue_c,35,47,0.9426229508196722,0.9322033898305084,0.9269662921348314,0.8136696501220504,0.7968647942521229,0.5320923061964663,0.8148148148148149,0.4447725332878185,0.3888888888888889,False
Biological,Vazquez_Simberloff_plant-pollinator_webs_Safariland,31,35,0.8771929824561403,0.9615384615384616,0.6412478336221836,0.7314148681055156,0.8135283363802559,0.6377125560811127,0.7244897959183674,0.5654565871592429,0.2857142857142857,False
Biological,Yu_yeast_interactomes_2008_CCSB-YI1,964,1487,0.8772532844485181,0.9184428158407854,0.7942684716474022,0.734904252826792,0.7667374651460094,0.5404701825851826,0.8327438243263159,0.8508325766585443,0.5342595426770511,False
Biological,Yu_yeast_interactomes_2008_Y2H-union,1647,2518,0.8831643233576225,0.9185470045869434,0.8143072613660849,0.8023097291770442,0.8235300581877723,0.434717550154493,0.8406499373540072,0.8430066063601487,0.5441525795525061,False
Economic,56e9db8da6d70217090cdf2b,183,945,0.2437166793602437,0.152027027027027,0.4092159559834938,0.0580640754149873,0.535976008478207,0.3570224886832126,0.9870944262478654,0.8345994642778614,0.734203969653705,True
Economic,575aa410bd3e93b53c695629,774,1778,0.7916913946587537,0.7901364593827273,0.7909876102901271,0.7358593093909006,0.7782153783742668,0.3861412762324533,0.9196032533227534,0.5211561872665499,0.8191628645110097,False
Economic,575aa410bd3e93b53c69562a,866,2531,0.7749747729566094,0.7990820606156525,0.7799691869832646,0.7673735249832516,0.7887106350844224,0.3927736464299086,0.9210794575762784,0.5134411454184785,0.8498277585964473,False
Economic,577ee40d58d31bd664bac0ed,145,2266,0.8540925266903915,0.7361322188449848,0.7086614173228346,0.754257907542579,0.8967844051982673,0.7709671862497761,0.8251587406010458,0.812860136278884,0.7779824471636234,True
Economic,577ee40d58d31bd664bac0ee,113,2944,0.7383863080684596,0.7462101411395713,0.9102915280766972,0.943238054030666,0.9702725020644096,0.7678841152127165,0.8024954879911148,0.7722545543903849,0.7836824355592578,True
Economic,577ee40d58d31bd664bac0ef,206,2741,0.8468930172966047,0.7886635277073524,0.7600259571706683,0.831478618393109,0.940007820209656,0.8146398679622748,0.792676754222388,0.8231660105423015,0.7833911636208641,True
Economic,5847088c8cf714f319c47aae,105,441,0.8526551982049365,0.8425,0.7800546448087432,0.8153701968134958,0.8618796662274923,0.620746629791314,0.8883006198347106,0.6048575611620256,0.8680268595041322,True
Economic,5936021067ec90f1500d6595,137,481,0.956268221574344,0.8913073426091749,0.8727472326411125,0.8813888551657156,0.91682204738733,0.6862684659124699,0.7761501736111113,0.6300056443191038,0.8142903645833335,False
Economic,5936021067ec90f1500d6597,194,774,0.6978851963746223,0.8560670099131638,0.8863507645837265,0.906417630711562,0.916012620270658,0.6826284789521327,0.8507969303423848,0.6492218006678232,0.8350269860010119,False
Economic,5936021067ec90f1500d6599,180,945,0.8742281442963926,0.8270996259775586,0.8068790222270295,0.8424324849426851,0.9319069682929044,0.6480254013898,0.8702024019484337,0.6239702509453533,0.8924862125920326,False
Economic,Midieval_Russia_trade_network_Medieval_Russian_Trade_Network,39,53,0.8227848101265822,0.914179104477612,0.9421641791044776,0.9592822636300896,0.9676817899316346,0.7285029351845105,0.56,0.7285029351845105,0.6,False
Economic,Norwegian_Board_of_Directors_net2mode_2002-05-01,179,184,1.0112359550561798,0.849785407725322,0.7428201252429281,0.6365565322825099,0.5589415787126505,0.5696064596346715,0.7997685185185185,0.7341459379463646,0.4583333333333333,False
Economic,Norwegian_Board_of_Directors_net2mode_2002-06-01,166,171,1.0839445802770986,0.8872810357958872,0.6994114984155726,0.62099223759703,0.5613333333333334,0.4802875538368594,0.9316608996539792,0.7426654714478269,0.4852941176470588,False
Economic,Norwegian_Board_of_Directors_net2mode_2002-07-01,158,163,1.0609857978279031,0.8428967154728928,0.7217863608931805,0.6446991404011462,0.5434329395413482,0.5615228610998376,0.814453125,0.7200297641807946,0.5,False
Economic,Norwegian_Board_of_Directors_net2mode_2002-08-01,164,167,1.0147299509001635,0.8678955453149002,0.6472950626033546,0.6127586942607212,0.532001080205239,0.5173940159008323,0.8480257116620753,0.7553174356176863,0.4848484848484848,False
Economic,Norwegian_Board_of_Directors_net2mode_2002-09-01,369,375,0.9045226130653268,0.7790645209805986,0.654911838790932,0.6280096308186196,0.5216987460653284,0.6205856431148072,0.7986666666666666,0.7942572948395398,0.5,False
Economic,Norwegian_Board_of_Directors_net2mode_2002-10-01,388,394,0.9509906152241918,0.7967342342342343,0.673892142295254,0.6437229165358287,0.5574119812097438,0.6401734568746975,0.7951183431952664,0.7705074834939265,0.4807692307692308,False
Economic,Norwegian_Board_of_Directors_net2mode_2002-11-01,393,399,1.0872313527180784,0.8911162982287519,0.7427976397084345,0.7068879460943349,0.6340141322234053,0.6423477808963884,0.785370934145169,0.7809201000220424,0.5,False
Economic,Norwegian_Board_of_Directors_net2mode_2002-12-01,407,412,1.0237537638006022,0.8756788207913111,0.7145831598234363,0.6841180391443981,0.6091277143908723,0.6226122375377848,0.8245092207019631,0.7808789370064997,0.4939024390243902,False
Economic,Norwegian_Board_of_Directors_net2mode_2003-01-01,399,404,1.05,0.8533370334397113,0.7148440892903675,0.6535187113370491,0.6030269962518385,0.583184874340375,0.88828125,0.7771337242030965,0.4875,False
Economic,Norwegian_Board_of_Directors_net2mode_2003-02-01,402,404,0.9542092286016204,0.7788556164768734,0.6290447838467512,0.590331101419006,0.5348352896630064,0.602835574954181,0.88328125,0.7793035835824522,0.48125,False
Economic,Norwegian_Board_of_Directors_net2mode_2003-03-01,401,403,0.9601629696695336,0.7734189585369259,0.6275933609958506,0.5969412925505674,0.5334217632289544,0.5937180718096917,0.896640625,0.7731316303279511,0.49375,False
Economic,Norwegian_Board_of_Directors_net2mode_2003-04-01,404,407,0.9475728155339804,0.7461279461279461,0.6347862886161659,0.6085846303501946,0.5356806627753719,0.6613887834711032,0.7831123304374333,0.789159939001413,0.4876543209876543,False
Economic,Norwegian_Board_of_Directors_net2mode_2003-05-01,402,405,0.9567336989640464,0.7775169175528241,0.6435938965135113,0.6114711997064938,0.5351754055073557,0.5866060552130348,0.812071330589849,0.7898984284155443,0.4876543209876543,False
Economic,Norwegian_Board_of_Directors_net2mode_2003-06-01,397,402,1.0239651416122004,0.8251748251748252,0.6635746389978004,0.613569689782161,0.554919362534593,0.590532939456703,0.8378125000000001,0.7594565364140622,0.49375,False
Economic,Norwegian_Board_of_Directors_net2mode_2003-07-01,425,434,0.9753279200499688,0.8133789433675409,0.664141128576275,0.6203798476060502,0.553532726484612,0.6188965490024627,0.8793942671714441,0.7909596521776053,0.4941860465116279,False
Economic,Norwegian_Board_of_Directors_net2mode_2003-08-01,447,456,0.9738527214514408,0.831140875388663,0.6654191616766467,0.6081877612260208,0.5605105965141969,0.6193275519676058,0.8768868494143219,0.790584989760476,0.5,False
Economic,Norwegian_Board_of_Directors_net2mode_2003-09-01,465,481,0.9547813194959228,0.8487423911795107,0.6711025255777349,0.6286474864339101,0.575687185443283,0.6075225879995346,0.9190538194444444,0.802212954941049,0.5,False
Economic,Norwegian_Board_of_Directors_net2mode_2003-10-01,470,486,0.9451013513513512,0.8315774687456103,0.6712357803999153,0.6257431416087673,0.5694665756127172,0.5821837468895488,0.8889892655967692,0.7757389958973965,0.5,False
Economic,Norwegian_Board_of_Directors_net2mode_2003-11-01,480,496,1.0132596685082873,0.8356985563983362,0.6596467391304348,0.6321584820331319,0.5618721713213379,0.6036936292155649,0.8567493112947658,0.795619209373186,0.4898989898989899,False
Economic,Norwegian_Board_of_Directors_net2mode_2003-12-01,463,479,0.9830065359477124,0.8239743295897318,0.6706966033390904,0.6286876907426246,0.5572359236854351,0.6070976928691457,0.8790581717451523,0.7770864506757871,0.4947368421052631,False
Economic,Norwegian_Board_of_Directors_net2mode_2004-01-01,446,466,0.9666666666666668,0.8532219570405728,0.6754966887417219,0.6359938724842851,0.5646768151749422,0.6293990227739797,0.8384206266620418,0.7975809819740053,0.4946236559139785,False
Economic,Norwegian_Board_of_Directors_net2mode_2004-02-01,457,476,0.9514118544899516,0.8388003748828491,0.6619626100240052,0.6251937583961972,0.5610624951599164,0.6175808274565979,0.8499722991689752,0.7826532922069197,0.5,False
Economic,Norwegian_Board_of_Directors_net2mode_2004-03-01,470,489,0.9862306368330466,0.8237700261333939,0.6599269868014602,0.6338134950720242,0.5619205547599306,0.6133523199647373,0.8515782761186097,0.8029042916550285,0.4948453608247423,False
Economic,Norwegian_Board_of_Directors_net2mode_2004-04-01,529,551,0.957102823884458,0.834703549666312,0.7066988533494267,0.6448794127927298,0.5738998881799645,0.5608681193644834,0.9061570247933886,0.7909942151933558,0.4863636363636364,False
Economic,Norwegian_Board_of_Directors_net2mode_2004-05-01,541,564,0.9778837814397224,0.7816005983545251,0.6666274763388396,0.5996041938607941,0.5606031316450802,0.5881031886054972,0.8557876275510203,0.7927974153680262,0.5,False
Economic,Norwegian_Board_of_Directors_net2mode_2004-06-01,507,530,0.9495219034912163,0.811458229364208,0.6848117860041201,0.6401547528003958,0.5645877450645536,0.6269186687244918,0.8385991456034175,0.7896104862172693,0.4952830188679245,False
Economic,Norwegian_Board_of_Directors_net2mode_2004-07-01,536,558,0.8963238331268071,0.7938016921760623,0.659074817087562,0.614618635203548,0.5482029323991177,0.5725890566639082,0.8577631685739795,0.7906702931793923,0.5,False
Economic,Norwegian_Board_of_Directors_net2mode_2004-08-01,541,565,0.8845014807502468,0.8070736525256327,0.6687711913948322,0.6180645701603785,0.5568319611972684,0.5988135448857115,0.887540136267523,0.7948249222336952,0.495575221238938,False
Economic,Norwegian_Board_of_Directors_net2mode_2004-09-01,522,545,0.8873505349276275,0.7742934572202864,0.6640936102432151,0.6126819035965564,0.5514305514305514,0.5951450492648026,0.8797660129618718,0.7987929730232922,0.481651376146789,False
Economic,Norwegian_Board_of_Directors_net2mode_2004-10-01,542,567,0.869309262166405,0.779423944050796,0.6686591654946085,0.6207637626053893,0.5593322161444336,0.5539074730978153,0.8984650325005873,0.7992325071098971,0.4911504424778761,False
Economic,Norwegian_Board_of_Directors_net2mode_2004-11-01,554,579,0.8529980657640233,0.751779359430605,0.6632827649138816,0.6294782010282152,0.5562210141589115,0.6069607579051621,0.9068809073724008,0.7927737215462912,0.4956521739130435,False
Economic,Norwegian_Board_of_Directors_net2mode_2004-12-01,531,559,0.8376442499005172,0.7729423772849586,0.6596957058097868,0.6206925891261805,0.5651365559687139,0.6030805685884509,0.8557746936125316,0.8057193083138094,0.5,False
Economic,Norwegian_Board_of_Directors_net2mode_2005-01-01,558,589,0.8707853403141361,0.7806559985854479,0.6579165974414355,0.631163708086785,0.5690414704542002,0.5923769367222579,0.8862225144276427,0.8041084179059572,0.5,False
Economic,Norwegian_Board_of_Directors_net2mode_2005-02-01,549,582,0.873900293255132,0.7747424988804299,0.6723826714801444,0.6369143780290791,0.5770950926868388,0.6190780078783684,0.8673082639714627,0.8045489632481025,0.4956896551724138,False
Economic,Norwegian_Board_of_Directors_net2mode_2005-03-01,549,579,0.8687978034908806,0.7644333570919458,0.6497784846075202,0.619824547019759,0.5719453626894531,0.6181086122440775,0.8648393194706994,0.7851820846214607,0.4956521739130435,False
Economic,Norwegian_Board_of_Directors_net2mode_2005-04-01,548,578,0.8601116028477968,0.7763334827431645,0.6601058931860038,0.6169852407452213,0.5723404914629234,0.6131210797973015,0.8068431001890359,0.8007544819850486,0.4913043478260869,False
Economic,Norwegian_Board_of_Directors_net2mode_2005-05-01,568,594,0.8684259779150291,0.7755875010760093,0.6651578714948112,0.6167890454455249,0.5708631907174767,0.6007187582909373,0.8525926457914392,0.7984933391685128,0.4915254237288136,False
Economic,Norwegian_Board_of_Directors_net2mode_2005-06-01,576,596,0.9543719323759317,0.7951403435274403,0.7030401737242128,0.6562328390993959,0.6078160643534638,0.6087155495503602,0.833662876915472,0.8032880162482035,0.5,False
Economic,Norwegian_Board_of_Directors_net2mode_2005-07-01,564,592,0.924822149586618,0.823219893066282,0.7054057054057055,0.6463026300271258,0.5910928730915455,0.6008131139731465,0.8515512783682849,0.781263068657057,0.4957627118644068,False
Economic,Norwegian_Board_of_Directors_net2mode_2005-09-01,479,512,0.9941782355575458,0.8661337650510978,0.7091275779064472,0.6640733537093637,0.6288104352757692,0.6581205444588594,0.8291522491349481,0.7837207551571225,0.4901960784313725,False
Economic,Norwegian_Board_of_Directors_net2mode_2005-10-01,492,531,0.985342019543974,0.8950019372336303,0.732295142751205,0.6892213685582065,0.648663505806363,0.6120988437914308,0.8713955144179424,0.7760779867108372,0.4952830188679245,False
Economic,Norwegian_Board_of_Directors_net2mode_2005-11-01,491,530,1.004932182490752,0.9024507448342144,0.738423796381478,0.7144805017725662,0.6444991789819376,0.5973147734360339,0.8335261658953363,0.795690893499823,0.4858490566037736,False
Economic,Norwegian_Board_of_Directors_net2mode_2005-12-01,496,536,1.017391304347826,0.9070581372739648,0.7610741623792195,0.7305507090770813,0.6290236051502146,0.6145805041308059,0.8381081317145602,0.8137503108357363,0.4906542056074766,False
Economic,Norwegian_Board_of_Directors_net2mode_2006-01-01,580,623,0.9886547811993518,0.8905365542533684,0.7656540607563547,0.706908506988796,0.616358958409907,0.5537969868966925,0.8640088449531738,0.8025718976699526,0.4959677419354839,False
Economic,Norwegian_Board_of_Directors_net2mode_2006-02-01,603,649,0.931783210805266,0.8267330466923135,0.7241948001552193,0.6921912939437661,0.6210912227733448,0.606136776255779,0.8364280992728803,0.7884575422090584,0.4961240310077519,False
Economic,Norwegian_Board_of_Directors_net2mode_2006-03-01,604,649,0.9374610430085186,0.8293875057278142,0.7306807615132384,0.6967832659518369,0.6163736055965211,0.5823741767033755,0.8547262784688421,0.8089296840676151,0.4922480620155038,False
Economic,Norwegian_Board_of_Directors_net2mode_2006-04-01,596,642,0.936706425548288,0.8677131813520549,0.7142857142857143,0.6802575870779521,0.5959274664926733,0.5868927549134866,0.829071044921875,0.8027064862283315,0.49609375,False
Economic,Norwegian_Board_of_Directors_net2mode_2006-05-01,610,658,0.927766732935719,0.8513597033374536,0.706708574796189,0.6697411894273128,0.5963485609503308,0.6035923975050522,0.8368976166890041,0.8064649951267833,0.4961832061068702,False
Economic,Norwegian_Board_of_Directors_net2mode_2006-06-01,643,690,0.9551262075412902,0.8511849690413494,0.712884834663626,0.6787954418574103,0.5913008618961716,0.5665283253403351,0.8252467968914093,0.799326580554302,0.4963768115942029,False
Economic,Norwegian_Board_of_Directors_net2mode_2006-07-01,671,719,0.9348398080792448,0.8459640465280226,0.7085837294824647,0.6750317662007624,0.5848825184579495,0.5681211373689136,0.8146364125385104,0.8114699758624174,0.4965034965034965,False
Economic,Norwegian_Board_of_Directors_net2mode_2006-08-01,693,745,0.8581713462922966,0.7991120976692564,0.6881067442158832,0.6365619676638474,0.5862045156390251,0.5890900126506117,0.7786360974730868,0.8135080333237485,0.4932885906040268,False
Economic,Norwegian_Board_of_Directors_net2mode_2006-09-01,695,753,0.9079099307159354,0.8147664162038549,0.7055018935364453,0.6696887277122998,0.5913039533670531,0.5676073665520509,0.8104888888888888,0.806424528710184,0.5,False
Economic,Norwegian_Board_of_Directors_net2mode_2006-10-01,730,790,0.9085802555820812,0.8057890412690387,0.6971703792895846,0.6483598125500057,0.5826241666845298,0.5749695290443517,0.840249959942317,0.8132706758713393,0.4968354430379746,False
Economic,Norwegian_Board_of_Directors_net2mode_2006-11-01,749,811,0.8906059373729157,0.8432575484181403,0.695,0.6678446205240054,0.5832436459971851,0.5644662657993766,0.7840268251790885,0.8130758260447987,0.5,False
Economic,Norwegian_Board_of_Directors_net2mode_2006-12-01,776,840,0.9020651209932852,0.8301865201968189,0.6959057850629454,0.6724055220937051,0.5979760809567618,0.5598717936980437,0.7985579648526078,0.8114697079027524,0.494047619047619,False
Economic,Norwegian_Board_of_Directors_net2mode_2007-01-01,795,859,0.8692971639950678,0.7747666704149331,0.6762422077211914,0.6459807657412449,0.5734455081713568,0.5376584383606641,0.8408399165555214,0.8119879591853326,0.4941520467836257,False
Economic,Norwegian_Board_of_Directors_net2mode_2007-02-01,803,867,0.8577599506325209,0.7832941965783294,0.6790101477657112,0.6425857465598686,0.5705079971445659,0.5528370599292766,0.792224932339871,0.813442352356135,0.4971098265895953,False
Economic,Norwegian_Board_of_Directors_net2mode_2007-03-01,805,871,0.8940717838419142,0.7861322733797063,0.6928258312840799,0.6484171891726563,0.5656829258932341,0.5642955339907954,0.78264962346413,0.8183160793996457,0.5,False
Economic,Norwegian_Board_of_Directors_net2mode_2007-04-01,829,894,0.9077179060540126,0.7978413840537538,0.6958939851689095,0.6648851406016327,0.5817195108352228,0.546639869600683,0.793129024113117,0.8166209943025676,0.5,False
Economic,Norwegian_Board_of_Directors_net2mode_2007-05-01,842,906,0.8821462043111528,0.8153514989237151,0.728898523235334,0.6701905824159837,0.5889251291823946,0.5361924919205626,0.8190836665547452,0.8159405339673638,0.5,False
Economic,Norwegian_Board_of_Directors_net2mode_2007-06-01,876,942,0.8896139206090267,0.8247784065301217,0.6990891242074093,0.6683690202876821,0.592593880994208,0.5309747219305194,0.8126273200543231,0.8130421909790163,0.4973404255319149,False
Economic,Norwegian_Board_of_Directors_net2mode_2007-07-01,1024,1104,0.9528049866429208,0.8796581617979374,0.7386078457271166,0.7030557589302917,0.6171354015656713,0.521295680884551,0.7416735537190083,0.8232448656537869,0.5,False
Economic,Norwegian_Board_of_Directors_net2mode_2007-08-01,975,1055,0.969401819351282,0.8700364140801109,0.7521219081766997,0.7110921432345648,0.6191894026857871,0.5130424937937458,0.8378405696188316,0.8183691859575571,0.5,False
Economic,Norwegian_Board_of_Directors_net2mode_2007-09-01,1001,1086,0.958641706573792,0.8968515235924707,0.7720368051396527,0.6978464893492737,0.620415377817057,0.514472170053192,0.8048270296672259,0.815687741204964,0.4953917050691244,False
Economic,Norwegian_Board_of_Directors_net2mode_2007-10-01,1033,1117,0.9482009386407092,0.8781616661930088,0.7512009713350578,0.6983303676220043,0.6176247622044541,0.5012116992720127,0.8321603088740975,0.824113782049882,0.4977578475336323,False
Economic,Norwegian_Board_of_Directors_net2mode_2007-11-01,1014,1098,0.9059139784946236,0.9148854799643054,0.7657826927206356,0.7079299892441576,0.6213835014974848,0.5090696090539534,0.8091782906945226,0.8187250852259679,0.5,False
Economic,Norwegian_Board_of_Directors_net2mode_2007-12-01,1028,1122,0.9123526396719632,0.9164652382317996,0.7789468201468827,0.7122331691297209,0.6359056104295352,0.4993551982966545,0.8699876434948981,0.816490262772146,0.4933035714285714,False
Economic,Norwegian_Board_of_Directors_net2mode_2008-01-01,1066,1164,0.9838846480067854,0.8942619157797317,0.7870197687430064,0.7153190805336763,0.6354899837574445,0.5061299200378946,0.8032754904875149,0.824798966638666,0.5,False
Economic,Norwegian_Board_of_Directors_net2mode_2008-02-01,1100,1198,0.993351274339085,0.9180437945312792,0.7964371165280837,0.7173067162916597,0.6546045675618525,0.5076619425518195,0.8302725792615676,0.8221583757282136,0.497907949790795,False
Economic,Norwegian_Board_of_Directors_net2mode_2008-03-01,1052,1146,0.965642250968114,0.9187224499265332,0.7720615294031059,0.7254561251086012,0.6528144544822794,0.5402643744240758,0.7751663774527564,0.8176112381670789,0.4978165938864629,False
Economic,Norwegian_Board_of_Directors_net2mode_2008-04-01,1072,1159,0.936067350170876,0.9080660835762876,0.7702201335641851,0.7277046385957276,0.6450329854205812,0.4942579534705783,0.8404827495736586,0.8305959535296817,0.4978354978354978,False
Economic,Norwegian_Board_of_Directors_net2mode_2008-05-01,1088,1177,0.97284318595794,0.9147334936767786,0.7695308690139472,0.7281588188919946,0.6413080197283967,0.5036433950362936,0.8406066093254866,0.8174447753721499,0.4957446808510638,False
Economic,Norwegian_Board_of_Directors_net2mode_2008-06-01,1063,1148,0.9921925829538062,0.9357245004444787,0.7856858252814025,0.7486223897911832,0.6656346749226005,0.5160544837152161,0.8570488739726551,0.8137262687524196,0.5,False
Economic,Norwegian_Board_of_Directors_net2mode_2008-07-01,1052,1132,0.943089430894309,0.9509261765729532,0.7895332746257391,0.7425472281876752,0.670957452867802,0.5212251827371638,0.7976153183491268,0.8155863260618159,0.5,False
Economic,Norwegian_Board_of_Directors_net2mode_2008-08-01,1043,1120,0.99477308553887,0.9355003336866484,0.7943273206991908,0.7529101119416861,0.670739633432991,0.51724045018107,0.81103515625,0.8272163392998031,0.5,False
Economic,Norwegian_Board_of_Directors_net2mode_2008-09-01,1049,1126,0.97631426920855,0.9524743926847457,0.804919937364247,0.7422404631902965,0.6604294348275325,0.5007638571368913,0.8010074074074074,0.818352559747151,0.5,False
Economic,Norwegian_Board_of_Directors_net2mode_2008-10-01,1066,1142,0.9420930045779456,0.9298292936688376,0.8226631723449395,0.7632855487981465,0.6640689999445337,0.5197308091869629,0.7705255463219451,0.816517154408047,0.5,False
Economic,Norwegian_Board_of_Directors_net2mode_2008-11-01,1056,1136,0.9980318189273412,0.945951159291694,0.8264235076028958,0.7709154621112572,0.6704813856709031,0.4956327829719523,0.8086514389955171,0.8186988059054852,0.5,False
Economic,Norwegian_Board_of_Directors_net2mode_2008-12-01,1052,1131,1.009043711271144,0.9472572188747164,0.8179709132636516,0.7641493897418069,0.663141567963903,0.4978609274071657,0.8754209413423134,0.829422591050523,0.5,False
Economic,Norwegian_Board_of_Directors_net2mode_2009-01-01,1030,1104,0.9924580047994516,0.9182979064088708,0.8080413016270338,0.7544740081431682,0.6561954624781849,0.5222461174146427,0.83301652892562,0.8227723536727528,0.4954545454545455,False
Economic,Norwegian_Board_of_Directors_net2mode_2009-02-01,1039,1119,0.9970080957409362,0.9171040506430546,0.814492602625547,0.7465436073016877,0.6551709297488058,0.496749867060742,0.9053168171489472,0.8254704247727775,0.4955156950672645,False
Economic,Norwegian_Board_of_Directors_net2mode_2009-03-01,1047,1129,0.9822565582816876,0.9088383537722744,0.8039110566490516,0.7402042575038047,0.6502327281931574,0.5026583240423094,0.8020345679012346,0.8240244636329295,0.4977777777777777,False
Economic,Norwegian_Board_of_Directors_net2mode_2009-04-01,1018,1102,0.9787457360272894,0.9370669275291432,0.8214766517963202,0.7482800867024786,0.6602588448391714,0.509414213442668,0.8466632231404959,0.8204089943375983,0.4954545454545455,False
Economic,Norwegian_Board_of_Directors_net2mode_2009-05-01,1017,1101,0.9752903169475248,0.9366006085025904,0.8161706610481959,0.7506808896958693,0.6574592108731948,0.4986512140561523,0.8408780991735538,0.8178864231625413,0.4977272727272727,False
Economic,Norwegian_Board_of_Directors_net2mode_2009-06-01,1008,1089,0.97841857091041,0.9312409663431758,0.8200559801916245,0.7584708617601098,0.661227615457116,0.5069642301050211,0.8393255325022829,0.820546690048274,0.5,False
Economic,Norwegian_Board_of_Directors_net2mode_2009-07-01,1042,1125,1.002828490614554,0.9409044595971472,0.8129731372002937,0.7758924432081595,0.6659283239620605,0.5137556906796155,0.8128098765432099,0.8285946316502001,0.5,False
Economic,Norwegian_Board_of_Directors_net2mode_2009-08-01,1025,1106,0.989888238424694,0.9392986896354656,0.8209573091849935,0.7725645374034295,0.6622247972190035,0.5157875429683121,0.7867672652075102,0.8228284212646816,0.497737556561086,False
Economic,Norwegian_Board_of_Directors_net2mode_2009-09-01,1021,1102,0.9514476614699332,0.9186179793679384,0.8125327739905611,0.7686180804460374,0.6644813519813519,0.5069113965485238,0.8502169421487604,0.825703846980537,0.4954545454545455,False
Economic,Norwegian_Board_of_Directors_net2mode_2009-10-01,1015,1090,0.9410150891632372,0.9047221061429168,0.776259335769903,0.7419274856478038,0.6434603804068444,0.5191259466775268,0.8077182055382544,0.8199394239595118,0.4977064220183486,False
Economic,Norwegian_Board_of_Directors_net2mode_2009-11-01,983,1057,0.9336840127747512,0.9090523458047,0.783522696086503,0.7521097663178,0.6571450510635031,0.5264608330329095,0.82911435053121,0.8110696353634083,0.5,False
Economic,Norwegian_Board_of_Directors_net2mode_2009-12-01,977,1052,0.9360030657214026,0.9113152472527472,0.7680470445989394,0.7444616177228233,0.6551771722964167,0.540739848163178,0.7937868480725624,0.8121817787267901,0.5,False
Economic,Norwegian_Board_of_Directors_net2mode_2010-01-01,964,1045,0.941686746987952,0.914857808656626,0.773365511189118,0.7591518303660733,0.6713495368931435,0.4959190019075236,0.8367367963187656,0.8179749067381386,0.5,False
Economic,Norwegian_Board_of_Directors_net2mode_2010-02-01,971,1052,0.963186140664721,0.8993729220150667,0.7675563899545615,0.7472742131595209,0.6615620214395099,0.5286601666784668,0.8147732426303855,0.8045935665159055,0.4952380952380952,False
Economic,Norwegian_Board_of_Directors_net2mode_2010-03-01,969,1045,0.9176722460101208,0.9050047540841905,0.77065692622724,0.7448849104859335,0.6606708350016941,0.5082014986000027,0.8457452897140633,0.8158664221957599,0.5,False
Economic,Norwegian_Board_of_Directors_net2mode_2010-04-01,977,1053,0.9054928081861184,0.8861141011840689,0.7548728113643871,0.7284661539081061,0.6446989195937303,0.498482625761864,0.8764172335600907,0.8197864956086419,0.5,False
Economic,Norwegian_Board_of_Directors_net2mode_2010-05-01,971,1046,0.9090039230695628,0.8824168658987177,0.7417244464325654,0.7182996828964797,0.6371143924017291,0.4996953714400504,0.8260342025136787,0.821098362531008,0.4976076555023923,False
Economic,Norwegian_Board_of_Directors_net2mode_2010-06-01,937,1014,0.9061802658387504,0.8542668804560841,0.7408481754365609,0.701440329218107,0.6291767496273979,0.5374326540493559,0.7228825605332811,0.8175681931192738,0.4975247524752475,False
Economic,Norwegian_Board_of_Directors_net2mode_2010-07-01,934,1014,0.9417775207248892,0.9102211171299176,0.768454149479332,0.7277121374865736,0.6412367508113379,0.4884796734794645,0.8775732771296931,0.808640706751793,0.4975247524752475,False
Economic,Norwegian_Board_of_Directors_net2mode_2010-08-01,935,1024,0.987505784359093,0.9129231985245684,0.7968297255837737,0.7684546484093483,0.6704327266379981,0.5024134200543344,0.8479791426374472,0.8251587801058079,0.4975490196078431,False
Economic,Norwegian_Board_of_Directors_net2mode_2010-09-01,1002,1090,0.9433209911706067,0.903066790577397,0.8016068896707452,0.7611498424219272,0.6658453683226218,0.5094892872441523,0.8064556855483545,0.8250945174072465,0.5,False
Economic,Norwegian_Board_of_Directors_net2mode_2010-10-01,990,1073,0.9573810994441012,0.8971207133630568,0.7937151820001082,0.756711669770329,0.6562794383719366,0.5291379091046873,0.8100925845051969,0.8212490862491918,0.5,False
Economic,Norwegian_Board_of_Directors_net2mode_2010-11-01,987,1070,0.955379632961497,0.908977969189995,0.8040871934604905,0.766684400307383,0.6621509746368631,0.5314187903168681,0.7811599266311469,0.8279184929461196,0.5,False
Economic,Norwegian_Board_of_Directors_net2mode_2010-12-01,979,1062,0.9506978430306324,0.9183326244151424,0.7970365545876414,0.7587110911118502,0.6641296902351778,0.5086622032520068,0.8001512993948025,0.821320159716528,0.5,False
Economic,Norwegian_Board_of_Directors_net2mode_2011-01-01,993,1080,0.9716671107558396,0.906899791658156,0.7813326282390269,0.7432301553480803,0.6608905005350136,0.5191753322322485,0.8294753086419753,0.8214432689282036,0.5,False
Economic,Norwegian_Board_of_Directors_net2mode_2011-02-01,991,1078,0.9370529327610873,0.9074799093344325,0.7731087930063555,0.7308377896613191,0.661565820344606,0.5451454598979765,0.8144402379664684,0.8250491191279533,0.5,False
Economic,Norwegian_Board_of_Directors_net2mode_2011-03-01,987,1072,0.9411337209302326,0.8975327291037262,0.7696047975364002,0.7324703765984905,0.6630442985435061,0.5315903218367749,0.8152895449384225,0.820810287174847,0.4976635514018692,False
Economic,Norwegian_Board_of_Directors_net2mode_2011-04-01,985,1070,0.9170266378689704,0.8983122362869198,0.7562323137043525,0.7297344821522771,0.6585292796165942,0.5197620530643329,0.8318412088392,0.8213871465391298,0.4953271028037383,False
Economic,Norwegian_Board_of_Directors_net2mode_2011-05-01,981,1060,0.9712460063897764,0.9048263037782098,0.7687508476875085,0.7433152968126703,0.6568654308586734,0.5107137093254559,0.8146359914560343,0.8258095715155976,0.5,False
Economic,Norwegian_Board_of_Directors_net2mode_2011-06-01,1016,1095,0.9503508304467536,0.9430400525279052,0.7891740155186568,0.7446238616361828,0.6580737662945677,0.5145574294346944,0.8075936698567585,0.8220121924453869,0.497716894977169,False
Economic,Norwegian_Board_of_Directors_net2mode_2011-07-01,1059,1141,0.9416968234821068,0.9269533055940824,0.7788154214942069,0.74812016419049,0.6523316495967404,0.5260221403186788,0.7965335487842413,0.8346964158397037,0.4978070175438596,False
Economic,Norwegian_Board_of_Directors_net2mode_2011-08-01,1066,1148,0.9380419359924328,0.9157481215912124,0.7843573760759869,0.7612275178228929,0.6545504802708866,0.492012516180321,0.8095860109456341,0.82735119221973,0.5,False
Informational,56a85c8e26855e083a2f7954,994,3640,0.8672235073902065,0.9384683488269144,0.9343962597776246,0.9437661527493092,0.9579373624830296,0.4979147912304223,0.8890645755343558,0.7336553190860681,0.7596295359859919,True
Informational,57574842bd3e93b53c695556,280,553,0.9277238403451996,0.8738593666129898,0.8010967837557432,0.8077433041633519,0.7273381059788827,0.6270052126260369,0.8239256198347107,0.6832881388394412,0.6899173553719009,True
Informational,57574842bd3e93b53c695557,433,954,0.839112343966713,0.7262517982272959,0.6512244831936851,0.6676493330755848,0.7110893581317298,0.621499958549395,0.861218836565097,0.8145981030293906,0.6368282548476454,True
Informational,57574842bd3e93b53c695558,269,484,0.8189068274654736,0.7782376097708691,0.7247488839285715,0.7206297941057731,0.7361164304864036,0.6662172579436297,0.7642144097222221,0.7222453571507645,0.6214192708333333,True
Informational,57574842bd3e93b53c695559,343,693,0.8430349257326375,0.754881567469637,0.7123151372619964,0.7091167432177906,0.7633049695382912,0.629768234534438,0.8691976475530351,0.775349322643332,0.6101921865154379,True
Informational,583d15578cf714f319c44aca,134,282,0.2649769585253456,0.2908745247148289,0.192465970243748,0.1732480099890744,0.4688683532798061,0.4344586685470855,0.9438775510204082,0.6983549063551306,0.6996173469387755,True
Informational,583d15578cf714f319c44acb,247,415,0.3141062250142775,0.1949217748140549,0.4724266375942582,0.322652031512791,0.4721284554328985,0.4957644963903825,0.9609522427057628,0.6554221121620236,0.6876905211206271,True
Informational,5886685ba411221d0e7c677e,2879,3886,0.1203119814138732,0.0851811081406929,0.0694392281562716,0.0695277613582494,0.0946293961423934,0.0,0.9996041270172544,0.7456276798540178,0.6147153772636399,False
Informational,58b0173aa411221d0e7c680c,1024,4916,0.8597601211039088,0.8282257513272118,0.8060768040512027,0.8135552805653653,0.8472091898287107,0.437631877422747,0.923740723530952,0.7137908746698811,0.8177424145364379,True
Informational,58b0173aa411221d0e7c680d,207,777,0.606473594548552,0.6176836861768369,0.6145251396648045,0.5928617422500231,0.6895850801636304,0.5758982626564018,0.9094901144641,0.7182161817732607,0.7874297606659729,True
Informational,5902c73762da632511870ff0,118,613,0.810126582278481,0.8366260092767566,0.7587604981175788,0.8311921891058582,0.881572170054281,0.7294797338651996,0.7852391830153185,0.7627386258108251,0.7862133834990593,True
Informational,5922400c62da63251188d3ea,146,180,0.5540661304736372,0.4195501730103806,0.387373343725643,0.3247763516141579,0.4508114606291324,0.5011442884823083,0.9266975308641976,0.7779901554589449,0.5327932098765432,True
Informational,59a5da04549f067e0266d625,1350,4055,0.9001536098310292,0.9007618032478524,0.877084943094343,0.8699770514813203,0.8713449127559557,0.3886258461330931,0.9109652877131794,0.6490241654427423,0.7863949911892733,False
Informational,59a5da04549f067e0266d626,69,84,1.07981220657277,1.045172719220549,1.0182207931404073,1.0296953335904355,0.9962756052141528,0.7585360572872494,0.537109375,0.6514248016762092,0.5,False
Informational,59a5da04549f067e0266d628,36,38,1.043956043956044,1.0421836228287842,0.9078771695594124,0.933852140077821,0.8988764044943821,0.5362030132090291,0.2857142857142857,0.5103413797982751,0.5,False
Informational,59a5da04549f067e0266d629,122,314,0.9349890430971513,0.927054866512508,0.8914728682170543,0.8682360134515439,0.882414588136659,0.6628588660596539,0.8272632674297606,0.6596497349407088,0.7947450572320499,False
Informational,59a5da04549f067e0266d62a,63,80,1.0230179028132993,0.9264305177111716,0.8195754716981133,0.8727569331158238,0.8816705336426914,0.7188302820225825,0.669921875,0.6340087579423478,0.505859375,False
Informational,Political_books_network_2004_Krebs_political_books,105,441,0.8743570903747245,0.8466933867735471,0.7839361848439004,0.7598290598290598,0.8023223666021565,0.6353582777060306,0.9363378099173552,0.5926527700262755,0.875,False
Informational,Word_adjacencies_of_David_Copperfield_Word_adjacencies,112,425,0.7671957671957672,0.9245152354570636,0.899098703011651,0.8852435833981476,0.9222820710124215,0.7899645533169182,0.7153633217993081,0.857119467120888,0.628235294117647,False
Social,Dolphin_social_network_Dolphins,62,159,0.933852140077821,0.902439024390244,0.8433268858800773,0.9028374892519346,0.9093965372331484,0.7478250139244977,0.7648283038501561,0.6987587139366384,0.7336108220603539,False
Social,Email_network_Uni_R-V_Spain_Email_network_Uni_R-V_Spain,1133,5451,0.9147859325413212,0.9484406653921876,0.9455626912633076,0.9398155018480876,0.9473681492612848,0.4264750918541194,0.9176504502987964,0.6735405831563732,0.8232804477737564,True
Social,Family_planning_in_Korea1,33,68,0.9558823529411764,0.874439461883408,0.8923512747875355,0.8823529411764706,0.7980884109916367,0.648679768537042,0.8698224852071006,0.5295279001330007,0.8579881656804733,False
Social,Family_planning_in_Korea2,35,84,1.162790697674419,0.9859154929577464,0.8658922914466737,0.7927601809954752,0.8440265486725664,0.5696429602451326,0.87890625,0.5711545039819639,0.849609375,False
Social,"High_school_dynamic_contact_networks_contact_list,_2011",126,1709,0.7658749394086282,0.8272394881170018,0.8422041327489042,0.8763928179666302,0.9089051149136984,0.6454664839860664,0.9196773333562664,0.6541169685582778,0.9038836955306544,False
Social,"High_school_dynamic_contact_networks_contact_list,_2012",180,2220,0.9255363904080774,0.9161181230750648,0.9387490851770536,0.9335733206547578,0.9162148725111864,0.6776434256298925,0.8981566025484945,0.6692158109360287,0.8969772137001867,False
Social,Hollywood_film_music_Hollywood_film_music,101,192,1.0602678571428572,0.9812782440284054,0.9464207290294248,0.8935449083346171,0.9592954058557486,0.6955282368019254,0.8410664819944599,0.7867307611248491,0.4736842105263158,False
Social,Kapferer_tailor_shop_Kapferer_tailor_shop_1,39,169,1.1682242990654206,0.8129032258064516,0.8141493542953397,0.881782945736434,0.919862128392934,0.7739131120489279,0.6547291092745638,0.7032008923892394,0.7892561983471075,False
Social,Kapferer_tailor_shop_Kapferer_tailor_shop_2,39,248,0.9049773755656108,0.647130647130647,0.7464212678936606,0.8833063209076175,0.9566596194503172,0.720796123147932,0.7317784256559766,0.7209060720410894,0.7111620158267388,False
Social,Les_Miserables_coappearances_Les_Miserables,77,254,0.8813160987074031,0.705765407554672,0.6655710764174199,0.6003904978848031,0.608135320177205,0.4171721618703952,0.9012,0.4166783776106094,0.9004,False
Social,NCAA_college_football_2000_American_College_Football,115,613,0.9792284866468844,0.9840702694655352,0.9078404401650618,0.8979763912310287,0.8991474987936303,0.5625133552999836,0.8871943026068261,0.6066892089782498,0.8362671324912658,False
Social,Norwegian_Board_of_Directors_net1mode_2002-05-01,154,848,0.7125662012518055,0.5894437420986094,0.4674753493651131,0.4335583068877665,0.3544,0.143046501574621,0.9894261405412976,0.0739887602029849,0.9998599488813416,False
Social,Norwegian_Board_of_Directors_net1mode_2002-06-01,144,824,0.6747572815533981,0.572933816266052,0.4610174709458939,0.4225487371554787,0.3517048504195034,0.0921730599325166,0.9997025580011898,0.0867018154956592,0.9999256395002974,False
Social,Norwegian_Board_of_Directors_net1mode_2002-07-01,137,790,0.7197191339964891,0.5559345156889496,0.5333090644339279,0.4387136545772115,0.348621103117506,0.1478691377243008,0.9952331357154304,0.1055163500695803,0.999599423169364,False
Social,Norwegian_Board_of_Directors_net1mode_2002-08-01,142,779,0.7222653219550039,0.5821975433282854,0.4898456539398862,0.4436788808852698,0.3559100107130103,0.0945863779972446,0.9992924037460978,0.0832092026294745,0.9926534859521332,False
Social,Norwegian_Board_of_Directors_net1mode_2002-09-01,311,1343,0.6125053168864313,0.4447244094488189,0.4061390686991021,0.3135964119072594,0.3142248803178865,0.1175645300079761,0.99167409222544,0.0565388977467287,0.9921335486745376,False
Social,Norwegian_Board_of_Directors_net1mode_2002-10-01,325,1330,0.7085916740478299,0.4828264137851277,0.4297683902003886,0.3356633795354719,0.3458000402873833,0.0387061556114256,0.9999152015376788,0.014572934891249,0.9998233365368308,False
Social,Norwegian_Board_of_Directors_net1mode_2002-11-01,328,1179,0.7397793640493187,0.4741664826672555,0.4006154860691323,0.3935773678677243,0.4014986886474335,0.0096158895448828,0.9999637845178814,0.0276478493254682,0.9955545495699412,False
Social,Norwegian_Board_of_Directors_net1mode_2002-12-01,342,1324,0.7109190887666929,0.4746291959406714,0.3904555314533622,0.3996765835461879,0.3759228466910542,0.0446534869216314,0.9996843434343434,0.0393626348544518,0.9978549701561064,False
Social,Norwegian_Board_of_Directors_net1mode_2003-01-01,337,1397,0.6846673095467696,0.4720776782361461,0.396641343462615,0.3710088959382112,0.3546593370403678,0.1025125756913865,0.9975462802379208,0.0254656503793046,0.9980216081499466,False
Social,Norwegian_Board_of_Directors_net1mode_2003-02-01,339,1377,0.657712818487063,0.473225404732254,0.3927061168421903,0.3629751372521593,0.353691559399905,0.0437408422840268,0.9960462809917356,0.025744218413845,0.9943735537190084,False
Social,Norwegian_Board_of_Directors_net1mode_2003-03-01,338,1371,0.6704248037044493,0.4703355704697987,0.3947007515497284,0.3631999165057663,0.3546759798214978,0.0458852553995155,0.9933933613937876,0.0445587431228614,0.9960972880814108,False
Social,Norwegian_Board_of_Directors_net1mode_2003-04-01,340,1366,0.70902210714997,0.472831478011683,0.3921728274439559,0.3655300993151913,0.3529244893748711,0.0282155183159361,0.9997853184666372,0.0313224651815632,0.997973943028888,False
Social,Norwegian_Board_of_Directors_net1mode_2003-05-01,338,1356,0.7058359621451105,0.4829281617044523,0.3974889662545574,0.3587579137775098,0.3564036811892271,0.025940218291906,0.9999591508830218,0.0530556819056898,0.9976443675875872,False
Social,Norwegian_Board_of_Directors_net1mode_2003-06-01,336,1394,0.6900389538119087,0.4967811158798283,0.4086135850059816,0.3888343886560242,0.3685124199024789,0.0527862739790175,0.9997023963562962,0.0300926079970625,0.9980396977382122,False
Social,Norwegian_Board_of_Directors_net1mode_2003-07-01,358,1548,0.7429577464788732,0.5173023490780501,0.4101851851851852,0.3857233301677746,0.3712565344098336,0.0842116507740615,0.992972423833014,0.0368590281348544,0.989783307673778,False
Social,Norwegian_Board_of_Directors_net1mode_2003-08-01,377,1665,0.7361859838274932,0.4991896272285251,0.4401722090261283,0.3691237674925282,0.3614457831325301,0.0827878406060655,0.9986472959445932,0.0578807200890055,0.9918837756675594,False
Social,Norwegian_Board_of_Directors_net1mode_2003-09-01,389,1628,0.7759078830823738,0.4926064493140923,0.4287168571560779,0.396332009273342,0.3712106023994682,0.0602456442363857,0.9996307692307692,0.0743794204573154,0.9902816568047338,False
Social,Norwegian_Board_of_Directors_net1mode_2003-10-01,393,1638,0.7790393013100436,0.4917817225509533,0.4286786957609957,0.3958699472759227,0.3734949885482549,0.0611298145804315,0.999195728006434,0.0524227687897559,0.9949779760401762,False
Social,Norwegian_Board_of_Directors_net1mode_2003-11-01,402,1684,0.7475743597900429,0.4864637985309549,0.4278336746505209,0.3952058393331345,0.3704905071310553,0.0870478282954542,0.9932149943310656,0.059401857179497,0.9931529903628118,False
Social,Norwegian_Board_of_Directors_net1mode_2003-12-01,389,1660,0.746191135734072,0.4717062263501892,0.4329781529063397,0.364308057383238,0.3675363642970607,0.0922912811435946,0.9910817970677892,0.0743749476389885,0.9876206633763972,False
Social,Norwegian_Board_of_Directors_net1mode_2004-01-01,374,1610,0.7369146005509642,0.4734308131241084,0.4291538516558186,0.3990728456623511,0.3681564125250869,0.0753664853138755,0.998640098761622,0.0692689210970044,0.9931522703599398,False
Social,Norwegian_Board_of_Directors_net1mode_2004-02-01,384,1653,0.7142857142857143,0.4752145510439349,0.4214227011231851,0.3904161484467698,0.3718847964436616,0.0905157710888023,0.9947842056932966,0.0891421103556352,0.982979797979798,False
Social,Norwegian_Board_of_Directors_net1mode_2004-03-01,395,1695,0.7311399135925557,0.4762905666722717,0.4269308714253546,0.3925938384772797,0.3719612502284775,0.0489159514118376,0.9994692005812688,0.0490244955624276,0.995327224789203,False
Social,Norwegian_Board_of_Directors_net1mode_2004-04-01,441,1797,0.7056338028169014,0.4737516005121638,0.4290244729441331,0.4216924943097409,0.3787949295460044,0.094938677448242,0.995041937911717,0.0579463220516535,0.9885941294682692,False
Social,Norwegian_Board_of_Directors_net1mode_2004-05-01,450,1818,0.6868942267172355,0.4095926667097024,0.3958164798335837,0.3754019492983025,0.3589162102105946,0.0895319539110403,0.9971806722370208,0.079596289372287,0.9843551973529432,False
Social,Norwegian_Board_of_Directors_net1mode_2004-06-01,423,1747,0.7598870056497176,0.4997719671632715,0.4404404404404404,0.3904611147574739,0.3838031224987704,0.0841979717593275,0.9985550200737268,0.0459500963069424,0.9912069687440992,False
Social,Norwegian_Board_of_Directors_net1mode_2004-07-01,449,1909,0.7401954222995583,0.4363903065122391,0.3928902367113133,0.3678098286959779,0.369452107413486,0.0680434560043808,0.999662443769332,0.047553037617181,0.9944888778666444,False
Social,Norwegian_Board_of_Directors_net1mode_2004-08-01,453,1929,0.7293841336116911,0.4555198285101822,0.3972209636006645,0.3710668591960777,0.3754195356562056,0.1026258841945173,0.999129701467364,0.0479213687088842,0.9944476302917862,False
Social,Norwegian_Board_of_Directors_net1mode_2004-09-01,437,1852,0.7201218667774546,0.5037404608849292,0.3883991747796286,0.371294084586202,0.3766148060424708,0.0726780996156561,0.993718042366691,0.0581264627987513,0.9873484295105918,False
Social,Norwegian_Board_of_Directors_net1mode_2004-10-01,452,1886,0.7098804279421019,0.4862609187679033,0.4038890437691664,0.3751576657370656,0.3748953974895397,0.0816743825035448,0.9973052649353756,0.0712288273627309,0.9861886033110766,False
Social,Norwegian_Board_of_Directors_net1mode_2004-12-01,443,1892,0.7446270543615676,0.480924611817607,0.4481198756007916,0.3913705044881397,0.3818673017791443,0.0936190279280908,0.9991251644690798,0.0778571320954684,0.980827104504353,False
Social,Norwegian_Board_of_Directors_net1mode_2005-01-01,465,1995,0.7597535934291582,0.4864556792275714,0.4513618677042801,0.3902384666815244,0.3822915887539787,0.1173184791224132,0.9966960006532622,0.0836686274893822,0.985392679694223,False
Social,Norwegian_Board_of_Directors_net1mode_2005-02-01,455,1893,0.7529428251121076,0.4876366520674552,0.4592720970537261,0.4036712537498214,0.3915466708862985,0.0802994161399324,0.9988802105204222,0.0604592807878084,0.9928578427255677,False
Social,Norwegian_Board_of_Directors_net1mode_2005-03-01,455,1882,0.7463239836896084,0.4935192665706558,0.4462004167158077,0.3963727478821143,0.3854297157577148,0.0557277542800929,0.9947515844273428,0.0773060322525562,0.9898992756903576,False
Social,Norwegian_Board_of_Directors_net1mode_2005-04-01,454,1870,0.7463051178697936,0.5003326214068134,0.453105196451204,0.397374787420058,0.3880139670776028,0.1052893605285949,0.9980339729474678,0.0509439972063733,0.9939589350567646,False
Social,Norwegian_Board_of_Directors_net1mode_2005-05-01,470,1840,0.7446939025886394,0.4963066344419103,0.4264481430336507,0.3945886328436664,0.3977043808364147,0.050759366168013,0.9997600129962192,0.0838399537826401,0.9815210007088846,False
Social,Norwegian_Board_of_Directors_net1mode_2005-06-01,476,1836,0.7985166872682324,0.5102006520350889,0.4529911387285362,0.4122083844939484,0.4092181011282015,0.0802609751432892,0.9984557016534386,0.0620360340211839,0.9981438721796136,False
Social,Norwegian_Board_of_Directors_net1mode_2005-07-01,466,1779,0.7511737089201878,0.5163934426229508,0.4504701908153017,0.4256879865597122,0.4246900309505718,0.0497273186847428,0.9980162666137672,0.051415500868069,0.992521325133902,False
Social,Norwegian_Board_of_Directors_net1mode_2005-08-01,437,1658,0.7712935768101137,0.5221838087006626,0.4887394272903291,0.4408121568126676,0.4393041598270409,0.0658421503111872,0.9986765363587408,0.0667552133390182,0.9921185458329148,False
Social,Norwegian_Board_of_Directors_net1mode_2005-09-01,393,1490,0.8055915838017006,0.5462320477650475,0.5093560145808019,0.4708273219466033,0.4491038445751813,0.1187802205406665,0.9851695869555426,0.1087291216788419,0.9797137516328094,False
Social,Norwegian_Board_of_Directors_net1mode_2005-10-01,403,1533,0.7962496501539322,0.5811088295687885,0.5291505244259662,0.4957785046018103,0.4675546107771171,0.0868037526600762,0.9986330044000172,0.0530044924313316,0.9962621214062968,False
Social,Norwegian_Board_of_Directors_net1mode_2005-11-01,401,1520,0.8335841107433042,0.5882608318138404,0.5286343612334802,0.4894952421000171,0.4648027012269186,0.1242395324850612,0.9987231648199446,0.061128292164425,0.9972569684903048,False
Social,Norwegian_Board_of_Directors_net1mode_2005-12-01,405,1521,0.8821304282039644,0.5953104646113765,0.5225110671564472,0.4891194919848215,0.4692771017268061,0.1210589181012701,0.9924039127423824,0.0625443779667604,0.9897853185595568,False
Social,Norwegian_Board_of_Directors_net1mode_2006-01-01,473,1743,0.821209570758687,0.5623992039254709,0.5018396995789554,0.4639993996773265,0.4540315438391528,0.1022338170218477,0.9945418813581716,0.0559745175444289,0.992345422116528,False
Social,Norwegian_Board_of_Directors_net1mode_2006-02-01,490,1785,0.7977715877437326,0.5285528877352369,0.490738382037192,0.4694788834285429,0.4500533822442443,0.1048807357648193,0.9980227385071676,0.0873012057187038,0.9880187369065272,False
Social,Norwegian_Board_of_Directors_net1mode_2006-03-01,492,1805,0.8023857753769975,0.5381473615422316,0.4892643435410067,0.4702985458599272,0.4500657622110516,0.143363632864537,0.992633574021071,0.0839687078692542,0.983939656693856,False
Social,Norwegian_Board_of_Directors_net1mode_2006-04-01,484,1769,0.8257539492580181,0.5594286104845876,0.5007807062099066,0.4634140370633308,0.4435243245228281,0.1203053220875277,0.9939972233145276,0.0594263396149994,0.9934635539969024,False
Social,Norwegian_Board_of_Directors_net1mode_2006-05-01,494,1789,0.8164427237531313,0.5601323757217294,0.4836123643685446,0.4288957260229774,0.43045968172401,0.1048125197017059,0.9940211378669116,0.0832471924590256,0.9797683779394112,False
Social,Norwegian_Board_of_Directors_net1mode_2006-06-01,520,1814,0.8313099780321425,0.5769422725004159,0.4939642259229888,0.447314431776141,0.4412400229307228,0.075966434892724,0.9976801684930252,0.0833349684171694,0.9857795854827386,False
Social,Norwegian_Board_of_Directors_net1mode_2006-07-01,542,1841,0.8316900591578703,0.516951037397134,0.4759534516494456,0.4315461657823062,0.4273224232181966,0.0818200108841088,0.9905998936672968,0.0764166765743383,0.9784713197069944,False
Social,Norwegian_Board_of_Directors_net1mode_2006-08-01,560,1919,0.7673509286412512,0.529771406198235,0.4906125576823762,0.4370742276202579,0.4400852737518798,0.0637907916531911,0.9988751712807368,0.0889483714857532,0.983250277798608,False
Social,Norwegian_Board_of_Directors_net1mode_2006-09-01,561,1935,0.7895258877206903,0.5443853761397048,0.4921787437259393,0.449597336944723,0.4485702890352198,0.0854608203170439,0.9968418030433536,0.0860692836218962,0.9866027014936336,False
Social,Norwegian_Board_of_Directors_net1mode_2006-10-01,592,2122,0.7821552723059096,0.5353412020078687,0.4471280726237685,0.4166399589769886,0.4231826647352706,0.0570808443895572,0.9997107511569954,0.0408020383315554,0.9938367746529012,False
Social,Norwegian_Board_of_Directors_net1mode_2006-11-01,609,2189,0.7948482060717571,0.5499344692005242,0.4715385552112791,0.4188647952432203,0.423746889441877,0.0634737051926515,0.9981305866397164,0.0851142824137377,0.986948143415947,False
Social,Norwegian_Board_of_Directors_net1mode_2006-12-01,631,2226,0.8012960854715824,0.5375409673254544,0.4549642491013612,0.4295199889334624,0.4332285911361625,0.0718116444909269,0.9963287463704078,0.0638081417964211,0.9892538820855952,False
Social,Norwegian_Board_of_Directors_net1mode_2007-01-01,646,2284,0.7831067795161152,0.5298997746127655,0.4753683241252302,0.4389014353743222,0.4418465750850608,0.0871074141388423,0.9989131271160356,0.0550058226650404,0.9928487611572792,False
Social,Norwegian_Board_of_Directors_net1mode_2007-02-01,652,2296,0.7816711590296497,0.5400331035845747,0.4753808846011914,0.4443431296906782,0.4321326303958038,0.0686404763327896,0.997275501825034,0.0917093778724508,0.976635292219042,False
Social,Norwegian_Board_of_Directors_net1mode_2007-03-01,653,2300,0.8028325228222849,0.5540084284200409,0.4805599363945622,0.4427092350843173,0.4340229149160364,0.1200961968134832,0.9981616257088848,0.0463808894266545,0.9976370510396976,False
Social,Norwegian_Board_of_Directors_net1mode_2007-04-01,672,2350,0.7938968668407311,0.5465102500296244,0.4783783447262585,0.4455617051839959,0.4366044613957591,0.0461285276130802,0.9994703485740154,0.0491233039053755,0.9888524219103666,False
Social,Norwegian_Board_of_Directors_net1mode_2007-05-01,682,2351,0.7756728189283681,0.5235626991297732,0.4568860941252197,0.4243060912955698,0.4303283999896322,0.0934505377505156,0.99350837483024,0.0918441993446204,0.9790425531914894,False
Social,Norwegian_Board_of_Directors_net1mode_2007-06-01,708,2414,0.767590618336887,0.5326613082286069,0.4492836408994998,0.4256698016280724,0.4336581709145427,0.0786712416246349,0.9984762659045128,0.0772893387923719,0.9882448649300116,False
Social,Norwegian_Board_of_Directors_net1mode_2007-07-01,828,2835,0.7689070578333533,0.5441082981189933,0.4577993813521873,0.4345438962986769,0.4395223101462485,0.0356908049954442,0.9993561210492428,0.0618424581245647,0.9873712630914276,False
Social,Norwegian_Board_of_Directors_net1mode_2007-08-01,789,2716,0.76347771891555,0.5573257746065878,0.4621027142582142,0.4392911804765716,0.446213966873232,0.0636434915940569,0.9971171684489348,0.1029709562160787,0.9783414561351744,False
Social,Norwegian_Board_of_Directors_net1mode_2007-09-01,808,2760,0.7762968299711815,0.5509804294490196,0.4713976043394632,0.4457723416038233,0.4489325239841761,0.077422413619237,0.9921038122243224,0.0969634086673234,0.97600786336904,False
Social,Norwegian_Board_of_Directors_net1mode_2007-10-01,834,2854,0.7747148288973383,0.5529508346255587,0.4814964153299962,0.4488386275653603,0.4487123392032615,0.0723311981458042,0.9982733148661126,0.0707596800633398,0.9882440751000308,False
Social,Norwegian_Board_of_Directors_net1mode_2007-11-01,816,2746,0.7926496452180241,0.5521782233777894,0.4741105463786531,0.4563219896190194,0.4564986765824751,0.0541352716873218,0.9966722074578384,0.078212118414011,0.9843381408820806,False
Social,Norwegian_Board_of_Directors_net1mode_2007-12-01,825,2819,0.7663760603204525,0.5427239210583388,0.5082469866779445,0.4628683802733709,0.4561016472938801,0.055624462664092,0.9982111815351028,0.0604525191657933,0.9880650789193896,False
Social,Norwegian_Board_of_Directors_net1mode_2008-01-01,856,2861,0.7292898575209776,0.5452045873883,0.4889528434811284,0.4617418697678811,0.4562795821772482,0.1133476296504995,0.9932423345884884,0.0994358686038373,0.9863639420020538,False
Social,Norwegian_Board_of_Directors_net1mode_2008-02-01,882,2937,0.7904802379940501,0.5809937420921246,0.5052556026707716,0.4912124671463084,0.4776920064055845,0.063505345780548,0.9974954218168204,0.1070616101768704,0.9738818640098208,False
Social,Norwegian_Board_of_Directors_net1mode_2008-03-01,841,2776,0.8093101514301738,0.5785427255545974,0.4908777969018933,0.4830035306675425,0.4774942848884568,0.040599866928999,0.9993734274815356,0.0728749709003334,0.990216703189676,False
Social,Norwegian_Board_of_Directors_net1mode_2008-04-01,859,2813,0.7821478382147838,0.5444934825002565,0.4858482408777357,0.474257782491349,0.4723079069334862,0.1002466226220822,0.9940350299514952,0.0939487430230012,0.9807294107217488,False
Social,Norwegian_Board_of_Directors_net1mode_2008-05-01,870,2832,0.7852051411573217,0.5563725066173035,0.4940363242071021,0.4802189599402837,0.4744948149362626,0.0703842825717572,0.9969221740813344,0.0882121247085313,0.9820652648928068,False
Social,Norwegian_Board_of_Directors_net1mode_2008-06-01,852,2798,0.7988496564946477,0.5653122726800374,0.5062458908612755,0.49215847421364,0.4893219017926734,0.0655400651587119,0.99849590855124,0.0746700764618341,0.9838422176068304,False
Social,Norwegian_Board_of_Directors_net1mode_2008-07-01,840,2700,0.7472680522819799,0.5870013111069489,0.4962552396845263,0.4768241605849641,0.4830394075584011,0.0889412180761904,0.993758573388203,0.0900129513538919,0.9856395747599452,False
Social,Norwegian_Board_of_Directors_net1mode_2008-08-01,833,2632,0.7856730213749278,0.5826296088678323,0.5217435740201339,0.4982142342809412,0.4986442952275864,0.0407254698405191,0.999638566409808,0.0835607405969238,0.9826511876707774,False
Social,Norwegian_Board_of_Directors_net1mode_2008-09-01,837,2632,0.7799040594212616,0.5918525631555621,0.520793125165065,0.4946060455014776,0.5015888182747433,0.099693944420178,0.9935773251022856,0.1068145197292308,0.9713310876259597,False
Social,Norwegian_Board_of_Directors_net1mode_2008-10-01,851,2664,0.7950594218693238,0.5758509520332009,0.5164924054045956,0.5018899471958043,0.5016966648729972,0.0539230125805109,0.9953254847645427,0.0758175907867359,0.9826233817626772,False
Social,Norwegian_Board_of_Directors_net1mode_2008-11-01,842,2629,0.7731985893994421,0.5878825325288943,0.5158076690975667,0.5056134810858793,0.5037515782213793,0.1058486348928352,0.9969197278911563,0.091477651894448,0.982875283446712,False
Social,Norwegian_Board_of_Directors_net1mode_2008-12-01,839,2615,0.7813252045563933,0.5728243169893251,0.5116954609626537,0.5042188549239438,0.5022032828635418,0.1095185448904535,0.993295043669958,0.100532745228187,0.9786329785872796,False
Social,Norwegian_Board_of_Directors_net1mode_2009-01-01,822,2555,0.7888040712468194,0.5702455324713062,0.5159524060229547,0.5059411157868174,0.505822668050271,0.1152415623385454,0.9885034141260182,0.1097037872412876,0.9739239662838302,False
Social,Norwegian_Board_of_Directors_net1mode_2009-02-01,827,2556,0.7658038684937687,0.569121068260483,0.521413264701765,0.5122516355706325,0.508934682210579,0.0650517726003715,0.9992379012028906,0.0872970399049273,0.98672454532573,False
Social,Norwegian_Board_of_Directors_net1mode_2009-03-01,834,2591,0.7948632790877893,0.5861622959116727,0.5207337031605348,0.5030495636665223,0.5056046865318538,0.0612067971554472,0.9985987090234194,0.0899002997122891,0.979705505284656,False
Social,Norwegian_Board_of_Directors_net1mode_2009-04-01,809,2512,0.7733014680778423,0.5983967702490246,0.5329109083956957,0.5125469214176601,0.5119135058906484,0.1099295807940991,0.98525817050523,0.1071384077990991,0.9714389454135648,False
Social,Norwegian_Board_of_Directors_net1mode_2009-05-01,809,2506,0.8039451803429095,0.5807025688641287,0.5214332820400088,0.5106346997916875,0.5077739097708991,0.0939628585076504,0.9953147597021526,0.1158083519745053,0.9800259759921276,False
Social,Norwegian_Board_of_Directors_net1mode_2009-06-01,802,2469,0.8120009394081729,0.5842692186017083,0.5133006126812839,0.4970349742621958,0.5018304299270814,0.0505628603005052,0.99851058839987,0.0881217708643126,0.9869655913005196,False
Social,Norwegian_Board_of_Directors_net1mode_2009-07-01,831,2601,0.7518180326972497,0.5808379856764225,0.4999235123145173,0.4922047359905868,0.4910900463249963,0.1090859999995332,0.994326923076923,0.0764269343274157,0.9871708579881658,False
Social,Norwegian_Board_of_Directors_net1mode_2009-08-01,818,2577,0.7672398918732386,0.5670162278015921,0.50459357868321,0.4780043596973507,0.479583712465878,0.1080834617672077,0.9955396361579792,0.0840521996866289,0.9831388443774154,False
Social,Norwegian_Board_of_Directors_net1mode_2009-09-01,814,2550,0.72048908696149,0.5449601642866649,0.4987854427415226,0.484354219851109,0.4849921831282486,0.1026985053562986,0.9950903498654364,0.1023546072358862,0.975920799692426,False
Social,Norwegian_Board_of_Directors_net1mode_2009-10-01,814,2644,0.7388077012294131,0.5427841634738186,0.4811242597498235,0.4705662331683738,0.4791770920211287,0.0619721141446535,0.998045081496786,0.0934062160052549,0.9810785410927456,False
Social,Norwegian_Board_of_Directors_net1mode_2009-11-01,786,2536,0.732771683132311,0.5440262633368508,0.4823474596014148,0.4716364046464418,0.4839246216785624,0.0890636529179729,0.9928223801687616,0.0938787935728681,0.9819548023917618,False
Social,Norwegian_Board_of_Directors_net1mode_2009-12-01,781,2533,0.732493764068869,0.5509674144360491,0.4799257759784076,0.4722594640194025,0.4792721214839495,0.073394144685741,0.996844193785249,0.09948703404176,0.9816881219828462,False
Social,Norwegian_Board_of_Directors_net1mode_2010-01-01,770,2511,0.7149240393208222,0.5260092037047824,0.4689370828865034,0.4637565259377735,0.4719921314894474,0.0708837653815352,0.998305582451072,0.0924752654068556,0.98214314058507,False
Social,Norwegian_Board_of_Directors_net1mode_2010-02-01,776,2525,0.728078698081127,0.5243445692883895,0.4623717514712775,0.4557652775182209,0.468373900689234,0.1046700366411137,0.9965336731692972,0.0813686433533008,0.9806077835506324,False
Social,Norwegian_Board_of_Directors_net1mode_2010-03-01,775,2504,0.7147749206151548,0.5154458226070676,0.4562773761148345,0.4539307609087631,0.4679226039053836,0.1189435386223688,0.996796,0.0929617213015877,0.987824,False
Social,Norwegian_Board_of_Directors_net1mode_2010-04-01,781,2514,0.7248733504284195,0.5286909161641704,0.4402056620540815,0.4403022516838216,0.4517873553738483,0.0725499660879006,0.9961945048491292,0.0921990781983061,0.9784666116410852,False
Social,Norwegian_Board_of_Directors_net1mode_2010-05-01,777,2519,0.701842651405572,0.5200147466868463,0.450187265917603,0.4484649372970424,0.4573942246292836,0.0881122340564835,0.998031690572272,0.0877160828156806,0.9804433834369528,False
Social,Norwegian_Board_of_Directors_net1mode_2010-06-01,750,2452,0.7217762817193164,0.5277066644644479,0.4447170679343659,0.4521735005297364,0.4541313379169602,0.1068415302262244,0.9933527696793004,0.0832976358607456,0.9821532694710536,False
Social,Norwegian_Board_of_Directors_net1mode_2010-07-01,747,2463,0.7756653992395437,0.5792420327304049,0.4918294686872375,0.466937354988399,0.4730616012436844,0.0920183981525346,0.996054762376892,0.1017803724056791,0.9683038370017848,False
Social,Norwegian_Board_of_Directors_net1mode_2010-08-01,747,2447,0.7340711935387376,0.5532500657908055,0.4958096662240127,0.4866041394594166,0.4926102349926927,0.1356221963745182,0.98685184488188,0.1025572332586699,0.9822893012324304,False
Social,Norwegian_Board_of_Directors_net1mode_2010-09-01,802,2613,0.7681308625028597,0.5611320754716981,0.5051164357603066,0.4943866515604078,0.497376574620621,0.0538474892048288,0.998572393241438,0.0813591951247477,0.9881791224438868,False
Social,Norwegian_Board_of_Directors_net1mode_2010-10-01,792,2550,0.7716733568989276,0.5634293680297398,0.5047468696611233,0.4965902468192036,0.4987574610400167,0.1221271322204278,0.9931410995770856,0.0976145242513412,0.9805382545174932,False
Social,Norwegian_Board_of_Directors_net1mode_2010-11-01,789,2536,0.7824900793650794,0.5412670173267327,0.4934221463641703,0.4880098101553274,0.4899425455481576,0.0928994774991999,0.9945963610051004,0.0884239962845393,0.9837054413749906,False
Social,Norwegian_Board_of_Directors_net1mode_2010-12-01,783,2520,0.7619164468437519,0.5480654790939067,0.4962466398224265,0.4915522824530916,0.4901159268560943,0.0757611360852639,0.9937011841773749,0.1047162361974907,0.9750566893424036,False
Social,Norwegian_Board_of_Directors_net1mode_2011-01-01,794,2577,0.7931161195492406,0.5646803312067328,0.5041348600508906,0.4939745381738506,0.4927247541527859,0.0491609032700714,0.9967197662362146,0.0866023880077986,0.9828447544537656,False
Social,Norwegian_Board_of_Directors_net1mode_2011-02-01,791,2555,0.7801865389463071,0.5550409140033966,0.4907955506407337,0.4870302551400307,0.4845424184795213,0.1513115261803138,0.9897786849774626,0.0860106289355654,0.98342530857342,False
Social,Norwegian_Board_of_Directors_net1mode_2011-03-01,788,2543,0.7917774463394074,0.566898392526343,0.4918407062328089,0.4865345820773024,0.4822696685413843,0.0761270572886689,0.9941099882199764,0.0788368624511005,0.9846956568913138,False
Social,Norwegian_Board_of_Directors_net1mode_2011-04-01,786,2538,0.7850048061518744,0.5624377614021111,0.4918676571652976,0.4784277948834911,0.4811616542011876,0.1119268512210395,0.9961680457811546,0.105785168886098,0.9779964131352388,False
Social,Norwegian_Board_of_Directors_net1mode_2011-05-01,784,2522,0.7665832290362954,0.5502592740327085,0.4882367821907412,0.4768039272483344,0.4835047179800927,0.1023249982553651,0.9955593348450492,0.1006051075482714,0.9805563429075336,False
Social,Norwegian_Board_of_Directors_net1mode_2011-06-01,812,2590,0.7638726293608054,0.572358605723586,0.5063579550386251,0.4753164786535601,0.4829719953591009,0.0635791299938656,0.9965862166634368,0.0955743662940399,0.9811403378005696,False
Social,Norwegian_Board_of_Directors_net1mode_2011-07-01,848,2721,0.7798519827681432,0.5790674331599599,0.5020548150666441,0.4829664985963484,0.4845038323855391,0.0720667353199964,0.9950597426470588,0.1181860971932708,0.9710866538711072,False
Social,Norwegian_Board_of_Directors_net1mode_2011-08-01,854,2745,0.8134259006177227,0.5703320718511806,0.4914440835716709,0.4773907414294175,0.478706176562724,0.057859828465472,0.9975713418336368,0.0847885201147821,0.9840926207942244,False
Social,Zachary_Karate_Club_Zachary_karate_club_77,34,76,0.78125,0.8981001727115717,0.6990291262135923,0.7329192546583851,0.7721518987341772,0.6376177667846764,0.8888888888888888,0.5251340212422523,0.7977777777777778,False
Social,Zachary_Karate_Club_Zachary_karate_club_78,34,78,0.9022556390977444,0.8016032064128257,0.7190160832544938,0.720658888126287,0.7493175614194723,0.6376177667846764,0.7422222222222222,0.617309936945084,0.68,False
Technological,57222842461efe0c7a6758dd,512,1181,0.7581481718639943,0.7617528441581894,0.7041087924131607,0.7089363424754579,0.7429842153371806,0.5811855623110845,0.8820471847170352,0.7328651022778495,0.6841873743177248,False
Technological,57222842461efe0c7a6758de,522,1198,0.7957474226804123,0.7458982892508904,0.6979991708668805,0.6833259619637329,0.7203094881130864,0.5637289726754853,0.8878608567777174,0.7484554545981442,0.6849932599219201,False
Technological,57222842461efe0c7a6758df,493,1145,0.7579708427166054,0.7576122277048983,0.7190376990793629,0.6952104246768386,0.7346678927636698,0.6372085256304567,0.8172517686542973,0.7429875098763576,0.6828149730172955,False
Technological,57222854461efe0c7a675a78,2132,4347,0.7395037249504303,0.6685129625355797,0.5982776720103908,0.5613782901163927,0.6055308140290362,0.2257181196737347,0.9416773376803091,0.7457956287561712,0.7042021502699425,False
Technological,57222854461efe0c7a675a82,2067,4218,0.727598963741016,0.6552803179133417,0.5703863053385886,0.5548811235829146,0.6096146646008298,0.2867943616526174,0.9174529197958484,0.7688990000953096,0.6979950721101416,False
Technological,57222854461efe0c7a675ad3,103,239,0.813953488372093,0.7728026533996684,0.709437267352748,0.6991164160595257,0.771943200228724,0.6210612825853322,0.8196016296966953,0.6550252830944776,0.7535083748302398,False
Technological,57222854461efe0c7a675baf,549,1249,0.7641687496811713,0.7377115775220041,0.7061410653200847,0.6845931147334634,0.7072355933490243,0.5969874664651297,0.888138900985468,0.7388629045510091,0.7024806051515298,False
Technological,57222854461efe0c7a675bb0,561,1280,0.8096774193548387,0.7502279920605118,0.6818320300599168,0.6609107579462102,0.7002832300594907,0.5454135080962594,0.884429931640625,0.7311731677385563,0.718048095703125,False
Technological,57222854461efe0c7a675bb1,553,1264,0.7231243147287632,0.7313026924122926,0.6875741787531934,0.6638030221676766,0.7089444743665219,0.5346588728412205,0.8898966994205089,0.7400159923175268,0.7147974930713026,False
Technological,57222854461efe0c7a675bb2,557,1278,0.7427607534439135,0.7292118975249674,0.6997390107067261,0.6681599901808866,0.7260488338011376,0.5467334302066109,0.8906958861976164,0.732274181406955,0.7147327950788159,False
Technological,57222854461efe0c7a675bb3,538,1225,0.8040260509177027,0.7358220717433817,0.67860198775752,0.6808658065793382,0.7228399231048994,0.5411379177992393,0.8920283215326946,0.7116591781047226,0.7215160349854228,False
Technological,57222854461efe0c7a675bb4,544,1240,0.8364724130290272,0.7854369722802921,0.7075821190417386,0.6829074750039676,0.732457940090275,0.584058239966861,0.8558549037460979,0.738838919847217,0.6915241285119667,False
Technological,57222854461efe0c7a675bb5,545,1246,0.7788836001730852,0.7914623906389664,0.7258720221156191,0.6940833280487031,0.7173824339487912,0.5440596908445103,0.8983242205770874,0.738958441711834,0.6850615312656247,False
Technological,57222854461efe0c7a675bb6,530,1198,0.7687400318979266,0.7311797353066742,0.6895354639935777,0.673892631821701,0.7127665231030998,0.5660710211003226,0.9006319917368394,0.7283191295177025,0.6898426148001612,False
Technological,57222854461efe0c7a675bb7,527,1198,0.7526590339407899,0.7460553395838098,0.6976142197678933,0.6760311708939296,0.7279402961248354,0.5794857860960945,0.8657236392920292,0.7075596070760635,0.7030164037744437,False
Technological,57222854461efe0c7a675bb8,541,1233,0.7279264411175292,0.7393920202659912,0.710246778949069,0.6738788171657495,0.7201006702791546,0.5810929755292992,0.8678200806398308,0.7180928491662206,0.7206523894507237,False
Technological,5728dc4b461efe0c7a675f37,362,617,0.6712062256809339,0.694609985432393,0.7393119724062812,0.771388985105646,0.7952150384505838,0.7130362261773993,0.8740498380593562,0.8018989393727857,0.557340207548417,True
Technological,5728dc4b461efe0c7a675f38,1036,2022,0.7550033730604903,0.8044398351879363,0.8484444303301681,0.8587892788746426,0.8805761750751564,0.5337125331478797,0.8668175914126067,0.8535589463991907,0.5424284383883933,True
Technological,5728dc4b461efe0c7a675f39,770,1415,0.9513665594855304,0.9178178412549752,0.910328668228738,0.9006996221019303,0.9230835560920928,0.6511153733284307,0.8192073817877611,0.8687606136338144,0.5142591367104097,True
Technological,5728dc4b461efe0c7a675f3a,189,361,0.927906976744186,0.9295808966861598,0.8806448816850134,0.9193946263084204,0.9392721466718054,0.7833019286940676,0.5513117283950617,0.8322338291029011,0.5139853395061729,True
Technological,5728dc4b461efe0c7a675f3b,159,293,0.965065502183406,0.9367088607594936,0.8663812528165841,0.8843827213086819,0.9484942302279764,0.75097911886774,0.7167063020214032,0.7885990626545711,0.5692627824019025,True
Technological,5728dc4b461efe0c7a675f3c,167,309,0.8576051779935275,0.9289930848372406,0.954623287671233,0.9607022725408154,0.9903079053207622,0.8198273366671661,0.7041117979037893,0.8275815836601472,0.5491803278688525,True
Technological,5728dc4b461efe0c7a675f3d,441,802,0.8538511567406857,0.8430416328005058,0.8731623496467893,0.8881805431595053,0.9428984232677932,0.790091966304874,0.72193359375,0.8352776719080178,0.55380859375,True
Technological,5728dc4b461efe0c7a675f3f,998,1928,0.8266427865612648,0.7969472710453284,0.812585745451274,0.8516665177374676,0.8575242409016941,0.541103334207283,0.8809276437847866,0.8762960464606739,0.5142148760330578,True
Technological,5728dc4b461efe0c7a675f40,737,1341,0.7406894002402736,0.8494426414561874,0.875075023578839,0.907184487172504,0.9233465441799728,0.6707571511848811,0.8177489418578748,0.826871695581563,0.5451381153931832,True
Technological,5728dc4b461efe0c7a675f41,149,273,0.8536585365853658,0.909657320872274,0.9113924050632912,0.8588201874822461,0.8533210332103321,0.7401939689203271,0.6430041152263375,0.7205022271994037,0.5600137174211248,True
Technological,58866954a411221d0e7c6780,1031,4408,0.7677473157510685,0.7826032885327744,0.7661959256064235,0.7405616611999006,0.7265359544548966,0.3613680405540114,0.9587083092296572,0.6426634067740205,0.8573987871073141,True
Technological,58866954a411221d0e7c6781,435,1303,0.8214386993099536,0.7627810981639936,0.7409965213832618,0.728595829478329,0.7407454200884397,0.5828228758225948,0.9316124260355032,0.6389315573344799,0.8028032544378698,True
Technological,58866954a411221d0e7c6782,96,179,0.8971291866028709,0.9226430298146656,0.8200618017589731,0.8532423208191127,0.8662752772341813,0.7119136052442071,0.8489795918367348,0.6803758718826031,0.7195918367346938,True
Technological,588f93d5a411221d0e7c6791,486,2717,0.6105387603445364,0.4691820951488165,0.4809504113240498,0.4184242993948651,0.4150746463385085,0.3919731092312945,0.9573629213597468,0.7255210792028189,0.8083324006525373,True
Technological,588f93d5a411221d0e7c6792,504,1139,0.7449160035366932,0.571698707847463,0.5135054912436925,0.5259220468317498,0.5279929752007592,0.5409837657486519,0.9399367346542724,0.6592014610790881,0.7919035882706826,True
Technological,588f93d5a411221d0e7c6793,398,943,0.7395451210564931,0.6535597259457849,0.6197680093096587,0.6388874634371632,0.6349178047997718,0.5278941879896857,0.9433142824807604,0.5926327799553317,0.8052710502489814,True
Technological,588f93d5a411221d0e7c6794,228,491,0.8164642375168691,0.8430942687128092,0.7175733796121633,0.7030876335228783,0.6723335512904343,0.5658832601848955,0.9379425239483548,0.6917412471499961,0.7074135776759684,True
Technological,588f93d5a411221d0e7c6795,192,488,0.8059459459459459,0.7910216718266254,0.6778361804643013,0.6179606095283985,0.634370465903595,0.5802566111935444,0.8982888723562547,0.6602266168571251,0.7786693591242426,True
Technological,588f93d5a411221d0e7c6796,105,292,0.792079207920792,0.731364275668073,0.6795580110497238,0.581896551724138,0.5589135724939163,0.5202680476272912,0.9335612366230678,0.691539911474947,0.7774970273483948,True
Technological,588f9554a411221d0e7c679b,457,926,0.8040739748056821,0.7366342648845686,0.5877078943829291,0.5472422964296269,0.5158200238591243,0.5115627193126693,0.8986121256391526,0.6583788576922557,0.746062819576333,True
Technological,588f9892a411221d0e7c67a0,249,802,0.8861028474288143,0.8549931600547196,0.7766013763896241,0.7332715985869603,0.7315934450721322,0.5153341977734993,0.9371875,0.6114720539275185,0.86419921875,True
Technological,ISCAS89_Benchmark_Circuits__s1196_benc,588,1038,0.9124767225325884,0.9324206315670864,0.9342087868505706,0.9506155064430208,0.980789144243698,0.8002174170210569,0.6497817918737894,0.8606313978367451,0.5,True
Technological,ISCAS89_Benchmark_Circuits__s1238_benc,567,1070,0.909141927156406,0.9508532607230474,0.9541608046532136,0.9537958956715148,0.9646834329670986,0.7921629793679765,0.6555703554895623,0.8609827725034952,0.4953271028037383,True
Technological,ISCAS89_Benchmark_Circuits__s1423_benc,819,1237,0.8375447163704504,0.8701901482257823,0.8949107449364916,0.9057448941235434,0.892859367796758,0.5775707512959801,0.8029061286039765,0.8590139016064988,0.4979757085020243,True
Technological,ISCAS89_Benchmark_Circuits__s1488_benc,692,1412,0.8199148621136406,0.9056851537154336,0.8626188515385191,0.9007719826774618,0.9036144578313252,0.6858328509285048,0.7683592374629042,0.880581465201163,0.4769503546099291,True
Technological,ISCAS89_Benchmark_Circuits__s1494_benc,686,1418,0.8781226343679032,0.908777771399047,0.8886675191055339,0.904624133286776,0.9076393339343712,0.6710331904710958,0.7944786425102073,0.8769427797924222,0.4840989399293286,True
Technological,ISCAS89_Benchmark_Circuits__s208_1_benc,131,190,0.950191570881226,0.9611111111111112,0.973638637675582,0.9578321982321404,1.0051993067590987,0.7378048953796779,0.7693905817174516,0.7792833789688779,0.4473684210526316,True
Technological,ISCAS89_Benchmark_Circuits__s208_benc,125,176,0.9908256880733946,0.8573159648591335,0.9355509355509356,0.969122592479364,0.986908358509567,0.7124917265920453,0.7081632653061224,0.7603838849539982,0.4714285714285714,True
Technological,ISCAS89_Benchmark_Circuits__s298_benc,156,264,0.9499192245557352,0.8996667900777489,0.9140677585820058,0.9061895551257252,0.881385145722344,0.7898588906350326,0.6867603550295859,0.8288836482523626,0.4711538461538461,True
Technological,ISCAS89_Benchmark_Circuits__s344_benc,219,304,0.9774143302180685,0.900413617562838,0.94573520050923,0.8806959403479702,0.9158707313881984,0.7324766536425571,0.7763888888888888,0.8109936281248333,0.4833333333333333,True
Technological,ISCAS89_Benchmark_Circuits__s349_benc,220,308,0.8818463658284533,0.8859357696566998,0.9456342668863262,0.8532560573130484,0.8965075296379366,0.7590734092927327,0.7503359312012899,0.7868974510937,0.4836065573770491,True
Technological,ISCAS89_Benchmark_Circuits__s382_benc,183,313,0.8365019011406845,0.8519362186788155,0.8337845154304278,0.9128796986455076,0.9114331723027376,0.7398891019951117,0.7432362122788762,0.8221844049109996,0.4758064516129032,True
Technological,ISCAS89_Benchmark_Circuits__s386_benc,185,360,0.8001998001998002,0.8954851583936144,0.914866581956798,0.956845443264856,0.949402125775022,0.784567701291006,0.6923225308641976,0.8521355863950248,0.4861111111111111,True
Technological,ISCAS89_Benchmark_Circuits__s400_benc,187,327,0.8505564387917329,0.8260325406758448,0.8164956999274686,0.8954883791584385,0.8906857976653697,0.767386869414144,0.7891124260355029,0.822337357486188,0.4846153846153846,True
Technological,ISCAS89_Benchmark_Circuits__s420_1_benc,269,400,0.934065934065934,0.940347071583514,0.9521640091116174,0.9812620395773743,0.9904601571268238,0.7264082777520494,0.7109375,0.8086898466484544,0.475,True
Technological,ISCAS89_Benchmark_Circuits__s420_benc,249,354,0.8551336146272855,0.9089789382928932,0.9071532099923266,0.9380530973451328,0.986219401631913,0.7100375609165032,0.8247959183673469,0.8272777079252216,0.4928571428571429,True
Technological,ISCAS89_Benchmark_Circuits__s444_benc,210,363,0.908445706174592,0.924956369982548,0.9060371372585612,0.9338467886122954,0.9648317216790018,0.7668372411669941,0.6967592592592593,0.8289274731141015,0.5208333333333334,True
Technological,ISCAS89_Benchmark_Circuits__s510_benc,249,437,0.8506876227897839,0.962684815770946,0.96308683265205,0.9888502093738964,0.9806949806949808,0.848495597194339,0.6063548685427401,0.8472489211264805,0.4885057471264368,True
Technological,ISCAS89_Benchmark_Circuits__s526_benc,244,472,0.8318717113505386,0.9172401303875408,0.8592309718198579,0.8853535353535353,0.9000910782877282,0.7860728885956338,0.7923834314169308,0.8466785545146532,0.4734042553191489,True
Technological,ISCAS89_Benchmark_Circuits__s526n_benc,245,472,0.9033719174635128,0.9339366515837104,0.8574610244988865,0.884492724735898,0.9084804676699452,0.7557360103232641,0.7602987777274784,0.8624524474431831,0.4574468085106383,True
Technological,ISCAS89_Benchmark_Circuits__s641_benc,467,575,0.896551724137931,0.959349593495935,0.9721638655462184,0.964371818912403,0.980597474591931,0.751430787615188,0.7271077504725898,0.8140226646317884,0.4913043478260869,True
Technological,ISCAS89_Benchmark_Circuits__s713_benc,481,627,0.8842072889435646,0.918699775573735,0.9510256158602416,0.9345231771663304,0.9385576314558512,0.7118145848775256,0.762464,0.8261540063320344,0.500128,True
Technological,ISCAS89_Benchmark_Circuits__s820_benc,336,781,0.7763939005936444,0.851935993678388,0.8315565031982942,0.8774220504517679,0.8932176691145475,0.7545921197007686,0.7717578895463512,0.8783148390649449,0.4615384615384615,True
Technological,ISCAS89_Benchmark_Circuits__s832_benc,334,793,0.8412735300952824,0.856384262611634,0.8515519099092836,0.8702527475423661,0.8736226423360863,0.779883543397212,0.757330556000641,0.8533963294065475,0.4367088607594936,True
Technological,ISCAS89_Benchmark_Circuits__s838_1_benc,545,820,0.9264995775837792,0.8963636363636364,0.9400070316744974,0.9716520514003936,1.0038992262157302,0.7051174178258731,0.7942816775728734,0.8370647260425685,0.4969512195121951,True
Technological,ISCAS89_Benchmark_Circuits__s838_benc,491,704,0.8571428571428571,0.8947700063011972,0.9609328134373126,0.963203774561984,1.0204377796589672,0.6969271607391152,0.8328316326530611,0.8248146812582566,0.5,True
Technological,ISCAS89_Benchmark_Circuits__s953_benc,446,772,0.9124797406807132,0.9879872517773964,0.9925187032418952,0.9729289639731324,1.012655451494747,0.8548349107858069,0.6415289256198347,0.8532532296891808,0.4935064935064935,True
Technological,Software_function-callgraphs_2002_AbiWord_v1_0_2,1035,1719,0.8601652892561984,0.834585390284038,0.7433290978398983,0.751392141556076,0.7809273512295851,0.5534021289689222,0.8584220860355803,0.8296165835441591,0.5665921512295047,True
Technological,Software_function-callgraphs_2002_Digital_Material_4_3_2002,162,252,0.9565217391304348,0.9253464461332142,0.8379204892966361,0.7586034912718205,0.7696135345828495,0.7166518431089657,0.6618,0.7971262233946824,0.6018,True
Technological,Software_function-callgraphs_2002_VTK_v4_0,771,1357,0.8465167915625866,0.8089776791219633,0.7488470693246058,0.751829954954955,0.763420464876149,0.5539530175815464,0.8602347462589016,0.7946861966435445,0.595940959409594,True
Technological,Software_function-callgraphs_2002_XMMS_v1_2_7,971,1802,0.7972129952199628,0.820802257609353,0.7469549199640159,0.7467032026031855,0.7361016894401913,0.4643052328152643,0.8888194444444444,0.8531086779988872,0.555787037037037,True
Technological,Water_Distribution_Network_Balerma_Irrigation,447,454,0.909657320872274,0.9053690490115804,0.8631873802152441,0.8571276934508014,0.8620546810273405,0.732507123844381,0.815679012345679,0.7745215887536654,0.5,True
Technological,Water_Distribution_Network_EXNET,1893,2418,0.818616512591648,0.8513261562518795,0.8308082087661515,0.8475066318749231,0.8414563556378791,0.4276997058514856,0.8190956281693522,0.8335112300925017,0.5320846675153993,True
Technological,Water_Distribution_Network_Modena,272,317,0.971594577146546,0.946617008069522,0.9591642924976258,0.9336570846714184,0.9266409266409268,0.7039122544910994,0.7770219198790629,0.7862281587576013,0.5,True
Technological,Water_Distribution_Network_Richmond,873,957,0.9052893309222424,0.837378640776699,0.7907192575406032,0.7879761956474524,0.7520377300456246,0.5937311424507099,0.8163153422329432,0.808500180234883,0.5235602094240838,True
Technological,Water_Distribution_Network_Wolf-Cordera_Ranch,1786,1992,0.8225416251600968,0.810318390908271,0.8290450992766639,0.8001501254096409,0.781475909140949,0.4874465549609879,0.7969306330648216,0.8442678131718999,0.5,True
Transportation,57f1e78f8cf714f319c390a6,1039,1305,0.7930918846411804,0.817328797190518,0.8022459810783786,0.827707874670127,0.8447795714150854,0.5871958455922278,0.8176186491683917,0.8360203329194321,0.5171826602662908,False
Transportation,57f1e9918cf714f319c390a8,1226,2408,0.8332986125578101,0.8666434423005607,0.8397335660167082,0.850624174513229,0.8661276039104236,0.4999119344022016,0.8607933056997505,0.8212618860983861,0.595776729872364,True
Transportation,57f1ea608cf714f319c390aa,823,822,0.8583218707015131,0.5556553499790432,0.4711097753399955,0.4300205028596093,0.4039781366868039,0.3588698019810102,0.9701814396192742,0.8034647556696045,0.4878048780487805,False
Transportation,58869b22a411221d0e7c6788,417,2953,0.8095213926813176,0.7461497610196495,0.7241991025774809,0.752318058996984,0.8560403500243072,0.5909271219548305,0.9403691467968976,0.6170421477594161,0.9066977879919562,False
Transportation,5944a2174ed8f1bb6022a45c,3353,4831,0.8020165527337986,0.7991706441094466,0.7900520628765785,0.8197943671188744,0.8398186636252102,0.2760991382072636,0.8885363219011612,0.8578142111820748,0.5295031055900621,True
Transportation,59488c124ed8f1bb6022a8db,359,595,0.8376858175974287,0.7791649611133852,0.7626926563916592,0.7509958603452316,0.7446525250732227,0.6286333569799863,0.8762446154932562,0.73551807833056,0.62700374267354,True
Transportation,59488c124ed8f1bb6022a8dc,350,553,0.8494996936900143,0.8446511627906976,0.8461306835290575,0.8117523609653725,0.7987651939031448,0.6125371569439411,0.9410743801652892,0.7145529224308452,0.6441322314049588,True
Transportation,59488c124ed8f1bb6022a8dd,974,1611,0.8116773540330746,0.8118446394179328,0.7797622025447329,0.7721114397481157,0.7510429876311775,0.3711346388450922,0.9310549361521546,0.7086591186462039,0.6560317888970333,True
Transportation,59488c124ed8f1bb6022a8de,397,644,0.832014072119613,0.830078125,0.8075136542289827,0.7874465049928673,0.7389819656386725,0.63173615458539,0.896514892578125,0.7413100203465658,0.6328125,True
Transportation,59488c124ed8f1bb6022a8df,224,376,0.9795121951219512,0.8986364383111548,0.8487084870848709,0.8260035711923815,0.8190967741935484,0.5543601142943714,0.9491555555555556,0.7074956798363143,0.6733333333333333,True
Transportation,594898cf4ed8f1bb6022a8f6,1603,2320,0.8181176802596303,0.7870893154809916,0.795467606605111,0.805979269283218,0.8133682909923756,0.4036412803593536,0.8774919181034483,0.8470480774440349,0.5258458122770511,True
Transportation,594b42e14ed8f1bb6022ae4b,930,1798,0.7818751087145591,0.760531925692823,0.7774891535634344,0.797366495976591,0.7879784445565993,0.3064040886156763,0.964917249245428,0.8088216391648613,0.5874488869577362,True
Transportation,594b42fa4ed8f1bb6022ae4d,416,634,0.8641930177298482,0.8655541988875322,0.8488566144964143,0.8357214261912695,0.8635312259059368,0.704811188240926,0.8105631141345427,0.7699268282261441,0.5882464096749811,True
Transportation,594b46354ed8f1bb6022ae59,1040,1595,0.8708838821490468,0.838840874428063,0.8147197947566744,0.800501765471102,0.7924213647102423,0.4441054654170689,0.8959129725533358,0.7943918689106644,0.5830721003134797,True
Transportation,594b46354ed8f1bb6022ae5a,948,1384,0.8445811264878409,0.8225373094623714,0.8204147190990958,0.8264352112298748,0.8294491176889922,0.4884996127607529,0.8934703843730307,0.8506094128584997,0.5036363159000211,True
Transportation,595b1429549f067e0263b511,217,262,1.0413609072715144,0.9588211546225271,0.9599254426840632,0.9784345047923324,1.0064757743621753,0.715025143616893,0.7365014792899408,0.7669723222546592,0.5192307692307693,False
Transportation,595b1429549f067e0263b512,148,158,1.005082592121982,1.0169491525423728,1.0207416719044626,0.9942049981890618,1.023689877961235,0.6406227151511455,0.6264308012486992,0.7562874729444363,0.5161290322580645,False
Transportation,595b1429549f067e0263b513,392,437,0.9972711485983626,0.9402147780092964,0.9380014587892048,0.937923556519382,0.9369400119464116,0.6939473692904808,0.7179283921257762,0.7996941664831663,0.5,False
Transportation,595b1429549f067e0263b514,299,356,1.0279473176999678,0.9366353071389044,0.9580445776362616,0.9528432732316228,0.950084006286922,0.7596205238827468,0.8114461416385638,0.7850045080031843,0.5143820670501884,False
Transportation,595b1429549f067e0263b515,108,123,1.189801699716714,1.0599571734475377,1.0668143226282762,1.0148690110927543,1.0595769454686592,0.6319571297899035,0.7647569444444445,0.6609180202684766,0.5,False
Transportation,595b1429549f067e0263b516,433,475,0.9399075500770416,0.9240957717778908,0.9605724901947292,0.9591015256174528,0.9601782015709877,0.6903860435187428,0.7529639889196675,0.7759123577072026,0.5260941828254847,False
Transportation,595b1429549f067e0263b517,134,156,1.0144927536231885,1.068893528183716,1.0534591194968552,1.034993519718571,1.0666666666666669,0.640582086272159,0.7107180020811654,0.7528902712768513,0.532258064516129,False
Transportation,595b1429549f067e0263b518,209,240,1.0346666666666666,0.9763450834879408,0.9520912547528516,0.9306131355007636,0.9623323013415892,0.6948638666024018,0.747829861111111,0.780620545481617,0.5,False
Transportation,595b1429549f067e0263b519,147,164,1.0561609388097235,1.033628318584071,1.028301886792453,0.9984639016897082,1.0167398463227224,0.6980722996948983,0.69775390625,0.7522832669442456,0.484375,False
Transportation,595b1429549f067e0263b51a,266,308,0.9652804273178176,0.9862536302032914,0.9841232780761148,0.9545906529665232,0.9479254049170808,0.7078885250751122,0.7829884439666756,0.7636542051237339,0.5655737704918032,False
Transportation,595b1429549f067e0263b51c,141,149,1.0432033719704952,1.0738119312436805,1.0922087205146531,1.053969495502542,1.0318413938119555,0.6704503927733662,0.7098692033293699,0.7350949849384897,0.5172413793103449,False
Transportation,595b1429549f067e0263b51d,170,182,0.9618104667609618,1.0311266988163086,1.018158236057069,1.0046367851622875,1.008823529411765,0.5970092835821029,0.8472222222222222,0.7372745092446243,0.5138888888888888,False
Transportation,595b1429549f067e0263b51e,104,114,1.0441767068273091,1.071636575422248,0.9916454776607336,1.004663363450889,1.0317534438477702,0.6199120472792081,0.7086776859504132,0.7025574099743014,0.5227272727272727,False
Transportation,595b1429549f067e0263b51f,128,143,1.0090817356205852,1.0342829550941577,1.056338028169014,1.0508826583592938,1.0578778135048232,0.6821782012953149,0.7512755102040816,0.7417020108191247,0.5178571428571429,False
Transportation,595b1442549f067e0263b520,369,430,0.9168495488905144,0.9299097848716168,0.9646762798799962,0.9331707857696996,0.9255733448723495,0.7300689913465047,0.7876554894537587,0.7895863311891884,0.5174418604651163,False
Transportation,595b15bd549f067e0263b522,2266,3041,0.8097016759227404,0.8160962316474388,0.7787789197052889,0.8045303873685886,0.821874583351851,0.342303116668386,0.8704120498614959,0.7425636226276505,0.615953947368421,False
Transportation,595b15bd549f067e0263b523,519,877,0.9145704412119264,0.935383336796177,0.9035069139762172,0.9339349762813838,0.9463274195659084,0.7387025539268746,0.7832326530612245,0.8285633091771457,0.5535183673469388,False
Transportation,595b15bd549f067e0263b524,1087,2952,0.8622818570958183,0.8782530236519024,0.8656912187068907,0.8659244570800584,0.8745238129124384,0.4280946824657008,0.9167236426314276,0.6661113149967106,0.7786167767882792,False
Transportation,595b15bd549f067e0263b525,1554,3599,0.9218727764337556,0.9398044800246323,0.9037268352017216,0.9096551438777808,0.9112852769026296,0.3734621311077118,0.8983617719711934,0.7150578430666068,0.703340290660224,False
Transportation,595b15bd549f067e0263b526,1009,1610,0.9161122225840972,0.8984494431098493,0.892028478799822,0.8615200036915694,0.8695652173913043,0.494452190906246,0.873013193935419,0.7952160952209775,0.5914895258670576,False
Transportation,595b15bd549f067e0263b527,1103,2149,0.9500876875539348,0.9296526636939684,0.9058113255594342,0.9119350817588542,0.9145741995482928,0.4477331626131576,0.8811215979048146,0.7140352505576014,0.6846490727609608,False
Transportation,German_highway_system_2002_Autobahn_2002,1168,1243,1.0153514678157824,1.0043696816374807,1.0078348355557494,1.011999677860997,1.0335042691539311,0.5135167604188139,0.8890153485952134,0.824398064396969,0.4999918704474506,True
Transportation,US_airport_network_top_500_2002_US_airport_network_top_500_2002,500,2980,0.6153846153846154,0.571249962789867,0.6033694160695228,0.5834998889629136,0.6732642980150458,0.4451804000332907,0.969460835097518,0.5308613339539869,0.9208791270663484,False
