domain,name,n_nodes,n_edges,level,measure,value,auc
Social,Dolphin_social_network_Dolphins,62,159,100,spectral_entropy,0.9093965372331485,
Social,Dolphin_social_network_Dolphins,62,159,80,spectral_entropy,0.9028374892519346,
Social,Dolphin_social_network_Dolphins,62,159,60,spectral_entropy,0.8433268858800773,
Social,Dolphin_social_network_Dolphins,62,159,40,spectral_entropy,0.9024390243902439,
Social,Dolphin_social_network_Dolphins,62,159,20,spectral_entropy,0.933852140077821,
Social,Dolphin_social_network_Dolphins,62,159,100,adamic_adar_entropy,1.3518251774894225,0.7336108220603539
Social,Dolphin_social_network_Dolphins,62,159,100,seal_entropy,0.9141774632779976,0.7606659729448492
Social,Family_planning_in_Korea1,33,68,100,spectral_entropy,0.7980884109916367,
Social,Family_planning_in_Korea1,33,68,80,spectral_entropy,0.8823529411764706,
Social,Family_planning_in_Korea1,33,68,60,spectral_entropy,0.8923512747875355,
Social,Family_planning_in_Korea1,33,68,40,spectral_entropy,0.874439461883408,
Social,Family_planning_in_Korea1,33,68,20,spectral_entropy,0.9558823529411765,
Social,Family_planning_in_Korea1,33,68,100,adamic_adar_entropy,1.3134758952005667,0.8579881656804733
Social,Family_planning_in_Korea1,33,68,100,seal_entropy,0.7732720193487622,0.8698224852071006
Social,Family_planning_in_Korea2,35,84,100,spectral_entropy,0.8440265486725664,
Social,Family_planning_in_Korea2,35,84,80,spectral_entropy,0.7927601809954752,
Social,Family_planning_in_Korea2,35,84,60,spectral_entropy,0.8658922914466737,
Social,Family_planning_in_Korea2,35,84,40,spectral_entropy,0.9859154929577464,
Social,Family_planning_in_Korea2,35,84,20,spectral_entropy,1.1627906976744187,
Social,Family_planning_in_Korea2,35,84,100,adamic_adar_entropy,1.2937494242973084,0.849609375
Social,Family_planning_in_Korea2,35,84,100,seal_entropy,0.7840723338208275,0.8828125
Social,"High_school_dynamic_contact_networks_contact_list,_2011",126,1709,100,spectral_entropy,0.9089051149136985,
Social,"High_school_dynamic_contact_networks_contact_list,_2011",126,1709,80,spectral_entropy,0.8763928179666302,
Social,"High_school_dynamic_contact_networks_contact_list,_2011",126,1709,60,spectral_entropy,0.8422041327489042,
Social,"High_school_dynamic_contact_networks_contact_list,_2011",126,1709,40,spectral_entropy,0.8272394881170018,
Social,"High_school_dynamic_contact_networks_contact_list,_2011",126,1709,20,spectral_entropy,0.7658749394086282,
Social,"High_school_dynamic_contact_networks_contact_list,_2011",126,1709,100,adamic_adar_entropy,0.7020830726284507,0.9038836955306543
Social,"High_school_dynamic_contact_networks_contact_list,_2011",126,1709,100,seal_entropy,0.6825884194778743,0.9204341207935949
Social,"High_school_dynamic_contact_networks_contact_list,_2012",180,2220,100,spectral_entropy,0.9162148725111864,
Social,"High_school_dynamic_contact_networks_contact_list,_2012",180,2220,80,spectral_entropy,0.9335733206547578,
Social,"High_school_dynamic_contact_networks_contact_list,_2012",180,2220,60,spectral_entropy,0.9387490851770535,
Social,"High_school_dynamic_contact_networks_contact_list,_2012",180,2220,40,spectral_entropy,0.9161181230750649,
Social,"High_school_dynamic_contact_networks_contact_list,_2012",180,2220,20,spectral_entropy,0.9255363904080774,
Social,"High_school_dynamic_contact_networks_contact_list,_2012",180,2220,100,adamic_adar_entropy,0.7416975673600011,0.8969772137001867
Social,"High_school_dynamic_contact_networks_contact_list,_2012",180,2220,100,seal_entropy,0.7115327488717613,0.8959246408570732
Social,Hollywood_film_music_Hollywood_film_music,101,192,100,spectral_entropy,0.9592954058557486,
Social,Hollywood_film_music_Hollywood_film_music,101,192,80,spectral_entropy,0.8935449083346171,
Social,Hollywood_film_music_Hollywood_film_music,101,192,60,spectral_entropy,0.9464207290294248,
Social,Hollywood_film_music_Hollywood_film_music,101,192,40,spectral_entropy,0.9812782440284054,
Social,Hollywood_film_music_Hollywood_film_music,101,192,20,spectral_entropy,1.0602678571428572,
Social,Hollywood_film_music_Hollywood_film_music,101,192,100,adamic_adar_entropy,-0.0,0.4736842105263158
Social,Hollywood_film_music_Hollywood_film_music,101,192,100,seal_entropy,0.8561362862622991,0.8424515235457064
Social,Kapferer_tailor_shop_Kapferer_tailor_shop_1,39,169,100,spectral_entropy,0.9198621283929341,
Social,Kapferer_tailor_shop_Kapferer_tailor_shop_1,39,169,80,spectral_entropy,0.881782945736434,
Social,Kapferer_tailor_shop_Kapferer_tailor_shop_1,39,169,60,spectral_entropy,0.8141493542953397,
Social,Kapferer_tailor_shop_Kapferer_tailor_shop_1,39,169,40,spectral_entropy,0.8129032258064516,
Social,Kapferer_tailor_shop_Kapferer_tailor_shop_1,39,169,20,spectral_entropy,1.1682242990654206,
Social,Kapferer_tailor_shop_Kapferer_tailor_shop_1,39,169,100,adamic_adar_entropy,1.0467865294771603,0.7892561983471075
Social,Kapferer_tailor_shop_Kapferer_tailor_shop_1,39,169,100,seal_entropy,0.9294815548757667,0.6528925619834711
Social,Kapferer_tailor_shop_Kapferer_tailor_shop_2,39,248,100,spectral_entropy,0.9566596194503171,
Social,Kapferer_tailor_shop_Kapferer_tailor_shop_2,39,248,80,spectral_entropy,0.8833063209076175,
Social,Kapferer_tailor_shop_Kapferer_tailor_shop_2,39,248,60,spectral_entropy,0.7464212678936606,
Social,Kapferer_tailor_shop_Kapferer_tailor_shop_2,39,248,40,spectral_entropy,0.647130647130647,
Social,Kapferer_tailor_shop_Kapferer_tailor_shop_2,39,248,20,spectral_entropy,0.9049773755656108,
Social,Kapferer_tailor_shop_Kapferer_tailor_shop_2,39,248,100,adamic_adar_entropy,0.8480324594482747,0.7111620158267388
Social,Kapferer_tailor_shop_Kapferer_tailor_shop_2,39,248,100,seal_entropy,0.8406212670407228,0.7309454394002498
Social,Les_Miserables_coappearances_Les_Miserables,77,254,100,spectral_entropy,0.608135320177205,
Social,Les_Miserables_coappearances_Les_Miserables,77,254,80,spectral_entropy,0.6003904978848031,
Social,Les_Miserables_coappearances_Les_Miserables,77,254,60,spectral_entropy,0.6655710764174199,
Social,Les_Miserables_coappearances_Les_Miserables,77,254,40,spectral_entropy,0.705765407554672,
Social,Les_Miserables_coappearances_Les_Miserables,77,254,20,spectral_entropy,0.8813160987074031,
Social,Les_Miserables_coappearances_Les_Miserables,77,254,100,adamic_adar_entropy,0.9351349823526127,0.9004
Social,Les_Miserables_coappearances_Les_Miserables,77,254,100,seal_entropy,0.4706388372241728,0.8956000000000001
Social,NCAA_college_football_2000_American_College_Football,115,613,100,spectral_entropy,0.8991474987936303,
Social,NCAA_college_football_2000_American_College_Football,115,613,80,spectral_entropy,0.8979763912310287,
Social,NCAA_college_football_2000_American_College_Football,115,613,60,spectral_entropy,0.9078404401650618,
Social,NCAA_college_football_2000_American_College_Football,115,613,40,spectral_entropy,0.9840702694655351,
Social,NCAA_college_football_2000_American_College_Football,115,613,20,spectral_entropy,0.9792284866468843,
Social,NCAA_college_football_2000_American_College_Football,115,613,100,adamic_adar_entropy,0.9427989777680106,0.8362671324912658
Social,NCAA_college_football_2000_American_College_Football,115,613,100,seal_entropy,0.594352739811447,0.8815506584251546
Social,Norwegian_Board_of_Directors_net1mode_2002-05-01,154,848,100,spectral_entropy,0.3544,
Social,Norwegian_Board_of_Directors_net1mode_2002-05-01,154,848,80,spectral_entropy,0.4335583068877665,
Social,Norwegian_Board_of_Directors_net1mode_2002-05-01,154,848,60,spectral_entropy,0.46747534936511315,
Social,Norwegian_Board_of_Directors_net1mode_2002-05-01,154,848,40,spectral_entropy,0.5894437420986094,
Social,Norwegian_Board_of_Directors_net1mode_2002-05-01,154,848,20,spectral_entropy,0.7125662012518055,
Social,Norwegian_Board_of_Directors_net1mode_2002-05-01,154,848,100,adamic_adar_entropy,0.19523700497035276,0.9998599488813417
Social,Norwegian_Board_of_Directors_net1mode_2002-05-01,154,848,100,seal_entropy,0.16330970452194088,0.9906515878295578
Social,Norwegian_Board_of_Directors_net1mode_2002-06-01,144,824,100,spectral_entropy,0.3517048504195034,
Social,Norwegian_Board_of_Directors_net1mode_2002-06-01,144,824,80,spectral_entropy,0.42254873715547875,
Social,Norwegian_Board_of_Directors_net1mode_2002-06-01,144,824,60,spectral_entropy,0.46101747094589396,
Social,Norwegian_Board_of_Directors_net1mode_2002-06-01,144,824,40,spectral_entropy,0.572933816266052,
Social,Norwegian_Board_of_Directors_net1mode_2002-06-01,144,824,20,spectral_entropy,0.6747572815533981,
Social,Norwegian_Board_of_Directors_net1mode_2002-06-01,144,824,100,adamic_adar_entropy,0.18953547385598699,0.9999256395002974
Social,Norwegian_Board_of_Directors_net1mode_2002-06-01,144,824,100,seal_entropy,0.10608214677463017,0.9997025580011898
Social,Norwegian_Board_of_Directors_net1mode_2002-07-01,137,790,100,spectral_entropy,0.348621103117506,
Social,Norwegian_Board_of_Directors_net1mode_2002-07-01,137,790,80,spectral_entropy,0.43871365457721156,
Social,Norwegian_Board_of_Directors_net1mode_2002-07-01,137,790,60,spectral_entropy,0.5333090644339279,
Social,Norwegian_Board_of_Directors_net1mode_2002-07-01,137,790,40,spectral_entropy,0.5559345156889496,
Social,Norwegian_Board_of_Directors_net1mode_2002-07-01,137,790,20,spectral_entropy,0.7197191339964891,
Social,Norwegian_Board_of_Directors_net1mode_2002-07-01,137,790,100,adamic_adar_entropy,0.21901307393755337,0.9995994231693639
Social,Norwegian_Board_of_Directors_net1mode_2002-07-01,137,790,100,seal_entropy,0.14778032781631156,0.9944720397372216
Social,Norwegian_Board_of_Directors_net1mode_2002-08-01,142,779,100,spectral_entropy,0.35591001071301037,
Social,Norwegian_Board_of_Directors_net1mode_2002-08-01,142,779,80,spectral_entropy,0.44367888088526986,
Social,Norwegian_Board_of_Directors_net1mode_2002-08-01,142,779,60,spectral_entropy,0.48984565393988627,
Social,Norwegian_Board_of_Directors_net1mode_2002-08-01,142,779,40,spectral_entropy,0.5821975433282854,
Social,Norwegian_Board_of_Directors_net1mode_2002-08-01,142,779,20,spectral_entropy,0.7222653219550039,
Social,Norwegian_Board_of_Directors_net1mode_2002-08-01,142,779,100,adamic_adar_entropy,0.22063318813594188,0.9926534859521331
Social,Norwegian_Board_of_Directors_net1mode_2002-08-01,142,779,100,seal_entropy,0.10687864871243173,0.9990010405827264
Social,Norwegian_Board_of_Directors_net1mode_2002-09-01,311,1343,100,spectral_entropy,0.31422488031788653,
Social,Norwegian_Board_of_Directors_net1mode_2002-09-01,311,1343,80,spectral_entropy,0.3135964119072594,
Social,Norwegian_Board_of_Directors_net1mode_2002-09-01,311,1343,60,spectral_entropy,0.4061390686991021,
Social,Norwegian_Board_of_Directors_net1mode_2002-09-01,311,1343,40,spectral_entropy,0.4447244094488189,
Social,Norwegian_Board_of_Directors_net1mode_2002-09-01,311,1343,20,spectral_entropy,0.6125053168864313,
Social,Norwegian_Board_of_Directors_net1mode_2002-09-01,311,1343,100,adamic_adar_entropy,0.4562002428568295,0.9921335486745377
Social,Norwegian_Board_of_Directors_net1mode_2002-09-01,311,1343,100,seal_entropy,0.12301370212022811,0.9909222543996435
Social,Norwegian_Board_of_Directors_net1mode_2002-10-01,325,1330,100,spectral_entropy,0.3458000402873833,
Social,Norwegian_Board_of_Directors_net1mode_2002-10-01,325,1330,80,spectral_entropy,0.33566337953547193,
Social,Norwegian_Board_of_Directors_net1mode_2002-10-01,325,1330,60,spectral_entropy,0.42976839020038865,
Social,Norwegian_Board_of_Directors_net1mode_2002-10-01,325,1330,40,spectral_entropy,0.48282641378512775,
Social,Norwegian_Board_of_Directors_net1mode_2002-10-01,325,1330,20,spectral_entropy,0.7085916740478299,
Social,Norwegian_Board_of_Directors_net1mode_2002-10-01,325,1330,100,adamic_adar_entropy,0.18344444917144231,0.9998233365368308
Social,Norwegian_Board_of_Directors_net1mode_2002-10-01,325,1330,100,seal_entropy,0.03643066407636124,0.9999434676917859
Social,Norwegian_Board_of_Directors_net1mode_2002-11-01,328,1179,100,spectral_entropy,0.4014986886474335,
Social,Norwegian_Board_of_Directors_net1mode_2002-11-01,328,1179,80,spectral_entropy,0.39357736786772435,
Social,Norwegian_Board_of_Directors_net1mode_2002-11-01,328,1179,60,spectral_entropy,0.4006154860691323,
Social,Norwegian_Board_of_Directors_net1mode_2002-11-01,328,1179,40,spectral_entropy,0.4741664826672555,
Social,Norwegian_Board_of_Directors_net1mode_2002-11-01,328,1179,20,spectral_entropy,0.7397793640493187,
Social,Norwegian_Board_of_Directors_net1mode_2002-11-01,328,1179,100,adamic_adar_entropy,0.2548073875713717,0.9955545495699413
Social,Norwegian_Board_of_Directors_net1mode_2002-11-01,328,1179,100,seal_entropy,0.010498680011042445,0.9999275690357627
Social,Norwegian_Board_of_Directors_net1mode_2002-12-01,342,1324,100,spectral_entropy,0.3759228466910542,
Social,Norwegian_Board_of_Directors_net1mode_2002-12-01,342,1324,80,spectral_entropy,0.39967658354618796,
Social,Norwegian_Board_of_Directors_net1mode_2002-12-01,342,1324,60,spectral_entropy,0.39045553145336226,
Social,Norwegian_Board_of_Directors_net1mode_2002-12-01,342,1324,40,spectral_entropy,0.4746291959406714,
Social,Norwegian_Board_of_Directors_net1mode_2002-12-01,342,1324,20,spectral_entropy,0.7109190887666929,
Social,Norwegian_Board_of_Directors_net1mode_2002-12-01,342,1324,100,adamic_adar_entropy,0.29876970321871865,0.9978549701561065
Social,Norwegian_Board_of_Directors_net1mode_2002-12-01,342,1324,100,seal_entropy,0.044487317050053155,0.9997130394857667
Social,Norwegian_Board_of_Directors_net1mode_2003-01-01,337,1397,100,spectral_entropy,0.35465933704036784,
Social,Norwegian_Board_of_Directors_net1mode_2003-01-01,337,1397,80,spectral_entropy,0.3710088959382112,
Social,Norwegian_Board_of_Directors_net1mode_2003-01-01,337,1397,60,spectral_entropy,0.396641343462615,
Social,Norwegian_Board_of_Directors_net1mode_2003-01-01,337,1397,40,spectral_entropy,0.47207767823614616,
Social,Norwegian_Board_of_Directors_net1mode_2003-01-01,337,1397,20,spectral_entropy,0.6846673095467696,
Social,Norwegian_Board_of_Directors_net1mode_2003-01-01,337,1397,100,adamic_adar_entropy,0.25276359671631327,0.9980216081499466
Social,Norwegian_Board_of_Directors_net1mode_2003-01-01,337,1397,100,seal_entropy,0.0869068350257745,0.9991778111791986
Social,Norwegian_Board_of_Directors_net1mode_2003-02-01,339,1377,100,spectral_entropy,0.35369155939990504,
Social,Norwegian_Board_of_Directors_net1mode_2003-02-01,339,1377,80,spectral_entropy,0.36297513725215935,
Social,Norwegian_Board_of_Directors_net1mode_2003-02-01,339,1377,60,spectral_entropy,0.3927061168421903,
Social,Norwegian_Board_of_Directors_net1mode_2003-02-01,339,1377,40,spectral_entropy,0.47322540473225405,
Social,Norwegian_Board_of_Directors_net1mode_2003-02-01,339,1377,20,spectral_entropy,0.657712818487063,
Social,Norwegian_Board_of_Directors_net1mode_2003-02-01,339,1377,100,adamic_adar_entropy,0.1622006595066033,0.9943735537190084
Social,Norwegian_Board_of_Directors_net1mode_2003-02-01,339,1377,100,seal_entropy,0.05335358842482404,0.996099173553719
Social,Norwegian_Board_of_Directors_net1mode_2003-03-01,338,1371,100,spectral_entropy,0.35467597982149784,
Social,Norwegian_Board_of_Directors_net1mode_2003-03-01,338,1371,80,spectral_entropy,0.36319991650576633,
Social,Norwegian_Board_of_Directors_net1mode_2003-03-01,338,1371,60,spectral_entropy,0.39470075154972845,
Social,Norwegian_Board_of_Directors_net1mode_2003-03-01,338,1371,40,spectral_entropy,0.4703355704697987,
Social,Norwegian_Board_of_Directors_net1mode_2003-03-01,338,1371,20,spectral_entropy,0.6704248037044493,
Social,Norwegian_Board_of_Directors_net1mode_2003-03-01,338,1371,100,adamic_adar_entropy,0.2841017894559701,0.9960972880814108
Social,Norwegian_Board_of_Directors_net1mode_2003-03-01,338,1371,100,seal_entropy,0.04980744646577731,0.9922078959987213
Social,Norwegian_Board_of_Directors_net1mode_2003-04-01,340,1366,100,spectral_entropy,0.3529244893748711,
Social,Norwegian_Board_of_Directors_net1mode_2003-04-01,340,1366,80,spectral_entropy,0.3655300993151913,
Social,Norwegian_Board_of_Directors_net1mode_2003-04-01,340,1366,60,spectral_entropy,0.39217282744395593,
Social,Norwegian_Board_of_Directors_net1mode_2003-04-01,340,1366,40,spectral_entropy,0.472831478011683,
Social,Norwegian_Board_of_Directors_net1mode_2003-04-01,340,1366,20,spectral_entropy,0.70902210714997,
Social,Norwegian_Board_of_Directors_net1mode_2003-04-01,340,1366,100,adamic_adar_entropy,0.19066309827146383,0.9979739430288881
Social,Norwegian_Board_of_Directors_net1mode_2003-04-01,340,1366,100,seal_entropy,0.02774169471819001,0.999771900870802
Social,Norwegian_Board_of_Directors_net1mode_2003-05-01,338,1356,100,spectral_entropy,0.35640368118922716,
Social,Norwegian_Board_of_Directors_net1mode_2003-05-01,338,1356,80,spectral_entropy,0.3587579137775098,
Social,Norwegian_Board_of_Directors_net1mode_2003-05-01,338,1356,60,spectral_entropy,0.39748896625455743,
Social,Norwegian_Board_of_Directors_net1mode_2003-05-01,338,1356,40,spectral_entropy,0.48292816170445235,
Social,Norwegian_Board_of_Directors_net1mode_2003-05-01,338,1356,20,spectral_entropy,0.7058359621451105,
Social,Norwegian_Board_of_Directors_net1mode_2003-05-01,338,1356,100,adamic_adar_entropy,0.3102263398066975,0.9976443675875873
Social,Norwegian_Board_of_Directors_net1mode_2003-05-01,338,1356,100,seal_entropy,0.03339728909576189,0.9998502199044131
Social,Norwegian_Board_of_Directors_net1mode_2003-06-01,336,1394,100,spectral_entropy,0.3685124199024789,
Social,Norwegian_Board_of_Directors_net1mode_2003-06-01,336,1394,80,spectral_entropy,0.38883438865602427,
Social,Norwegian_Board_of_Directors_net1mode_2003-06-01,336,1394,60,spectral_entropy,0.40861358500598166,
Social,Norwegian_Board_of_Directors_net1mode_2003-06-01,336,1394,40,spectral_entropy,0.4967811158798283,
Social,Norwegian_Board_of_Directors_net1mode_2003-06-01,336,1394,20,spectral_entropy,0.6900389538119087,
Social,Norwegian_Board_of_Directors_net1mode_2003-06-01,336,1394,100,adamic_adar_entropy,0.13361717576687937,0.9980396977382122
Social,Norwegian_Board_of_Directors_net1mode_2003-06-01,336,1394,100,seal_entropy,0.05544157091126413,0.9997670928005796
Social,Norwegian_Board_of_Directors_net1mode_2003-07-01,358,1548,100,spectral_entropy,0.37125653440983364,
Social,Norwegian_Board_of_Directors_net1mode_2003-07-01,358,1548,80,spectral_entropy,0.3857233301677746,
Social,Norwegian_Board_of_Directors_net1mode_2003-07-01,358,1548,60,spectral_entropy,0.4101851851851852,
Social,Norwegian_Board_of_Directors_net1mode_2003-07-01,358,1548,40,spectral_entropy,0.5173023490780501,
Social,Norwegian_Board_of_Directors_net1mode_2003-07-01,358,1548,20,spectral_entropy,0.7429577464788732,
Social,Norwegian_Board_of_Directors_net1mode_2003-07-01,358,1548,100,adamic_adar_entropy,0.2967371755538017,0.989783307673778
Social,Norwegian_Board_of_Directors_net1mode_2003-07-01,358,1548,100,seal_entropy,0.08342827556664342,0.9935589279542526
Social,Norwegian_Board_of_Directors_net1mode_2003-08-01,377,1665,100,spectral_entropy,0.3614457831325301,
Social,Norwegian_Board_of_Directors_net1mode_2003-08-01,377,1665,80,spectral_entropy,0.3691237674925282,
Social,Norwegian_Board_of_Directors_net1mode_2003-08-01,377,1665,60,spectral_entropy,0.4401722090261283,
Social,Norwegian_Board_of_Directors_net1mode_2003-08-01,377,1665,40,spectral_entropy,0.4991896272285251,
Social,Norwegian_Board_of_Directors_net1mode_2003-08-01,377,1665,20,spectral_entropy,0.7361859838274932,
Social,Norwegian_Board_of_Directors_net1mode_2003-08-01,377,1665,100,adamic_adar_entropy,0.31551719519280086,0.9918837756675594
Social,Norwegian_Board_of_Directors_net1mode_2003-08-01,377,1665,100,seal_entropy,0.07981495452180153,0.9988727466204943
Social,Norwegian_Board_of_Directors_net1mode_2003-09-01,389,1628,100,spectral_entropy,0.3712106023994682,
Social,Norwegian_Board_of_Directors_net1mode_2003-09-01,389,1628,80,spectral_entropy,0.39633200927334206,
Social,Norwegian_Board_of_Directors_net1mode_2003-09-01,389,1628,60,spectral_entropy,0.42871685715607794,
Social,Norwegian_Board_of_Directors_net1mode_2003-09-01,389,1628,40,spectral_entropy,0.4926064493140923,
Social,Norwegian_Board_of_Directors_net1mode_2003-09-01,389,1628,20,spectral_entropy,0.7759078830823738,
Social,Norwegian_Board_of_Directors_net1mode_2003-09-01,389,1628,100,adamic_adar_entropy,0.5321999074212425,0.9902816568047338
Social,Norwegian_Board_of_Directors_net1mode_2003-09-01,389,1628,100,seal_entropy,0.06297269564456535,0.999592899408284
Social,Norwegian_Board_of_Directors_net1mode_2003-10-01,393,1638,100,spectral_entropy,0.3734949885482549,
Social,Norwegian_Board_of_Directors_net1mode_2003-10-01,393,1638,80,spectral_entropy,0.3958699472759227,
Social,Norwegian_Board_of_Directors_net1mode_2003-10-01,393,1638,60,spectral_entropy,0.4286786957609957,
Social,Norwegian_Board_of_Directors_net1mode_2003-10-01,393,1638,40,spectral_entropy,0.4917817225509533,
Social,Norwegian_Board_of_Directors_net1mode_2003-10-01,393,1638,20,spectral_entropy,0.7790393013100436,
Social,Norwegian_Board_of_Directors_net1mode_2003-10-01,393,1638,100,adamic_adar_entropy,0.6148807845737931,0.9949779760401762
Social,Norwegian_Board_of_Directors_net1mode_2003-10-01,393,1638,100,seal_entropy,0.06729833798899769,0.9993266560053867
Social,Norwegian_Board_of_Directors_net1mode_2003-11-01,402,1684,100,spectral_entropy,0.37049050713105536,
Social,Norwegian_Board_of_Directors_net1mode_2003-11-01,402,1684,80,spectral_entropy,0.3952058393331345,
Social,Norwegian_Board_of_Directors_net1mode_2003-11-01,402,1684,60,spectral_entropy,0.4278336746505209,
Social,Norwegian_Board_of_Directors_net1mode_2003-11-01,402,1684,40,spectral_entropy,0.4864637985309549,
Social,Norwegian_Board_of_Directors_net1mode_2003-11-01,402,1684,20,spectral_entropy,0.7475743597900429,
Social,Norwegian_Board_of_Directors_net1mode_2003-11-01,402,1684,100,adamic_adar_entropy,0.539802318898818,0.9931529903628118
Social,Norwegian_Board_of_Directors_net1mode_2003-11-01,402,1684,100,seal_entropy,0.09877650171948517,0.9929492630385489
Social,Norwegian_Board_of_Directors_net1mode_2003-12-01,389,1660,100,spectral_entropy,0.3675363642970607,
Social,Norwegian_Board_of_Directors_net1mode_2003-12-01,389,1660,80,spectral_entropy,0.36430805738323807,
Social,Norwegian_Board_of_Directors_net1mode_2003-12-01,389,1660,60,spectral_entropy,0.4329781529063397,
Social,Norwegian_Board_of_Directors_net1mode_2003-12-01,389,1660,40,spectral_entropy,0.4717062263501892,
Social,Norwegian_Board_of_Directors_net1mode_2003-12-01,389,1660,20,spectral_entropy,0.746191135734072,
Social,Norwegian_Board_of_Directors_net1mode_2003-12-01,389,1660,100,adamic_adar_entropy,0.5819518698204624,0.9876206633763972
Social,Norwegian_Board_of_Directors_net1mode_2003-12-01,389,1660,100,seal_entropy,0.10097762896643056,0.9908459137755844
Social,Norwegian_Board_of_Directors_net1mode_2004-01-01,374,1610,100,spectral_entropy,0.3681564125250869,
Social,Norwegian_Board_of_Directors_net1mode_2004-01-01,374,1610,80,spectral_entropy,0.39907284566235113,
Social,Norwegian_Board_of_Directors_net1mode_2004-01-01,374,1610,60,spectral_entropy,0.4291538516558186,
Social,Norwegian_Board_of_Directors_net1mode_2004-01-01,374,1610,40,spectral_entropy,0.47343081312410845,
Social,Norwegian_Board_of_Directors_net1mode_2004-01-01,374,1610,20,spectral_entropy,0.7369146005509642,
Social,Norwegian_Board_of_Directors_net1mode_2004-01-01,374,1610,100,adamic_adar_entropy,0.6400553948000787,0.9931522703599398
Social,Norwegian_Board_of_Directors_net1mode_2004-01-01,374,1610,100,seal_entropy,0.06256925523396505,0.9986883222097913
Social,Norwegian_Board_of_Directors_net1mode_2004-02-01,384,1653,100,spectral_entropy,0.3718847964436616,
Social,Norwegian_Board_of_Directors_net1mode_2004-02-01,384,1653,80,spectral_entropy,0.39041614844676986,
Social,Norwegian_Board_of_Directors_net1mode_2004-02-01,384,1653,60,spectral_entropy,0.42142270112318514,
Social,Norwegian_Board_of_Directors_net1mode_2004-02-01,384,1653,40,spectral_entropy,0.47521455104393495,
Social,Norwegian_Board_of_Directors_net1mode_2004-02-01,384,1653,20,spectral_entropy,0.7142857142857143,
Social,Norwegian_Board_of_Directors_net1mode_2004-02-01,384,1653,100,adamic_adar_entropy,0.6614738939422233,0.9829797979797981
Social,Norwegian_Board_of_Directors_net1mode_2004-02-01,384,1653,100,seal_entropy,0.10203970401338079,0.9945454545454545
Social,Norwegian_Board_of_Directors_net1mode_2004-03-01,395,1695,100,spectral_entropy,0.3719612502284775,
Social,Norwegian_Board_of_Directors_net1mode_2004-03-01,395,1695,80,spectral_entropy,0.3925938384772797,
Social,Norwegian_Board_of_Directors_net1mode_2004-03-01,395,1695,60,spectral_entropy,0.42693087142535463,
Social,Norwegian_Board_of_Directors_net1mode_2004-03-01,395,1695,40,spectral_entropy,0.4762905666722717,
Social,Norwegian_Board_of_Directors_net1mode_2004-03-01,395,1695,20,spectral_entropy,0.7311399135925557,
Social,Norwegian_Board_of_Directors_net1mode_2004-03-01,395,1695,100,adamic_adar_entropy,0.30236443132901525,0.995327224789203
Social,Norwegian_Board_of_Directors_net1mode_2004-03-01,395,1695,100,seal_entropy,0.057168737304684684,0.9996867413266506
Social,Norwegian_Board_of_Directors_net1mode_2004-04-01,441,1797,100,spectral_entropy,0.37879492954600447,
Social,Norwegian_Board_of_Directors_net1mode_2004-04-01,441,1797,80,spectral_entropy,0.4216924943097409,
Social,Norwegian_Board_of_Directors_net1mode_2004-04-01,441,1797,60,spectral_entropy,0.4290244729441331,
Social,Norwegian_Board_of_Directors_net1mode_2004-04-01,441,1797,40,spectral_entropy,0.47375160051216386,
Social,Norwegian_Board_of_Directors_net1mode_2004-04-01,441,1797,20,spectral_entropy,0.7056338028169014,
Social,Norwegian_Board_of_Directors_net1mode_2004-04-01,441,1797,100,adamic_adar_entropy,0.7049261642251866,0.9885941294682691
Social,Norwegian_Board_of_Directors_net1mode_2004-04-01,441,1797,100,seal_entropy,0.09371808111144077,0.9958023292804993
Social,Norwegian_Board_of_Directors_net1mode_2004-05-01,450,1818,100,spectral_entropy,0.3589162102105946,
Social,Norwegian_Board_of_Directors_net1mode_2004-05-01,450,1818,80,spectral_entropy,0.3754019492983025,
Social,Norwegian_Board_of_Directors_net1mode_2004-05-01,450,1818,60,spectral_entropy,0.3958164798335837,
Social,Norwegian_Board_of_Directors_net1mode_2004-05-01,450,1818,40,spectral_entropy,0.40959266670970246,
Social,Norwegian_Board_of_Directors_net1mode_2004-05-01,450,1818,20,spectral_entropy,0.6868942267172355,
Social,Norwegian_Board_of_Directors_net1mode_2004-05-01,450,1818,100,adamic_adar_entropy,0.6627050180199267,0.9843551973529433
Social,Norwegian_Board_of_Directors_net1mode_2004-05-01,450,1818,100,seal_entropy,0.10005160863437519,0.9970364805075549
Social,Norwegian_Board_of_Directors_net1mode_2004-06-01,423,1747,100,spectral_entropy,0.38380312249877047,
Social,Norwegian_Board_of_Directors_net1mode_2004-06-01,423,1747,80,spectral_entropy,0.39046111475747397,
Social,Norwegian_Board_of_Directors_net1mode_2004-06-01,423,1747,60,spectral_entropy,0.4404404404404404,
Social,Norwegian_Board_of_Directors_net1mode_2004-06-01,423,1747,40,spectral_entropy,0.49977196716327155,
Social,Norwegian_Board_of_Directors_net1mode_2004-06-01,423,1747,20,spectral_entropy,0.7598870056497176,
Social,Norwegian_Board_of_Directors_net1mode_2004-06-01,423,1747,100,adamic_adar_entropy,0.6056581599599962,0.9912069687440991
Social,Norwegian_Board_of_Directors_net1mode_2004-06-01,423,1747,100,seal_entropy,0.08757485282445977,0.9984729189415522
Social,Norwegian_Board_of_Directors_net1mode_2004-07-01,449,1909,100,spectral_entropy,0.36945210741348605,
Social,Norwegian_Board_of_Directors_net1mode_2004-07-01,449,1909,80,spectral_entropy,0.36780982869597795,
Social,Norwegian_Board_of_Directors_net1mode_2004-07-01,449,1909,60,spectral_entropy,0.3928902367113133,
Social,Norwegian_Board_of_Directors_net1mode_2004-07-01,449,1909,40,spectral_entropy,0.4363903065122391,
Social,Norwegian_Board_of_Directors_net1mode_2004-07-01,449,1909,20,spectral_entropy,0.7401954222995583,
Social,Norwegian_Board_of_Directors_net1mode_2004-07-01,449,1909,100,adamic_adar_entropy,0.3187904353358404,0.9944888778666445
Social,Norwegian_Board_of_Directors_net1mode_2004-07-01,449,1909,100,seal_entropy,0.06522415434607386,0.999683110477332
Social,Norwegian_Board_of_Directors_net1mode_2004-08-01,453,1929,100,spectral_entropy,0.37541953565620567,
Social,Norwegian_Board_of_Directors_net1mode_2004-08-01,453,1929,80,spectral_entropy,0.37106685919607774,
Social,Norwegian_Board_of_Directors_net1mode_2004-08-01,453,1929,60,spectral_entropy,0.39722096360066456,
Social,Norwegian_Board_of_Directors_net1mode_2004-08-01,453,1929,40,spectral_entropy,0.45551982851018225,
Social,Norwegian_Board_of_Directors_net1mode_2004-08-01,453,1929,20,spectral_entropy,0.7293841336116911,
Social,Norwegian_Board_of_Directors_net1mode_2004-08-01,453,1929,100,adamic_adar_entropy,0.48581842943025927,0.9944476302917862
Social,Norwegian_Board_of_Directors_net1mode_2004-08-01,453,1929,100,seal_entropy,0.10855147108617534,0.9991769269691347
Social,Norwegian_Board_of_Directors_net1mode_2004-09-01,437,1852,100,spectral_entropy,0.37661480604247083,
Social,Norwegian_Board_of_Directors_net1mode_2004-09-01,437,1852,80,spectral_entropy,0.37129408458620206,
Social,Norwegian_Board_of_Directors_net1mode_2004-09-01,437,1852,60,spectral_entropy,0.38839917477962865,
Social,Norwegian_Board_of_Directors_net1mode_2004-09-01,437,1852,40,spectral_entropy,0.5037404608849292,
Social,Norwegian_Board_of_Directors_net1mode_2004-09-01,437,1852,20,spectral_entropy,0.7201218667774546,
Social,Norwegian_Board_of_Directors_net1mode_2004-09-01,437,1852,100,adamic_adar_entropy,0.5055062024204585,0.9873484295105918
Social,Norwegian_Board_of_Directors_net1mode_2004-09-01,437,1852,100,seal_entropy,0.08488512436621147,0.9937691745799854
Social,Norwegian_Board_of_Directors_net1mode_2004-10-01,452,1886,100,spectral_entropy,0.37489539748953976,
Social,Norwegian_Board_of_Directors_net1mode_2004-10-01,452,1886,80,spectral_entropy,0.3751576657370656,
Social,Norwegian_Board_of_Directors_net1mode_2004-10-01,452,1886,60,spectral_entropy,0.40388904376916646,
Social,Norwegian_Board_of_Directors_net1mode_2004-10-01,452,1886,40,spectral_entropy,0.4862609187679033,
Social,Norwegian_Board_of_Directors_net1mode_2004-10-01,452,1886,20,spectral_entropy,0.7098804279421019,
Social,Norwegian_Board_of_Directors_net1mode_2004-10-01,452,1886,100,adamic_adar_entropy,0.5312543826980322,0.9861886033110766
Social,Norwegian_Board_of_Directors_net1mode_2004-10-01,452,1886,100,seal_entropy,0.08125224179275646,0.9968901490899112
Social,Norwegian_Board_of_Directors_net1mode_2004-12-01,443,1892,100,spectral_entropy,0.38186730177914435,
Social,Norwegian_Board_of_Directors_net1mode_2004-12-01,443,1892,80,spectral_entropy,0.39137050448813976,
Social,Norwegian_Board_of_Directors_net1mode_2004-12-01,443,1892,60,spectral_entropy,0.44811987560079164,
Social,Norwegian_Board_of_Directors_net1mode_2004-12-01,443,1892,40,spectral_entropy,0.480924611817607,
Social,Norwegian_Board_of_Directors_net1mode_2004-12-01,443,1892,20,spectral_entropy,0.7446270543615676,
Social,Norwegian_Board_of_Directors_net1mode_2004-12-01,443,1892,100,adamic_adar_entropy,0.7868206542077203,0.980827104504353
Social,Norwegian_Board_of_Directors_net1mode_2004-12-01,443,1892,100,seal_entropy,0.10070207595438502,0.9992511407855323
Social,Norwegian_Board_of_Directors_net1mode_2005-01-01,465,1995,100,spectral_entropy,0.38229158875397873,
Social,Norwegian_Board_of_Directors_net1mode_2005-01-01,465,1995,80,spectral_entropy,0.3902384666815244,
Social,Norwegian_Board_of_Directors_net1mode_2005-01-01,465,1995,60,spectral_entropy,0.45136186770428016,
Social,Norwegian_Board_of_Directors_net1mode_2005-01-01,465,1995,40,spectral_entropy,0.4864556792275714,
Social,Norwegian_Board_of_Directors_net1mode_2005-01-01,465,1995,20,spectral_entropy,0.7597535934291582,
Social,Norwegian_Board_of_Directors_net1mode_2005-01-01,465,1995,100,adamic_adar_entropy,0.7496012686237543,0.985392679694223
Social,Norwegian_Board_of_Directors_net1mode_2005-01-01,465,1995,100,seal_entropy,0.1261204587022194,0.996118114835962
Social,Norwegian_Board_of_Directors_net1mode_2005-02-01,455,1893,100,spectral_entropy,0.3915466708862985,
Social,Norwegian_Board_of_Directors_net1mode_2005-02-01,455,1893,80,spectral_entropy,0.40367125374982143,
Social,Norwegian_Board_of_Directors_net1mode_2005-02-01,455,1893,60,spectral_entropy,0.4592720970537261,
Social,Norwegian_Board_of_Directors_net1mode_2005-02-01,455,1893,40,spectral_entropy,0.48763665206745527,
Social,Norwegian_Board_of_Directors_net1mode_2005-02-01,455,1893,20,spectral_entropy,0.7529428251121076,
Social,Norwegian_Board_of_Directors_net1mode_2005-02-01,455,1893,100,adamic_adar_entropy,0.616846183778926,0.9928578427255675
Social,Norwegian_Board_of_Directors_net1mode_2005-02-01,455,1893,100,seal_entropy,0.0907661802548544,0.9988102236779486
Social,Norwegian_Board_of_Directors_net1mode_2005-03-01,455,1882,100,spectral_entropy,0.3854297157577148,
Social,Norwegian_Board_of_Directors_net1mode_2005-03-01,455,1882,80,spectral_entropy,0.3963727478821143,
Social,Norwegian_Board_of_Directors_net1mode_2005-03-01,455,1882,60,spectral_entropy,0.44620041671580774,
Social,Norwegian_Board_of_Directors_net1mode_2005-03-01,455,1882,40,spectral_entropy,0.4935192665706558,
Social,Norwegian_Board_of_Directors_net1mode_2005-03-01,455,1882,20,spectral_entropy,0.7463239836896084,
Social,Norwegian_Board_of_Directors_net1mode_2005-03-01,455,1882,100,adamic_adar_entropy,0.776886262318682,0.9898992756903576
Social,Norwegian_Board_of_Directors_net1mode_2005-03-01,455,1882,100,seal_entropy,0.054601356281035796,0.9943130375735627
Social,Norwegian_Board_of_Directors_net1mode_2005-04-01,454,1870,100,spectral_entropy,0.38801396707760283,
Social,Norwegian_Board_of_Directors_net1mode_2005-04-01,454,1870,80,spectral_entropy,0.397374787420058,
Social,Norwegian_Board_of_Directors_net1mode_2005-04-01,454,1870,60,spectral_entropy,0.453105196451204,
Social,Norwegian_Board_of_Directors_net1mode_2005-04-01,454,1870,40,spectral_entropy,0.5003326214068134,
Social,Norwegian_Board_of_Directors_net1mode_2005-04-01,454,1870,20,spectral_entropy,0.7463051178697936,
Social,Norwegian_Board_of_Directors_net1mode_2005-04-01,454,1870,100,adamic_adar_entropy,0.6284845357633854,0.9939589350567646
Social,Norwegian_Board_of_Directors_net1mode_2005-04-01,454,1870,100,seal_entropy,0.11142370813536197,0.9997497783751323
Social,Norwegian_Board_of_Directors_net1mode_2005-05-01,470,1840,100,spectral_entropy,0.39770438083641474,
Social,Norwegian_Board_of_Directors_net1mode_2005-05-01,470,1840,80,spectral_entropy,0.3945886328436664,
Social,Norwegian_Board_of_Directors_net1mode_2005-05-01,470,1840,60,spectral_entropy,0.4264481430336507,
Social,Norwegian_Board_of_Directors_net1mode_2005-05-01,470,1840,40,spectral_entropy,0.49630663444191037,
Social,Norwegian_Board_of_Directors_net1mode_2005-05-01,470,1840,20,spectral_entropy,0.7446939025886394,
Social,Norwegian_Board_of_Directors_net1mode_2005-05-01,470,1840,100,adamic_adar_entropy,0.7110896756209184,0.9815210007088846
Social,Norwegian_Board_of_Directors_net1mode_2005-05-01,470,1840,100,seal_entropy,0.057100740922698616,0.9998523156899811
Social,Norwegian_Board_of_Directors_net1mode_2005-06-01,476,1836,100,spectral_entropy,0.4092181011282015,
Social,Norwegian_Board_of_Directors_net1mode_2005-06-01,476,1836,80,spectral_entropy,0.4122083844939484,
Social,Norwegian_Board_of_Directors_net1mode_2005-06-01,476,1836,60,spectral_entropy,0.45299113872853625,
Social,Norwegian_Board_of_Directors_net1mode_2005-06-01,476,1836,40,spectral_entropy,0.5102006520350889,
Social,Norwegian_Board_of_Directors_net1mode_2005-06-01,476,1836,20,spectral_entropy,0.7985166872682324,
Social,Norwegian_Board_of_Directors_net1mode_2005-06-01,476,1836,100,adamic_adar_entropy,0.6688664674064543,0.9981438721796136
Social,Norwegian_Board_of_Directors_net1mode_2005-06-01,476,1836,100,seal_entropy,0.07268810010595844,0.9990867851123699
Social,Norwegian_Board_of_Directors_net1mode_2005-07-01,466,1779,100,spectral_entropy,0.4246900309505718,
Social,Norwegian_Board_of_Directors_net1mode_2005-07-01,466,1779,80,spectral_entropy,0.42568798655971224,
Social,Norwegian_Board_of_Directors_net1mode_2005-07-01,466,1779,60,spectral_entropy,0.45047019081530176,
Social,Norwegian_Board_of_Directors_net1mode_2005-07-01,466,1779,40,spectral_entropy,0.5163934426229508,
Social,Norwegian_Board_of_Directors_net1mode_2005-07-01,466,1779,20,spectral_entropy,0.7511737089201878,
Social,Norwegian_Board_of_Directors_net1mode_2005-07-01,466,1779,100,adamic_adar_entropy,0.6186726759232947,0.992521325133902
Social,Norwegian_Board_of_Directors_net1mode_2005-07-01,466,1779,100,seal_entropy,0.05290860743859376,0.9994366197183098
Social,Norwegian_Board_of_Directors_net1mode_2005-08-01,437,1658,100,spectral_entropy,0.4393041598270409,
Social,Norwegian_Board_of_Directors_net1mode_2005-08-01,437,1658,80,spectral_entropy,0.4408121568126676,
Social,Norwegian_Board_of_Directors_net1mode_2005-08-01,437,1658,60,spectral_entropy,0.48873942729032915,
Social,Norwegian_Board_of_Directors_net1mode_2005-08-01,437,1658,40,spectral_entropy,0.5221838087006626,
Social,Norwegian_Board_of_Directors_net1mode_2005-08-01,437,1658,20,spectral_entropy,0.7712935768101137,
Social,Norwegian_Board_of_Directors_net1mode_2005-08-01,437,1658,100,adamic_adar_entropy,0.5897741136559852,0.9921185458329149
Social,Norwegian_Board_of_Directors_net1mode_2005-08-01,437,1658,100,seal_entropy,0.07864093147440944,0.998877337738794
Social,Norwegian_Board_of_Directors_net1mode_2005-09-01,393,1490,100,spectral_entropy,0.4491038445751813,
Social,Norwegian_Board_of_Directors_net1mode_2005-09-01,393,1490,80,spectral_entropy,0.47082732194660337,
Social,Norwegian_Board_of_Directors_net1mode_2005-09-01,393,1490,60,spectral_entropy,0.5093560145808019,
Social,Norwegian_Board_of_Directors_net1mode_2005-09-01,393,1490,40,spectral_entropy,0.5462320477650475,
Social,Norwegian_Board_of_Directors_net1mode_2005-09-01,393,1490,20,spectral_entropy,0.8055915838017006,
Social,Norwegian_Board_of_Directors_net1mode_2005-09-01,393,1490,100,adamic_adar_entropy,1.1143188638458523,0.9797137516328094
Social,Norwegian_Board_of_Directors_net1mode_2005-09-01,393,1490,100,seal_entropy,0.1280671693643996,0.9855637133462456
Social,Norwegian_Board_of_Directors_net1mode_2005-10-01,403,1533,100,spectral_entropy,0.46755461077711713,
Social,Norwegian_Board_of_Directors_net1mode_2005-10-01,403,1533,80,spectral_entropy,0.4957785046018103,
Social,Norwegian_Board_of_Directors_net1mode_2005-10-01,403,1533,60,spectral_entropy,0.5291505244259662,
Social,Norwegian_Board_of_Directors_net1mode_2005-10-01,403,1533,40,spectral_entropy,0.5811088295687885,
Social,Norwegian_Board_of_Directors_net1mode_2005-10-01,403,1533,20,spectral_entropy,0.7962496501539322,
Social,Norwegian_Board_of_Directors_net1mode_2005-10-01,403,1533,100,adamic_adar_entropy,0.5443569260639416,0.9962621214062968
Social,Norwegian_Board_of_Directors_net1mode_2005-10-01,403,1533,100,seal_entropy,0.10167093994141244,0.9985262078687684
Social,Norwegian_Board_of_Directors_net1mode_2005-11-01,401,1520,100,spectral_entropy,0.46480270122691864,
Social,Norwegian_Board_of_Directors_net1mode_2005-11-01,401,1520,80,spectral_entropy,0.48949524210001716,
Social,Norwegian_Board_of_Directors_net1mode_2005-11-01,401,1520,60,spectral_entropy,0.5286343612334802,
Social,Norwegian_Board_of_Directors_net1mode_2005-11-01,401,1520,40,spectral_entropy,0.5882608318138404,
Social,Norwegian_Board_of_Directors_net1mode_2005-11-01,401,1520,20,spectral_entropy,0.8335841107433042,
Social,Norwegian_Board_of_Directors_net1mode_2005-11-01,401,1520,100,adamic_adar_entropy,0.5782772447471941,0.9972569684903047
Social,Norwegian_Board_of_Directors_net1mode_2005-11-01,401,1520,100,seal_entropy,0.1488840077086002,0.9988097299168975
Social,Norwegian_Board_of_Directors_net1mode_2005-12-01,405,1521,100,spectral_entropy,0.46927710172680615,
Social,Norwegian_Board_of_Directors_net1mode_2005-12-01,405,1521,80,spectral_entropy,0.4891194919848215,
Social,Norwegian_Board_of_Directors_net1mode_2005-12-01,405,1521,60,spectral_entropy,0.5225110671564472,
Social,Norwegian_Board_of_Directors_net1mode_2005-12-01,405,1521,40,spectral_entropy,0.5953104646113765,
Social,Norwegian_Board_of_Directors_net1mode_2005-12-01,405,1521,20,spectral_entropy,0.8821304282039644,
Social,Norwegian_Board_of_Directors_net1mode_2005-12-01,405,1521,100,adamic_adar_entropy,0.4671227769754808,0.9897853185595568
Social,Norwegian_Board_of_Directors_net1mode_2005-12-01,405,1521,100,seal_entropy,0.1300280130042969,0.9947195290858726
Social,Norwegian_Board_of_Directors_net1mode_2006-01-01,473,1743,100,spectral_entropy,0.45403154383915284,
Social,Norwegian_Board_of_Directors_net1mode_2006-01-01,473,1743,80,spectral_entropy,0.46399939967732656,
Social,Norwegian_Board_of_Directors_net1mode_2006-01-01,473,1743,60,spectral_entropy,0.5018396995789554,
Social,Norwegian_Board_of_Directors_net1mode_2006-01-01,473,1743,40,spectral_entropy,0.5623992039254709,
Social,Norwegian_Board_of_Directors_net1mode_2006-01-01,473,1743,20,spectral_entropy,0.821209570758687,
Social,Norwegian_Board_of_Directors_net1mode_2006-01-01,473,1743,100,adamic_adar_entropy,0.6467602242876802,0.9923454221165279
Social,Norwegian_Board_of_Directors_net1mode_2006-01-01,473,1743,100,seal_entropy,0.11827625204280794,0.9935262253930506
Social,Norwegian_Board_of_Directors_net1mode_2006-02-01,490,1785,100,spectral_entropy,0.4500533822442443,
Social,Norwegian_Board_of_Directors_net1mode_2006-02-01,490,1785,80,spectral_entropy,0.46947888342854294,
Social,Norwegian_Board_of_Directors_net1mode_2006-02-01,490,1785,60,spectral_entropy,0.490738382037192,
Social,Norwegian_Board_of_Directors_net1mode_2006-02-01,490,1785,40,spectral_entropy,0.5285528877352369,
Social,Norwegian_Board_of_Directors_net1mode_2006-02-01,490,1785,20,spectral_entropy,0.7977715877437326,
Social,Norwegian_Board_of_Directors_net1mode_2006-02-01,490,1785,100,adamic_adar_entropy,1.112416504595705,0.9880187369065272
Social,Norwegian_Board_of_Directors_net1mode_2006-02-01,490,1785,100,seal_entropy,0.12223156711335752,0.9977795039584461
Social,Norwegian_Board_of_Directors_net1mode_2006-03-01,492,1805,100,spectral_entropy,0.45006576221105166,
Social,Norwegian_Board_of_Directors_net1mode_2006-03-01,492,1805,80,spectral_entropy,0.47029854585992725,
Social,Norwegian_Board_of_Directors_net1mode_2006-03-01,492,1805,60,spectral_entropy,0.4892643435410067,
Social,Norwegian_Board_of_Directors_net1mode_2006-03-01,492,1805,40,spectral_entropy,0.5381473615422316,
Social,Norwegian_Board_of_Directors_net1mode_2006-03-01,492,1805,20,spectral_entropy,0.8023857753769975,
Social,Norwegian_Board_of_Directors_net1mode_2006-03-01,492,1805,100,adamic_adar_entropy,0.9195995491111619,0.9839396566938559
Social,Norwegian_Board_of_Directors_net1mode_2006-03-01,492,1805,100,seal_entropy,0.17678923405499397,0.9937538846386998
Social,Norwegian_Board_of_Directors_net1mode_2006-04-01,484,1769,100,spectral_entropy,0.4435243245228281,
Social,Norwegian_Board_of_Directors_net1mode_2006-04-01,484,1769,80,spectral_entropy,0.4634140370633308,
Social,Norwegian_Board_of_Directors_net1mode_2006-04-01,484,1769,60,spectral_entropy,0.5007807062099066,
Social,Norwegian_Board_of_Directors_net1mode_2006-04-01,484,1769,40,spectral_entropy,0.5594286104845876,
Social,Norwegian_Board_of_Directors_net1mode_2006-04-01,484,1769,20,spectral_entropy,0.8257539492580181,
Social,Norwegian_Board_of_Directors_net1mode_2006-04-01,484,1769,100,adamic_adar_entropy,1.1371735196677988,0.9934635539969023
Social,Norwegian_Board_of_Directors_net1mode_2006-04-01,484,1769,100,seal_entropy,0.15837474904784457,0.9946793570287861
Social,Norwegian_Board_of_Directors_net1mode_2006-05-01,494,1789,100,spectral_entropy,0.43045968172401006,
Social,Norwegian_Board_of_Directors_net1mode_2006-05-01,494,1789,80,spectral_entropy,0.4288957260229774,
Social,Norwegian_Board_of_Directors_net1mode_2006-05-01,494,1789,60,spectral_entropy,0.48361236436854466,
Social,Norwegian_Board_of_Directors_net1mode_2006-05-01,494,1789,40,spectral_entropy,0.5601323757217294,
Social,Norwegian_Board_of_Directors_net1mode_2006-05-01,494,1789,20,spectral_entropy,0.8164427237531313,
Social,Norwegian_Board_of_Directors_net1mode_2006-05-01,494,1789,100,adamic_adar_entropy,1.0921863220311674,0.9797683779394111
Social,Norwegian_Board_of_Directors_net1mode_2006-05-01,494,1789,100,seal_entropy,0.1199663593250831,0.9947743803403716
Social,Norwegian_Board_of_Directors_net1mode_2006-06-01,520,1814,100,spectral_entropy,0.4412400229307228,
Social,Norwegian_Board_of_Directors_net1mode_2006-06-01,520,1814,80,spectral_entropy,0.447314431776141,
Social,Norwegian_Board_of_Directors_net1mode_2006-06-01,520,1814,60,spectral_entropy,0.49396422592298883,
Social,Norwegian_Board_of_Directors_net1mode_2006-06-01,520,1814,40,spectral_entropy,0.5769422725004159,
Social,Norwegian_Board_of_Directors_net1mode_2006-06-01,520,1814,20,spectral_entropy,0.8313099780321425,
Social,Norwegian_Board_of_Directors_net1mode_2006-06-01,520,1814,100,adamic_adar_entropy,1.084213370033147,0.9857795854827386
Social,Norwegian_Board_of_Directors_net1mode_2006-06-01,520,1814,100,seal_entropy,0.10568566615638696,0.9981571075364
Social,Norwegian_Board_of_Directors_net1mode_2006-07-01,542,1841,100,spectral_entropy,0.4273224232181966,
Social,Norwegian_Board_of_Directors_net1mode_2006-07-01,542,1841,80,spectral_entropy,0.43154616578230626,
Social,Norwegian_Board_of_Directors_net1mode_2006-07-01,542,1841,60,spectral_entropy,0.47595345164944564,
Social,Norwegian_Board_of_Directors_net1mode_2006-07-01,542,1841,40,spectral_entropy,0.516951037397134,
Social,Norwegian_Board_of_Directors_net1mode_2006-07-01,542,1841,20,spectral_entropy,0.8316900591578703,
Social,Norwegian_Board_of_Directors_net1mode_2006-07-01,542,1841,100,adamic_adar_entropy,1.0195494360118875,0.9784713197069944
Social,Norwegian_Board_of_Directors_net1mode_2006-07-01,542,1841,100,seal_entropy,0.10128009890051226,0.9925160975897921
Social,Norwegian_Board_of_Directors_net1mode_2006-08-01,560,1919,100,spectral_entropy,0.4400852737518798,
Social,Norwegian_Board_of_Directors_net1mode_2006-08-01,560,1919,80,spectral_entropy,0.4370742276202579,
Social,Norwegian_Board_of_Directors_net1mode_2006-08-01,560,1919,60,spectral_entropy,0.49061255768237627,
Social,Norwegian_Board_of_Directors_net1mode_2006-08-01,560,1919,40,spectral_entropy,0.529771406198235,
Social,Norwegian_Board_of_Directors_net1mode_2006-08-01,560,1919,20,spectral_entropy,0.7673509286412512,
Social,Norwegian_Board_of_Directors_net1mode_2006-08-01,560,1919,100,adamic_adar_entropy,1.8766067514233156,0.9832502777986079
Social,Norwegian_Board_of_Directors_net1mode_2006-08-01,560,1919,100,seal_entropy,0.07842791129812253,0.9994750799310105
Social,Norwegian_Board_of_Directors_net1mode_2006-09-01,561,1935,100,spectral_entropy,0.4485702890352198,
Social,Norwegian_Board_of_Directors_net1mode_2006-09-01,561,1935,80,spectral_entropy,0.449597336944723,
Social,Norwegian_Board_of_Directors_net1mode_2006-09-01,561,1935,60,spectral_entropy,0.4921787437259393,
Social,Norwegian_Board_of_Directors_net1mode_2006-09-01,561,1935,40,spectral_entropy,0.5443853761397048,
Social,Norwegian_Board_of_Directors_net1mode_2006-09-01,561,1935,20,spectral_entropy,0.7895258877206903,
Social,Norwegian_Board_of_Directors_net1mode_2006-09-01,561,1935,100,adamic_adar_entropy,1.1774347842480637,0.9866027014936336
Social,Norwegian_Board_of_Directors_net1mode_2006-09-01,561,1935,100,seal_entropy,0.10930967232839242,0.9961340464315045
Social,Norwegian_Board_of_Directors_net1mode_2006-10-01,592,2122,100,spectral_entropy,0.42318266473527066,
Social,Norwegian_Board_of_Directors_net1mode_2006-10-01,592,2122,80,spectral_entropy,0.41663995897698863,
Social,Norwegian_Board_of_Directors_net1mode_2006-10-01,592,2122,60,spectral_entropy,0.4471280726237685,
Social,Norwegian_Board_of_Directors_net1mode_2006-10-01,592,2122,40,spectral_entropy,0.5353412020078687,
Social,Norwegian_Board_of_Directors_net1mode_2006-10-01,592,2122,20,spectral_entropy,0.7821552723059096,
Social,Norwegian_Board_of_Directors_net1mode_2006-10-01,592,2122,100,adamic_adar_entropy,0.6416575812687809,0.9938367746529013
Social,Norwegian_Board_of_Directors_net1mode_2006-10-01,592,2122,100,seal_entropy,0.08368469350854249,0.9997274385902456
Social,Norwegian_Board_of_Directors_net1mode_2006-11-01,609,2189,100,spectral_entropy,0.423746889441877,
Social,Norwegian_Board_of_Directors_net1mode_2006-11-01,609,2189,80,spectral_entropy,0.41886479524322034,
Social,Norwegian_Board_of_Directors_net1mode_2006-11-01,609,2189,60,spectral_entropy,0.4715385552112791,
Social,Norwegian_Board_of_Directors_net1mode_2006-11-01,609,2189,40,spectral_entropy,0.5499344692005242,
Social,Norwegian_Board_of_Directors_net1mode_2006-11-01,609,2189,20,spectral_entropy,0.7948482060717571,
Social,Norwegian_Board_of_Directors_net1mode_2006-11-01,609,2189,100,adamic_adar_entropy,1.450193013063743,0.986948143415947
Social,Norwegian_Board_of_Directors_net1mode_2006-11-01,609,2189,100,seal_entropy,0.08756980483932235,0.999209295749572
Social,Norwegian_Board_of_Directors_net1mode_2006-12-01,631,2226,100,spectral_entropy,0.4332285911361625,
Social,Norwegian_Board_of_Directors_net1mode_2006-12-01,631,2226,80,spectral_entropy,0.42951998893346244,
Social,Norwegian_Board_of_Directors_net1mode_2006-12-01,631,2226,60,spectral_entropy,0.45496424910136124,
Social,Norwegian_Board_of_Directors_net1mode_2006-12-01,631,2226,40,spectral_entropy,0.5375409673254544,
Social,Norwegian_Board_of_Directors_net1mode_2006-12-01,631,2226,20,spectral_entropy,0.8012960854715824,
Social,Norwegian_Board_of_Directors_net1mode_2006-12-01,631,2226,100,adamic_adar_entropy,1.0646532031786269,0.9892538820855952
Social,Norwegian_Board_of_Directors_net1mode_2006-12-01,631,2226,100,seal_entropy,0.11976767896149715,0.9954551193031184
Social,Norwegian_Board_of_Directors_net1mode_2007-01-01,646,2284,100,spectral_entropy,0.4418465750850608,
Social,Norwegian_Board_of_Directors_net1mode_2007-01-01,646,2284,80,spectral_entropy,0.43890143537432225,
Social,Norwegian_Board_of_Directors_net1mode_2007-01-01,646,2284,60,spectral_entropy,0.4753683241252302,
Social,Norwegian_Board_of_Directors_net1mode_2007-01-01,646,2284,40,spectral_entropy,0.5298997746127655,
Social,Norwegian_Board_of_Directors_net1mode_2007-01-01,646,2284,20,spectral_entropy,0.7831067795161152,
Social,Norwegian_Board_of_Directors_net1mode_2007-01-01,646,2284,100,adamic_adar_entropy,0.9260860057658747,0.9928487611572792
Social,Norwegian_Board_of_Directors_net1mode_2007-01-01,646,2284,100,seal_entropy,0.11728527725984982,0.99849472914743
Social,Norwegian_Board_of_Directors_net1mode_2007-02-01,652,2296,100,spectral_entropy,0.4321326303958038,
Social,Norwegian_Board_of_Directors_net1mode_2007-02-01,652,2296,80,spectral_entropy,0.44434312969067824,
Social,Norwegian_Board_of_Directors_net1mode_2007-02-01,652,2296,60,spectral_entropy,0.4753808846011914,
Social,Norwegian_Board_of_Directors_net1mode_2007-02-01,652,2296,40,spectral_entropy,0.5400331035845747,
Social,Norwegian_Board_of_Directors_net1mode_2007-02-01,652,2296,20,spectral_entropy,0.7816711590296497,
Social,Norwegian_Board_of_Directors_net1mode_2007-02-01,652,2296,100,adamic_adar_entropy,1.6818210875535475,0.9766352922190421
Social,Norwegian_Board_of_Directors_net1mode_2007-02-01,652,2296,100,seal_entropy,0.09940767920727753,0.996957485487538
Social,Norwegian_Board_of_Directors_net1mode_2007-03-01,653,2300,100,spectral_entropy,0.43402291491603645,
Social,Norwegian_Board_of_Directors_net1mode_2007-03-01,653,2300,80,spectral_entropy,0.4427092350843173,
Social,Norwegian_Board_of_Directors_net1mode_2007-03-01,653,2300,60,spectral_entropy,0.48055993639456224,
Social,Norwegian_Board_of_Directors_net1mode_2007-03-01,653,2300,40,spectral_entropy,0.5540084284200409,
Social,Norwegian_Board_of_Directors_net1mode_2007-03-01,653,2300,20,spectral_entropy,0.8028325228222849,
Social,Norwegian_Board_of_Directors_net1mode_2007-03-01,653,2300,100,adamic_adar_entropy,0.7811146639960297,0.9976370510396976
Social,Norwegian_Board_of_Directors_net1mode_2007-03-01,653,2300,100,seal_entropy,0.17310213700297228,0.9982750472589792
Social,Norwegian_Board_of_Directors_net1mode_2007-04-01,672,2350,100,spectral_entropy,0.43660446139575915,
Social,Norwegian_Board_of_Directors_net1mode_2007-04-01,672,2350,80,spectral_entropy,0.44556170518399596,
Social,Norwegian_Board_of_Directors_net1mode_2007-04-01,672,2350,60,spectral_entropy,0.4783783447262585,
Social,Norwegian_Board_of_Directors_net1mode_2007-04-01,672,2350,40,spectral_entropy,0.5465102500296244,
Social,Norwegian_Board_of_Directors_net1mode_2007-04-01,672,2350,20,spectral_entropy,0.7938968668407311,
Social,Norwegian_Board_of_Directors_net1mode_2007-04-01,672,2350,100,adamic_adar_entropy,0.7071431804551447,0.9888524219103666
Social,Norwegian_Board_of_Directors_net1mode_2007-04-01,672,2350,100,seal_entropy,0.0856288876475953,0.9974830239927569
Social,Norwegian_Board_of_Directors_net1mode_2007-05-01,682,2351,100,spectral_entropy,0.43032839998963224,
Social,Norwegian_Board_of_Directors_net1mode_2007-05-01,682,2351,80,spectral_entropy,0.4243060912955698,
Social,Norwegian_Board_of_Directors_net1mode_2007-05-01,682,2351,60,spectral_entropy,0.4568860941252197,
Social,Norwegian_Board_of_Directors_net1mode_2007-05-01,682,2351,40,spectral_entropy,0.5235626991297732,
Social,Norwegian_Board_of_Directors_net1mode_2007-05-01,682,2351,20,spectral_entropy,0.7756728189283681,
Social,Norwegian_Board_of_Directors_net1mode_2007-05-01,682,2351,100,adamic_adar_entropy,1.974824677077461,0.9790425531914894
Social,Norwegian_Board_of_Directors_net1mode_2007-05-01,682,2351,100,seal_entropy,0.1413915528241499,0.9927297419646899
Social,Norwegian_Board_of_Directors_net1mode_2007-06-01,708,2414,100,spectral_entropy,0.43365817091454273,
Social,Norwegian_Board_of_Directors_net1mode_2007-06-01,708,2414,80,spectral_entropy,0.4256698016280724,
Social,Norwegian_Board_of_Directors_net1mode_2007-06-01,708,2414,60,spectral_entropy,0.44928364089949985,
Social,Norwegian_Board_of_Directors_net1mode_2007-06-01,708,2414,40,spectral_entropy,0.5326613082286069,
Social,Norwegian_Board_of_Directors_net1mode_2007-06-01,708,2414,20,spectral_entropy,0.767590618336887,
Social,Norwegian_Board_of_Directors_net1mode_2007-06-01,708,2414,100,adamic_adar_entropy,1.8724400279011915,0.9882448649300115
Social,Norwegian_Board_of_Directors_net1mode_2007-06-01,708,2414,100,seal_entropy,0.11289980520062978,0.9990702639417365
Social,Norwegian_Board_of_Directors_net1mode_2007-07-01,828,2835,100,spectral_entropy,0.43952231014624854,
Social,Norwegian_Board_of_Directors_net1mode_2007-07-01,828,2835,80,spectral_entropy,0.43454389629867696,
Social,Norwegian_Board_of_Directors_net1mode_2007-07-01,828,2835,60,spectral_entropy,0.45779938135218734,
Social,Norwegian_Board_of_Directors_net1mode_2007-07-01,828,2835,40,spectral_entropy,0.5441082981189933,
Social,Norwegian_Board_of_Directors_net1mode_2007-07-01,828,2835,20,spectral_entropy,0.7689070578333533,
Social,Norwegian_Board_of_Directors_net1mode_2007-07-01,828,2835,100,adamic_adar_entropy,0.9221918263976564,0.9873712630914276
Social,Norwegian_Board_of_Directors_net1mode_2007-07-01,828,2835,100,seal_entropy,0.09541549832162335,0.9991570473639845
Social,Norwegian_Board_of_Directors_net1mode_2007-08-01,789,2716,100,spectral_entropy,0.44621396687323206,
Social,Norwegian_Board_of_Directors_net1mode_2007-08-01,789,2716,80,spectral_entropy,0.4392911804765716,
Social,Norwegian_Board_of_Directors_net1mode_2007-08-01,789,2716,60,spectral_entropy,0.4621027142582142,
Social,Norwegian_Board_of_Directors_net1mode_2007-08-01,789,2716,40,spectral_entropy,0.5573257746065878,
Social,Norwegian_Board_of_Directors_net1mode_2007-08-01,789,2716,20,spectral_entropy,0.76347771891555,
Social,Norwegian_Board_of_Directors_net1mode_2007-08-01,789,2716,100,adamic_adar_entropy,2.5751127125565407,0.9783414561351743
Social,Norwegian_Board_of_Directors_net1mode_2007-08-01,789,2716,100,seal_entropy,0.10568113702593653,0.99887739147835
Social,Norwegian_Board_of_Directors_net1mode_2007-09-01,808,2760,100,spectral_entropy,0.4489325239841761,
Social,Norwegian_Board_of_Directors_net1mode_2007-09-01,808,2760,80,spectral_entropy,0.4457723416038233,
Social,Norwegian_Board_of_Directors_net1mode_2007-09-01,808,2760,60,spectral_entropy,0.47139760433946326,
Social,Norwegian_Board_of_Directors_net1mode_2007-09-01,808,2760,40,spectral_entropy,0.5509804294490196,
Social,Norwegian_Board_of_Directors_net1mode_2007-09-01,808,2760,20,spectral_entropy,0.7762968299711815,
Social,Norwegian_Board_of_Directors_net1mode_2007-09-01,808,2760,100,adamic_adar_entropy,2.0303601599550625,0.9760078633690401
Social,Norwegian_Board_of_Directors_net1mode_2007-09-01,808,2760,100,seal_entropy,0.11453319072981025,0.9922055503045578
Social,Norwegian_Board_of_Directors_net1mode_2007-10-01,834,2854,100,spectral_entropy,0.4487123392032615,
Social,Norwegian_Board_of_Directors_net1mode_2007-10-01,834,2854,80,spectral_entropy,0.44883862756536036,
Social,Norwegian_Board_of_Directors_net1mode_2007-10-01,834,2854,60,spectral_entropy,0.4814964153299962,
Social,Norwegian_Board_of_Directors_net1mode_2007-10-01,834,2854,40,spectral_entropy,0.5529508346255587,
Social,Norwegian_Board_of_Directors_net1mode_2007-10-01,834,2854,20,spectral_entropy,0.7747148288973383,
Social,Norwegian_Board_of_Directors_net1mode_2007-10-01,834,2854,100,adamic_adar_entropy,1.3645429134937954,0.9882440751000309
Social,Norwegian_Board_of_Directors_net1mode_2007-10-01,834,2854,100,seal_entropy,0.14060664707892787,0.9980855647891659
Social,Norwegian_Board_of_Directors_net1mode_2007-11-01,816,2746,100,spectral_entropy,0.45649867658247517,
Social,Norwegian_Board_of_Directors_net1mode_2007-11-01,816,2746,80,spectral_entropy,0.45632198961901943,
Social,Norwegian_Board_of_Directors_net1mode_2007-11-01,816,2746,60,spectral_entropy,0.4741105463786531,
Social,Norwegian_Board_of_Directors_net1mode_2007-11-01,816,2746,40,spectral_entropy,0.5521782233777894,
Social,Norwegian_Board_of_Directors_net1mode_2007-11-01,816,2746,20,spectral_entropy,0.7926496452180241,
Social,Norwegian_Board_of_Directors_net1mode_2007-11-01,816,2746,100,adamic_adar_entropy,2.740367649815366,0.9843381408820806
Social,Norwegian_Board_of_Directors_net1mode_2007-11-01,816,2746,100,seal_entropy,0.11075568088305082,0.9973191860677302
Social,Norwegian_Board_of_Directors_net1mode_2007-12-01,825,2819,100,spectral_entropy,0.4561016472938801,
Social,Norwegian_Board_of_Directors_net1mode_2007-12-01,825,2819,80,spectral_entropy,0.46286838027337096,
Social,Norwegian_Board_of_Directors_net1mode_2007-12-01,825,2819,60,spectral_entropy,0.5082469866779445,
Social,Norwegian_Board_of_Directors_net1mode_2007-12-01,825,2819,40,spectral_entropy,0.5427239210583388,
Social,Norwegian_Board_of_Directors_net1mode_2007-12-01,825,2819,20,spectral_entropy,0.7663760603204525,
Social,Norwegian_Board_of_Directors_net1mode_2007-12-01,825,2819,100,adamic_adar_entropy,0.9931706684300464,0.9880650789193896
Social,Norwegian_Board_of_Directors_net1mode_2007-12-01,825,2819,100,seal_entropy,0.12271376325471503,0.9977758077288315
Social,Norwegian_Board_of_Directors_net1mode_2008-01-01,856,2861,100,spectral_entropy,0.45627958217724823,
Social,Norwegian_Board_of_Directors_net1mode_2008-01-01,856,2861,80,spectral_entropy,0.4617418697678811,
Social,Norwegian_Board_of_Directors_net1mode_2008-01-01,856,2861,60,spectral_entropy,0.4889528434811284,
Social,Norwegian_Board_of_Directors_net1mode_2008-01-01,856,2861,40,spectral_entropy,0.5452045873883,
Social,Norwegian_Board_of_Directors_net1mode_2008-01-01,856,2861,20,spectral_entropy,0.7292898575209776,
Social,Norwegian_Board_of_Directors_net1mode_2008-01-01,856,2861,100,adamic_adar_entropy,2.070907950009588,0.9863639420020538
Social,Norwegian_Board_of_Directors_net1mode_2008-01-01,856,2861,100,seal_entropy,0.20450509157224916,0.9945076776370483
Social,Norwegian_Board_of_Directors_net1mode_2008-02-01,882,2937,100,spectral_entropy,0.4776920064055845,
Social,Norwegian_Board_of_Directors_net1mode_2008-02-01,882,2937,80,spectral_entropy,0.49121246714630845,
Social,Norwegian_Board_of_Directors_net1mode_2008-02-01,882,2937,60,spectral_entropy,0.5052556026707716,
Social,Norwegian_Board_of_Directors_net1mode_2008-02-01,882,2937,40,spectral_entropy,0.5809937420921246,
Social,Norwegian_Board_of_Directors_net1mode_2008-02-01,882,2937,20,spectral_entropy,0.7904802379940501,
Social,Norwegian_Board_of_Directors_net1mode_2008-02-01,882,2937,100,adamic_adar_entropy,2.005702314515803,0.9738818640098209
Social,Norwegian_Board_of_Directors_net1mode_2008-02-01,882,2937,100,seal_entropy,0.11575793739621804,0.9975999001651339
Social,Norwegian_Board_of_Directors_net1mode_2008-03-01,841,2776,100,spectral_entropy,0.4774942848884568,
Social,Norwegian_Board_of_Directors_net1mode_2008-03-01,841,2776,80,spectral_entropy,0.48300353066754254,
Social,Norwegian_Board_of_Directors_net1mode_2008-03-01,841,2776,60,spectral_entropy,0.4908777969018933,
Social,Norwegian_Board_of_Directors_net1mode_2008-03-01,841,2776,40,spectral_entropy,0.5785427255545974,
Social,Norwegian_Board_of_Directors_net1mode_2008-03-01,841,2776,20,spectral_entropy,0.8093101514301738,
Social,Norwegian_Board_of_Directors_net1mode_2008-03-01,841,2776,100,adamic_adar_entropy,1.907600115984559,0.9902167031896761
Social,Norwegian_Board_of_Directors_net1mode_2008-03-01,841,2776,100,seal_entropy,0.09943871331294388,0.9998376755133511
Social,Norwegian_Board_of_Directors_net1mode_2008-04-01,859,2813,100,spectral_entropy,0.47230790693348623,
Social,Norwegian_Board_of_Directors_net1mode_2008-04-01,859,2813,80,spectral_entropy,0.47425778249134903,
Social,Norwegian_Board_of_Directors_net1mode_2008-04-01,859,2813,60,spectral_entropy,0.4858482408777357,
Social,Norwegian_Board_of_Directors_net1mode_2008-04-01,859,2813,40,spectral_entropy,0.5444934825002565,
Social,Norwegian_Board_of_Directors_net1mode_2008-04-01,859,2813,20,spectral_entropy,0.7821478382147838,
Social,Norwegian_Board_of_Directors_net1mode_2008-04-01,859,2813,100,adamic_adar_entropy,1.7741814975689998,0.9807294107217487
Social,Norwegian_Board_of_Directors_net1mode_2008-04-01,859,2813,100,seal_entropy,0.18850080268093652,0.9937659097529159
Social,Norwegian_Board_of_Directors_net1mode_2008-05-01,870,2832,100,spectral_entropy,0.47449481493626267,
Social,Norwegian_Board_of_Directors_net1mode_2008-05-01,870,2832,80,spectral_entropy,0.4802189599402837,
Social,Norwegian_Board_of_Directors_net1mode_2008-05-01,870,2832,60,spectral_entropy,0.49403632420710214,
Social,Norwegian_Board_of_Directors_net1mode_2008-05-01,870,2832,40,spectral_entropy,0.5563725066173035,
Social,Norwegian_Board_of_Directors_net1mode_2008-05-01,870,2832,20,spectral_entropy,0.7852051411573217,
Social,Norwegian_Board_of_Directors_net1mode_2008-05-01,870,2832,100,adamic_adar_entropy,1.6563833465741158,0.9820652648928068
Social,Norwegian_Board_of_Directors_net1mode_2008-05-01,870,2832,100,seal_entropy,0.14612601230800354,0.9967192748067775
Social,Norwegian_Board_of_Directors_net1mode_2008-06-01,852,2798,100,spectral_entropy,0.48932190179267343,
Social,Norwegian_Board_of_Directors_net1mode_2008-06-01,852,2798,80,spectral_entropy,0.49215847421364,
Social,Norwegian_Board_of_Directors_net1mode_2008-06-01,852,2798,60,spectral_entropy,0.5062458908612755,
Social,Norwegian_Board_of_Directors_net1mode_2008-06-01,852,2798,40,spectral_entropy,0.5653122726800374,
Social,Norwegian_Board_of_Directors_net1mode_2008-06-01,852,2798,20,spectral_entropy,0.7988496564946477,
Social,Norwegian_Board_of_Directors_net1mode_2008-06-01,852,2798,100,adamic_adar_entropy,1.6877114397539195,0.9838422176068304
Social,Norwegian_Board_of_Directors_net1mode_2008-06-01,852,2798,100,seal_entropy,0.12399246091046989,0.9990239406555919
Social,Norwegian_Board_of_Directors_net1mode_2008-07-01,840,2700,100,spectral_entropy,0.48303940755840113,
Social,Norwegian_Board_of_Directors_net1mode_2008-07-01,840,2700,80,spectral_entropy,0.4768241605849641,
Social,Norwegian_Board_of_Directors_net1mode_2008-07-01,840,2700,60,spectral_entropy,0.4962552396845263,
Social,Norwegian_Board_of_Directors_net1mode_2008-07-01,840,2700,40,spectral_entropy,0.5870013111069489,
Social,Norwegian_Board_of_Directors_net1mode_2008-07-01,840,2700,20,spectral_entropy,0.7472680522819799,
Social,Norwegian_Board_of_Directors_net1mode_2008-07-01,840,2700,100,adamic_adar_entropy,1.8520883959002548,0.9856395747599451
Social,Norwegian_Board_of_Directors_net1mode_2008-07-01,840,2700,100,seal_entropy,0.1701508890682495,0.995363511659808
Social,Norwegian_Board_of_Directors_net1mode_2008-08-01,833,2632,100,spectral_entropy,0.49864429522758646,
Social,Norwegian_Board_of_Directors_net1mode_2008-08-01,833,2632,80,spectral_entropy,0.49821423428094125,
Social,Norwegian_Board_of_Directors_net1mode_2008-08-01,833,2632,60,spectral_entropy,0.5217435740201339,
Social,Norwegian_Board_of_Directors_net1mode_2008-08-01,833,2632,40,spectral_entropy,0.5826296088678323,
Social,Norwegian_Board_of_Directors_net1mode_2008-08-01,833,2632,20,spectral_entropy,0.7856730213749278,
Social,Norwegian_Board_of_Directors_net1mode_2008-08-01,833,2632,100,adamic_adar_entropy,1.4361250775643606,0.9826511876707774
Social,Norwegian_Board_of_Directors_net1mode_2008-08-01,833,2632,100,seal_entropy,0.08955552165798415,0.9992699041478119
Social,Norwegian_Board_of_Directors_net1mode_2008-09-01,837,2632,100,spectral_entropy,0.5015888182747433,
Social,Norwegian_Board_of_Directors_net1mode_2008-09-01,837,2632,80,spectral_entropy,0.4946060455014776,
Social,Norwegian_Board_of_Directors_net1mode_2008-09-01,837,2632,60,spectral_entropy,0.520793125165065,
Social,Norwegian_Board_of_Directors_net1mode_2008-09-01,837,2632,40,spectral_entropy,0.5918525631555621,
Social,Norwegian_Board_of_Directors_net1mode_2008-09-01,837,2632,20,spectral_entropy,0.7799040594212616,
Social,Norwegian_Board_of_Directors_net1mode_2008-09-01,837,2632,100,adamic_adar_entropy,3.270447231077817,0.9713310876259597
Social,Norwegian_Board_of_Directors_net1mode_2008-09-01,837,2632,100,seal_entropy,0.17085432966044425,0.9924785669881017
Social,Norwegian_Board_of_Directors_net1mode_2008-10-01,851,2664,100,spectral_entropy,0.5016966648729972,
Social,Norwegian_Board_of_Directors_net1mode_2008-10-01,851,2664,80,spectral_entropy,0.5018899471958043,
Social,Norwegian_Board_of_Directors_net1mode_2008-10-01,851,2664,60,spectral_entropy,0.5164924054045956,
Social,Norwegian_Board_of_Directors_net1mode_2008-10-01,851,2664,40,spectral_entropy,0.5758509520332009,
Social,Norwegian_Board_of_Directors_net1mode_2008-10-01,851,2664,20,spectral_entropy,0.7950594218693238,
Social,Norwegian_Board_of_Directors_net1mode_2008-10-01,851,2664,100,adamic_adar_entropy,2.933620574172716,0.9826233817626773
Social,Norwegian_Board_of_Directors_net1mode_2008-10-01,851,2664,100,seal_entropy,0.09497803349372842,0.9961063372717508
Social,Norwegian_Board_of_Directors_net1mode_2008-11-01,842,2629,100,spectral_entropy,0.5037515782213793,
Social,Norwegian_Board_of_Directors_net1mode_2008-11-01,842,2629,80,spectral_entropy,0.5056134810858793,
Social,Norwegian_Board_of_Directors_net1mode_2008-11-01,842,2629,60,spectral_entropy,0.5158076690975667,
Social,Norwegian_Board_of_Directors_net1mode_2008-11-01,842,2629,40,spectral_entropy,0.5878825325288943,
Social,Norwegian_Board_of_Directors_net1mode_2008-11-01,842,2629,20,spectral_entropy,0.7731985893994421,
Social,Norwegian_Board_of_Directors_net1mode_2008-11-01,842,2629,100,adamic_adar_entropy,2.584034760989921,0.9828752834467119
Social,Norwegian_Board_of_Directors_net1mode_2008-11-01,842,2629,100,seal_entropy,0.2226627880726964,0.9982185941043084
Social,Norwegian_Board_of_Directors_net1mode_2008-12-01,839,2615,100,spectral_entropy,0.5022032828635418,
Social,Norwegian_Board_of_Directors_net1mode_2008-12-01,839,2615,80,spectral_entropy,0.5042188549239438,
Social,Norwegian_Board_of_Directors_net1mode_2008-12-01,839,2615,60,spectral_entropy,0.5116954609626537,
Social,Norwegian_Board_of_Directors_net1mode_2008-12-01,839,2615,40,spectral_entropy,0.5728243169893251,
Social,Norwegian_Board_of_Directors_net1mode_2008-12-01,839,2615,20,spectral_entropy,0.7813252045563933,
Social,Norwegian_Board_of_Directors_net1mode_2008-12-01,839,2615,100,adamic_adar_entropy,2.4869833463057875,0.9786329785872795
Social,Norwegian_Board_of_Directors_net1mode_2008-12-01,839,2615,100,seal_entropy,0.2163974452997869,0.9940774104391126
Social,Norwegian_Board_of_Directors_net1mode_2009-01-01,822,2555,100,spectral_entropy,0.505822668050271,
Social,Norwegian_Board_of_Directors_net1mode_2009-01-01,822,2555,80,spectral_entropy,0.5059411157868174,
Social,Norwegian_Board_of_Directors_net1mode_2009-01-01,822,2555,60,spectral_entropy,0.5159524060229547,
Social,Norwegian_Board_of_Directors_net1mode_2009-01-01,822,2555,40,spectral_entropy,0.5702455324713062,
Social,Norwegian_Board_of_Directors_net1mode_2009-01-01,822,2555,20,spectral_entropy,0.7888040712468194,
Social,Norwegian_Board_of_Directors_net1mode_2009-01-01,822,2555,100,adamic_adar_entropy,6.0603092706266715,0.9739239662838302
Social,Norwegian_Board_of_Directors_net1mode_2009-01-01,822,2555,100,seal_entropy,0.18470330931338777,0.9901176083118555
Social,Norwegian_Board_of_Directors_net1mode_2009-02-01,827,2556,100,spectral_entropy,0.508934682210579,
Social,Norwegian_Board_of_Directors_net1mode_2009-02-01,827,2556,80,spectral_entropy,0.5122516355706325,
Social,Norwegian_Board_of_Directors_net1mode_2009-02-01,827,2556,60,spectral_entropy,0.521413264701765,
Social,Norwegian_Board_of_Directors_net1mode_2009-02-01,827,2556,40,spectral_entropy,0.569121068260483,
Social,Norwegian_Board_of_Directors_net1mode_2009-02-01,827,2556,20,spectral_entropy,0.7658038684937687,
Social,Norwegian_Board_of_Directors_net1mode_2009-02-01,827,2556,100,adamic_adar_entropy,2.6655438542818053,0.9867245453257301
Social,Norwegian_Board_of_Directors_net1mode_2009-02-01,827,2556,100,seal_entropy,0.13978312749539445,0.997497328824568
Social,Norwegian_Board_of_Directors_net1mode_2009-03-01,834,2591,100,spectral_entropy,0.5056046865318538,
Social,Norwegian_Board_of_Directors_net1mode_2009-03-01,834,2591,80,spectral_entropy,0.5030495636665223,
Social,Norwegian_Board_of_Directors_net1mode_2009-03-01,834,2591,60,spectral_entropy,0.5207337031605348,
Social,Norwegian_Board_of_Directors_net1mode_2009-03-01,834,2591,40,spectral_entropy,0.5861622959116727,
Social,Norwegian_Board_of_Directors_net1mode_2009-03-01,834,2591,20,spectral_entropy,0.7948632790877893,
Social,Norwegian_Board_of_Directors_net1mode_2009-03-01,834,2591,100,adamic_adar_entropy,2.0560509644036142,0.9797055052846559
Social,Norwegian_Board_of_Directors_net1mode_2009-03-01,834,2591,100,seal_entropy,0.1277057028152237,0.9990049343331198
Social,Norwegian_Board_of_Directors_net1mode_2009-04-01,809,2512,100,spectral_entropy,0.5119135058906484,
Social,Norwegian_Board_of_Directors_net1mode_2009-04-01,809,2512,80,spectral_entropy,0.5125469214176601,
Social,Norwegian_Board_of_Directors_net1mode_2009-04-01,809,2512,60,spectral_entropy,0.5329109083956957,
Social,Norwegian_Board_of_Directors_net1mode_2009-04-01,809,2512,40,spectral_entropy,0.5983967702490246,
Social,Norwegian_Board_of_Directors_net1mode_2009-04-01,809,2512,20,spectral_entropy,0.7733014680778423,
Social,Norwegian_Board_of_Directors_net1mode_2009-04-01,809,2512,100,adamic_adar_entropy,2.352610104633555,0.9714389454135648
Social,Norwegian_Board_of_Directors_net1mode_2009-04-01,809,2512,100,seal_entropy,0.1841628331974339,0.9884605006269741
Social,Norwegian_Board_of_Directors_net1mode_2009-05-01,809,2506,100,spectral_entropy,0.5077739097708991,
Social,Norwegian_Board_of_Directors_net1mode_2009-05-01,809,2506,80,spectral_entropy,0.5106346997916875,
Social,Norwegian_Board_of_Directors_net1mode_2009-05-01,809,2506,60,spectral_entropy,0.5214332820400088,
Social,Norwegian_Board_of_Directors_net1mode_2009-05-01,809,2506,40,spectral_entropy,0.5807025688641287,
Social,Norwegian_Board_of_Directors_net1mode_2009-05-01,809,2506,20,spectral_entropy,0.8039451803429095,
Social,Norwegian_Board_of_Directors_net1mode_2009-05-01,809,2506,100,adamic_adar_entropy,3.90510066736357,0.9800259759921275
Social,Norwegian_Board_of_Directors_net1mode_2009-05-01,809,2506,100,seal_entropy,0.16012334460681607,0.9963466281010832
Social,Norwegian_Board_of_Directors_net1mode_2009-06-01,802,2469,100,spectral_entropy,0.5018304299270814,
Social,Norwegian_Board_of_Directors_net1mode_2009-06-01,802,2469,80,spectral_entropy,0.4970349742621958,
Social,Norwegian_Board_of_Directors_net1mode_2009-06-01,802,2469,60,spectral_entropy,0.5133006126812839,
Social,Norwegian_Board_of_Directors_net1mode_2009-06-01,802,2469,40,spectral_entropy,0.5842692186017083,
Social,Norwegian_Board_of_Directors_net1mode_2009-06-01,802,2469,20,spectral_entropy,0.8120009394081729,
Social,Norwegian_Board_of_Directors_net1mode_2009-06-01,802,2469,100,adamic_adar_entropy,2.100929107734577,0.9869655913005195
Social,Norwegian_Board_of_Directors_net1mode_2009-06-01,802,2469,100,seal_entropy,0.09477536490734,0.9984776732263864
Social,Norwegian_Board_of_Directors_net1mode_2009-07-01,831,2601,100,spectral_entropy,0.4910900463249963,
Social,Norwegian_Board_of_Directors_net1mode_2009-07-01,831,2601,80,spectral_entropy,0.49220473599058684,
Social,Norwegian_Board_of_Directors_net1mode_2009-07-01,831,2601,60,spectral_entropy,0.49992351231451737,
Social,Norwegian_Board_of_Directors_net1mode_2009-07-01,831,2601,40,spectral_entropy,0.5808379856764225,
Social,Norwegian_Board_of_Directors_net1mode_2009-07-01,831,2601,20,spectral_entropy,0.7518180326972497,
Social,Norwegian_Board_of_Directors_net1mode_2009-07-01,831,2601,100,adamic_adar_entropy,1.5922436596232956,0.9871708579881658
Social,Norwegian_Board_of_Directors_net1mode_2009-07-01,831,2601,100,seal_entropy,0.22573494537101846,0.9944193786982248
Social,Norwegian_Board_of_Directors_net1mode_2009-08-01,818,2577,100,spectral_entropy,0.47958371246587805,
Social,Norwegian_Board_of_Directors_net1mode_2009-08-01,818,2577,80,spectral_entropy,0.4780043596973507,
Social,Norwegian_Board_of_Directors_net1mode_2009-08-01,818,2577,60,spectral_entropy,0.50459357868321,
Social,Norwegian_Board_of_Directors_net1mode_2009-08-01,818,2577,40,spectral_entropy,0.5670162278015921,
Social,Norwegian_Board_of_Directors_net1mode_2009-08-01,818,2577,20,spectral_entropy,0.7672398918732386,
Social,Norwegian_Board_of_Directors_net1mode_2009-08-01,818,2577,100,adamic_adar_entropy,2.3238603909596156,0.9831388443774154
Social,Norwegian_Board_of_Directors_net1mode_2009-08-01,818,2577,100,seal_entropy,0.23097510171746088,0.9980997266471863
Social,Norwegian_Board_of_Directors_net1mode_2009-09-01,814,2550,100,spectral_entropy,0.48499218312824866,
Social,Norwegian_Board_of_Directors_net1mode_2009-09-01,814,2550,80,spectral_entropy,0.48435421985110905,
Social,Norwegian_Board_of_Directors_net1mode_2009-09-01,814,2550,60,spectral_entropy,0.49878544274152264,
Social,Norwegian_Board_of_Directors_net1mode_2009-09-01,814,2550,40,spectral_entropy,0.5449601642866649,
Social,Norwegian_Board_of_Directors_net1mode_2009-09-01,814,2550,20,spectral_entropy,0.72048908696149,
Social,Norwegian_Board_of_Directors_net1mode_2009-09-01,814,2550,100,adamic_adar_entropy,2.0394505596470505,0.975920799692426
Social,Norwegian_Board_of_Directors_net1mode_2009-09-01,814,2550,100,seal_entropy,0.1845412153814924,0.9916916570549789
Social,Norwegian_Board_of_Directors_net1mode_2009-10-01,814,2644,100,spectral_entropy,0.47917709202112874,
Social,Norwegian_Board_of_Directors_net1mode_2009-10-01,814,2644,80,spectral_entropy,0.4705662331683738,
Social,Norwegian_Board_of_Directors_net1mode_2009-10-01,814,2644,60,spectral_entropy,0.48112425974982354,
Social,Norwegian_Board_of_Directors_net1mode_2009-10-01,814,2644,40,spectral_entropy,0.5427841634738186,
Social,Norwegian_Board_of_Directors_net1mode_2009-10-01,814,2644,20,spectral_entropy,0.7388077012294131,
Social,Norwegian_Board_of_Directors_net1mode_2009-10-01,814,2644,100,adamic_adar_entropy,2.2287033427463565,0.9810785410927455
Social,Norwegian_Board_of_Directors_net1mode_2009-10-01,814,2644,100,seal_entropy,0.12104871597915354,0.9984324781910009
Social,Norwegian_Board_of_Directors_net1mode_2009-11-01,786,2536,100,spectral_entropy,0.4839246216785624,
Social,Norwegian_Board_of_Directors_net1mode_2009-11-01,786,2536,80,spectral_entropy,0.47163640464644185,
Social,Norwegian_Board_of_Directors_net1mode_2009-11-01,786,2536,60,spectral_entropy,0.4823474596014148,
Social,Norwegian_Board_of_Directors_net1mode_2009-11-01,786,2536,40,spectral_entropy,0.5440262633368508,
Social,Norwegian_Board_of_Directors_net1mode_2009-11-01,786,2536,20,spectral_entropy,0.732771683132311,
Social,Norwegian_Board_of_Directors_net1mode_2009-11-01,786,2536,100,adamic_adar_entropy,2.807933948418783,0.9819548023917618
Social,Norwegian_Board_of_Directors_net1mode_2009-11-01,786,2536,100,seal_entropy,0.18150327089765275,0.9910036607806294
Social,Norwegian_Board_of_Directors_net1mode_2009-12-01,781,2533,100,spectral_entropy,0.4792721214839495,
Social,Norwegian_Board_of_Directors_net1mode_2009-12-01,781,2533,80,spectral_entropy,0.47225946401940255,
Social,Norwegian_Board_of_Directors_net1mode_2009-12-01,781,2533,60,spectral_entropy,0.4799257759784076,
Social,Norwegian_Board_of_Directors_net1mode_2009-12-01,781,2533,40,spectral_entropy,0.5509674144360491,
Social,Norwegian_Board_of_Directors_net1mode_2009-12-01,781,2533,20,spectral_entropy,0.732493764068869,
Social,Norwegian_Board_of_Directors_net1mode_2009-12-01,781,2533,100,adamic_adar_entropy,3.7569807057204097,0.9816881219828462
Social,Norwegian_Board_of_Directors_net1mode_2009-12-01,781,2533,100,seal_entropy,0.11720213347736388,0.997051195925573
Social,Norwegian_Board_of_Directors_net1mode_2010-01-01,770,2511,100,spectral_entropy,0.4719921314894474,
Social,Norwegian_Board_of_Directors_net1mode_2010-01-01,770,2511,80,spectral_entropy,0.4637565259377735,
Social,Norwegian_Board_of_Directors_net1mode_2010-01-01,770,2511,60,spectral_entropy,0.46893708288650343,
Social,Norwegian_Board_of_Directors_net1mode_2010-01-01,770,2511,40,spectral_entropy,0.5260092037047824,
Social,Norwegian_Board_of_Directors_net1mode_2010-01-01,770,2511,20,spectral_entropy,0.7149240393208222,
Social,Norwegian_Board_of_Directors_net1mode_2010-01-01,770,2511,100,adamic_adar_entropy,2.713302419881613,0.98214314058507
Social,Norwegian_Board_of_Directors_net1mode_2010-01-01,770,2511,100,seal_entropy,0.11911081123249288,0.9986151013475977
Social,Norwegian_Board_of_Directors_net1mode_2010-02-01,776,2525,100,spectral_entropy,0.46837390068923407,
Social,Norwegian_Board_of_Directors_net1mode_2010-02-01,776,2525,80,spectral_entropy,0.4557652775182209,
Social,Norwegian_Board_of_Directors_net1mode_2010-02-01,776,2525,60,spectral_entropy,0.4623717514712775,
Social,Norwegian_Board_of_Directors_net1mode_2010-02-01,776,2525,40,spectral_entropy,0.5243445692883895,
Social,Norwegian_Board_of_Directors_net1mode_2010-02-01,776,2525,20,spectral_entropy,0.728078698081127,
Social,Norwegian_Board_of_Directors_net1mode_2010-02-01,776,2525,100,adamic_adar_entropy,1.2672551580867826,0.9806077835506323
Social,Norwegian_Board_of_Directors_net1mode_2010-02-01,776,2525,100,seal_entropy,0.1747801611614425,0.9989373590824429
Social,Norwegian_Board_of_Directors_net1mode_2010-03-01,775,2504,100,spectral_entropy,0.46792260390538365,
Social,Norwegian_Board_of_Directors_net1mode_2010-03-01,775,2504,80,spectral_entropy,0.4539307609087631,
Social,Norwegian_Board_of_Directors_net1mode_2010-03-01,775,2504,60,spectral_entropy,0.45627737611483454,
Social,Norwegian_Board_of_Directors_net1mode_2010-03-01,775,2504,40,spectral_entropy,0.5154458226070676,
Social,Norwegian_Board_of_Directors_net1mode_2010-03-01,775,2504,20,spectral_entropy,0.7147749206151548,
Social,Norwegian_Board_of_Directors_net1mode_2010-03-01,775,2504,100,adamic_adar_entropy,1.9171405048297732,0.9878239999999999
Social,Norwegian_Board_of_Directors_net1mode_2010-03-01,775,2504,100,seal_entropy,0.2178986377788093,0.998336
Social,Norwegian_Board_of_Directors_net1mode_2010-04-01,781,2514,100,spectral_entropy,0.4517873553738483,
Social,Norwegian_Board_of_Directors_net1mode_2010-04-01,781,2514,80,spectral_entropy,0.44030225168382164,
Social,Norwegian_Board_of_Directors_net1mode_2010-04-01,781,2514,60,spectral_entropy,0.4402056620540815,
Social,Norwegian_Board_of_Directors_net1mode_2010-04-01,781,2514,40,spectral_entropy,0.5286909161641704,
Social,Norwegian_Board_of_Directors_net1mode_2010-04-01,781,2514,20,spectral_entropy,0.7248733504284195,
Social,Norwegian_Board_of_Directors_net1mode_2010-04-01,781,2514,100,adamic_adar_entropy,2.862458895007581,0.9784666116410851
Social,Norwegian_Board_of_Directors_net1mode_2010-04-01,781,2514,100,seal_entropy,0.13669362882966524,0.9955635624831352
Social,Norwegian_Board_of_Directors_net1mode_2010-05-01,777,2519,100,spectral_entropy,0.45739422462928364,
Social,Norwegian_Board_of_Directors_net1mode_2010-05-01,777,2519,80,spectral_entropy,0.44846493729704245,
Social,Norwegian_Board_of_Directors_net1mode_2010-05-01,777,2519,60,spectral_entropy,0.450187265917603,
Social,Norwegian_Board_of_Directors_net1mode_2010-05-01,777,2519,40,spectral_entropy,0.5200147466868463,
Social,Norwegian_Board_of_Directors_net1mode_2010-05-01,777,2519,20,spectral_entropy,0.701842651405572,
Social,Norwegian_Board_of_Directors_net1mode_2010-05-01,777,2519,100,adamic_adar_entropy,2.210514583731638,0.9804433834369527
Social,Norwegian_Board_of_Directors_net1mode_2010-05-01,777,2519,100,seal_entropy,0.15247989002295473,0.9987707947148124
Social,Norwegian_Board_of_Directors_net1mode_2010-06-01,750,2452,100,spectral_entropy,0.4541313379169602,
Social,Norwegian_Board_of_Directors_net1mode_2010-06-01,750,2452,80,spectral_entropy,0.4521735005297364,
Social,Norwegian_Board_of_Directors_net1mode_2010-06-01,750,2452,60,spectral_entropy,0.44471706793436594,
Social,Norwegian_Board_of_Directors_net1mode_2010-06-01,750,2452,40,spectral_entropy,0.5277066644644479,
Social,Norwegian_Board_of_Directors_net1mode_2010-06-01,750,2452,20,spectral_entropy,0.7217762817193164,
Social,Norwegian_Board_of_Directors_net1mode_2010-06-01,750,2452,100,adamic_adar_entropy,1.3698970605594107,0.9821532694710537
Social,Norwegian_Board_of_Directors_net1mode_2010-06-01,750,2452,100,seal_entropy,0.18471794523822646,0.9926488962932111
Social,Norwegian_Board_of_Directors_net1mode_2010-07-01,747,2463,100,spectral_entropy,0.4730616012436844,
Social,Norwegian_Board_of_Directors_net1mode_2010-07-01,747,2463,80,spectral_entropy,0.46693735498839906,
Social,Norwegian_Board_of_Directors_net1mode_2010-07-01,747,2463,60,spectral_entropy,0.4918294686872375,
Social,Norwegian_Board_of_Directors_net1mode_2010-07-01,747,2463,40,spectral_entropy,0.5792420327304049,
Social,Norwegian_Board_of_Directors_net1mode_2010-07-01,747,2463,20,spectral_entropy,0.7756653992395437,
Social,Norwegian_Board_of_Directors_net1mode_2010-07-01,747,2463,100,adamic_adar_entropy,1.77869625125107,0.9683038370017847
Social,Norwegian_Board_of_Directors_net1mode_2010-07-01,747,2463,100,seal_entropy,0.12906974815723302,0.9972775794831119
Social,Norwegian_Board_of_Directors_net1mode_2010-08-01,747,2447,100,spectral_entropy,0.49261023499269274,
Social,Norwegian_Board_of_Directors_net1mode_2010-08-01,747,2447,80,spectral_entropy,0.48660413945941666,
Social,Norwegian_Board_of_Directors_net1mode_2010-08-01,747,2447,60,spectral_entropy,0.4958096662240127,
Social,Norwegian_Board_of_Directors_net1mode_2010-08-01,747,2447,40,spectral_entropy,0.5532500657908055,
Social,Norwegian_Board_of_Directors_net1mode_2010-08-01,747,2447,20,spectral_entropy,0.7340711935387376,
Social,Norwegian_Board_of_Directors_net1mode_2010-08-01,747,2447,100,adamic_adar_entropy,2.351726655161731,0.9822893012324305
Social,Norwegian_Board_of_Directors_net1mode_2010-08-01,747,2447,100,seal_entropy,0.22525710063905552,0.9882277173481208
Social,Norwegian_Board_of_Directors_net1mode_2010-09-01,802,2613,100,spectral_entropy,0.49737657462062107,
Social,Norwegian_Board_of_Directors_net1mode_2010-09-01,802,2613,80,spectral_entropy,0.49438665156040784,
Social,Norwegian_Board_of_Directors_net1mode_2010-09-01,802,2613,60,spectral_entropy,0.5051164357603066,
Social,Norwegian_Board_of_Directors_net1mode_2010-09-01,802,2613,40,spectral_entropy,0.5611320754716981,
Social,Norwegian_Board_of_Directors_net1mode_2010-09-01,802,2613,20,spectral_entropy,0.7681308625028597,
Social,Norwegian_Board_of_Directors_net1mode_2010-09-01,802,2613,100,adamic_adar_entropy,2.903721244433333,0.9881791224438867
Social,Norwegian_Board_of_Directors_net1mode_2010-09-01,802,2613,100,seal_entropy,0.11078374050050899,0.9982861379016749
Social,Norwegian_Board_of_Directors_net1mode_2010-10-01,792,2550,100,spectral_entropy,0.4987574610400167,
Social,Norwegian_Board_of_Directors_net1mode_2010-10-01,792,2550,80,spectral_entropy,0.4965902468192036,
Social,Norwegian_Board_of_Directors_net1mode_2010-10-01,792,2550,60,spectral_entropy,0.5047468696611233,
Social,Norwegian_Board_of_Directors_net1mode_2010-10-01,792,2550,40,spectral_entropy,0.5634293680297398,
Social,Norwegian_Board_of_Directors_net1mode_2010-10-01,792,2550,20,spectral_entropy,0.7716733568989276,
Social,Norwegian_Board_of_Directors_net1mode_2010-10-01,792,2550,100,adamic_adar_entropy,4.310164445502569,0.9805382545174933
Social,Norwegian_Board_of_Directors_net1mode_2010-10-01,792,2550,100,seal_entropy,0.20065420910269244,0.9949480968858132
Social,Norwegian_Board_of_Directors_net1mode_2010-11-01,789,2536,100,spectral_entropy,0.48994254554815764,
Social,Norwegian_Board_of_Directors_net1mode_2010-11-01,789,2536,80,spectral_entropy,0.48800981015532746,
Social,Norwegian_Board_of_Directors_net1mode_2010-11-01,789,2536,60,spectral_entropy,0.4934221463641703,
Social,Norwegian_Board_of_Directors_net1mode_2010-11-01,789,2536,40,spectral_entropy,0.5412670173267327,
Social,Norwegian_Board_of_Directors_net1mode_2010-11-01,789,2536,20,spectral_entropy,0.7824900793650794,
Social,Norwegian_Board_of_Directors_net1mode_2010-11-01,789,2536,100,adamic_adar_entropy,2.0912730221266718,0.9837054413749906
Social,Norwegian_Board_of_Directors_net1mode_2010-11-01,789,2536,100,seal_entropy,0.13986961143965818,0.9964442577096195
Social,Norwegian_Board_of_Directors_net1mode_2010-12-01,783,2520,100,spectral_entropy,0.4901159268560943,
Social,Norwegian_Board_of_Directors_net1mode_2010-12-01,783,2520,80,spectral_entropy,0.4915522824530916,
Social,Norwegian_Board_of_Directors_net1mode_2010-12-01,783,2520,60,spectral_entropy,0.4962466398224265,
Social,Norwegian_Board_of_Directors_net1mode_2010-12-01,783,2520,40,spectral_entropy,0.5480654790939067,
Social,Norwegian_Board_of_Directors_net1mode_2010-12-01,783,2520,20,spectral_entropy,0.7619164468437519,
Social,Norwegian_Board_of_Directors_net1mode_2010-12-01,783,2520,100,adamic_adar_entropy,2.3929943439541974,0.9750566893424036
Social,Norwegian_Board_of_Directors_net1mode_2010-12-01,783,2520,100,seal_entropy,0.12666309224338496,0.9941617850844042
Social,Norwegian_Board_of_Directors_net1mode_2011-01-01,794,2577,100,spectral_entropy,0.4927247541527859,
Social,Norwegian_Board_of_Directors_net1mode_2011-01-01,794,2577,80,spectral_entropy,0.4939745381738506,
Social,Norwegian_Board_of_Directors_net1mode_2011-01-01,794,2577,60,spectral_entropy,0.5041348600508906,
Social,Norwegian_Board_of_Directors_net1mode_2011-01-01,794,2577,40,spectral_entropy,0.5646803312067328,
Social,Norwegian_Board_of_Directors_net1mode_2011-01-01,794,2577,20,spectral_entropy,0.7931161195492406,
Social,Norwegian_Board_of_Directors_net1mode_2011-01-01,794,2577,100,adamic_adar_entropy,1.7818627969057863,0.9828447544537655
Social,Norwegian_Board_of_Directors_net1mode_2011-01-01,794,2577,100,seal_entropy,0.09189378133954637,0.9961881421434631
Social,Norwegian_Board_of_Directors_net1mode_2011-02-01,791,2555,100,spectral_entropy,0.4845424184795213,
Social,Norwegian_Board_of_Directors_net1mode_2011-02-01,791,2555,80,spectral_entropy,0.48703025514003073,
Social,Norwegian_Board_of_Directors_net1mode_2011-02-01,791,2555,60,spectral_entropy,0.49079555064073377,
Social,Norwegian_Board_of_Directors_net1mode_2011-02-01,791,2555,40,spectral_entropy,0.5550409140033966,
Social,Norwegian_Board_of_Directors_net1mode_2011-02-01,791,2555,20,spectral_entropy,0.7801865389463071,
Social,Norwegian_Board_of_Directors_net1mode_2011-02-01,791,2555,100,adamic_adar_entropy,1.5165197564208583,0.9834253085734199
Social,Norwegian_Board_of_Directors_net1mode_2011-02-01,791,2555,100,seal_entropy,0.25536313235624797,0.9917930767728371
Social,Norwegian_Board_of_Directors_net1mode_2011-03-01,788,2543,100,spectral_entropy,0.4822696685413843,
Social,Norwegian_Board_of_Directors_net1mode_2011-03-01,788,2543,80,spectral_entropy,0.48653458207730244,
Social,Norwegian_Board_of_Directors_net1mode_2011-03-01,788,2543,60,spectral_entropy,0.49184070623280896,
Social,Norwegian_Board_of_Directors_net1mode_2011-03-01,788,2543,40,spectral_entropy,0.566898392526343,
Social,Norwegian_Board_of_Directors_net1mode_2011-03-01,788,2543,20,spectral_entropy,0.7917774463394074,
Social,Norwegian_Board_of_Directors_net1mode_2011-03-01,788,2543,100,adamic_adar_entropy,1.705591463871696,0.9846956568913138
Social,Norwegian_Board_of_Directors_net1mode_2011-03-01,788,2543,100,seal_entropy,0.1415226459172644,0.9937806125612251
Social,Norwegian_Board_of_Directors_net1mode_2011-04-01,786,2538,100,spectral_entropy,0.4811616542011876,
Social,Norwegian_Board_of_Directors_net1mode_2011-04-01,786,2538,80,spectral_entropy,0.4784277948834911,
Social,Norwegian_Board_of_Directors_net1mode_2011-04-01,786,2538,60,spectral_entropy,0.4918676571652976,
Social,Norwegian_Board_of_Directors_net1mode_2011-04-01,786,2538,40,spectral_entropy,0.5624377614021111,
Social,Norwegian_Board_of_Directors_net1mode_2011-04-01,786,2538,20,spectral_entropy,0.7850048061518744,
Social,Norwegian_Board_of_Directors_net1mode_2011-04-01,786,2538,100,adamic_adar_entropy,2.4095340058576253,0.9779964131352388
Social,Norwegian_Board_of_Directors_net1mode_2011-04-01,786,2538,100,seal_entropy,0.21501669616900101,0.996716579329233
Social,Norwegian_Board_of_Directors_net1mode_2011-05-01,784,2522,100,spectral_entropy,0.48350471798009276,
Social,Norwegian_Board_of_Directors_net1mode_2011-05-01,784,2522,80,spectral_entropy,0.4768039272483344,
Social,Norwegian_Board_of_Directors_net1mode_2011-05-01,784,2522,60,spectral_entropy,0.48823678219074124,
Social,Norwegian_Board_of_Directors_net1mode_2011-05-01,784,2522,40,spectral_entropy,0.5502592740327085,
Social,Norwegian_Board_of_Directors_net1mode_2011-05-01,784,2522,20,spectral_entropy,0.7665832290362954,
Social,Norwegian_Board_of_Directors_net1mode_2011-05-01,784,2522,100,adamic_adar_entropy,2.2347937809821103,0.9805563429075335
Social,Norwegian_Board_of_Directors_net1mode_2011-05-01,784,2522,100,seal_entropy,0.1879485638312697,0.9976458175862937
Social,Norwegian_Board_of_Directors_net1mode_2011-06-01,812,2590,100,spectral_entropy,0.48297199535910096,
Social,Norwegian_Board_of_Directors_net1mode_2011-06-01,812,2590,80,spectral_entropy,0.47531647865356014,
Social,Norwegian_Board_of_Directors_net1mode_2011-06-01,812,2590,60,spectral_entropy,0.5063579550386251,
Social,Norwegian_Board_of_Directors_net1mode_2011-06-01,812,2590,40,spectral_entropy,0.572358605723586,
Social,Norwegian_Board_of_Directors_net1mode_2011-06-01,812,2590,20,spectral_entropy,0.7638726293608054,
Social,Norwegian_Board_of_Directors_net1mode_2011-06-01,812,2590,100,adamic_adar_entropy,2.820724670062188,0.9811403378005695
Social,Norwegian_Board_of_Directors_net1mode_2011-06-01,812,2590,100,seal_entropy,0.11417112165331728,0.9982931083317184
Social,Norwegian_Board_of_Directors_net1mode_2011-07-01,848,2721,100,spectral_entropy,0.4845038323855391,
Social,Norwegian_Board_of_Directors_net1mode_2011-07-01,848,2721,80,spectral_entropy,0.48296649859634844,
Social,Norwegian_Board_of_Directors_net1mode_2011-07-01,848,2721,60,spectral_entropy,0.5020548150666441,
Social,Norwegian_Board_of_Directors_net1mode_2011-07-01,848,2721,40,spectral_entropy,0.5790674331599599,
Social,Norwegian_Board_of_Directors_net1mode_2011-07-01,848,2721,20,spectral_entropy,0.7798519827681432,
Social,Norwegian_Board_of_Directors_net1mode_2011-07-01,848,2721,100,adamic_adar_entropy,3.660595985162834,0.9710866538711072
Social,Norwegian_Board_of_Directors_net1mode_2011-07-01,848,2721,100,seal_entropy,0.14632148545271825,0.996732401600346
Social,Norwegian_Board_of_Directors_net1mode_2011-08-01,854,2745,100,spectral_entropy,0.478706176562724,
Social,Norwegian_Board_of_Directors_net1mode_2011-08-01,854,2745,80,spectral_entropy,0.4773907414294175,
Social,Norwegian_Board_of_Directors_net1mode_2011-08-01,854,2745,60,spectral_entropy,0.49144408357167096,
Social,Norwegian_Board_of_Directors_net1mode_2011-08-01,854,2745,40,spectral_entropy,0.5703320718511806,
Social,Norwegian_Board_of_Directors_net1mode_2011-08-01,854,2745,20,spectral_entropy,0.8134259006177227,
Social,Norwegian_Board_of_Directors_net1mode_2011-08-01,854,2745,100,adamic_adar_entropy,2.9655846005227824,0.9840926207942243
Social,Norwegian_Board_of_Directors_net1mode_2011-08-01,854,2745,100,seal_entropy,0.11019171418819704,0.9978898543800452
Social,Zachary_Karate_Club_Zachary_karate_club_77,34,76,100,spectral_entropy,0.7721518987341772,
Social,Zachary_Karate_Club_Zachary_karate_club_77,34,76,80,spectral_entropy,0.7329192546583851,
Social,Zachary_Karate_Club_Zachary_karate_club_77,34,76,60,spectral_entropy,0.6990291262135923,
Social,Zachary_Karate_Club_Zachary_karate_club_77,34,76,40,spectral_entropy,0.8981001727115717,
Social,Zachary_Karate_Club_Zachary_karate_club_77,34,76,20,spectral_entropy,0.78125,
Social,Zachary_Karate_Club_Zachary_karate_club_77,34,76,100,adamic_adar_entropy,0.932994893739911,0.7977777777777778
Social,Zachary_Karate_Club_Zachary_karate_club_77,34,76,100,seal_entropy,0.8764717470613813,0.8888888888888888
Social,Zachary_Karate_Club_Zachary_karate_club_78,34,78,100,spectral_entropy,0.7493175614194723,
Social,Zachary_Karate_Club_Zachary_karate_club_78,34,78,80,spectral_entropy,0.720658888126287,
Social,Zachary_Karate_Club_Zachary_karate_club_78,34,78,60,spectral_entropy,0.7190160832544938,
Social,Zachary_Karate_Club_Zachary_karate_club_78,34,78,40,spectral_entropy,0.8016032064128257,
Social,Zachary_Karate_Club_Zachary_karate_club_78,34,78,20,spectral_entropy,0.9022556390977443,
Social,Zachary_Karate_Club_Zachary_karate_club_78,34,78,100,adamic_adar_entropy,3.010766969270411,0.68
Social,Zachary_Karate_Club_Zachary_karate_club_78,34,78,100,seal_entropy,0.9543883758159458,0.7822222222222222
Biological,Aishihik_Lake_host-parasite_web_Aishihik_Lake_host-parasite_web,36,78,100,spectral_entropy,0.5755102040816327,
Biological,Aishihik_Lake_host-parasite_web_Aishihik_Lake_host-parasite_web,36,78,80,spectral_entropy,0.6387096774193548,
Biological,Aishihik_Lake_host-parasite_web_Aishihik_Lake_host-parasite_web,36,78,60,spectral_entropy,0.7150153217568948,
Biological,Aishihik_Lake_host-parasite_web_Aishihik_Lake_host-parasite_web,36,78,40,spectral_entropy,0.9401709401709403,
Biological,Aishihik_Lake_host-parasite_web_Aishihik_Lake_host-parasite_web,36,78,20,spectral_entropy,0.9473684210526315,
Biological,Aishihik_Lake_host-parasite_web_Aishihik_Lake_host-parasite_web,36,78,100,adamic_adar_entropy,-0.0,0.26666666666666666
Biological,Aishihik_Lake_host-parasite_web_Aishihik_Lake_host-parasite_web,36,78,100,seal_entropy,0.6095778274659723,0.9155555555555556
Biological,Arroyo_plant-pollinator_web_Elevation_1,182,363,100,spectral_entropy,0.8133157837007787,
Biological,Arroyo_plant-pollinator_web_Elevation_1,182,363,80,spectral_entropy,0.8335807600950118,
Biological,Arroyo_plant-pollinator_web_Elevation_1,182,363,60,spectral_entropy,0.8307722811539605,
Biological,Arroyo_plant-pollinator_web_Elevation_1,182,363,40,spectral_entropy,0.9085746734809768,
Biological,Arroyo_plant-pollinator_web_Elevation_1,182,363,20,spectral_entropy,0.8172261783655477,
Biological,Arroyo_plant-pollinator_web_Elevation_1,182,363,100,adamic_adar_entropy,-0.0,0.4722222222222222
Biological,Arroyo_plant-pollinator_web_Elevation_1,182,363,100,seal_entropy,0.7756219539028928,0.8817515432098766
Biological,Arroyo_plant-pollinator_web_Elevation_2,97,179,100,spectral_entropy,0.8695095402740428,
Biological,Arroyo_plant-pollinator_web_Elevation_2,97,179,80,spectral_entropy,0.8981233243967829,
Biological,Arroyo_plant-pollinator_web_Elevation_2,97,179,60,spectral_entropy,0.9170709170709171,
Biological,Arroyo_plant-pollinator_web_Elevation_2,97,179,40,spectral_entropy,0.9594912859161564,
Biological,Arroyo_plant-pollinator_web_Elevation_2,97,179,20,spectral_entropy,0.872210953346856,
Biological,Arroyo_plant-pollinator_web_Elevation_2,97,179,100,adamic_adar_entropy,-0.0,0.4285714285714286
Biological,Arroyo_plant-pollinator_web_Elevation_2,97,179,100,seal_entropy,0.7666867526063451,0.8620408163265306
Biological,Arroyo_plant-pollinator_web_Elevation_3,65,85,100,spectral_entropy,0.782635279730969,
Biological,Arroyo_plant-pollinator_web_Elevation_3,65,85,80,spectral_entropy,0.7922392886014551,
Biological,Arroyo_plant-pollinator_web_Elevation_3,65,85,60,spectral_entropy,0.9133765468473778,
Biological,Arroyo_plant-pollinator_web_Elevation_3,65,85,40,spectral_entropy,1.0049850448654039,
Biological,Arroyo_plant-pollinator_web_Elevation_3,65,85,20,spectral_entropy,0.9787234042553191,
Biological,Arroyo_plant-pollinator_web_Elevation_3,65,85,100,adamic_adar_entropy,,0.4117647058823529
Biological,Arroyo_plant-pollinator_web_Elevation_3,65,85,100,seal_entropy,0.8111850416977618,0.7923875432525952
Biological,Barrett_Helenurm_plant-pollinator_web_Barrett_Helenurm_plant-pollinator_web,112,166,100,spectral_entropy,0.5179010658649905,
Biological,Barrett_Helenurm_plant-pollinator_web_Barrett_Helenurm_plant-pollinator_web,112,166,80,spectral_entropy,0.4593707778421154,
Biological,Barrett_Helenurm_plant-pollinator_web_Barrett_Helenurm_plant-pollinator_web,112,166,60,spectral_entropy,0.5335579893288401,
Biological,Barrett_Helenurm_plant-pollinator_web_Barrett_Helenurm_plant-pollinator_web,112,166,40,spectral_entropy,0.6688341848583371,
Biological,Barrett_Helenurm_plant-pollinator_web_Barrett_Helenurm_plant-pollinator_web,112,166,20,spectral_entropy,0.8368200836820084,
Biological,Barrett_Helenurm_plant-pollinator_web_Barrett_Helenurm_plant-pollinator_web,112,166,100,adamic_adar_entropy,-0.0,0.3484848484848485
Biological,Barrett_Helenurm_plant-pollinator_web_Barrett_Helenurm_plant-pollinator_web,112,166,100,seal_entropy,0.45843935795803264,0.9710743801652892
Biological,Beehler_seed-disperser_web_Beehler_seed-disperser_web,40,119,100,spectral_entropy,0.7336220898754738,
Biological,Beehler_seed-disperser_web_Beehler_seed-disperser_web,40,119,80,spectral_entropy,0.7323340471092077,
Biological,Beehler_seed-disperser_web_Beehler_seed-disperser_web,40,119,60,spectral_entropy,0.5283911671924291,
Biological,Beehler_seed-disperser_web_Beehler_seed-disperser_web,40,119,40,spectral_entropy,0.6619718309859155,
Biological,Beehler_seed-disperser_web_Beehler_seed-disperser_web,40,119,20,spectral_entropy,0.9056603773584906,
Biological,Beehler_seed-disperser_web_Beehler_seed-disperser_web,40,119,100,adamic_adar_entropy,-0.0,0.19565217391304346
Biological,Beehler_seed-disperser_web_Beehler_seed-disperser_web,40,119,100,seal_entropy,0.5183260377227583,0.9432892249527411
Biological,Binary_interactomes_various species_2012_A_thaliana_mustard_binary_hq,297,560,100,spectral_entropy,0.61994522313517,
Biological,Binary_interactomes_various species_2012_A_thaliana_mustard_binary_hq,297,560,80,spectral_entropy,0.6034525156150101,
Biological,Binary_interactomes_various species_2012_A_thaliana_mustard_binary_hq,297,560,60,spectral_entropy,0.683949675943576,
Biological,Binary_interactomes_various species_2012_A_thaliana_mustard_binary_hq,297,560,40,spectral_entropy,0.8298342541436464,
Biological,Binary_interactomes_various species_2012_A_thaliana_mustard_binary_hq,297,560,20,spectral_entropy,0.8715934200834765,
Biological,Binary_interactomes_various species_2012_A_thaliana_mustard_binary_hq,297,560,100,adamic_adar_entropy,5.9502207861292495,0.6023596938775511
Biological,Binary_interactomes_various species_2012_A_thaliana_mustard_binary_hq,297,560,100,seal_entropy,0.60252249389338,0.8655931122448979
Biological,Binary_interactomes_various species_2012_A_thaliana_mustard_binary_lc,297,560,100,spectral_entropy,0.6200651003899578,
Biological,Binary_interactomes_various species_2012_A_thaliana_mustard_binary_lc,297,560,80,spectral_entropy,0.6016108437285139,
Biological,Binary_interactomes_various species_2012_A_thaliana_mustard_binary_lc,297,560,60,spectral_entropy,0.691237192231228,
Biological,Binary_interactomes_various species_2012_A_thaliana_mustard_binary_lc,297,560,40,spectral_entropy,0.8281596452328159,
Biological,Binary_interactomes_various species_2012_A_thaliana_mustard_binary_lc,297,560,20,spectral_entropy,0.8492822966507177,
Biological,Binary_interactomes_various species_2012_A_thaliana_mustard_binary_lc,297,560,100,adamic_adar_entropy,3.22273821129423,0.6023596938775511
Biological,Binary_interactomes_various species_2012_A_thaliana_mustard_binary_lc,297,560,100,seal_entropy,0.6040749967259428,0.8655931122448979
Biological,Binary_interactomes_various species_2012_A_thaliana_mustard_cocomp_hq,128,134,100,spectral_entropy,0.345553411682161,
Biological,Binary_interactomes_various species_2012_A_thaliana_mustard_cocomp_hq,128,134,80,spectral_entropy,0.22672243011226062,
Biological,Binary_interactomes_various species_2012_A_thaliana_mustard_cocomp_hq,128,134,60,spectral_entropy,0.12769353551476456,
Biological,Binary_interactomes_various species_2012_A_thaliana_mustard_cocomp_hq,128,134,40,spectral_entropy,0.12810248198558846,
Biological,Binary_interactomes_various species_2012_A_thaliana_mustard_cocomp_hq,128,134,20,spectral_entropy,0.6025492468134415,
Biological,Binary_interactomes_various species_2012_A_thaliana_mustard_cocomp_hq,128,134,100,adamic_adar_entropy,,0.3069526627218935
Biological,Binary_interactomes_various species_2012_A_thaliana_mustard_cocomp_hq,128,134,100,seal_entropy,0.26035243805221725,0.9911242603550295
Biological,Binary_interactomes_various species_2012_C_elegans_nematode_binary_lc,50,53,100,spectral_entropy,0.7708665603402446,
Biological,Binary_interactomes_various species_2012_C_elegans_nematode_binary_lc,50,53,80,spectral_entropy,0.8268229166666667,
Biological,Binary_interactomes_various species_2012_C_elegans_nematode_binary_lc,50,53,60,spectral_entropy,0.8930232558139535,
Biological,Binary_interactomes_various species_2012_C_elegans_nematode_binary_lc,50,53,40,spectral_entropy,1.047040971168437,
Biological,Binary_interactomes_various species_2012_C_elegans_nematode_binary_lc,50,53,20,spectral_entropy,0.8849557522123893,
Biological,Binary_interactomes_various species_2012_C_elegans_nematode_binary_lc,50,53,100,adamic_adar_entropy,,0.4
Biological,Binary_interactomes_various species_2012_C_elegans_nematode_binary_lc,50,53,100,seal_entropy,0.9315520459418734,0.78
Biological,Binary_interactomes_various species_2012_D_melanogaster_fly_cocomp_hq,26,56,100,spectral_entropy,0.7997481108312342,
Biological,Binary_interactomes_various species_2012_D_melanogaster_fly_cocomp_hq,26,56,80,spectral_entropy,0.8690744920993229,
Biological,Binary_interactomes_various species_2012_D_melanogaster_fly_cocomp_hq,26,56,60,spectral_entropy,0.8561020036429873,
Biological,Binary_interactomes_various species_2012_D_melanogaster_fly_cocomp_hq,26,56,40,spectral_entropy,0.9428571428571428,
Biological,Binary_interactomes_various species_2012_D_melanogaster_fly_cocomp_hq,26,56,20,spectral_entropy,1.0185185185185184,
Biological,Binary_interactomes_various species_2012_D_melanogaster_fly_cocomp_hq,26,56,100,adamic_adar_entropy,1.3514764695717627,0.6859504132231405
Biological,Binary_interactomes_various species_2012_D_melanogaster_fly_cocomp_hq,26,56,100,seal_entropy,0.6032808170870616,0.7851239669421487
Biological,Binary_interactomes_various species_2012_E_coli_K12_binary_hq,32,37,100,spectral_entropy,0.9259259259259259,
Biological,Binary_interactomes_various species_2012_E_coli_K12_binary_hq,32,37,80,spectral_entropy,1.013986013986014,
Biological,Binary_interactomes_various species_2012_E_coli_K12_binary_hq,32,37,60,spectral_entropy,0.9786476868327402,
Biological,Binary_interactomes_various species_2012_E_coli_K12_binary_hq,32,37,40,spectral_entropy,0.9900990099009901,
Biological,Binary_interactomes_various species_2012_E_coli_K12_binary_hq,32,37,20,spectral_entropy,0.96,
Biological,Binary_interactomes_various species_2012_E_coli_K12_binary_hq,32,37,100,adamic_adar_entropy,,0.5714285714285714
Biological,Binary_interactomes_various species_2012_E_coli_K12_binary_hq,32,37,100,seal_entropy,0.8866950819254699,0.7959183673469388
Biological,Binary_interactomes_various species_2012_E_coli_K12_binary_lc,32,37,100,spectral_entropy,0.9228187919463087,
Biological,Binary_interactomes_various species_2012_E_coli_K12_binary_lc,32,37,80,spectral_entropy,1.0171568627450982,
Biological,Binary_interactomes_various species_2012_E_coli_K12_binary_lc,32,37,60,spectral_entropy,0.935374149659864,
Biological,Binary_interactomes_various species_2012_E_coli_K12_binary_lc,32,37,40,spectral_entropy,1.0621761658031088,
Biological,Binary_interactomes_various species_2012_E_coli_K12_binary_lc,32,37,20,spectral_entropy,1.04,
Biological,Binary_interactomes_various species_2012_E_coli_K12_binary_lc,32,37,100,adamic_adar_entropy,,0.5714285714285714
Biological,Binary_interactomes_various species_2012_E_coli_K12_binary_lc,32,37,100,seal_entropy,1.0506751645750858,0.7959183673469388
Biological,Binary_interactomes_various species_2012_E_coli_K12_cocomp_hq,974,2299,100,spectral_entropy,0.8654326538768985,
Biological,Binary_interactomes_various species_2012_E_coli_K12_cocomp_hq,974,2299,80,spectral_entropy,0.837716554286288,
Biological,Binary_interactomes_various species_2012_E_coli_K12_cocomp_hq,974,2299,60,spectral_entropy,0.8444366010765022,
Biological,Binary_interactomes_various species_2012_E_coli_K12_cocomp_hq,974,2299,40,spectral_entropy,0.8997641946196867,
Biological,Binary_interactomes_various species_2012_E_coli_K12_cocomp_hq,974,2299,20,spectral_entropy,0.835866656273547,
Biological,Binary_interactomes_various species_2012_E_coli_K12_cocomp_hq,974,2299,100,adamic_adar_entropy,24.219069570240666,0.662632131041717
Biological,Binary_interactomes_various species_2012_E_coli_K12_cocomp_hq,974,2299,100,seal_entropy,0.7326823191653452,0.8925484500263432
Biological,Binary_interactomes_various species_2012_H_sapiens_human_binary_lc,3155,5648,100,spectral_entropy,0.8088076469086617,
Biological,Binary_interactomes_various species_2012_H_sapiens_human_binary_lc,3155,5648,80,spectral_entropy,0.7951419811952743,
Biological,Binary_interactomes_various species_2012_H_sapiens_human_binary_lc,3155,5648,60,spectral_entropy,0.8259287291729307,
Biological,Binary_interactomes_various species_2012_H_sapiens_human_binary_lc,3155,5648,40,spectral_entropy,0.9131205673758864,
Biological,Binary_interactomes_various species_2012_H_sapiens_human_binary_lc,3155,5648,20,spectral_entropy,0.9031728707552501,
Biological,Binary_interactomes_various species_2012_H_sapiens_human_binary_lc,3155,5648,100,adamic_adar_entropy,39.389949016889226,0.6281384327037967
Biological,Binary_interactomes_various species_2012_H_sapiens_human_binary_lc,3155,5648,100,seal_entropy,0.7097108346237602,0.9000087083343468
Biological,Binary_interactomes_various species_2012_M_musculus_mouse_binary_hq,705,1243,100,spectral_entropy,0.770757853987791,
Biological,Binary_interactomes_various species_2012_M_musculus_mouse_binary_hq,705,1243,80,spectral_entropy,0.7639100152109519,
Biological,Binary_interactomes_various species_2012_M_musculus_mouse_binary_hq,705,1243,60,spectral_entropy,0.797444700360697,
Biological,Binary_interactomes_various species_2012_M_musculus_mouse_binary_hq,705,1243,40,spectral_entropy,0.8939110834297239,
Biological,Binary_interactomes_various species_2012_M_musculus_mouse_binary_hq,705,1243,20,spectral_entropy,0.8600973901624993,
Biological,Binary_interactomes_various species_2012_M_musculus_mouse_binary_hq,705,1243,100,adamic_adar_entropy,25.521008096593057,0.580027315296566
Biological,Binary_interactomes_various species_2012_M_musculus_mouse_binary_hq,705,1243,100,seal_entropy,0.7930859018614124,0.817654136316337
Biological,Binary_interactomes_various species_2012_M_musculus_mouse_binary_ht,537,1028,100,spectral_entropy,0.7965213023138991,
Biological,Binary_interactomes_various species_2012_M_musculus_mouse_binary_ht,537,1028,80,spectral_entropy,0.7898384286393157,
Biological,Binary_interactomes_various species_2012_M_musculus_mouse_binary_ht,537,1028,60,spectral_entropy,0.8184311863691512,
Biological,Binary_interactomes_various species_2012_M_musculus_mouse_binary_ht,537,1028,40,spectral_entropy,0.9037725145369451,
Biological,Binary_interactomes_various species_2012_M_musculus_mouse_binary_ht,537,1028,20,spectral_entropy,0.9157458563535912,
Biological,Binary_interactomes_various species_2012_M_musculus_mouse_binary_ht,537,1028,100,adamic_adar_entropy,8.792832723593841,0.5793813206424747
Biological,Binary_interactomes_various species_2012_M_musculus_mouse_binary_ht,537,1028,100,seal_entropy,0.7018508303004515,0.857180249851279
Biological,Binary_interactomes_various species_2012_M_musculus_mouse_binary_lc,81,108,100,spectral_entropy,0.7398190045248869,
Biological,Binary_interactomes_various species_2012_M_musculus_mouse_binary_lc,81,108,80,spectral_entropy,0.8175033921302578,
Biological,Binary_interactomes_various species_2012_M_musculus_mouse_binary_lc,81,108,60,spectral_entropy,0.8826429980276134,
Biological,Binary_interactomes_various species_2012_M_musculus_mouse_binary_lc,81,108,40,spectral_entropy,0.8975377283558379,
Biological,Binary_interactomes_various species_2012_M_musculus_mouse_binary_lc,81,108,20,spectral_entropy,1.0,
Biological,Binary_interactomes_various species_2012_M_musculus_mouse_binary_lc,81,108,100,adamic_adar_entropy,2.658054352647982,0.6258503401360543
Biological,Binary_interactomes_various species_2012_M_musculus_mouse_binary_lc,81,108,100,seal_entropy,0.8729818254902022,0.6734693877551019
Biological,Binary_interactomes_various species_2012_M_musculus_mouse_cocomp_hq,890,1329,100,spectral_entropy,0.6852539564646061,
Biological,Binary_interactomes_various species_2012_M_musculus_mouse_cocomp_hq,890,1329,80,spectral_entropy,0.6698506373011286,
Biological,Binary_interactomes_various species_2012_M_musculus_mouse_cocomp_hq,890,1329,60,spectral_entropy,0.7067289949563292,
Biological,Binary_interactomes_various species_2012_M_musculus_mouse_cocomp_hq,890,1329,40,spectral_entropy,0.8488469420151817,
Biological,Binary_interactomes_various species_2012_M_musculus_mouse_cocomp_hq,890,1329,20,spectral_entropy,0.9012969883490878,
Biological,Binary_interactomes_various species_2012_M_musculus_mouse_cocomp_hq,890,1329,100,adamic_adar_entropy,19.69804858035345,0.631306514773941
Biological,Binary_interactomes_various species_2012_M_musculus_mouse_cocomp_hq,890,1329,100,seal_entropy,0.7172966698473099,0.8996368814524742
Biological,Binary_interactomes_various species_2012_R_norvegicus_rat_cocomp_hq,104,117,100,spectral_entropy,0.7878411910669975,
Biological,Binary_interactomes_various species_2012_R_norvegicus_rat_cocomp_hq,104,117,80,spectral_entropy,0.7786666666666666,
Biological,Binary_interactomes_various species_2012_R_norvegicus_rat_cocomp_hq,104,117,60,spectral_entropy,0.8841940532081377,
Biological,Binary_interactomes_various species_2012_R_norvegicus_rat_cocomp_hq,104,117,40,spectral_entropy,0.9993468321358588,
Biological,Binary_interactomes_various species_2012_R_norvegicus_rat_cocomp_hq,104,117,20,spectral_entropy,0.9419152276295133,
Biological,Binary_interactomes_various species_2012_R_norvegicus_rat_cocomp_hq,104,117,100,adamic_adar_entropy,,0.500945179584121
Biological,Binary_interactomes_various species_2012_R_norvegicus_rat_cocomp_hq,104,117,100,seal_entropy,0.8164050736257739,0.7665406427221172
Biological,Binary_interactomes_various species_2012_S_pombe_972H_fission_yeast_binary_hq,129,153,100,spectral_entropy,0.8335809806835067,
Biological,Binary_interactomes_various species_2012_S_pombe_972H_fission_yeast_binary_hq,129,153,80,spectral_entropy,0.8811398575178103,
Biological,Binary_interactomes_various species_2012_S_pombe_972H_fission_yeast_binary_hq,129,153,60,spectral_entropy,0.8996188055908514,
Biological,Binary_interactomes_various species_2012_S_pombe_972H_fission_yeast_binary_hq,129,153,40,spectral_entropy,0.9981378026070763,
Biological,Binary_interactomes_various species_2012_S_pombe_972H_fission_yeast_binary_hq,129,153,20,spectral_entropy,1.0335689045936396,
Biological,Binary_interactomes_various species_2012_S_pombe_972H_fission_yeast_binary_hq,129,153,100,adamic_adar_entropy,1.0,0.4994444444444444
Biological,Binary_interactomes_various species_2012_S_pombe_972H_fission_yeast_binary_hq,129,153,100,seal_entropy,0.9306901647960262,0.6172222222222221
Biological,Binary_interactomes_various species_2012_S_pombe_972H_fission_yeast_binary_ht,96,114,100,spectral_entropy,0.8282531006937145,
Biological,Binary_interactomes_various species_2012_S_pombe_972H_fission_yeast_binary_ht,96,114,80,spectral_entropy,0.8654353562005277,
Biological,Binary_interactomes_various species_2012_S_pombe_972H_fission_yeast_binary_ht,96,114,60,spectral_entropy,0.835740817168799,
Biological,Binary_interactomes_various species_2012_S_pombe_972H_fission_yeast_binary_ht,96,114,40,spectral_entropy,1.0221992772328343,
Biological,Binary_interactomes_various species_2012_S_pombe_972H_fission_yeast_binary_ht,96,114,20,spectral_entropy,0.9254498714652957,
Biological,Binary_interactomes_various species_2012_S_pombe_972H_fission_yeast_binary_ht,96,114,100,adamic_adar_entropy,,0.45454545454545453
Biological,Binary_interactomes_various species_2012_S_pombe_972H_fission_yeast_binary_ht,96,114,100,seal_entropy,0.9861364237598053,0.53099173553719
Biological,Binary_interactomes_various species_2012_S_pombe_972H_fission_yeast_binary_lc,28,56,100,spectral_entropy,0.8077695914266577,
Biological,Binary_interactomes_various species_2012_S_pombe_972H_fission_yeast_binary_lc,28,56,80,spectral_entropy,0.8395677472984207,
Biological,Binary_interactomes_various species_2012_S_pombe_972H_fission_yeast_binary_lc,28,56,60,spectral_entropy,0.8576642335766423,
Biological,Binary_interactomes_various species_2012_S_pombe_972H_fission_yeast_binary_lc,28,56,40,spectral_entropy,0.8743169398907104,
Biological,Binary_interactomes_various species_2012_S_pombe_972H_fission_yeast_binary_lc,28,56,20,spectral_entropy,1.0666666666666667,
Biological,Binary_interactomes_various species_2012_S_pombe_972H_fission_yeast_binary_lc,28,56,100,adamic_adar_entropy,1.1661261891384185,0.793388429752066
Biological,Binary_interactomes_various species_2012_S_pombe_972H_fission_yeast_binary_lc,28,56,100,seal_entropy,0.9059728783410804,0.6694214876033058
Biological,Binary_interactomes_various species_2012_S_pombe_972H_fission_yeast_cocomp_hq,90,118,100,spectral_entropy,0.5992201928996511,
Biological,Binary_interactomes_various species_2012_S_pombe_972H_fission_yeast_cocomp_hq,90,118,80,spectral_entropy,0.5691318327974276,
Biological,Binary_interactomes_various species_2012_S_pombe_972H_fission_yeast_cocomp_hq,90,118,60,spectral_entropy,0.47619047619047616,
Biological,Binary_interactomes_various species_2012_S_pombe_972H_fission_yeast_cocomp_hq,90,118,40,spectral_entropy,0.8921161825726142,
Biological,Binary_interactomes_various species_2012_S_pombe_972H_fission_yeast_cocomp_hq,90,118,20,spectral_entropy,1.0309278350515463,
Biological,Binary_interactomes_various species_2012_S_pombe_972H_fission_yeast_cocomp_hq,90,118,100,adamic_adar_entropy,2.340590609093672,0.5982986767485823
Biological,Binary_interactomes_various species_2012_S_pombe_972H_fission_yeast_cocomp_hq,90,118,100,seal_entropy,0.6861932915059326,0.8260869565217391
Biological,Bluthgen_plant-ant_web_Bluthgen_plant-ant_web,92,285,100,spectral_entropy,0.8390367553865653,
Biological,Bluthgen_plant-ant_web_Bluthgen_plant-ant_web,92,285,80,spectral_entropy,0.809553739786298,
Biological,Bluthgen_plant-ant_web_Bluthgen_plant-ant_web,92,285,60,spectral_entropy,0.8542886668963141,
Biological,Bluthgen_plant-ant_web_Bluthgen_plant-ant_web,92,285,40,spectral_entropy,0.8669179472310815,
Biological,Bluthgen_plant-ant_web_Bluthgen_plant-ant_web,92,285,20,spectral_entropy,0.6751054852320676,
Biological,Bluthgen_plant-ant_web_Bluthgen_plant-ant_web,92,285,100,adamic_adar_entropy,-0.0,0.35964912280701755
Biological,Bluthgen_plant-ant_web_Bluthgen_plant-ant_web,92,285,100,seal_entropy,0.705020443959568,0.8778085564789166
Biological,C_elegans_interactomes_2009_BPmaps_scaffold,345,400,100,spectral_entropy,0.734208174591976,
Biological,C_elegans_interactomes_2009_BPmaps_scaffold,345,400,80,spectral_entropy,0.7447373076242703,
Biological,C_elegans_interactomes_2009_BPmaps_scaffold,345,400,60,spectral_entropy,0.8115588115588116,
Biological,C_elegans_interactomes_2009_BPmaps_scaffold,345,400,40,spectral_entropy,0.9591247530770399,
Biological,C_elegans_interactomes_2009_BPmaps_scaffold,345,400,20,spectral_entropy,0.95523765574527,
Biological,C_elegans_interactomes_2009_BPmaps_scaffold,345,400,100,adamic_adar_entropy,0.9901976254204637,0.5125
Biological,C_elegans_interactomes_2009_BPmaps_scaffold,345,400,100,seal_entropy,0.9463876006784545,0.7409375
Biological,C_elegans_interactomes_2009_Genetic,683,1543,100,spectral_entropy,0.7885530711392729,
Biological,C_elegans_interactomes_2009_Genetic,683,1543,80,spectral_entropy,0.774407405091,
Biological,C_elegans_interactomes_2009_Genetic,683,1543,60,spectral_entropy,0.7972319820221513,
Biological,C_elegans_interactomes_2009_Genetic,683,1543,40,spectral_entropy,0.872860155981753,
Biological,C_elegans_interactomes_2009_Genetic,683,1543,20,spectral_entropy,0.8753851057048763,
Biological,C_elegans_interactomes_2009_Genetic,683,1543,100,adamic_adar_entropy,18.36283551016158,0.759750801146905
Biological,C_elegans_interactomes_2009_Genetic,683,1543,100,seal_entropy,0.6943284088839329,0.8802074548827795
Biological,C_elegans_interactomes_2009_LCI_lit,117,123,100,spectral_entropy,0.3145253526496378,
Biological,C_elegans_interactomes_2009_LCI_lit,117,123,80,spectral_entropy,0.24731644482610562,
Biological,C_elegans_interactomes_2009_LCI_lit,117,123,60,spectral_entropy,0.13115468409586056,
Biological,C_elegans_interactomes_2009_LCI_lit,117,123,40,spectral_entropy,0.14425244177310292,
Biological,C_elegans_interactomes_2009_LCI_lit,117,123,20,spectral_entropy,0.7287449392712552,
Biological,C_elegans_interactomes_2009_LCI_lit,117,123,100,adamic_adar_entropy,1.656047115670923,0.4652777777777778
Biological,C_elegans_interactomes_2009_LCI_lit,117,123,100,seal_entropy,0.11252080039664358,0.9826388888888888
Biological,C_elegans_interactomes_2009_WI-2004,1084,1602,100,spectral_entropy,0.7520960965407467,
Biological,C_elegans_interactomes_2009_WI-2004,1084,1602,80,spectral_entropy,0.7339096388192337,
Biological,C_elegans_interactomes_2009_WI-2004,1084,1602,60,spectral_entropy,0.7886218159980078,
Biological,C_elegans_interactomes_2009_WI-2004,1084,1602,40,spectral_entropy,0.8915342867329556,
Biological,C_elegans_interactomes_2009_WI-2004,1084,1602,20,spectral_entropy,0.921316542268109,
Biological,C_elegans_interactomes_2009_WI-2004,1084,1602,100,adamic_adar_entropy,,0.533427734375
Biological,C_elegans_interactomes_2009_WI-2004,1084,1602,100,seal_entropy,0.7967928305901698,0.8631591796875
Biological,C_elegans_interactomes_2009_WI-2007,1108,1500,100,spectral_entropy,0.7135749397974008,
Biological,C_elegans_interactomes_2009_WI-2007,1108,1500,80,spectral_entropy,0.7039461829539312,
Biological,C_elegans_interactomes_2009_WI-2007,1108,1500,60,spectral_entropy,0.7348463446024422,
Biological,C_elegans_interactomes_2009_WI-2007,1108,1500,40,spectral_entropy,0.8701420989556582,
Biological,C_elegans_interactomes_2009_WI-2007,1108,1500,20,spectral_entropy,0.9409691629955947,
Biological,C_elegans_interactomes_2009_WI-2007,1108,1500,100,adamic_adar_entropy,12.65989050730363,0.5453333333333333
Biological,C_elegans_interactomes_2009_WI-2007,1108,1500,100,seal_entropy,0.7997865565561909,0.8721388888888888
Biological,C_elegans_interactomes_2009_WI8,2214,3538,100,spectral_entropy,0.7741649423588531,
Biological,C_elegans_interactomes_2009_WI8,2214,3538,80,spectral_entropy,0.7672576451868147,
Biological,C_elegans_interactomes_2009_WI8,2214,3538,60,spectral_entropy,0.8233562103531145,
Biological,C_elegans_interactomes_2009_WI8,2214,3538,40,spectral_entropy,0.9046987029585466,
Biological,C_elegans_interactomes_2009_WI8,2214,3538,20,spectral_entropy,0.9403825776588032,
Biological,C_elegans_interactomes_2009_WI8,2214,3538,100,adamic_adar_entropy,17.593176137438302,0.5416215697140536
Biological,C_elegans_interactomes_2009_WI8,2214,3538,100,seal_entropy,0.8080832372328842,0.8829826607635506
Biological,C_elegans_neurons_1986_C_elegans_Metabolic,297,2148,100,spectral_entropy,0.9028102293447684,
Biological,C_elegans_neurons_1986_C_elegans_Metabolic,297,2148,80,spectral_entropy,0.8527636554884921,
Biological,C_elegans_neurons_1986_C_elegans_Metabolic,297,2148,60,spectral_entropy,0.7952619338562813,
Biological,C_elegans_neurons_1986_C_elegans_Metabolic,297,2148,40,spectral_entropy,0.7932362734216883,
Biological,C_elegans_neurons_1986_C_elegans_Metabolic,297,2148,20,spectral_entropy,0.8754567600487211,
Biological,C_elegans_neurons_1986_C_elegans_Metabolic,297,2148,100,adamic_adar_entropy,1.8309547600408673,0.8350992441901532
Biological,C_elegans_neurons_1986_C_elegans_Metabolic,297,2148,100,seal_entropy,0.7674013793412277,0.8910460169201428
Biological,C_elegans_pharynx_2011_Worm_c_elegans_herm_pharynx_1,279,2287,100,spectral_entropy,0.9313392250169952,
Biological,C_elegans_pharynx_2011_Worm_c_elegans_herm_pharynx_1,279,2287,80,spectral_entropy,0.8936896632917354,
Biological,C_elegans_pharynx_2011_Worm_c_elegans_herm_pharynx_1,279,2287,60,spectral_entropy,0.8531219105588618,
Biological,C_elegans_pharynx_2011_Worm_c_elegans_herm_pharynx_1,279,2287,40,spectral_entropy,0.8628519527702089,
Biological,C_elegans_pharynx_2011_Worm_c_elegans_herm_pharynx_1,279,2287,20,spectral_entropy,0.8769589863287763,
Biological,C_elegans_pharynx_2011_Worm_c_elegans_herm_pharynx_1,279,2287,100,adamic_adar_entropy,1.591097801368935,0.8512154714650297
Biological,C_elegans_pharynx_2011_Worm_c_elegans_herm_pharynx_1,279,2287,100,seal_entropy,0.7500040926025489,0.8832314255754157
Biological,C_elegans_posterior_nervous_system_Worm_c_elegans_neural_male_1,269,2902,100,spectral_entropy,0.9385852746903538,
Biological,C_elegans_posterior_nervous_system_Worm_c_elegans_neural_male_1,269,2902,80,spectral_entropy,0.8814381899586451,
Biological,C_elegans_posterior_nervous_system_Worm_c_elegans_neural_male_1,269,2902,60,spectral_entropy,0.8532461258315062,
Biological,C_elegans_posterior_nervous_system_Worm_c_elegans_neural_male_1,269,2902,40,spectral_entropy,0.8469907245972522,
Biological,C_elegans_posterior_nervous_system_Worm_c_elegans_neural_male_1,269,2902,20,spectral_entropy,0.8948450077067991,
Biological,C_elegans_posterior_nervous_system_Worm_c_elegans_neural_male_1,269,2902,100,adamic_adar_entropy,1.0414347729923157,0.9139506539833531
Biological,C_elegans_posterior_nervous_system_Worm_c_elegans_neural_male_1,269,2902,100,seal_entropy,0.6940242558446573,0.9257491082045185
Biological,Clements_Long_plant-pollinator_web_Clements_Long_plant-pollinator_web,361,918,100,spectral_entropy,0.7926772257232081,
Biological,Clements_Long_plant-pollinator_web_Clements_Long_plant-pollinator_web,361,918,80,spectral_entropy,0.7445906326476217,
Biological,Clements_Long_plant-pollinator_web_Clements_Long_plant-pollinator_web,361,918,60,spectral_entropy,0.6843755764619074,
Biological,Clements_Long_plant-pollinator_web_Clements_Long_plant-pollinator_web,361,918,40,spectral_entropy,0.7238085508504878,
Biological,Clements_Long_plant-pollinator_web_Clements_Long_plant-pollinator_web,361,918,20,spectral_entropy,0.8264711789515967,
Biological,Clements_Long_plant-pollinator_web_Clements_Long_plant-pollinator_web,361,918,100,adamic_adar_entropy,-0.0,0.43169398907103823
Biological,Clements_Long_plant-pollinator_web_Clements_Long_plant-pollinator_web,361,918,100,seal_entropy,0.6420567693432658,0.9344411597838096
Biological,Cold_Lake_host-parasite_web_Cold_Lake,50,91,100,spectral_entropy,0.8181265206812651,
Biological,Cold_Lake_host-parasite_web_Cold_Lake,50,91,80,spectral_entropy,0.6980802792321117,
Biological,Cold_Lake_host-parasite_web_Cold_Lake,50,91,60,spectral_entropy,0.875,
Biological,Cold_Lake_host-parasite_web_Cold_Lake,50,91,40,spectral_entropy,0.8774834437086093,
Biological,Cold_Lake_host-parasite_web_Cold_Lake,50,91,20,spectral_entropy,0.8627450980392157,
Biological,Cold_Lake_host-parasite_web_Cold_Lake,50,91,100,adamic_adar_entropy,,0.3888888888888889
Biological,Cold_Lake_host-parasite_web_Cold_Lake,50,91,100,seal_entropy,0.7910013394525958,0.8734567901234568
Biological,Dupont_plant-pollinator_web_Dupont_plant-pollinator_web,49,106,100,spectral_entropy,0.8757961783439491,
Biological,Dupont_plant-pollinator_web_Dupont_plant-pollinator_web,49,106,80,spectral_entropy,0.8260373049105444,
Biological,Dupont_plant-pollinator_web_Dupont_plant-pollinator_web,49,106,60,spectral_entropy,0.8650742414460942,
Biological,Dupont_plant-pollinator_web_Dupont_plant-pollinator_web,49,106,40,spectral_entropy,0.8324324324324325,
Biological,Dupont_plant-pollinator_web_Dupont_plant-pollinator_web,49,106,20,spectral_entropy,0.9582309582309582,
Biological,Dupont_plant-pollinator_web_Dupont_plant-pollinator_web,49,106,100,adamic_adar_entropy,,0.35714285714285715
Biological,Dupont_plant-pollinator_web_Dupont_plant-pollinator_web,49,106,100,seal_entropy,0.6897489796435451,0.909297052154195
Biological,Elberling_Olesen_plant-pollinator_web_Elberling_Olesen_plant-pollinator_web,141,238,100,spectral_entropy,0.7476385671003386,
Biological,Elberling_Olesen_plant-pollinator_web_Elberling_Olesen_plant-pollinator_web,141,238,80,spectral_entropy,0.6992245952931574,
Biological,Elberling_Olesen_plant-pollinator_web_Elberling_Olesen_plant-pollinator_web,141,238,60,spectral_entropy,0.7292707292707292,
Biological,Elberling_Olesen_plant-pollinator_web_Elberling_Olesen_plant-pollinator_web,141,238,40,spectral_entropy,0.8058394160583942,
Biological,Elberling_Olesen_plant-pollinator_web_Elberling_Olesen_plant-pollinator_web,141,238,20,spectral_entropy,0.9227967953386744,
Biological,Elberling_Olesen_plant-pollinator_web_Elberling_Olesen_plant-pollinator_web,141,238,100,adamic_adar_entropy,-0.0,0.425531914893617
Biological,Elberling_Olesen_plant-pollinator_web_Elberling_Olesen_plant-pollinator_web,141,238,100,seal_entropy,0.6728908498152009,0.8804889090086012
Biological,Fonseca_Ganade_plant-ant_web_Fonseca_Ganade_plant-ant_web,29,38,100,spectral_entropy,0.885547201336675,
Biological,Fonseca_Ganade_plant-ant_web_Fonseca_Ganade_plant-ant_web,29,38,80,spectral_entropy,0.8823529411764706,
Biological,Fonseca_Ganade_plant-ant_web_Fonseca_Ganade_plant-ant_web,29,38,60,spectral_entropy,0.9836065573770492,
Biological,Fonseca_Ganade_plant-ant_web_Fonseca_Ganade_plant-ant_web,29,38,40,spectral_entropy,0.930930930930931,
Biological,Fonseca_Ganade_plant-ant_web_Fonseca_Ganade_plant-ant_web,29,38,20,spectral_entropy,1.1956521739130437,
Biological,Fonseca_Ganade_plant-ant_web_Fonseca_Ganade_plant-ant_web,29,38,100,adamic_adar_entropy,,0.5
Biological,Fonseca_Ganade_plant-ant_web_Fonseca_Ganade_plant-ant_web,29,38,100,seal_entropy,0.5929060718765461,0.673469387755102
Biological,Hocking_plant-pollinator_web_Hocking_plant-pollinator_web,87,86,100,spectral_entropy,0.09009009009009009,
Biological,Hocking_plant-pollinator_web_Hocking_plant-pollinator_web,87,86,80,spectral_entropy,0.08880994671403197,
Biological,Hocking_plant-pollinator_web_Hocking_plant-pollinator_web,87,86,60,spectral_entropy,0.08907951171230617,
Biological,Hocking_plant-pollinator_web_Hocking_plant-pollinator_web,87,86,40,spectral_entropy,0.08673305493093478,
Biological,Hocking_plant-pollinator_web_Hocking_plant-pollinator_web,87,86,20,spectral_entropy,0.0880540064572938,
Biological,Hocking_plant-pollinator_web_Hocking_plant-pollinator_web,87,86,100,adamic_adar_entropy,,0.1764705882352941
Biological,Hocking_plant-pollinator_web_Hocking_plant-pollinator_web,87,86,100,seal_entropy,-0.0,1.0
Biological,Inouye_Pyke_plant-pollinator_web_Inouye_Pyke_plant-pollinator_web,128,278,100,spectral_entropy,0.8468776732249785,
Biological,Inouye_Pyke_plant-pollinator_web_Inouye_Pyke_plant-pollinator_web,128,278,80,spectral_entropy,0.8602926025139089,
Biological,Inouye_Pyke_plant-pollinator_web_Inouye_Pyke_plant-pollinator_web,128,278,60,spectral_entropy,0.8641799544419134,
Biological,Inouye_Pyke_plant-pollinator_web_Inouye_Pyke_plant-pollinator_web,128,278,40,spectral_entropy,0.9249226006191952,
Biological,Inouye_Pyke_plant-pollinator_web_Inouye_Pyke_plant-pollinator_web,128,278,20,spectral_entropy,0.7733491969066032,
Biological,Inouye_Pyke_plant-pollinator_web_Inouye_Pyke_plant-pollinator_web,128,278,100,adamic_adar_entropy,-0.0,0.4363636363636364
Biological,Inouye_Pyke_plant-pollinator_web_Inouye_Pyke_plant-pollinator_web,128,278,100,seal_entropy,0.6966547760710781,0.88
Biological,Ito_core_yeast_interactome_2001_Ito-core,426,521,100,spectral_entropy,0.7541659508675486,
Biological,Ito_core_yeast_interactome_2001_Ito-core,426,521,80,spectral_entropy,0.6829204919452625,
Biological,Ito_core_yeast_interactome_2001_Ito-core,426,521,60,spectral_entropy,0.7336591325595602,
Biological,Ito_core_yeast_interactome_2001_Ito-core,426,521,40,spectral_entropy,0.9262006304468756,
Biological,Ito_core_yeast_interactome_2001_Ito-core,426,521,20,spectral_entropy,0.9483705602343463,
Biological,Ito_core_yeast_interactome_2001_Ito-core,426,521,100,adamic_adar_entropy,,0.5197392751479291
Biological,Ito_core_yeast_interactome_2001_Ito-core,426,521,100,seal_entropy,0.8921047599116213,0.8189718934911241
Biological,Joern_plant-herbivore_webs_Altuda,74,184,100,spectral_entropy,0.799127233056048,
Biological,Joern_plant-herbivore_webs_Altuda,74,184,80,spectral_entropy,0.8031894204589654,
Biological,Joern_plant-herbivore_webs_Altuda,74,184,60,spectral_entropy,0.8000882612533098,
Biological,Joern_plant-herbivore_webs_Altuda,74,184,40,spectral_entropy,0.757396449704142,
Biological,Joern_plant-herbivore_webs_Altuda,74,184,20,spectral_entropy,0.6339468302658486,
Biological,Joern_plant-herbivore_webs_Altuda,74,184,100,adamic_adar_entropy,-0.0,0.375
Biological,Joern_plant-herbivore_webs_Altuda,74,184,100,seal_entropy,0.5264918037743537,0.929783950617284
Biological,Joern_plant-herbivore_webs_Marathon,74,184,100,spectral_entropy,0.8007652364033889,
Biological,Joern_plant-herbivore_webs_Marathon,74,184,80,spectral_entropy,0.8035019455252919,
Biological,Joern_plant-herbivore_webs_Marathon,74,184,60,spectral_entropy,0.8136125654450262,
Biological,Joern_plant-herbivore_webs_Marathon,74,184,40,spectral_entropy,0.7591933570581257,
Biological,Joern_plant-herbivore_webs_Marathon,74,184,20,spectral_entropy,0.6300813008130081,
Biological,Joern_plant-herbivore_webs_Marathon,74,184,100,adamic_adar_entropy,-0.0,0.375
Biological,Joern_plant-herbivore_webs_Marathon,74,184,100,seal_entropy,0.49692161277807123,0.929783950617284
Biological,Kato_plant-pollinator_web_Kato_plant-pollinator_web,765,1201,100,spectral_entropy,0.5646675037864568,
Biological,Kato_plant-pollinator_web_Kato_plant-pollinator_web,765,1201,80,spectral_entropy,0.5392113659198674,
Biological,Kato_plant-pollinator_web_Kato_plant-pollinator_web,765,1201,60,spectral_entropy,0.5785065967998503,
Biological,Kato_plant-pollinator_web_Kato_plant-pollinator_web,765,1201,40,spectral_entropy,0.6378052648271487,
Biological,Kato_plant-pollinator_web_Kato_plant-pollinator_web,765,1201,20,spectral_entropy,0.8048743023910706,
Biological,Kato_plant-pollinator_web_Kato_plant-pollinator_web,765,1201,100,adamic_adar_entropy,-0.0,0.475
Biological,Kato_plant-pollinator_web_Kato_plant-pollinator_web,765,1201,100,seal_entropy,0.5946284065646252,0.9707725694444445
Biological,Kevan_plant-pollinator_web_Kevan_plant-pollinator_web,147,312,100,spectral_entropy,0.7226811740210893,
Biological,Kevan_plant-pollinator_web_Kevan_plant-pollinator_web,147,312,80,spectral_entropy,0.6922394241199092,
Biological,Kevan_plant-pollinator_web_Kevan_plant-pollinator_web,147,312,60,spectral_entropy,0.5997857907890038,
Biological,Kevan_plant-pollinator_web_Kevan_plant-pollinator_web,147,312,40,spectral_entropy,0.646112600536193,
Biological,Kevan_plant-pollinator_web_Kevan_plant-pollinator_web,147,312,20,spectral_entropy,0.8256150506512302,
Biological,Kevan_plant-pollinator_web_Kevan_plant-pollinator_web,147,312,100,adamic_adar_entropy,-0.0,0.3064516129032258
Biological,Kevan_plant-pollinator_web_Kevan_plant-pollinator_web,147,312,100,seal_entropy,0.5824722484660314,0.9780176899063475
Biological,Leather_plant-herbivore_webs_Britain,94,116,100,spectral_entropy,0.49031726411207255,
Biological,Leather_plant-herbivore_webs_Britain,94,116,80,spectral_entropy,0.4373401534526854,
Biological,Leather_plant-herbivore_webs_Britain,94,116,60,spectral_entropy,0.27902790279027906,
Biological,Leather_plant-herbivore_webs_Britain,94,116,40,spectral_entropy,0.256553262688232,
Biological,Leather_plant-herbivore_webs_Britain,94,116,20,spectral_entropy,0.7524752475247525,
Biological,Leather_plant-herbivore_webs_Britain,94,116,100,adamic_adar_entropy,-0.0,0.30434782608695654
Biological,Leather_plant-herbivore_webs_Britain,94,116,100,seal_entropy,0.31707153700801843,0.9905482041587902
Biological,Leather_plant-herbivore_webs_Finland,69,95,100,spectral_entropy,0.4262734584450402,
Biological,Leather_plant-herbivore_webs_Finland,69,95,80,spectral_entropy,0.3861788617886179,
Biological,Leather_plant-herbivore_webs_Finland,69,95,60,spectral_entropy,0.22265880812049774,
Biological,Leather_plant-herbivore_webs_Finland,69,95,40,spectral_entropy,0.2238314680710994,
Biological,Leather_plant-herbivore_webs_Finland,69,95,20,spectral_entropy,0.18064516129032257,
Biological,Leather_plant-herbivore_webs_Finland,69,95,100,adamic_adar_entropy,-0.0,0.2368421052631579
Biological,Leather_plant-herbivore_webs_Finland,69,95,100,seal_entropy,0.6033846309104968,0.9889196675900277
Biological,Malaria_var_DBLa_HVR_networks_HVR_networks_2,112,743,100,spectral_entropy,0.40678803274061526,
Biological,Malaria_var_DBLa_HVR_networks_HVR_networks_2,112,743,80,spectral_entropy,0.46721120186697784,
Biological,Malaria_var_DBLa_HVR_networks_HVR_networks_2,112,743,60,spectral_entropy,0.49986114968064427,
Biological,Malaria_var_DBLa_HVR_networks_HVR_networks_2,112,743,40,spectral_entropy,0.7406356413166856,
Biological,Malaria_var_DBLa_HVR_networks_HVR_networks_2,112,743,20,spectral_entropy,0.9181636726546906,
Biological,Malaria_var_DBLa_HVR_networks_HVR_networks_2,112,743,100,adamic_adar_entropy,0.515474557007209,0.9737034331628928
Biological,Malaria_var_DBLa_HVR_networks_HVR_networks_2,112,743,100,seal_entropy,0.31310749904869106,0.9836102994886778
Biological,Malaria_var_DBLa_HVR_networks_HVR_networks_4,183,933,100,spectral_entropy,0.4872568821914077,
Biological,Malaria_var_DBLa_HVR_networks_HVR_networks_4,183,933,80,spectral_entropy,0.54266019554055,
Biological,Malaria_var_DBLa_HVR_networks_HVR_networks_4,183,933,60,spectral_entropy,0.5769903252127287,
Biological,Malaria_var_DBLa_HVR_networks_HVR_networks_4,183,933,40,spectral_entropy,0.7114267269205939,
Biological,Malaria_var_DBLa_HVR_networks_HVR_networks_4,183,933,20,spectral_entropy,0.8315789473684211,
Biological,Malaria_var_DBLa_HVR_networks_HVR_networks_4,183,933,100,adamic_adar_entropy,0.7838251085456546,0.9722655798358192
Biological,Malaria_var_DBLa_HVR_networks_HVR_networks_4,183,933,100,seal_entropy,0.3391644116024254,0.9831772459243843
Biological,Malaria_var_DBLa_HVR_networks_HVR_networks_5,298,2684,100,spectral_entropy,0.8231323166680666,
Biological,Malaria_var_DBLa_HVR_networks_HVR_networks_5,298,2684,80,spectral_entropy,0.7782963827304551,
Biological,Malaria_var_DBLa_HVR_networks_HVR_networks_5,298,2684,60,spectral_entropy,0.7269322109165332,
Biological,Malaria_var_DBLa_HVR_networks_HVR_networks_5,298,2684,40,spectral_entropy,0.714665048175404,
Biological,Malaria_var_DBLa_HVR_networks_HVR_networks_5,298,2684,20,spectral_entropy,0.8073440643863179,
Biological,Malaria_var_DBLa_HVR_networks_HVR_networks_5,298,2684,100,adamic_adar_entropy,1.182367138718678,0.9281559785030072
Biological,Malaria_var_DBLa_HVR_networks_HVR_networks_5,298,2684,100,seal_entropy,0.5989826058166231,0.9364801459122298
Biological,Malaria_var_DBLa_HVR_networks_HVR_networks_6,291,3251,100,spectral_entropy,0.7326650959093752,
Biological,Malaria_var_DBLa_HVR_networks_HVR_networks_6,291,3251,80,spectral_entropy,0.7301816846285393,
Biological,Malaria_var_DBLa_HVR_networks_HVR_networks_6,291,3251,60,spectral_entropy,0.6837351794382112,
Biological,Malaria_var_DBLa_HVR_networks_HVR_networks_6,291,3251,40,spectral_entropy,0.7201162442839437,
Biological,Malaria_var_DBLa_HVR_networks_HVR_networks_6,291,3251,20,spectral_entropy,0.7597496389022629,
Biological,Malaria_var_DBLa_HVR_networks_HVR_networks_6,291,3251,100,adamic_adar_entropy,0.7299448120333922,0.9559005917159763
Biological,Malaria_var_DBLa_HVR_networks_HVR_networks_6,291,3251,100,seal_entropy,0.41804917167825095,0.9753538461538461
Biological,Malaria_var_DBLa_HVR_networks_HVR_networks_8,273,3933,100,spectral_entropy,0.6806546370121695,
Biological,Malaria_var_DBLa_HVR_networks_HVR_networks_8,273,3933,80,spectral_entropy,0.6431872242772264,
Biological,Malaria_var_DBLa_HVR_networks_HVR_networks_8,273,3933,60,spectral_entropy,0.6477052359405301,
Biological,Malaria_var_DBLa_HVR_networks_HVR_networks_8,273,3933,40,spectral_entropy,0.7358479959525549,
Biological,Malaria_var_DBLa_HVR_networks_HVR_networks_8,273,3933,20,spectral_entropy,0.8442074823784564,
Biological,Malaria_var_DBLa_HVR_networks_HVR_networks_8,273,3933,100,adamic_adar_entropy,0.559197734659056,0.9548208470109875
Biological,Malaria_var_DBLa_HVR_networks_HVR_networks_8,273,3933,100,seal_entropy,0.4615116271677495,0.9644032981760969
Biological,Malaria_var_DBLa_HVR_networks_HVR_networks_9,297,7562,100,spectral_entropy,0.6512146102761273,
Biological,Malaria_var_DBLa_HVR_networks_HVR_networks_9,297,7562,80,spectral_entropy,0.7365534259293192,
Biological,Malaria_var_DBLa_HVR_networks_HVR_networks_9,297,7562,60,spectral_entropy,0.7160656154898364,
Biological,Malaria_var_DBLa_HVR_networks_HVR_networks_9,297,7562,40,spectral_entropy,0.7744742229666853,
Biological,Malaria_var_DBLa_HVR_networks_HVR_networks_9,297,7562,20,spectral_entropy,0.8089381604018708,
Biological,Malaria_var_DBLa_HVR_networks_HVR_networks_9,297,7562,100,adamic_adar_entropy,0.6287635239668606,0.9457884105288206
Biological,Malaria_var_DBLa_HVR_networks_HVR_networks_9,297,7562,100,seal_entropy,0.5617339391553362,0.9658297989977884
Biological,McCullen_plant-pollinator_web_McCullen_plant-pollinator_web,150,198,100,spectral_entropy,0.5349570512123518,
Biological,McCullen_plant-pollinator_web_McCullen_plant-pollinator_web,150,198,80,spectral_entropy,0.5598367346938775,
Biological,McCullen_plant-pollinator_web_McCullen_plant-pollinator_web,150,198,60,spectral_entropy,0.5674474959612278,
Biological,McCullen_plant-pollinator_web_McCullen_plant-pollinator_web,150,198,40,spectral_entropy,0.8125613346418057,
Biological,McCullen_plant-pollinator_web_McCullen_plant-pollinator_web,150,198,20,spectral_entropy,0.7985907222548443,
Biological,McCullen_plant-pollinator_web_McCullen_plant-pollinator_web,150,198,100,adamic_adar_entropy,,0.39743589743589747
Biological,McCullen_plant-pollinator_web_McCullen_plant-pollinator_web,150,198,100,seal_entropy,0.601846535234956,0.9260355029585798
Biological,Medan_plant-pollinator_web_RB_web,73,72,100,spectral_entropy,0.05913410770855333,
Biological,Medan_plant-pollinator_web_RB_web,73,72,80,spectral_entropy,0.057971014492753624,
Biological,Medan_plant-pollinator_web_RB_web,73,72,60,spectral_entropy,0.05702066999287241,
Biological,Medan_plant-pollinator_web_RB_web,73,72,40,spectral_entropy,0.05789235639981909,
Biological,Medan_plant-pollinator_web_RB_web,73,72,20,spectral_entropy,0.058931860036832415,
Biological,Medan_plant-pollinator_web_RB_web,73,72,100,adamic_adar_entropy,,0.2142857142857143
Biological,Medan_plant-pollinator_web_RB_web,73,72,100,seal_entropy,-0.0,1.0
Biological,Memmott_plant-pollinator_web_Memmott_plant-pollinator_web,104,299,100,spectral_entropy,0.761479886162603,
Biological,Memmott_plant-pollinator_web_Memmott_plant-pollinator_web,104,299,80,spectral_entropy,0.7731501993797076,
Biological,Memmott_plant-pollinator_web_Memmott_plant-pollinator_web,104,299,60,spectral_entropy,0.6920119607005554,
Biological,Memmott_plant-pollinator_web_Memmott_plant-pollinator_web,104,299,40,spectral_entropy,0.8272058823529411,
Biological,Memmott_plant-pollinator_web_Memmott_plant-pollinator_web,104,299,20,spectral_entropy,0.7883522727272727,
Biological,Memmott_plant-pollinator_web_Memmott_plant-pollinator_web,104,299,100,adamic_adar_entropy,-0.0,0.3559322033898305
Biological,Memmott_plant-pollinator_web_Memmott_plant-pollinator_web,104,299,100,seal_entropy,0.5767558086840626,0.9593507612754957
Biological,Mosquin_Martin_plant-pollinator_web_Mosquin_Martin_plant-pollinator_web,22,33,100,spectral_entropy,0.9436008676789588,
Biological,Mosquin_Martin_plant-pollinator_web_Mosquin_Martin_plant-pollinator_web,22,33,80,spectral_entropy,0.9118541033434651,
Biological,Mosquin_Martin_plant-pollinator_web_Mosquin_Martin_plant-pollinator_web,22,33,60,spectral_entropy,0.8353221957040573,
Biological,Mosquin_Martin_plant-pollinator_web_Mosquin_Martin_plant-pollinator_web,22,33,40,spectral_entropy,0.898876404494382,
Biological,Mosquin_Martin_plant-pollinator_web_Mosquin_Martin_plant-pollinator_web,22,33,20,spectral_entropy,0.75,
Biological,Mosquin_Martin_plant-pollinator_web_Mosquin_Martin_plant-pollinator_web,22,33,100,adamic_adar_entropy,-0.0,0.33333333333333337
Biological,Mosquin_Martin_plant-pollinator_web_Mosquin_Martin_plant-pollinator_web,22,33,100,seal_entropy,1.0,0.513888888888889
Biological,Motten_plant-pollinator_web_Motten_plant-pollinator_web,57,143,100,spectral_entropy,0.7275512157763738,
Biological,Motten_plant-pollinator_web_Motten_plant-pollinator_web,57,143,80,spectral_entropy,0.8160237388724035,
Biological,Motten_plant-pollinator_web_Motten_plant-pollinator_web,57,143,60,spectral_entropy,0.7723418134377038,
Biological,Motten_plant-pollinator_web_Motten_plant-pollinator_web,57,143,40,spectral_entropy,0.7502206531332745,
Biological,Motten_plant-pollinator_web_Motten_plant-pollinator_web,57,143,20,spectral_entropy,1.0103092783505154,
Biological,Motten_plant-pollinator_web_Motten_plant-pollinator_web,57,143,100,adamic_adar_entropy,-0.0,0.3214285714285714
Biological,Motten_plant-pollinator_web_Motten_plant-pollinator_web,57,143,100,seal_entropy,0.5278297006225017,0.9183673469387756
Biological,Olesen_plant-pollinator_web_Flores,22,30,100,spectral_entropy,0.8745684695051783,
Biological,Olesen_plant-pollinator_web_Flores,22,30,80,spectral_entropy,1.0222222222222221,
Biological,Olesen_plant-pollinator_web_Flores,22,30,60,spectral_entropy,0.9200968523002422,
Biological,Olesen_plant-pollinator_web_Flores,22,30,40,spectral_entropy,0.48387096774193544,
Biological,Olesen_plant-pollinator_web_Flores,22,30,20,spectral_entropy,0.8247422680412372,
Biological,Olesen_plant-pollinator_web_Flores,22,30,100,adamic_adar_entropy,-0.0,0.33333333333333337
Biological,Olesen_plant-pollinator_web_Flores,22,30,100,seal_entropy,1.0,0.6666666666666667
Biological,Olesen_plant-pollinator_web_Ile_aux_Aigrettes,27,52,100,spectral_entropy,0.9025032938076416,
Biological,Olesen_plant-pollinator_web_Ile_aux_Aigrettes,27,52,80,spectral_entropy,0.8895705521472392,
Biological,Olesen_plant-pollinator_web_Ile_aux_Aigrettes,27,52,60,spectral_entropy,0.8607198748043818,
Biological,Olesen_plant-pollinator_web_Ile_aux_Aigrettes,27,52,40,spectral_entropy,0.9577464788732394,
Biological,Olesen_plant-pollinator_web_Ile_aux_Aigrettes,27,52,20,spectral_entropy,0.8849557522123893,
Biological,Olesen_plant-pollinator_web_Ile_aux_Aigrettes,27,52,100,adamic_adar_entropy,-0.0,0.35
Biological,Olesen_plant-pollinator_web_Ile_aux_Aigrettes,27,52,100,seal_entropy,0.5893122756512394,0.75
Biological,Ollerton_plant-pollinator_web_Ollerton_plant-pollinator_web,65,103,100,spectral_entropy,0.6256256256256256,
Biological,Ollerton_plant-pollinator_web_Ollerton_plant-pollinator_web,65,103,80,spectral_entropy,0.7055503292568204,
Biological,Ollerton_plant-pollinator_web_Ollerton_plant-pollinator_web,65,103,60,spectral_entropy,0.5958230958230958,
Biological,Ollerton_plant-pollinator_web_Ollerton_plant-pollinator_web,65,103,40,spectral_entropy,0.8656036446469249,
Biological,Ollerton_plant-pollinator_web_Ollerton_plant-pollinator_web,65,103,20,spectral_entropy,0.9221902017291066,
Biological,Ollerton_plant-pollinator_web_Ollerton_plant-pollinator_web,65,103,100,adamic_adar_entropy,,0.325
Biological,Ollerton_plant-pollinator_web_Ollerton_plant-pollinator_web,65,103,100,seal_entropy,0.5669597607237227,0.8225
Biological,Parsnip_and_McGregor_host-parasite_webs_McGregor_River,65,114,100,spectral_entropy,0.6436314363143631,
Biological,Parsnip_and_McGregor_host-parasite_webs_McGregor_River,65,114,80,spectral_entropy,0.8412438625204582,
Biological,Parsnip_and_McGregor_host-parasite_webs_McGregor_River,65,114,60,spectral_entropy,0.8347927612375948,
Biological,Parsnip_and_McGregor_host-parasite_webs_McGregor_River,65,114,40,spectral_entropy,0.8285714285714286,
Biological,Parsnip_and_McGregor_host-parasite_webs_McGregor_River,65,114,20,spectral_entropy,0.7317073170731708,
Biological,Parsnip_and_McGregor_host-parasite_webs_McGregor_River,65,114,100,adamic_adar_entropy,-0.0,0.4318181818181818
Biological,Parsnip_and_McGregor_host-parasite_webs_McGregor_River,65,114,100,seal_entropy,0.6865369659430414,0.8801652892561984
Biological,Parsnip_and_McGregor_host-parasite_webs_Parsnip_River,70,158,100,spectral_entropy,0.729267505646983,
Biological,Parsnip_and_McGregor_host-parasite_webs_Parsnip_River,70,158,80,spectral_entropy,0.7222739981360671,
Biological,Parsnip_and_McGregor_host-parasite_webs_Parsnip_River,70,158,60,spectral_entropy,0.7058287795992714,
Biological,Parsnip_and_McGregor_host-parasite_webs_Parsnip_River,70,158,40,spectral_entropy,0.8689138576779026,
Biological,Parsnip_and_McGregor_host-parasite_webs_Parsnip_River,70,158,20,spectral_entropy,0.9282700421940928,
Biological,Parsnip_and_McGregor_host-parasite_webs_Parsnip_River,70,158,100,adamic_adar_entropy,-0.0,0.41935483870967744
Biological,Parsnip_and_McGregor_host-parasite_webs_Parsnip_River,70,158,100,seal_entropy,0.6528456733460177,0.8605619146722164
Biological,Poulin_seed-disperser_web_Poulin_seed-disperser_web,24,53,100,spectral_entropy,0.8612099644128114,
Biological,Poulin_seed-disperser_web_Poulin_seed-disperser_web,24,53,80,spectral_entropy,0.882147024504084,
Biological,Poulin_seed-disperser_web_Poulin_seed-disperser_web,24,53,60,spectral_entropy,0.7421150278293136,
Biological,Poulin_seed-disperser_web_Poulin_seed-disperser_web,24,53,40,spectral_entropy,0.8132530120481927,
Biological,Poulin_seed-disperser_web_Poulin_seed-disperser_web,24,53,20,spectral_entropy,1.206896551724138,
Biological,Poulin_seed-disperser_web_Poulin_seed-disperser_web,24,53,100,adamic_adar_entropy,-0.0,0.25
Biological,Poulin_seed-disperser_web_Poulin_seed-disperser_web,24,53,100,seal_entropy,0.8488535167807805,0.73
Biological,Ramirez_Brito_plant-pollinator_web_Ramirez_Brito_plant-pollinator_web,70,101,100,spectral_entropy,0.922233300099701,
Biological,Ramirez_Brito_plant-pollinator_web_Ramirez_Brito_plant-pollinator_web,70,101,80,spectral_entropy,0.8983375959079284,
Biological,Ramirez_Brito_plant-pollinator_web_Ramirez_Brito_plant-pollinator_web,70,101,60,spectral_entropy,0.9438528557599226,
Biological,Ramirez_Brito_plant-pollinator_web_Ramirez_Brito_plant-pollinator_web,70,101,40,spectral_entropy,0.9156452775775055,
Biological,Ramirez_Brito_plant-pollinator_web_Ramirez_Brito_plant-pollinator_web,70,101,20,spectral_entropy,0.9443507588532885,
Biological,Ramirez_Brito_plant-pollinator_web_Ramirez_Brito_plant-pollinator_web,70,101,100,adamic_adar_entropy,-0.0,0.45
Biological,Ramirez_Brito_plant-pollinator_web_Ramirez_Brito_plant-pollinator_web,70,101,100,seal_entropy,0.8602698307369145,0.6375
Biological,Reguly_yeast_interactome_2006_LC-multiple,1213,2556,100,spectral_entropy,0.6817599363116368,
Biological,Reguly_yeast_interactome_2006_LC-multiple,1213,2556,80,spectral_entropy,0.6856465912564965,
Biological,Reguly_yeast_interactome_2006_LC-multiple,1213,2556,60,spectral_entropy,0.733462841203427,
Biological,Reguly_yeast_interactome_2006_LC-multiple,1213,2556,40,spectral_entropy,0.8218998104318775,
Biological,Reguly_yeast_interactome_2006_LC-multiple,1213,2556,20,spectral_entropy,0.8382872750642674,
Biological,Reguly_yeast_interactome_2006_LC-multiple,1213,2556,100,adamic_adar_entropy,25.03321637302893,0.7976034099134118
Biological,Reguly_yeast_interactome_2006_LC-multiple,1213,2556,100,seal_entropy,0.5205176646327522,0.9488608729286423
Biological,Schemske_plant-pollinator_web_Schemske_plant-pollinator_web,39,59,100,spectral_entropy,0.7086223984142715,
Biological,Schemske_plant-pollinator_web_Schemske_plant-pollinator_web,39,59,80,spectral_entropy,0.782122905027933,
Biological,Schemske_plant-pollinator_web_Schemske_plant-pollinator_web,39,59,60,spectral_entropy,0.7649667405764966,
Biological,Schemske_plant-pollinator_web_Schemske_plant-pollinator_web,39,59,40,spectral_entropy,0.748898678414097,
Biological,Schemske_plant-pollinator_web_Schemske_plant-pollinator_web,39,59,20,spectral_entropy,0.7741935483870968,
Biological,Schemske_plant-pollinator_web_Schemske_plant-pollinator_web,39,59,100,adamic_adar_entropy,-0.0,0.45454545454545453
Biological,Schemske_plant-pollinator_web_Schemske_plant-pollinator_web,39,59,100,seal_entropy,0.6409226442304551,0.7148760330578512
Biological,Small_plant-pollinator_web_Small_plant-pollinator_web,47,141,100,spectral_entropy,0.9114031369224247,
Biological,Small_plant-pollinator_web_Small_plant-pollinator_web,47,141,80,spectral_entropy,0.8476132190942472,
Biological,Small_plant-pollinator_web_Small_plant-pollinator_web,47,141,60,spectral_entropy,0.8401768793430195,
Biological,Small_plant-pollinator_web_Small_plant-pollinator_web,47,141,40,spectral_entropy,0.8928571428571428,
Biological,Small_plant-pollinator_web_Small_plant-pollinator_web,47,141,20,spectral_entropy,1.0408163265306123,
Biological,Small_plant-pollinator_web_Small_plant-pollinator_web,47,141,100,adamic_adar_entropy,-0.0,0.2857142857142857
Biological,Small_plant-pollinator_web_Small_plant-pollinator_web,47,141,100,seal_entropy,0.6726447448949737,0.913265306122449
Biological,Smallwood_Reservoir_host-parasite_web_Smallwood_Reservoir,28,51,100,spectral_entropy,0.8629776021080369,
Biological,Smallwood_Reservoir_host-parasite_web_Smallwood_Reservoir,28,51,80,spectral_entropy,0.4733727810650888,
Biological,Smallwood_Reservoir_host-parasite_web_Smallwood_Reservoir,28,51,60,spectral_entropy,0.5882352941176471,
Biological,Smallwood_Reservoir_host-parasite_web_Smallwood_Reservoir,28,51,40,spectral_entropy,1.0443037974683544,
Biological,Smallwood_Reservoir_host-parasite_web_Smallwood_Reservoir,28,51,20,spectral_entropy,0.7633587786259542,
Biological,Smallwood_Reservoir_host-parasite_web_Smallwood_Reservoir,28,51,100,adamic_adar_entropy,-0.0,0.3
Biological,Smallwood_Reservoir_host-parasite_web_Smallwood_Reservoir,28,51,100,seal_entropy,0.559136039539774,0.98
Biological,Snow_seed-disperser_web_Snow_seed-disperser_web,48,211,100,spectral_entropy,0.6106027137898391,
Biological,Snow_seed-disperser_web_Snow_seed-disperser_web,48,211,80,spectral_entropy,0.6803385416666667,
Biological,Snow_seed-disperser_web_Snow_seed-disperser_web,48,211,60,spectral_entropy,0.6792452830188679,
Biological,Snow_seed-disperser_web_Snow_seed-disperser_web,48,211,40,spectral_entropy,0.8695652173913044,
Biological,Snow_seed-disperser_web_Snow_seed-disperser_web,48,211,20,spectral_entropy,0.576923076923077,
Biological,Snow_seed-disperser_web_Snow_seed-disperser_web,48,211,100,adamic_adar_entropy,-0.0,0.23809523809523808
Biological,Snow_seed-disperser_web_Snow_seed-disperser_web,48,211,100,seal_entropy,0.39122538319667977,0.9512471655328798
Biological,Uetz_screen_yeast_interactome_2000_Uetz-screen,263,281,100,spectral_entropy,0.7760386190754827,
Biological,Uetz_screen_yeast_interactome_2000_Uetz-screen,263,281,80,spectral_entropy,0.773434605409411,
Biological,Uetz_screen_yeast_interactome_2000_Uetz-screen,263,281,60,spectral_entropy,0.8552971576227391,
Biological,Uetz_screen_yeast_interactome_2000_Uetz-screen,263,281,40,spectral_entropy,0.971118433805001,
Biological,Uetz_screen_yeast_interactome_2000_Uetz-screen,263,281,20,spectral_entropy,1.0031460674157302,
Biological,Uetz_screen_yeast_interactome_2000_Uetz-screen,263,281,100,adamic_adar_entropy,-0.0,0.5
Biological,Uetz_screen_yeast_interactome_2000_Uetz-screen,263,281,100,seal_entropy,0.9568969319264663,0.6128826530612245
Biological,Vazquez_Simberloff_plant-pollinator_webs_Arroyo_Goye,35,41,100,spectral_entropy,0.7116654438738077,
Biological,Vazquez_Simberloff_plant-pollinator_webs_Arroyo_Goye,35,41,80,spectral_entropy,0.7197696737044146,
Biological,Vazquez_Simberloff_plant-pollinator_webs_Arroyo_Goye,35,41,60,spectral_entropy,0.7879656160458453,
Biological,Vazquez_Simberloff_plant-pollinator_webs_Arroyo_Goye,35,41,40,spectral_entropy,0.9444444444444444,
Biological,Vazquez_Simberloff_plant-pollinator_webs_Arroyo_Goye,35,41,20,spectral_entropy,0.9022556390977443,
Biological,Vazquez_Simberloff_plant-pollinator_webs_Arroyo_Goye,35,41,100,adamic_adar_entropy,,0.1875
Biological,Vazquez_Simberloff_plant-pollinator_webs_Arroyo_Goye,35,41,100,seal_entropy,0.8,0.734375
Biological,Vazquez_Simberloff_plant-pollinator_webs_Cerro_Lopez,40,44,100,spectral_entropy,0.7443095599393019,
Biological,Vazquez_Simberloff_plant-pollinator_webs_Cerro_Lopez,40,44,80,spectral_entropy,0.8003300330033003,
Biological,Vazquez_Simberloff_plant-pollinator_webs_Cerro_Lopez,40,44,60,spectral_entropy,0.8481532147742818,
Biological,Vazquez_Simberloff_plant-pollinator_webs_Cerro_Lopez,40,44,40,spectral_entropy,0.9292035398230087,
Biological,Vazquez_Simberloff_plant-pollinator_webs_Cerro_Lopez,40,44,20,spectral_entropy,1.0303030303030303,
Biological,Vazquez_Simberloff_plant-pollinator_webs_Cerro_Lopez,40,44,100,adamic_adar_entropy,-0.0,0.4375
Biological,Vazquez_Simberloff_plant-pollinator_webs_Cerro_Lopez,40,44,100,seal_entropy,0.7838687499016604,0.546875
Biological,Vazquez_Simberloff_plant-pollinator_webs_Llao_Llao,32,36,100,spectral_entropy,0.6944444444444444,
Biological,Vazquez_Simberloff_plant-pollinator_webs_Llao_Llao,32,36,80,spectral_entropy,0.6373117033603708,
Biological,Vazquez_Simberloff_plant-pollinator_webs_Llao_Llao,32,36,60,spectral_entropy,0.6914893617021277,
Biological,Vazquez_Simberloff_plant-pollinator_webs_Llao_Llao,32,36,40,spectral_entropy,0.48997772828507796,
Biological,Vazquez_Simberloff_plant-pollinator_webs_Llao_Llao,32,36,20,spectral_entropy,0.8620689655172414,
Biological,Vazquez_Simberloff_plant-pollinator_webs_Llao_Llao,32,36,100,adamic_adar_entropy,,0.4285714285714286
Biological,Vazquez_Simberloff_plant-pollinator_webs_Llao_Llao,32,36,100,seal_entropy,0.7306239305568805,0.6734693877551021
Biological,Vazquez_Simberloff_plant-pollinator_webs_Mascardi_c,30,34,100,spectral_entropy,0.6959706959706959,
Biological,Vazquez_Simberloff_plant-pollinator_webs_Mascardi_c,30,34,80,spectral_entropy,0.7364787111622554,
Biological,Vazquez_Simberloff_plant-pollinator_webs_Mascardi_c,30,34,60,spectral_entropy,0.6595744680851063,
Biological,Vazquez_Simberloff_plant-pollinator_webs_Mascardi_c,30,34,40,spectral_entropy,0.7308970099667774,
Biological,Vazquez_Simberloff_plant-pollinator_webs_Mascardi_c,30,34,20,spectral_entropy,1.262135922330097,
Biological,Vazquez_Simberloff_plant-pollinator_webs_Mascardi_c,30,34,100,adamic_adar_entropy,-0.0,0.33333333333333337
Biological,Vazquez_Simberloff_plant-pollinator_webs_Mascardi_c,30,34,100,seal_entropy,1.0000000000000002,0.7500000000000001
Biological,Vazquez_Simberloff_plant-pollinator_webs_Mascardi_nc,39,48,100,spectral_entropy,0.7295597484276729,
Biological,Vazquez_Simberloff_plant-pollinator_webs_Mascardi_nc,39,48,80,spectral_entropy,0.6410256410256411,
Biological,Vazquez_Simberloff_plant-pollinator_webs_Mascardi_nc,39,48,60,spectral_entropy,0.6828193832599119,
Biological,Vazquez_Simberloff_plant-pollinator_webs_Mascardi_nc,39,48,40,spectral_entropy,0.7843137254901962,
Biological,Vazquez_Simberloff_plant-pollinator_webs_Mascardi_nc,39,48,20,spectral_entropy,0.8287292817679557,
Biological,Vazquez_Simberloff_plant-pollinator_webs_Mascardi_nc,39,48,100,adamic_adar_entropy,,0.3888888888888889
Biological,Vazquez_Simberloff_plant-pollinator_webs_Mascardi_nc,39,48,100,seal_entropy,0.6699920748877065,0.9012345679012347
Biological,Vazquez_Simberloff_plant-pollinator_webs_Quetrihue_c,35,47,100,spectral_entropy,0.7968647942521229,
Biological,Vazquez_Simberloff_plant-pollinator_webs_Quetrihue_c,35,47,80,spectral_entropy,0.8136696501220504,
Biological,Vazquez_Simberloff_plant-pollinator_webs_Quetrihue_c,35,47,60,spectral_entropy,0.9269662921348314,
Biological,Vazquez_Simberloff_plant-pollinator_webs_Quetrihue_c,35,47,40,spectral_entropy,0.9322033898305084,
Biological,Vazquez_Simberloff_plant-pollinator_webs_Quetrihue_c,35,47,20,spectral_entropy,0.9426229508196722,
Biological,Vazquez_Simberloff_plant-pollinator_webs_Quetrihue_c,35,47,100,adamic_adar_entropy,-0.0,0.3888888888888889
Biological,Vazquez_Simberloff_plant-pollinator_webs_Quetrihue_c,35,47,100,seal_entropy,0.9664931150077277,0.7407407407407407
Biological,Vazquez_Simberloff_plant-pollinator_webs_Safariland,31,35,100,spectral_entropy,0.8135283363802559,
Biological,Vazquez_Simberloff_plant-pollinator_webs_Safariland,31,35,80,spectral_entropy,0.7314148681055156,
Biological,Vazquez_Simberloff_plant-pollinator_webs_Safariland,31,35,60,spectral_entropy,0.6412478336221836,
Biological,Vazquez_Simberloff_plant-pollinator_webs_Safariland,31,35,40,spectral_entropy,0.9615384615384616,
Biological,Vazquez_Simberloff_plant-pollinator_webs_Safariland,31,35,20,spectral_entropy,0.8771929824561403,
Biological,Vazquez_Simberloff_plant-pollinator_webs_Safariland,31,35,100,adamic_adar_entropy,-0.0,0.2857142857142857
Biological,Vazquez_Simberloff_plant-pollinator_webs_Safariland,31,35,100,seal_entropy,0.6021970171824717,0.7551020408163265
Biological,Yu_yeast_interactomes_2008_CCSB-YI1,964,1487,100,spectral_entropy,0.7667374651460094,
Biological,Yu_yeast_interactomes_2008_CCSB-YI1,964,1487,80,spectral_entropy,0.734904252826792,
Biological,Yu_yeast_interactomes_2008_CCSB-YI1,964,1487,60,spectral_entropy,0.7942684716474022,
Biological,Yu_yeast_interactomes_2008_CCSB-YI1,964,1487,40,spectral_entropy,0.9184428158407854,
Biological,Yu_yeast_interactomes_2008_CCSB-YI1,964,1487,20,spectral_entropy,0.8772532844485181,
Biological,Yu_yeast_interactomes_2008_CCSB-YI1,964,1487,100,adamic_adar_entropy,6.458769824138265,0.5342595426770511
Biological,Yu_yeast_interactomes_2008_CCSB-YI1,964,1487,100,seal_entropy,0.8347918045378251,0.8274495799748325
Biological,Yu_yeast_interactomes_2008_Y2H-union,1647,2518,100,spectral_entropy,0.8235300581877723,
Biological,Yu_yeast_interactomes_2008_Y2H-union,1647,2518,80,spectral_entropy,0.8023097291770442,
Biological,Yu_yeast_interactomes_2008_Y2H-union,1647,2518,60,spectral_entropy,0.8143072613660849,
Biological,Yu_yeast_interactomes_2008_Y2H-union,1647,2518,40,spectral_entropy,0.9185470045869434,
Biological,Yu_yeast_interactomes_2008_Y2H-union,1647,2518,20,spectral_entropy,0.8831643233576225,
Biological,Yu_yeast_interactomes_2008_Y2H-union,1647,2518,100,adamic_adar_entropy,34.59151692529559,0.5441525795525061
Biological,Yu_yeast_interactomes_2008_Y2H-union,1647,2518,100,seal_entropy,0.8386999349505895,0.8432328494243287
Biological,56e98770a6d70217090cde4d,305,465,100,spectral_entropy,0.8211340409580554,
Biological,56e98770a6d70217090cde4d,305,465,80,spectral_entropy,0.8381532217148655,
Biological,56e98770a6d70217090cde4d,305,465,60,spectral_entropy,0.8402282453637661,
Biological,56e98770a6d70217090cde4d,305,465,40,spectral_entropy,0.8754359740906826,
Biological,56e98770a6d70217090cde4d,305,465,20,spectral_entropy,0.9050599895670318,
Biological,56e98770a6d70217090cde4d,305,465,100,adamic_adar_entropy,5.349562232446103,0.5804139206844723
Biological,56e98770a6d70217090cde4d,305,465,100,seal_entropy,0.8086872346880342,0.896057347670251
Biological,56e98770a6d70217090cde51,251,399,100,spectral_entropy,0.8192507259484935,
Biological,56e98770a6d70217090cde51,251,399,80,spectral_entropy,0.8474053987427586,
Biological,56e98770a6d70217090cde51,251,399,60,spectral_entropy,0.8415544308141031,
Biological,56e98770a6d70217090cde51,251,399,40,spectral_entropy,0.8740068104426788,
Biological,56e98770a6d70217090cde51,251,399,20,spectral_entropy,0.8480331262939959,
Biological,56e98770a6d70217090cde51,251,399,100,adamic_adar_entropy,2.638463141233342,0.5949367088607596
Biological,56e98770a6d70217090cde51,251,399,100,seal_entropy,0.795849604956664,0.9008171767344977
Biological,56e98770a6d70217090cde4f,192,307,100,spectral_entropy,0.833712391968289,
Biological,56e98770a6d70217090cde4f,192,307,80,spectral_entropy,0.8476330085366904,
Biological,56e98770a6d70217090cde4f,192,307,60,spectral_entropy,0.8733118971061093,
Biological,56e98770a6d70217090cde4f,192,307,40,spectral_entropy,0.8767236056801812,
Biological,56e98770a6d70217090cde4f,192,307,20,spectral_entropy,0.9885304659498209,
Biological,56e98770a6d70217090cde4f,192,307,100,adamic_adar_entropy,5.870348932294838,0.6585595270088684
Biological,56e98770a6d70217090cde4f,192,307,100,seal_entropy,0.6752658443380437,0.9105079279763504
Biological,56e98770a6d70217090cde4e,199,311,100,spectral_entropy,0.836934417895272,
Biological,56e98770a6d70217090cde4e,199,311,80,spectral_entropy,0.8398261297465759,
Biological,56e98770a6d70217090cde4e,199,311,60,spectral_entropy,0.8396062536189924,
Biological,56e98770a6d70217090cde4e,199,311,40,spectral_entropy,0.8629441624365481,
Biological,56e98770a6d70217090cde4e,199,311,20,spectral_entropy,0.8956310679611651,
Biological,56e98770a6d70217090cde4e,199,311,100,adamic_adar_entropy,,0.605098855359001
Biological,56e98770a6d70217090cde4e,199,311,100,seal_entropy,0.8550540204264445,0.8854058272632674
Biological,56e98770a6d70217090cde46,283,437,100,spectral_entropy,0.7522218882830278,
Biological,56e98770a6d70217090cde46,283,437,80,spectral_entropy,0.7505399568034558,
Biological,56e98770a6d70217090cde46,283,437,60,spectral_entropy,0.736598822038321,
Biological,56e98770a6d70217090cde46,283,437,40,spectral_entropy,0.7597560975609756,
Biological,56e98770a6d70217090cde46,283,437,20,spectral_entropy,0.8213972522654194,
Biological,56e98770a6d70217090cde46,283,437,100,adamic_adar_entropy,4.340018426899141,0.6377328577090764
Biological,56e98770a6d70217090cde46,283,437,100,seal_entropy,0.6952489302157308,0.9161051658079006
Biological,56e98770a6d70217090cde45,305,477,100,spectral_entropy,0.742667745789494,
Biological,56e98770a6d70217090cde45,305,477,80,spectral_entropy,0.7575454727163702,
Biological,56e98770a6d70217090cde45,305,477,60,spectral_entropy,0.7622016009067082,
Biological,56e98770a6d70217090cde45,305,477,40,spectral_entropy,0.8205988988854572,
Biological,56e98770a6d70217090cde45,305,477,20,spectral_entropy,0.804724409448819,
Biological,56e98770a6d70217090cde45,305,477,100,adamic_adar_entropy,,0.6157894736842106
Biological,56e98770a6d70217090cde45,305,477,100,seal_entropy,0.7675598517069241,0.9016620498614958
Biological,56e98770a6d70217090cde4a,281,429,100,spectral_entropy,0.7731121934096793,
Biological,56e98770a6d70217090cde4a,281,429,80,spectral_entropy,0.7604840979453983,
Biological,56e98770a6d70217090cde4a,281,429,60,spectral_entropy,0.7694184627897519,
Biological,56e98770a6d70217090cde4a,281,429,40,spectral_entropy,0.803763440860215,
Biological,56e98770a6d70217090cde4a,281,429,20,spectral_entropy,0.8438818565400844,
Biological,56e98770a6d70217090cde4a,281,429,100,adamic_adar_entropy,7.898416830283676,0.6176470588235294
Biological,56e98770a6d70217090cde4a,281,429,100,seal_entropy,0.7486864621705006,0.8792387543252596
Biological,56e98770a6d70217090cde49,311,474,100,spectral_entropy,0.8246788214478036,
Biological,56e98770a6d70217090cde49,311,474,80,spectral_entropy,0.8239062969266193,
Biological,56e98770a6d70217090cde49,311,474,60,spectral_entropy,0.8315334773218143,
Biological,56e98770a6d70217090cde49,311,474,40,spectral_entropy,0.8757355486327448,
Biological,56e98770a6d70217090cde49,311,474,20,spectral_entropy,0.908625543895572,
Biological,56e98770a6d70217090cde49,311,474,100,adamic_adar_entropy,3.394586214114715,0.6212086917157085
Biological,56e98770a6d70217090cde49,311,474,100,seal_entropy,0.7815384211236682,0.8966727025803531
Biological,56e98770a6d70217090cde47,224,348,100,spectral_entropy,0.762820871315922,
Biological,56e98770a6d70217090cde47,224,348,80,spectral_entropy,0.7717291534279461,
Biological,56e98770a6d70217090cde47,224,348,60,spectral_entropy,0.7848484848484848,
Biological,56e98770a6d70217090cde47,224,348,40,spectral_entropy,0.7748841667998083,
Biological,56e98770a6d70217090cde47,224,348,20,spectral_entropy,0.7988631394840402,
Biological,56e98770a6d70217090cde47,224,348,100,adamic_adar_entropy,2.6222367378193296,0.644927536231884
Biological,56e98770a6d70217090cde47,224,348,100,seal_entropy,0.7631674255436369,0.8996009241755935
Biological,56e98770a6d70217090cde42,257,302,100,spectral_entropy,0.7647702407002188,
Biological,56e98770a6d70217090cde42,257,302,80,spectral_entropy,0.8054187192118226,
Biological,56e98770a6d70217090cde42,257,302,60,spectral_entropy,0.8401210146613917,
Biological,56e98770a6d70217090cde42,257,302,40,spectral_entropy,0.8996675141795423,
Biological,56e98770a6d70217090cde42,257,302,20,spectral_entropy,0.9853372434017595,
Biological,56e98770a6d70217090cde42,257,302,100,adamic_adar_entropy,2.9280441327897946,0.5333333333333333
Biological,56e98770a6d70217090cde42,257,302,100,seal_entropy,0.9038773553173743,0.7525
Biological,56e98770a6d70217090cde41,411,488,100,spectral_entropy,0.7422153776809525,
Biological,56e98770a6d70217090cde41,411,488,80,spectral_entropy,0.7869003690036901,
Biological,56e98770a6d70217090cde41,411,488,60,spectral_entropy,0.8236791852323361,
Biological,56e98770a6d70217090cde41,411,488,40,spectral_entropy,0.8495593359294938,
Biological,56e98770a6d70217090cde41,411,488,20,spectral_entropy,0.8981769675411294,
Biological,56e98770a6d70217090cde41,411,488,100,adamic_adar_entropy,,0.5515463917525774
Biological,56e98770a6d70217090cde41,411,488,100,seal_entropy,0.9136237104452836,0.7669252843022637
Biological,56e98770a6d70217090cde40,142,159,100,spectral_entropy,0.7329696461043503,
Biological,56e98770a6d70217090cde40,142,159,80,spectral_entropy,0.8123249299719887,
Biological,56e98770a6d70217090cde40,142,159,60,spectral_entropy,0.8743589743589744,
Biological,56e98770a6d70217090cde40,142,159,40,spectral_entropy,0.9963099630996309,
Biological,56e98770a6d70217090cde40,142,159,20,spectral_entropy,0.9585253456221198,
Biological,56e98770a6d70217090cde40,142,159,100,adamic_adar_entropy,2.2310434375731827,0.5478668054110302
Biological,56e98770a6d70217090cde40,142,159,100,seal_entropy,0.9944321653235403,0.613423517169615
Biological,56e98770a6d70217090cde3f,176,199,100,spectral_entropy,0.7641921397379913,
Biological,56e98770a6d70217090cde3f,176,199,80,spectral_entropy,0.8033654498575112,
Biological,56e98770a6d70217090cde3f,176,199,60,spectral_entropy,0.8943252456386606,
Biological,56e98770a6d70217090cde3f,176,199,40,spectral_entropy,0.918918918918919,
Biological,56e98770a6d70217090cde3f,176,199,20,spectral_entropy,0.9553695955369595,
Biological,56e98770a6d70217090cde3f,176,199,100,adamic_adar_entropy,,0.5128205128205129
Biological,56e98770a6d70217090cde3f,176,199,100,seal_entropy,0.9581022169126019,0.7041420118343196
Biological,56e98770a6d70217090cde3e,116,134,100,spectral_entropy,0.7348132851488556,
Biological,56e98770a6d70217090cde3e,116,134,80,spectral_entropy,0.806929564622749,
Biological,56e98770a6d70217090cde3e,116,134,60,spectral_entropy,0.8626648476580263,
Biological,56e98770a6d70217090cde3e,116,134,40,spectral_entropy,0.9249471458773785,
Biological,56e98770a6d70217090cde3e,116,134,20,spectral_entropy,0.9847434119278781,
Biological,56e98770a6d70217090cde3e,116,134,100,adamic_adar_entropy,1.0,0.5192307692307693
Biological,56e98770a6d70217090cde3e,116,134,100,seal_entropy,0.8317291508215987,0.6738165680473374
Biological,56e98770a6d70217090cde08,318,381,100,spectral_entropy,0.8514881100752779,
Biological,56e98770a6d70217090cde08,318,381,80,spectral_entropy,0.8946322067594434,
Biological,56e98770a6d70217090cde08,318,381,60,spectral_entropy,0.9226617188158893,
Biological,56e98770a6d70217090cde08,318,381,40,spectral_entropy,0.94248291571754,
Biological,56e98770a6d70217090cde08,318,381,20,spectral_entropy,0.9509609012591119,
Biological,56e98770a6d70217090cde08,318,381,100,adamic_adar_entropy,,0.5526315789473684
Biological,56e98770a6d70217090cde08,318,381,100,seal_entropy,0.9294711232240265,0.7178843490304708
Biological,56e98770a6d70217090cde06,339,369,100,spectral_entropy,0.8007546378786291,
Biological,56e98770a6d70217090cde06,339,369,80,spectral_entropy,0.8617868199911544,
Biological,56e98770a6d70217090cde06,339,369,60,spectral_entropy,0.9774938012588213,
Biological,56e98770a6d70217090cde06,339,369,40,spectral_entropy,1.0023980815347722,
Biological,56e98770a6d70217090cde06,339,369,20,spectral_entropy,1.0066280033140016,
Biological,56e98770a6d70217090cde06,339,369,100,adamic_adar_entropy,,0.5205479452054794
Biological,56e98770a6d70217090cde06,339,369,100,seal_entropy,0.8376309135063623,0.7361606305122912
Biological,56e98770a6d70217090cde04,359,443,100,spectral_entropy,0.9053446553446554,
Biological,56e98770a6d70217090cde04,359,443,80,spectral_entropy,0.9540743751270067,
Biological,56e98770a6d70217090cde04,359,443,60,spectral_entropy,0.9878734102336586,
Biological,56e98770a6d70217090cde04,359,443,40,spectral_entropy,0.95069173465768,
Biological,56e98770a6d70217090cde04,359,443,20,spectral_entropy,0.9204368174726989,
Biological,56e98770a6d70217090cde04,359,443,100,adamic_adar_entropy,7.112201197957868,0.5742510330578512
Biological,56e98770a6d70217090cde04,359,443,100,seal_entropy,0.8256812566036593,0.7625903925619835
Biological,56e98770a6d70217090cde03,386,460,100,spectral_entropy,0.9090543583145707,
Biological,56e98770a6d70217090cde03,386,460,80,spectral_entropy,0.9586437965694854,
Biological,56e98770a6d70217090cde03,386,460,60,spectral_entropy,0.9951605207552314,
Biological,56e98770a6d70217090cde03,386,460,40,spectral_entropy,1.0006075334143378,
Biological,56e98770a6d70217090cde03,386,460,20,spectral_entropy,0.9874415168677665,
Biological,56e98770a6d70217090cde03,386,460,100,adamic_adar_entropy,2.0158358402487226,0.5378662570888468
Biological,56e98770a6d70217090cde03,386,460,100,seal_entropy,0.849964464607759,0.7527173913043479
Biological,56e98770a6d70217090cdddd,346,417,100,spectral_entropy,0.8577696199131487,
Biological,56e98770a6d70217090cdddd,346,417,80,spectral_entropy,0.9259774206106446,
Biological,56e98770a6d70217090cdddd,346,417,60,spectral_entropy,0.9455153735861079,
Biological,56e98770a6d70217090cdddd,346,417,40,spectral_entropy,0.9705018516153747,
Biological,56e98770a6d70217090cdddd,346,417,20,spectral_entropy,0.9331453886427709,
Biological,56e98770a6d70217090cdddd,346,417,100,adamic_adar_entropy,,0.5662650602409639
Biological,56e98770a6d70217090cdddd,346,417,100,seal_entropy,0.8637411661660583,0.8152126578603571
Biological,56e98770a6d70217090cddaf,254,286,100,spectral_entropy,0.8704838368899218,
Biological,56e98770a6d70217090cddaf,254,286,80,spectral_entropy,0.9256040326786026,
Biological,56e98770a6d70217090cddaf,254,286,60,spectral_entropy,0.9678407350689127,
Biological,56e98770a6d70217090cddaf,254,286,40,spectral_entropy,0.9870024370430545,
Biological,56e98770a6d70217090cddaf,254,286,20,spectral_entropy,0.9960915689558906,
Biological,56e98770a6d70217090cddaf,254,286,100,adamic_adar_entropy,,0.543859649122807
Biological,56e98770a6d70217090cddaf,254,286,100,seal_entropy,0.9679767769950823,0.6783625730994153
Biological,56e98770a6d70217090cdd88,158,200,100,spectral_entropy,0.9313725490196079,
Biological,56e98770a6d70217090cdd88,158,200,80,spectral_entropy,0.9439890710382514,
Biological,56e98770a6d70217090cdd88,158,200,60,spectral_entropy,0.9996227838551489,
Biological,56e98770a6d70217090cdd88,158,200,40,spectral_entropy,1.0119363395225462,
Biological,56e98770a6d70217090cdd88,158,200,20,spectral_entropy,0.9424083769633509,
Biological,56e98770a6d70217090cdd88,158,200,100,adamic_adar_entropy,,0.5249999999999999
Biological,56e98770a6d70217090cdd88,158,200,100,seal_entropy,0.8573372528228329,0.7809375000000001
Biological,56e98770a6d70217090cdd87,120,163,100,spectral_entropy,0.9658308073849546,
Biological,56e98770a6d70217090cdd87,120,163,80,spectral_entropy,0.9642797249706524,
Biological,56e98770a6d70217090cdd87,120,163,60,spectral_entropy,0.9933283914010378,
Biological,56e98770a6d70217090cdd87,120,163,40,spectral_entropy,0.9931506849315068,
Biological,56e98770a6d70217090cdd87,120,163,20,spectral_entropy,0.9802073515551367,
Biological,56e98770a6d70217090cdd87,120,163,100,adamic_adar_entropy,,0.56494140625
Biological,56e98770a6d70217090cdd87,120,163,100,seal_entropy,0.8686078214137759,0.69677734375
Biological,56e98770a6d70217090cdd86,223,276,100,spectral_entropy,0.9091577245332942,
Biological,56e98770a6d70217090cdd86,223,276,80,spectral_entropy,0.9219284043892787,
Biological,56e98770a6d70217090cdd86,223,276,60,spectral_entropy,0.9523212045169385,
Biological,56e98770a6d70217090cdd86,223,276,40,spectral_entropy,0.9870232009437672,
Biological,56e98770a6d70217090cdd86,223,276,20,spectral_entropy,1.087179487179487,
Biological,56e98770a6d70217090cdd86,223,276,100,adamic_adar_entropy,,0.5287603305785123
Biological,56e98770a6d70217090cdd86,223,276,100,seal_entropy,0.914955708191369,0.7267768595041322
Biological,56e98770a6d70217090cdd85,182,224,100,spectral_entropy,0.8736695974086072,
Biological,56e98770a6d70217090cdd85,182,224,80,spectral_entropy,0.8748073959938366,
Biological,56e98770a6d70217090cdd85,182,224,60,spectral_entropy,0.9533042494748748,
Biological,56e98770a6d70217090cdd85,182,224,40,spectral_entropy,0.9587104072398189,
Biological,56e98770a6d70217090cdd85,182,224,20,spectral_entropy,1.0718954248366013,
Biological,56e98770a6d70217090cdd85,182,224,100,adamic_adar_entropy,,0.5451962809917354
Biological,56e98770a6d70217090cdd85,182,224,100,seal_entropy,0.9920739237745271,0.6102789256198347
Biological,56e98770a6d70217090cdd84,132,171,100,spectral_entropy,0.919390545643964,
Biological,56e98770a6d70217090cdd84,132,171,80,spectral_entropy,0.9413826059254541,
Biological,56e98770a6d70217090cdd84,132,171,60,spectral_entropy,0.9842863378437364,
Biological,56e98770a6d70217090cdd84,132,171,40,spectral_entropy,0.9748999636231358,
Biological,56e98770a6d70217090cdd84,132,171,20,spectral_entropy,0.9384615384615385,
Biological,56e98770a6d70217090cdd84,132,171,100,adamic_adar_entropy,,0.6215397923875432
Biological,56e98770a6d70217090cdd84,132,171,100,seal_entropy,0.9135201988612218,0.6868512110726643
Biological,56e98770a6d70217090cdd83,322,404,100,spectral_entropy,0.8776931345515727,
Biological,56e98770a6d70217090cdd83,322,404,80,spectral_entropy,0.8825925063998138,
Biological,56e98770a6d70217090cdd83,322,404,60,spectral_entropy,0.9183431952662722,
Biological,56e98770a6d70217090cdd83,322,404,40,spectral_entropy,0.9371223564954683,
Biological,56e98770a6d70217090cdd83,322,404,20,spectral_entropy,1.0286637060960842,
Biological,56e98770a6d70217090cdd83,322,404,100,adamic_adar_entropy,,0.5643750000000001
Biological,56e98770a6d70217090cdd83,322,404,100,seal_entropy,0.9037321213544767,0.7384375
Biological,56e98770a6d70217090cdd82,146,175,100,spectral_entropy,0.8592856234905301,
Biological,56e98770a6d70217090cdd82,146,175,80,spectral_entropy,0.9315499606608969,
Biological,56e98770a6d70217090cdd82,146,175,60,spectral_entropy,0.9576307825335062,
Biological,56e98770a6d70217090cdd82,146,175,40,spectral_entropy,0.9484944532488113,
Biological,56e98770a6d70217090cdd82,146,175,20,spectral_entropy,0.916030534351145,
Biological,56e98770a6d70217090cdd82,146,175,100,adamic_adar_entropy,,0.5693877551020409
Biological,56e98770a6d70217090cdd82,146,175,100,seal_entropy,0.9670359013651683,0.7057142857142857
Biological,56e98770a6d70217090cdd81,121,154,100,spectral_entropy,0.921985815602837,
Biological,56e98770a6d70217090cdd81,121,154,80,spectral_entropy,0.9265577302926917,
Biological,56e98770a6d70217090cdd81,121,154,60,spectral_entropy,1.0129198966408268,
Biological,56e98770a6d70217090cdd81,121,154,40,spectral_entropy,0.9783549783549783,
Biological,56e98770a6d70217090cdd81,121,154,20,spectral_entropy,0.8418891170431211,
Biological,56e98770a6d70217090cdd81,121,154,100,adamic_adar_entropy,,0.6138888888888889
Biological,56e98770a6d70217090cdd81,121,154,100,seal_entropy,0.8649130546583687,0.6200000000000001
Biological,56e98770a6d70217090cdd80,332,412,100,spectral_entropy,0.8656406553233742,
Biological,56e98770a6d70217090cdd80,332,412,80,spectral_entropy,0.8916873729387848,
Biological,56e98770a6d70217090cdd80,332,412,60,spectral_entropy,0.9251341055741273,
Biological,56e98770a6d70217090cdd80,332,412,40,spectral_entropy,0.9221647533745426,
Biological,56e98770a6d70217090cdd80,332,412,20,spectral_entropy,0.9509287496534516,
Biological,56e98770a6d70217090cdd80,332,412,100,adamic_adar_entropy,4.428769603924501,0.5377751338488995
Biological,56e98770a6d70217090cdd80,332,412,100,seal_entropy,0.8310451163637601,0.7776621058893516
Biological,56e98770a6d70217090cdd7f,84,86,100,spectral_entropy,0.8254437869822485,
Biological,56e98770a6d70217090cdd7f,84,86,80,spectral_entropy,0.8966789667896679,
Biological,56e98770a6d70217090cdd7f,84,86,60,spectral_entropy,1.0333863275039745,
Biological,56e98770a6d70217090cdd7f,84,86,40,spectral_entropy,1.0740740740740742,
Biological,56e98770a6d70217090cdd7f,84,86,20,spectral_entropy,0.949820788530466,
Biological,56e98770a6d70217090cdd7f,84,86,100,adamic_adar_entropy,,0.47058823529411764
Biological,56e98770a6d70217090cdd7f,84,86,100,seal_entropy,1.0000000000000002,0.7024221453287196
Biological,56e98770a6d70217090cdd7e,187,218,100,spectral_entropy,0.8020412093202388,
Biological,56e98770a6d70217090cdd7e,187,218,80,spectral_entropy,0.858085808580858,
Biological,56e98770a6d70217090cdd7e,187,218,60,spectral_entropy,0.9409562702058872,
Biological,56e98770a6d70217090cdd7e,187,218,40,spectral_entropy,0.9658256148195464,
Biological,56e98770a6d70217090cdd7e,187,218,20,spectral_entropy,0.9532710280373832,
Biological,56e98770a6d70217090cdd7e,187,218,100,adamic_adar_entropy,1.673687954981843,0.5470524607896159
Biological,56e98770a6d70217090cdd7e,187,218,100,seal_entropy,0.8973373913869647,0.7325581395348837
Biological,56e98770a6d70217090cdd7d,74,75,100,spectral_entropy,0.7486818980667839,
Biological,56e98770a6d70217090cdd7d,74,75,80,spectral_entropy,0.79800853485064,
Biological,56e98770a6d70217090cdd7d,74,75,60,spectral_entropy,0.8819875776397516,
Biological,56e98770a6d70217090cdd7d,74,75,40,spectral_entropy,1.0940695296523517,
Biological,56e98770a6d70217090cdd7d,74,75,20,spectral_entropy,0.8674698795180723,
Biological,56e98770a6d70217090cdd7d,74,75,100,adamic_adar_entropy,,0.5022222222222222
Biological,56e98770a6d70217090cdd7d,74,75,100,seal_entropy,0.8704871138331743,0.5444444444444444
Biological,56e9e0d8a6d70217090ce005,880,2296,100,spectral_entropy,0.7647940501261692,
Biological,56e9e0d8a6d70217090ce005,880,2296,80,spectral_entropy,0.7390738159968929,
Biological,56e9e0d8a6d70217090ce005,880,2296,60,spectral_entropy,0.726780782022134,
Biological,56e9e0d8a6d70217090ce005,880,2296,40,spectral_entropy,0.7655443597935611,
Biological,56e9e0d8a6d70217090ce005,880,2296,20,spectral_entropy,0.6988411989383051,
Biological,56e9e0d8a6d70217090ce005,880,2296,100,adamic_adar_entropy,11.375034781951387,0.6512428742981095
Biological,56e9e0d8a6d70217090ce005,880,2296,100,seal_entropy,0.6962628375996246,0.872306947470346
Biological,56e9e0d8a6d70217090ce004,861,2011,100,spectral_entropy,0.7418004441046923,
Biological,56e9e0d8a6d70217090ce004,861,2011,80,spectral_entropy,0.7017608183543085,
Biological,56e9e0d8a6d70217090ce004,861,2011,60,spectral_entropy,0.7001947816633448,
Biological,56e9e0d8a6d70217090ce004,861,2011,40,spectral_entropy,0.7160710769090937,
Biological,56e9e0d8a6d70217090ce004,861,2011,20,spectral_entropy,0.6733029171851238,
Biological,56e9e0d8a6d70217090ce004,861,2011,100,adamic_adar_entropy,10.83848985916036,0.6131624217222346
Biological,56e9e0d8a6d70217090ce004,861,2011,100,seal_entropy,0.7352718382759603,0.8647125071161605
Biological,56e9e0d8a6d70217090ce002,769,1858,100,spectral_entropy,0.7602193819458922,
Biological,56e9e0d8a6d70217090ce002,769,1858,80,spectral_entropy,0.7237556607446568,
Biological,56e9e0d8a6d70217090ce002,769,1858,60,spectral_entropy,0.7219485423826262,
Biological,56e9e0d8a6d70217090ce002,769,1858,40,spectral_entropy,0.7229553252872191,
Biological,56e9e0d8a6d70217090ce002,769,1858,20,spectral_entropy,0.6984603830266617,
Biological,56e9e0d8a6d70217090ce002,769,1858,100,adamic_adar_entropy,26.559090974645063,0.6314906168946753
Biological,56e9e0d8a6d70217090ce002,769,1858,100,seal_entropy,0.7138929591204594,0.8986493849942967
Biological,56e9e0d8a6d70217090cdffe,619,1501,100,spectral_entropy,0.7699120512450824,
Biological,56e9e0d8a6d70217090cdffe,619,1501,80,spectral_entropy,0.7773870347024086,
Biological,56e9e0d8a6d70217090cdffe,619,1501,60,spectral_entropy,0.7625414611511162,
Biological,56e9e0d8a6d70217090cdffe,619,1501,40,spectral_entropy,0.7936653450370132,
Biological,56e9e0d8a6d70217090cdffe,619,1501,20,spectral_entropy,0.7440719542109567,
Biological,56e9e0d8a6d70217090cdffe,619,1501,100,adamic_adar_entropy,13.223505690819243,0.64025
Biological,56e9e0d8a6d70217090cdffe,619,1501,100,seal_entropy,0.7277762845426182,0.8618722222222222
Biological,56e9e0d8a6d70217090cdffd,464,1115,100,spectral_entropy,0.7492038333406713,
Biological,56e9e0d8a6d70217090cdffd,464,1115,80,spectral_entropy,0.734969160117595,
Biological,56e9e0d8a6d70217090cdffd,464,1115,60,spectral_entropy,0.7322283419982498,
Biological,56e9e0d8a6d70217090cdffd,464,1115,40,spectral_entropy,0.7160614867467348,
Biological,56e9e0d8a6d70217090cdffd,464,1115,20,spectral_entropy,0.7113916894374823,
Biological,56e9e0d8a6d70217090cdffd,464,1115,100,adamic_adar_entropy,5.894164511559691,0.6110217378189788
Biological,56e9e0d8a6d70217090cdffd,464,1115,100,seal_entropy,0.751674456792478,0.8527116973999076
Biological,56e9e0d7a6d70217090cdffa,813,2103,100,spectral_entropy,0.7451167155753836,
Biological,56e9e0d7a6d70217090cdffa,813,2103,80,spectral_entropy,0.7281591229877992,
Biological,56e9e0d7a6d70217090cdffa,813,2103,60,spectral_entropy,0.7199562297508958,
Biological,56e9e0d7a6d70217090cdffa,813,2103,40,spectral_entropy,0.7237485675955169,
Biological,56e9e0d7a6d70217090cdffa,813,2103,20,spectral_entropy,0.6856164843278072,
Biological,56e9e0d7a6d70217090cdffa,813,2103,100,adamic_adar_entropy,13.941424098328577,0.6596598639455782
Biological,56e9e0d7a6d70217090cdffa,813,2103,100,seal_entropy,0.6819568481459991,0.8808163265306121
Biological,56e9e0d7a6d70217090cdff6,601,1536,100,spectral_entropy,0.772980571821556,
Biological,56e9e0d7a6d70217090cdff6,601,1536,80,spectral_entropy,0.7616082615133453,
Biological,56e9e0d7a6d70217090cdff6,601,1536,60,spectral_entropy,0.7727047066925036,
Biological,56e9e0d7a6d70217090cdff6,601,1536,40,spectral_entropy,0.7978317946980604,
Biological,56e9e0d7a6d70217090cdff6,601,1536,20,spectral_entropy,0.763943829113924,
Biological,56e9e0d7a6d70217090cdff6,601,1536,100,adamic_adar_entropy,7.973099180904828,0.6363462742310262
Biological,56e9e0d7a6d70217090cdff6,601,1536,100,seal_entropy,0.7208642042079713,0.8652558647837113
Biological,56e9e0d7a6d70217090cdff5,1042,2764,100,spectral_entropy,0.7468587549293189,
Biological,56e9e0d7a6d70217090cdff5,1042,2764,80,spectral_entropy,0.7397825538602835,
Biological,56e9e0d7a6d70217090cdff5,1042,2764,60,spectral_entropy,0.7204333819498983,
Biological,56e9e0d7a6d70217090cdff5,1042,2764,40,spectral_entropy,0.7298633323640594,
Biological,56e9e0d7a6d70217090cdff5,1042,2764,20,spectral_entropy,0.6837411967370928,
Biological,56e9e0d7a6d70217090cdff5,1042,2764,100,adamic_adar_entropy,9.792413814212793,0.6835633926696072
Biological,56e9e0d7a6d70217090cdff5,1042,2764,100,seal_entropy,0.7339597018283992,0.8971395190086116
Biological,56e9e0d7a6d70217090cdff0,808,2105,100,spectral_entropy,0.7857748145865578,
Biological,56e9e0d7a6d70217090cdff0,808,2105,80,spectral_entropy,0.7608349198418374,
Biological,56e9e0d7a6d70217090cdff0,808,2105,60,spectral_entropy,0.7587338601718704,
Biological,56e9e0d7a6d70217090cdff0,808,2105,40,spectral_entropy,0.7719771724157319,
Biological,56e9e0d7a6d70217090cdff0,808,2105,20,spectral_entropy,0.7491180742892716,
Biological,56e9e0d7a6d70217090cdff0,808,2105,100,adamic_adar_entropy,11.542628110083339,0.6727647666172049
Biological,56e9e0d7a6d70217090cdff0,808,2105,100,seal_entropy,0.7113385385317441,0.8840730982109105
Biological,56e9e0d7a6d70217090cdfef,598,1425,100,spectral_entropy,0.7694157775056847,
Biological,56e9e0d7a6d70217090cdfef,598,1425,80,spectral_entropy,0.7609154632210117,
Biological,56e9e0d7a6d70217090cdfef,598,1425,60,spectral_entropy,0.7407539371481509,
Biological,56e9e0d7a6d70217090cdfef,598,1425,40,spectral_entropy,0.7578793522076329,
Biological,56e9e0d7a6d70217090cdfef,598,1425,20,spectral_entropy,0.6928335978513002,
Biological,56e9e0d7a6d70217090cdfef,598,1425,100,adamic_adar_entropy,11.565661388131524,0.6535118497999385
Biological,56e9e0d7a6d70217090cdfef,598,1425,100,seal_entropy,0.7019844593248301,0.8738996614342875
Biological,56e9e0d7a6d70217090cdfee,609,1476,100,spectral_entropy,0.775852041409794,
Biological,56e9e0d7a6d70217090cdfee,609,1476,80,spectral_entropy,0.7613412228796844,
Biological,56e9e0d7a6d70217090cdfee,609,1476,60,spectral_entropy,0.736939951663878,
Biological,56e9e0d7a6d70217090cdfee,609,1476,40,spectral_entropy,0.7572741194486983,
Biological,56e9e0d7a6d70217090cdfee,609,1476,20,spectral_entropy,0.7308822713913381,
Biological,56e9e0d7a6d70217090cdfee,609,1476,100,adamic_adar_entropy,6.77440312979372,0.64310255673657
Biological,56e9e0d7a6d70217090cdfee,609,1476,100,seal_entropy,0.6915121496357418,0.87789141051422
Biological,56e9e0d7a6d70217090cdfec,610,1482,100,spectral_entropy,0.7677683533196841,
Biological,56e9e0d7a6d70217090cdfec,610,1482,80,spectral_entropy,0.7689718525167244,
Biological,56e9e0d7a6d70217090cdfec,610,1482,60,spectral_entropy,0.7290274684484038,
Biological,56e9e0d7a6d70217090cdfec,610,1482,40,spectral_entropy,0.7516547054497502,
Biological,56e9e0d7a6d70217090cdfec,610,1482,20,spectral_entropy,0.7435828154552824,
Biological,56e9e0d7a6d70217090cdfec,610,1482,100,adamic_adar_entropy,9.578531601446478,0.6333203981008034
Biological,56e9e0d7a6d70217090cdfec,610,1482,100,seal_entropy,0.6919614649515211,0.882156227173119
Biological,56e9e0d7a6d70217090cdfeb,610,1481,100,spectral_entropy,0.7738088979085394,
Biological,56e9e0d7a6d70217090cdfeb,610,1481,80,spectral_entropy,0.7664449580068767,
Biological,56e9e0d7a6d70217090cdfeb,610,1481,60,spectral_entropy,0.7385856632956573,
Biological,56e9e0d7a6d70217090cdfeb,610,1481,40,spectral_entropy,0.7568442073864354,
Biological,56e9e0d7a6d70217090cdfeb,610,1481,20,spectral_entropy,0.716533259729506,
Biological,56e9e0d7a6d70217090cdfeb,610,1481,100,adamic_adar_entropy,19.683087532183166,0.6194530679327975
Biological,56e9e0d7a6d70217090cdfeb,610,1481,100,seal_entropy,0.7312865390894125,0.8605677045288531
Biological,56e9e0d7a6d70217090cdfe9,600,1421,100,spectral_entropy,0.7739081759211495,
Biological,56e9e0d7a6d70217090cdfe9,600,1421,80,spectral_entropy,0.76657824933687,
Biological,56e9e0d7a6d70217090cdfe9,600,1421,60,spectral_entropy,0.7511669658886894,
Biological,56e9e0d7a6d70217090cdfe9,600,1421,40,spectral_entropy,0.7525572903256009,
Biological,56e9e0d7a6d70217090cdfe9,600,1421,20,spectral_entropy,0.6821042033727661,
Biological,56e9e0d7a6d70217090cdfe9,600,1421,100,adamic_adar_entropy,19.68829934909075,0.6323398135290617
Biological,56e9e0d7a6d70217090cdfe9,600,1421,100,seal_entropy,0.711714052851856,0.8708713548899029
Biological,56e9e0d7a6d70217090cdfe0,783,1986,100,spectral_entropy,0.7752193310776417,
Biological,56e9e0d7a6d70217090cdfe0,783,1986,80,spectral_entropy,0.7211882934357259,
Biological,56e9e0d7a6d70217090cdfe0,783,1986,60,spectral_entropy,0.7026814972077353,
Biological,56e9e0d7a6d70217090cdfe0,783,1986,40,spectral_entropy,0.7435322876349563,
Biological,56e9e0d7a6d70217090cdfe0,783,1986,20,spectral_entropy,0.6225518793232769,
Biological,56e9e0d7a6d70217090cdfe0,783,1986,100,adamic_adar_entropy,15.576838504875877,0.6404297977907353
Biological,56e9e0d7a6d70217090cdfe0,783,1986,100,seal_entropy,0.6837937583248039,0.8735065890907246
Biological,56e9e0d7a6d70217090cdfde,816,1977,100,spectral_entropy,0.7763379019307615,
Biological,56e9e0d7a6d70217090cdfde,816,1977,80,spectral_entropy,0.7600900481586671,
Biological,56e9e0d7a6d70217090cdfde,816,1977,60,spectral_entropy,0.7442470659149736,
Biological,56e9e0d7a6d70217090cdfde,816,1977,40,spectral_entropy,0.7612694058233056,
Biological,56e9e0d7a6d70217090cdfde,816,1977,20,spectral_entropy,0.7248218756017716,
Biological,56e9e0d7a6d70217090cdfde,816,1977,100,adamic_adar_entropy,10.79617165978595,0.6283640442236821
Biological,56e9e0d7a6d70217090cdfde,816,1977,100,seal_entropy,0.7174030082038233,0.8793751001442076
Biological,56e9e0d7a6d70217090cdfd7,896,2186,100,spectral_entropy,0.7166962229692173,
Biological,56e9e0d7a6d70217090cdfd7,896,2186,80,spectral_entropy,0.6977173198158456,
Biological,56e9e0d7a6d70217090cdfd7,896,2186,60,spectral_entropy,0.6760189880464378,
Biological,56e9e0d7a6d70217090cdfd7,896,2186,40,spectral_entropy,0.6880028805273581,
Biological,56e9e0d7a6d70217090cdfd7,896,2186,20,spectral_entropy,0.6590818363273453,
Biological,56e9e0d7a6d70217090cdfd7,896,2186,100,adamic_adar_entropy,27.80939535779283,0.6683362221093476
Biological,56e9e0d7a6d70217090cdfd7,896,2186,100,seal_entropy,0.7347481681760161,0.8845021966916096
Biological,56e9e0d7a6d70217090cdfd6,337,806,100,spectral_entropy,0.772169108919438,
Biological,56e9e0d7a6d70217090cdfd6,337,806,80,spectral_entropy,0.7686910642119443,
Biological,56e9e0d7a6d70217090cdfd6,337,806,60,spectral_entropy,0.7348102654090809,
Biological,56e9e0d7a6d70217090cdfd6,337,806,40,spectral_entropy,0.7407983411093831,
Biological,56e9e0d7a6d70217090cdfd6,337,806,20,spectral_entropy,0.6450366937041329,
Biological,56e9e0d7a6d70217090cdfd6,337,806,100,adamic_adar_entropy,3.584669421431313,0.5995331970217197
Biological,56e9e0d7a6d70217090cdfd6,337,806,100,seal_entropy,0.7080201342198906,0.8745032984838548
Biological,56e9e0d7a6d70217090cdfd5,759,1771,100,spectral_entropy,0.7572469580930347,
Biological,56e9e0d7a6d70217090cdfd5,759,1771,80,spectral_entropy,0.7056077137782288,
Biological,56e9e0d7a6d70217090cdfd5,759,1771,60,spectral_entropy,0.7128398288364466,
Biological,56e9e0d7a6d70217090cdfd5,759,1771,40,spectral_entropy,0.7540366552925036,
Biological,56e9e0d7a6d70217090cdfd5,759,1771,20,spectral_entropy,0.7331710592580157,
Biological,56e9e0d7a6d70217090cdfd5,759,1771,100,adamic_adar_entropy,20.0709764560465,0.6378036324172491
Biological,56e9e0d7a6d70217090cdfd5,759,1771,100,seal_entropy,0.7389051919620164,0.8808452232755593
Biological,56e9e0d7a6d70217090cdfd4,725,1657,100,spectral_entropy,0.7231114599112992,
Biological,56e9e0d7a6d70217090cdfd4,725,1657,80,spectral_entropy,0.697457874307254,
Biological,56e9e0d7a6d70217090cdfd4,725,1657,60,spectral_entropy,0.6690217312620347,
Biological,56e9e0d7a6d70217090cdfd4,725,1657,40,spectral_entropy,0.6759157600558938,
Biological,56e9e0d7a6d70217090cdfd4,725,1657,20,spectral_entropy,0.6845581782068455,
Biological,56e9e0d7a6d70217090cdfd4,725,1657,100,adamic_adar_entropy,22.589948299846927,0.6348928907184126
Biological,56e9e0d7a6d70217090cdfd4,725,1657,100,seal_entropy,0.7318636390845314,0.8960213944743111
Biological,56e9e0d7a6d70217090cdfd1,965,2353,100,spectral_entropy,0.6989493476920448,
Biological,56e9e0d7a6d70217090cdfd1,965,2353,80,spectral_entropy,0.6764493519943404,
Biological,56e9e0d7a6d70217090cdfd1,965,2353,60,spectral_entropy,0.6811090309351877,
Biological,56e9e0d7a6d70217090cdfd1,965,2353,40,spectral_entropy,0.673781478228436,
Biological,56e9e0d7a6d70217090cdfd1,965,2353,20,spectral_entropy,0.668283775312747,
Biological,56e9e0d7a6d70217090cdfd1,965,2353,100,adamic_adar_entropy,18.61614674848099,0.6592394748755092
Biological,56e9e0d7a6d70217090cdfd1,965,2353,100,seal_entropy,0.726523879531758,0.8701403349932095
Biological,56e9e0d7a6d70217090cdfcf,546,1289,100,spectral_entropy,0.7309595922287065,
Biological,56e9e0d7a6d70217090cdfcf,546,1289,80,spectral_entropy,0.7137720806628107,
Biological,56e9e0d7a6d70217090cdfcf,546,1289,60,spectral_entropy,0.6854871921588008,
Biological,56e9e0d7a6d70217090cdfcf,546,1289,40,spectral_entropy,0.6980398423351443,
Biological,56e9e0d7a6d70217090cdfcf,546,1289,20,spectral_entropy,0.6349466776045939,
Biological,56e9e0d7a6d70217090cdfcf,546,1289,100,adamic_adar_entropy,5.235566379219681,0.606988750775939
Biological,56e9e0d7a6d70217090cdfcf,546,1289,100,seal_entropy,0.7222646416563574,0.8999984859725356
Biological,56e9e0d7a6d70217090cdfce,354,856,100,spectral_entropy,0.7913625427121455,
Biological,56e9e0d7a6d70217090cdfce,354,856,80,spectral_entropy,0.7746680179829006,
Biological,56e9e0d7a6d70217090cdfce,354,856,60,spectral_entropy,0.7484357997823721,
Biological,56e9e0d7a6d70217090cdfce,354,856,40,spectral_entropy,0.7422640968004208,
Biological,56e9e0d7a6d70217090cdfce,354,856,20,spectral_entropy,0.6497909368290202,
Biological,56e9e0d7a6d70217090cdfce,354,856,100,adamic_adar_entropy,2.966193624026706,0.5630279402209227
Biological,56e9e0d7a6d70217090cdfce,354,856,100,seal_entropy,0.7492306922789388,0.8174652029684346
Biological,56e9e0d7a6d70217090cdfcd,360,887,100,spectral_entropy,0.770479761858739,
Biological,56e9e0d7a6d70217090cdfcd,360,887,80,spectral_entropy,0.7550048667561097,
Biological,56e9e0d7a6d70217090cdfcd,360,887,60,spectral_entropy,0.7271284121889775,
Biological,56e9e0d7a6d70217090cdfcd,360,887,40,spectral_entropy,0.7198379422433694,
Biological,56e9e0d7a6d70217090cdfcd,360,887,20,spectral_entropy,0.6376146788990825,
Biological,56e9e0d7a6d70217090cdfcd,360,887,100,adamic_adar_entropy,3.109190048479416,0.5677327715535128
Biological,56e9e0d7a6d70217090cdfcd,360,887,100,seal_entropy,0.7295924504552171,0.866593252258291
Biological,56e9e0d7a6d70217090cdfcb,774,1818,100,spectral_entropy,0.7351786415390655,
Biological,56e9e0d7a6d70217090cdfcb,774,1818,80,spectral_entropy,0.68827695359064,
Biological,56e9e0d7a6d70217090cdfcb,774,1818,60,spectral_entropy,0.6782589101288166,
Biological,56e9e0d7a6d70217090cdfcb,774,1818,40,spectral_entropy,0.6893417035436178,
Biological,56e9e0d7a6d70217090cdfcb,774,1818,20,spectral_entropy,0.6982040044685056,
Biological,56e9e0d7a6d70217090cdfcb,774,1818,100,adamic_adar_entropy,14.74860468861768,0.6593356555790816
Biological,56e9e0d7a6d70217090cdfcb,774,1818,100,seal_entropy,0.6715728010035215,0.9014335693524274
Biological,56e9e0d7a6d70217090cdfa0,300,712,100,spectral_entropy,0.7589830424064344,
Biological,56e9e0d7a6d70217090cdfa0,300,712,80,spectral_entropy,0.7404924857122699,
Biological,56e9e0d7a6d70217090cdfa0,300,712,60,spectral_entropy,0.7268527619422056,
Biological,56e9e0d7a6d70217090cdfa0,300,712,40,spectral_entropy,0.6813402495443712,
Biological,56e9e0d7a6d70217090cdfa0,300,712,20,spectral_entropy,0.7623485554520038,
Biological,56e9e0d7a6d70217090cdfa0,300,712,100,adamic_adar_entropy,4.891636617836532,0.6147341797262448
Biological,56e9e0d7a6d70217090cdfa0,300,712,100,seal_entropy,0.7307971617905649,0.8715532632414205
Biological,573f4b0f3d097b601f7bab27,179,705,100,spectral_entropy,0.8322147651006712,
Biological,573f4b0f3d097b601f7bab27,179,705,80,spectral_entropy,0.8221550855991944,
Biological,573f4b0f3d097b601f7bab27,179,705,60,spectral_entropy,0.8064279424713825,
Biological,573f4b0f3d097b601f7bab27,179,705,40,spectral_entropy,0.7785778577857786,
Biological,573f4b0f3d097b601f7bab27,179,705,20,spectral_entropy,0.8890005022601708,
Biological,573f4b0f3d097b601f7bab27,179,705,100,adamic_adar_entropy,3.2299048915490447,0.8819978874302097
Biological,573f4b0f3d097b601f7bab27,179,705,100,seal_entropy,0.6032854481647317,0.9150948141441577
Biological,573f4b0f3d097b601f7bab26,155,744,100,spectral_entropy,0.8924180024295577,
Biological,573f4b0f3d097b601f7bab26,155,744,80,spectral_entropy,0.8714978448275863,
Biological,573f4b0f3d097b601f7bab26,155,744,60,spectral_entropy,0.9111408050776683,
Biological,573f4b0f3d097b601f7bab26,155,744,40,spectral_entropy,0.9065117535801134,
Biological,573f4b0f3d097b601f7bab26,155,744,20,spectral_entropy,0.8067729083665338,
Biological,573f4b0f3d097b601f7bab26,155,744,100,adamic_adar_entropy,1.6585076861665071,0.8914581811541271
Biological,573f4b0f3d097b601f7bab26,155,744,100,seal_entropy,0.6659385404505184,0.9077565741417093
Biological,573f4b0f3d097b601f7bab25,176,803,100,spectral_entropy,0.8504660627543652,
Biological,573f4b0f3d097b601f7bab25,176,803,80,spectral_entropy,0.7985229633048696,
Biological,573f4b0f3d097b601f7bab25,176,803,60,spectral_entropy,0.7944220090863201,
Biological,573f4b0f3d097b601f7bab25,176,803,40,spectral_entropy,0.7638615808100668,
Biological,573f4b0f3d097b601f7bab25,176,803,20,spectral_entropy,0.8317781924820048,
Biological,573f4b0f3d097b601f7bab25,176,803,100,adamic_adar_entropy,1.9897481472554088,0.860078125
Biological,573f4b0f3d097b601f7bab25,176,803,100,seal_entropy,0.6559857623575948,0.8807421875
Economic,Midieval_Russia_trade_network_Medieval_Russian_Trade_Network,39,53,100,spectral_entropy,0.9676817899316346,
Economic,Midieval_Russia_trade_network_Medieval_Russian_Trade_Network,39,53,80,spectral_entropy,0.9592822636300897,
Economic,Midieval_Russia_trade_network_Medieval_Russian_Trade_Network,39,53,60,spectral_entropy,0.9421641791044776,
Economic,Midieval_Russia_trade_network_Medieval_Russian_Trade_Network,39,53,40,spectral_entropy,0.914179104477612,
Economic,Midieval_Russia_trade_network_Medieval_Russian_Trade_Network,39,53,20,spectral_entropy,0.8227848101265822,
Economic,Midieval_Russia_trade_network_Medieval_Russian_Trade_Network,39,53,100,adamic_adar_entropy,0.3157208971866915,0.6
Economic,Midieval_Russia_trade_network_Medieval_Russian_Trade_Network,39,53,100,seal_entropy,0.847693881548703,0.53
Economic,Norwegian_Board_of_Directors_net2mode_2002-05-01,179,184,100,spectral_entropy,0.5589415787126505,
Economic,Norwegian_Board_of_Directors_net2mode_2002-05-01,179,184,80,spectral_entropy,0.6365565322825099,
Economic,Norwegian_Board_of_Directors_net2mode_2002-05-01,179,184,60,spectral_entropy,0.7428201252429281,
Economic,Norwegian_Board_of_Directors_net2mode_2002-05-01,179,184,40,spectral_entropy,0.849785407725322,
Economic,Norwegian_Board_of_Directors_net2mode_2002-05-01,179,184,20,spectral_entropy,1.0112359550561798,
Economic,Norwegian_Board_of_Directors_net2mode_2002-05-01,179,184,100,adamic_adar_entropy,,0.4583333333333333
Economic,Norwegian_Board_of_Directors_net2mode_2002-05-01,179,184,100,seal_entropy,0.7155607890740241,0.8001543209876544
Economic,Norwegian_Board_of_Directors_net2mode_2002-06-01,166,171,100,spectral_entropy,0.5613333333333334,
Economic,Norwegian_Board_of_Directors_net2mode_2002-06-01,166,171,80,spectral_entropy,0.62099223759703,
Economic,Norwegian_Board_of_Directors_net2mode_2002-06-01,166,171,60,spectral_entropy,0.6994114984155726,
Economic,Norwegian_Board_of_Directors_net2mode_2002-06-01,166,171,40,spectral_entropy,0.8872810357958872,
Economic,Norwegian_Board_of_Directors_net2mode_2002-06-01,166,171,20,spectral_entropy,1.0839445802770986,
Economic,Norwegian_Board_of_Directors_net2mode_2002-06-01,166,171,100,adamic_adar_entropy,,0.4852941176470588
Economic,Norwegian_Board_of_Directors_net2mode_2002-06-01,166,171,100,seal_entropy,0.7770675646893256,0.8806228373702422
Economic,Norwegian_Board_of_Directors_net2mode_2002-07-01,158,163,100,spectral_entropy,0.5434329395413482,
Economic,Norwegian_Board_of_Directors_net2mode_2002-07-01,158,163,80,spectral_entropy,0.6446991404011462,
Economic,Norwegian_Board_of_Directors_net2mode_2002-07-01,158,163,60,spectral_entropy,0.7217863608931805,
Economic,Norwegian_Board_of_Directors_net2mode_2002-07-01,158,163,40,spectral_entropy,0.8428967154728928,
Economic,Norwegian_Board_of_Directors_net2mode_2002-07-01,158,163,20,spectral_entropy,1.0609857978279031,
Economic,Norwegian_Board_of_Directors_net2mode_2002-07-01,158,163,100,adamic_adar_entropy,,0.5
Economic,Norwegian_Board_of_Directors_net2mode_2002-07-01,158,163,100,seal_entropy,0.7570429716869364,0.822265625
Economic,Norwegian_Board_of_Directors_net2mode_2002-08-01,164,167,100,spectral_entropy,0.532001080205239,
Economic,Norwegian_Board_of_Directors_net2mode_2002-08-01,164,167,80,spectral_entropy,0.6127586942607212,
Economic,Norwegian_Board_of_Directors_net2mode_2002-08-01,164,167,60,spectral_entropy,0.6472950626033546,
Economic,Norwegian_Board_of_Directors_net2mode_2002-08-01,164,167,40,spectral_entropy,0.8678955453149002,
Economic,Norwegian_Board_of_Directors_net2mode_2002-08-01,164,167,20,spectral_entropy,1.0147299509001637,
Economic,Norwegian_Board_of_Directors_net2mode_2002-08-01,164,167,100,adamic_adar_entropy,-0.0,0.48484848484848486
Economic,Norwegian_Board_of_Directors_net2mode_2002-08-01,164,167,100,seal_entropy,0.6796430158753198,0.8847566574839302
Economic,Norwegian_Board_of_Directors_net2mode_2002-09-01,369,375,100,spectral_entropy,0.5216987460653284,
Economic,Norwegian_Board_of_Directors_net2mode_2002-09-01,369,375,80,spectral_entropy,0.6280096308186196,
Economic,Norwegian_Board_of_Directors_net2mode_2002-09-01,369,375,60,spectral_entropy,0.654911838790932,
Economic,Norwegian_Board_of_Directors_net2mode_2002-09-01,369,375,40,spectral_entropy,0.7790645209805986,
Economic,Norwegian_Board_of_Directors_net2mode_2002-09-01,369,375,20,spectral_entropy,0.9045226130653267,
Economic,Norwegian_Board_of_Directors_net2mode_2002-09-01,369,375,100,adamic_adar_entropy,,0.5
Economic,Norwegian_Board_of_Directors_net2mode_2002-09-01,369,375,100,seal_entropy,0.7927811930863485,0.8110222222222222
Economic,Norwegian_Board_of_Directors_net2mode_2002-10-01,388,394,100,spectral_entropy,0.5574119812097438,
Economic,Norwegian_Board_of_Directors_net2mode_2002-10-01,388,394,80,spectral_entropy,0.6437229165358287,
Economic,Norwegian_Board_of_Directors_net2mode_2002-10-01,388,394,60,spectral_entropy,0.673892142295254,
Economic,Norwegian_Board_of_Directors_net2mode_2002-10-01,388,394,40,spectral_entropy,0.7967342342342343,
Economic,Norwegian_Board_of_Directors_net2mode_2002-10-01,388,394,20,spectral_entropy,0.9509906152241918,
Economic,Norwegian_Board_of_Directors_net2mode_2002-10-01,388,394,100,adamic_adar_entropy,-0.0,0.4807692307692308
Economic,Norwegian_Board_of_Directors_net2mode_2002-10-01,388,394,100,seal_entropy,0.8487454779539458,0.7947074293228138
Economic,Norwegian_Board_of_Directors_net2mode_2002-11-01,393,399,100,spectral_entropy,0.6340141322234053,
Economic,Norwegian_Board_of_Directors_net2mode_2002-11-01,393,399,80,spectral_entropy,0.7068879460943349,
Economic,Norwegian_Board_of_Directors_net2mode_2002-11-01,393,399,60,spectral_entropy,0.7427976397084345,
Economic,Norwegian_Board_of_Directors_net2mode_2002-11-01,393,399,40,spectral_entropy,0.8911162982287519,
Economic,Norwegian_Board_of_Directors_net2mode_2002-11-01,393,399,20,spectral_entropy,1.0872313527180784,
Economic,Norwegian_Board_of_Directors_net2mode_2002-11-01,393,399,100,adamic_adar_entropy,-0.0,0.5
Economic,Norwegian_Board_of_Directors_net2mode_2002-11-01,393,399,100,seal_entropy,0.8005338574928749,0.781765742669444
Economic,Norwegian_Board_of_Directors_net2mode_2002-12-01,407,412,100,spectral_entropy,0.6091277143908723,
Economic,Norwegian_Board_of_Directors_net2mode_2002-12-01,407,412,80,spectral_entropy,0.6841180391443981,
Economic,Norwegian_Board_of_Directors_net2mode_2002-12-01,407,412,60,spectral_entropy,0.7145831598234363,
Economic,Norwegian_Board_of_Directors_net2mode_2002-12-01,407,412,40,spectral_entropy,0.8756788207913111,
Economic,Norwegian_Board_of_Directors_net2mode_2002-12-01,407,412,20,spectral_entropy,1.0237537638006022,
Economic,Norwegian_Board_of_Directors_net2mode_2002-12-01,407,412,100,adamic_adar_entropy,,0.49390243902439024
Economic,Norwegian_Board_of_Directors_net2mode_2002-12-01,407,412,100,seal_entropy,0.8255905310244284,0.8091909577632361
Economic,Norwegian_Board_of_Directors_net2mode_2003-01-01,399,404,100,spectral_entropy,0.6030269962518385,
Economic,Norwegian_Board_of_Directors_net2mode_2003-01-01,399,404,80,spectral_entropy,0.6535187113370491,
Economic,Norwegian_Board_of_Directors_net2mode_2003-01-01,399,404,60,spectral_entropy,0.7148440892903675,
Economic,Norwegian_Board_of_Directors_net2mode_2003-01-01,399,404,40,spectral_entropy,0.8533370334397113,
Economic,Norwegian_Board_of_Directors_net2mode_2003-01-01,399,404,20,spectral_entropy,1.05,
Economic,Norwegian_Board_of_Directors_net2mode_2003-01-01,399,404,100,adamic_adar_entropy,,0.4875
Economic,Norwegian_Board_of_Directors_net2mode_2003-01-01,399,404,100,seal_entropy,0.7915638234177359,0.8741406249999999
Economic,Norwegian_Board_of_Directors_net2mode_2003-02-01,402,404,100,spectral_entropy,0.5348352896630064,
Economic,Norwegian_Board_of_Directors_net2mode_2003-02-01,402,404,80,spectral_entropy,0.590331101419006,
Economic,Norwegian_Board_of_Directors_net2mode_2003-02-01,402,404,60,spectral_entropy,0.6290447838467512,
Economic,Norwegian_Board_of_Directors_net2mode_2003-02-01,402,404,40,spectral_entropy,0.7788556164768734,
Economic,Norwegian_Board_of_Directors_net2mode_2003-02-01,402,404,20,spectral_entropy,0.9542092286016203,
Economic,Norwegian_Board_of_Directors_net2mode_2003-02-01,402,404,100,adamic_adar_entropy,-0.0,0.48125
Economic,Norwegian_Board_of_Directors_net2mode_2003-02-01,402,404,100,seal_entropy,0.8175851520662538,0.8809374999999999
Economic,Norwegian_Board_of_Directors_net2mode_2003-03-01,401,403,100,spectral_entropy,0.5334217632289544,
Economic,Norwegian_Board_of_Directors_net2mode_2003-03-01,401,403,80,spectral_entropy,0.5969412925505674,
Economic,Norwegian_Board_of_Directors_net2mode_2003-03-01,401,403,60,spectral_entropy,0.6275933609958506,
Economic,Norwegian_Board_of_Directors_net2mode_2003-03-01,401,403,40,spectral_entropy,0.7734189585369259,
Economic,Norwegian_Board_of_Directors_net2mode_2003-03-01,401,403,20,spectral_entropy,0.9601629696695337,
Economic,Norwegian_Board_of_Directors_net2mode_2003-03-01,401,403,100,adamic_adar_entropy,,0.49375
Economic,Norwegian_Board_of_Directors_net2mode_2003-03-01,401,403,100,seal_entropy,0.8084177521257055,0.9042968749999999
Economic,Norwegian_Board_of_Directors_net2mode_2003-04-01,404,407,100,spectral_entropy,0.5356806627753719,
Economic,Norwegian_Board_of_Directors_net2mode_2003-04-01,404,407,80,spectral_entropy,0.6085846303501946,
Economic,Norwegian_Board_of_Directors_net2mode_2003-04-01,404,407,60,spectral_entropy,0.6347862886161659,
Economic,Norwegian_Board_of_Directors_net2mode_2003-04-01,404,407,40,spectral_entropy,0.7461279461279461,
Economic,Norwegian_Board_of_Directors_net2mode_2003-04-01,404,407,20,spectral_entropy,0.9475728155339805,
Economic,Norwegian_Board_of_Directors_net2mode_2003-04-01,404,407,100,adamic_adar_entropy,,0.4876543209876543
Economic,Norwegian_Board_of_Directors_net2mode_2003-04-01,404,407,100,seal_entropy,0.8686167686023655,0.7885230909922267
Economic,Norwegian_Board_of_Directors_net2mode_2003-05-01,402,405,100,spectral_entropy,0.5351754055073557,
Economic,Norwegian_Board_of_Directors_net2mode_2003-05-01,402,405,80,spectral_entropy,0.6114711997064938,
Economic,Norwegian_Board_of_Directors_net2mode_2003-05-01,402,405,60,spectral_entropy,0.6435938965135113,
Economic,Norwegian_Board_of_Directors_net2mode_2003-05-01,402,405,40,spectral_entropy,0.7775169175528241,
Economic,Norwegian_Board_of_Directors_net2mode_2003-05-01,402,405,20,spectral_entropy,0.9567336989640464,
Economic,Norwegian_Board_of_Directors_net2mode_2003-05-01,402,405,100,adamic_adar_entropy,,0.4876543209876543
Economic,Norwegian_Board_of_Directors_net2mode_2003-05-01,402,405,100,seal_entropy,0.7694683786081752,0.8135954884926078
Economic,Norwegian_Board_of_Directors_net2mode_2003-06-01,397,402,100,spectral_entropy,0.554919362534593,
Economic,Norwegian_Board_of_Directors_net2mode_2003-06-01,397,402,80,spectral_entropy,0.613569689782161,
Economic,Norwegian_Board_of_Directors_net2mode_2003-06-01,397,402,60,spectral_entropy,0.6635746389978004,
Economic,Norwegian_Board_of_Directors_net2mode_2003-06-01,397,402,40,spectral_entropy,0.8251748251748252,
Economic,Norwegian_Board_of_Directors_net2mode_2003-06-01,397,402,20,spectral_entropy,1.0239651416122004,
Economic,Norwegian_Board_of_Directors_net2mode_2003-06-01,397,402,100,adamic_adar_entropy,,0.49375
Economic,Norwegian_Board_of_Directors_net2mode_2003-06-01,397,402,100,seal_entropy,0.79297201482739,0.852890625
Economic,Norwegian_Board_of_Directors_net2mode_2003-07-01,425,434,100,spectral_entropy,0.553532726484612,
Economic,Norwegian_Board_of_Directors_net2mode_2003-07-01,425,434,80,spectral_entropy,0.6203798476060502,
Economic,Norwegian_Board_of_Directors_net2mode_2003-07-01,425,434,60,spectral_entropy,0.664141128576275,
Economic,Norwegian_Board_of_Directors_net2mode_2003-07-01,425,434,40,spectral_entropy,0.8133789433675409,
Economic,Norwegian_Board_of_Directors_net2mode_2003-07-01,425,434,20,spectral_entropy,0.9753279200499688,
Economic,Norwegian_Board_of_Directors_net2mode_2003-07-01,425,434,100,adamic_adar_entropy,,0.4941860465116279
Economic,Norwegian_Board_of_Directors_net2mode_2003-07-01,425,434,100,seal_entropy,0.8587967947204177,0.866887506760411
Economic,Norwegian_Board_of_Directors_net2mode_2003-08-01,447,456,100,spectral_entropy,0.5605105965141969,
Economic,Norwegian_Board_of_Directors_net2mode_2003-08-01,447,456,80,spectral_entropy,0.6081877612260208,
Economic,Norwegian_Board_of_Directors_net2mode_2003-08-01,447,456,60,spectral_entropy,0.6654191616766467,
Economic,Norwegian_Board_of_Directors_net2mode_2003-08-01,447,456,40,spectral_entropy,0.831140875388663,
Economic,Norwegian_Board_of_Directors_net2mode_2003-08-01,447,456,20,spectral_entropy,0.9738527214514408,
Economic,Norwegian_Board_of_Directors_net2mode_2003-08-01,447,456,100,adamic_adar_entropy,,0.5
Economic,Norwegian_Board_of_Directors_net2mode_2003-08-01,447,456,100,seal_entropy,0.8577076484539788,0.880086946021012
Economic,Norwegian_Board_of_Directors_net2mode_2003-09-01,465,481,100,spectral_entropy,0.575687185443283,
Economic,Norwegian_Board_of_Directors_net2mode_2003-09-01,465,481,80,spectral_entropy,0.6286474864339101,
Economic,Norwegian_Board_of_Directors_net2mode_2003-09-01,465,481,60,spectral_entropy,0.6711025255777349,
Economic,Norwegian_Board_of_Directors_net2mode_2003-09-01,465,481,40,spectral_entropy,0.8487423911795107,
Economic,Norwegian_Board_of_Directors_net2mode_2003-09-01,465,481,20,spectral_entropy,0.9547813194959228,
Economic,Norwegian_Board_of_Directors_net2mode_2003-09-01,465,481,100,adamic_adar_entropy,,0.5
Economic,Norwegian_Board_of_Directors_net2mode_2003-09-01,465,481,100,seal_entropy,0.7943000072725114,0.9143880208333334
Economic,Norwegian_Board_of_Directors_net2mode_2003-10-01,470,486,100,spectral_entropy,0.5694665756127172,
Economic,Norwegian_Board_of_Directors_net2mode_2003-10-01,470,486,80,spectral_entropy,0.6257431416087673,
Economic,Norwegian_Board_of_Directors_net2mode_2003-10-01,470,486,60,spectral_entropy,0.6712357803999153,
Economic,Norwegian_Board_of_Directors_net2mode_2003-10-01,470,486,40,spectral_entropy,0.8315774687456103,
Economic,Norwegian_Board_of_Directors_net2mode_2003-10-01,470,486,20,spectral_entropy,0.9451013513513513,
Economic,Norwegian_Board_of_Directors_net2mode_2003-10-01,470,486,100,adamic_adar_entropy,,0.5
Economic,Norwegian_Board_of_Directors_net2mode_2003-10-01,470,486,100,seal_entropy,0.7838755795989498,0.8828780954405356
Economic,Norwegian_Board_of_Directors_net2mode_2003-11-01,480,496,100,spectral_entropy,0.5618721713213379,
Economic,Norwegian_Board_of_Directors_net2mode_2003-11-01,480,496,80,spectral_entropy,0.6321584820331319,
Economic,Norwegian_Board_of_Directors_net2mode_2003-11-01,480,496,60,spectral_entropy,0.6596467391304348,
Economic,Norwegian_Board_of_Directors_net2mode_2003-11-01,480,496,40,spectral_entropy,0.8356985563983362,
Economic,Norwegian_Board_of_Directors_net2mode_2003-11-01,480,496,20,spectral_entropy,1.0132596685082873,
Economic,Norwegian_Board_of_Directors_net2mode_2003-11-01,480,496,100,adamic_adar_entropy,-0.0,0.4898989898989899
Economic,Norwegian_Board_of_Directors_net2mode_2003-11-01,480,496,100,seal_entropy,0.8259870203394186,0.8585858585858587
Economic,Norwegian_Board_of_Directors_net2mode_2003-12-01,463,479,100,spectral_entropy,0.5572359236854351,
Economic,Norwegian_Board_of_Directors_net2mode_2003-12-01,463,479,80,spectral_entropy,0.6286876907426246,
Economic,Norwegian_Board_of_Directors_net2mode_2003-12-01,463,479,60,spectral_entropy,0.6706966033390904,
Economic,Norwegian_Board_of_Directors_net2mode_2003-12-01,463,479,40,spectral_entropy,0.8239743295897318,
Economic,Norwegian_Board_of_Directors_net2mode_2003-12-01,463,479,20,spectral_entropy,0.9830065359477124,
Economic,Norwegian_Board_of_Directors_net2mode_2003-12-01,463,479,100,adamic_adar_entropy,-0.0,0.49473684210526314
Economic,Norwegian_Board_of_Directors_net2mode_2003-12-01,463,479,100,seal_entropy,0.809136437510766,0.872797783933518
Economic,Norwegian_Board_of_Directors_net2mode_2004-01-01,446,466,100,spectral_entropy,0.5646768151749422,
Economic,Norwegian_Board_of_Directors_net2mode_2004-01-01,446,466,80,spectral_entropy,0.6359938724842851,
Economic,Norwegian_Board_of_Directors_net2mode_2004-01-01,446,466,60,spectral_entropy,0.6754966887417219,
Economic,Norwegian_Board_of_Directors_net2mode_2004-01-01,446,466,40,spectral_entropy,0.8532219570405728,
Economic,Norwegian_Board_of_Directors_net2mode_2004-01-01,446,466,20,spectral_entropy,0.9666666666666667,
Economic,Norwegian_Board_of_Directors_net2mode_2004-01-01,446,466,100,adamic_adar_entropy,,0.4946236559139785
Economic,Norwegian_Board_of_Directors_net2mode_2004-01-01,446,466,100,seal_entropy,0.8111739098586471,0.8270898369753727
Economic,Norwegian_Board_of_Directors_net2mode_2004-02-01,457,476,100,spectral_entropy,0.5610624951599164,
Economic,Norwegian_Board_of_Directors_net2mode_2004-02-01,457,476,80,spectral_entropy,0.6251937583961972,
Economic,Norwegian_Board_of_Directors_net2mode_2004-02-01,457,476,60,spectral_entropy,0.6619626100240052,
Economic,Norwegian_Board_of_Directors_net2mode_2004-02-01,457,476,40,spectral_entropy,0.8388003748828491,
Economic,Norwegian_Board_of_Directors_net2mode_2004-02-01,457,476,20,spectral_entropy,0.9514118544899516,
Economic,Norwegian_Board_of_Directors_net2mode_2004-02-01,457,476,100,adamic_adar_entropy,-0.0,0.5
Economic,Norwegian_Board_of_Directors_net2mode_2004-02-01,457,476,100,seal_entropy,0.8113194626662966,0.8257617728531855
Economic,Norwegian_Board_of_Directors_net2mode_2004-03-01,470,489,100,spectral_entropy,0.5619205547599306,
Economic,Norwegian_Board_of_Directors_net2mode_2004-03-01,470,489,80,spectral_entropy,0.6338134950720242,
Economic,Norwegian_Board_of_Directors_net2mode_2004-03-01,470,489,60,spectral_entropy,0.6599269868014602,
Economic,Norwegian_Board_of_Directors_net2mode_2004-03-01,470,489,40,spectral_entropy,0.8237700261333939,
Economic,Norwegian_Board_of_Directors_net2mode_2004-03-01,470,489,20,spectral_entropy,0.9862306368330466,
Economic,Norwegian_Board_of_Directors_net2mode_2004-03-01,470,489,100,adamic_adar_entropy,-0.0,0.4948453608247423
Economic,Norwegian_Board_of_Directors_net2mode_2004-03-01,470,489,100,seal_entropy,0.7956839027007948,0.8774577532150067
Economic,Norwegian_Board_of_Directors_net2mode_2004-04-01,529,551,100,spectral_entropy,0.5738998881799645,
Economic,Norwegian_Board_of_Directors_net2mode_2004-04-01,529,551,80,spectral_entropy,0.6448794127927298,
Economic,Norwegian_Board_of_Directors_net2mode_2004-04-01,529,551,60,spectral_entropy,0.7066988533494267,
Economic,Norwegian_Board_of_Directors_net2mode_2004-04-01,529,551,40,spectral_entropy,0.834703549666312,
Economic,Norwegian_Board_of_Directors_net2mode_2004-04-01,529,551,20,spectral_entropy,0.9571028238844579,
Economic,Norwegian_Board_of_Directors_net2mode_2004-04-01,529,551,100,adamic_adar_entropy,,0.4863636363636364
Economic,Norwegian_Board_of_Directors_net2mode_2004-04-01,529,551,100,seal_entropy,0.8013519975492043,0.8917355371900826
Economic,Norwegian_Board_of_Directors_net2mode_2004-05-01,541,564,100,spectral_entropy,0.5606031316450802,
Economic,Norwegian_Board_of_Directors_net2mode_2004-05-01,541,564,80,spectral_entropy,0.5996041938607941,
Economic,Norwegian_Board_of_Directors_net2mode_2004-05-01,541,564,60,spectral_entropy,0.6666274763388396,
Economic,Norwegian_Board_of_Directors_net2mode_2004-05-01,541,564,40,spectral_entropy,0.7816005983545251,
Economic,Norwegian_Board_of_Directors_net2mode_2004-05-01,541,564,20,spectral_entropy,0.9778837814397224,
Economic,Norwegian_Board_of_Directors_net2mode_2004-05-01,541,564,100,adamic_adar_entropy,-0.0,0.5
Economic,Norwegian_Board_of_Directors_net2mode_2004-05-01,541,564,100,seal_entropy,0.7943489997586624,0.867546237244898
Economic,Norwegian_Board_of_Directors_net2mode_2004-06-01,507,530,100,spectral_entropy,0.5645877450645536,
Economic,Norwegian_Board_of_Directors_net2mode_2004-06-01,507,530,80,spectral_entropy,0.6401547528003958,
Economic,Norwegian_Board_of_Directors_net2mode_2004-06-01,507,530,60,spectral_entropy,0.6848117860041201,
Economic,Norwegian_Board_of_Directors_net2mode_2004-06-01,507,530,40,spectral_entropy,0.811458229364208,
Economic,Norwegian_Board_of_Directors_net2mode_2004-06-01,507,530,20,spectral_entropy,0.9495219034912163,
Economic,Norwegian_Board_of_Directors_net2mode_2004-06-01,507,530,100,adamic_adar_entropy,-0.0,0.49528301886792453
Economic,Norwegian_Board_of_Directors_net2mode_2004-06-01,507,530,100,seal_entropy,0.8231746492589797,0.8240477038091849
Economic,Norwegian_Board_of_Directors_net2mode_2004-07-01,536,558,100,spectral_entropy,0.5482029323991177,
Economic,Norwegian_Board_of_Directors_net2mode_2004-07-01,536,558,80,spectral_entropy,0.614618635203548,
Economic,Norwegian_Board_of_Directors_net2mode_2004-07-01,536,558,60,spectral_entropy,0.659074817087562,
Economic,Norwegian_Board_of_Directors_net2mode_2004-07-01,536,558,40,spectral_entropy,0.7938016921760623,
Economic,Norwegian_Board_of_Directors_net2mode_2004-07-01,536,558,20,spectral_entropy,0.8963238331268071,
Economic,Norwegian_Board_of_Directors_net2mode_2004-07-01,536,558,100,adamic_adar_entropy,-0.0,0.5
Economic,Norwegian_Board_of_Directors_net2mode_2004-07-01,536,558,100,seal_entropy,0.8246330839255424,0.863079295511728
Economic,Norwegian_Board_of_Directors_net2mode_2004-08-01,541,565,100,spectral_entropy,0.5568319611972684,
Economic,Norwegian_Board_of_Directors_net2mode_2004-08-01,541,565,80,spectral_entropy,0.6180645701603785,
Economic,Norwegian_Board_of_Directors_net2mode_2004-08-01,541,565,60,spectral_entropy,0.6687711913948322,
Economic,Norwegian_Board_of_Directors_net2mode_2004-08-01,541,565,40,spectral_entropy,0.8070736525256327,
Economic,Norwegian_Board_of_Directors_net2mode_2004-08-01,541,565,20,spectral_entropy,0.8845014807502468,
Economic,Norwegian_Board_of_Directors_net2mode_2004-08-01,541,565,100,adamic_adar_entropy,,0.49557522123893805
Economic,Norwegian_Board_of_Directors_net2mode_2004-08-01,541,565,100,seal_entropy,0.8468822534136897,0.8785339494087243
Economic,Norwegian_Board_of_Directors_net2mode_2004-09-01,522,545,100,spectral_entropy,0.5514305514305514,
Economic,Norwegian_Board_of_Directors_net2mode_2004-09-01,522,545,80,spectral_entropy,0.6126819035965564,
Economic,Norwegian_Board_of_Directors_net2mode_2004-09-01,522,545,60,spectral_entropy,0.6640936102432151,
Economic,Norwegian_Board_of_Directors_net2mode_2004-09-01,522,545,40,spectral_entropy,0.7742934572202864,
Economic,Norwegian_Board_of_Directors_net2mode_2004-09-01,522,545,20,spectral_entropy,0.8873505349276275,
Economic,Norwegian_Board_of_Directors_net2mode_2004-09-01,522,545,100,adamic_adar_entropy,,0.481651376146789
Economic,Norwegian_Board_of_Directors_net2mode_2004-09-01,522,545,100,seal_entropy,0.8360654302053415,0.8623011531015907
Economic,Norwegian_Board_of_Directors_net2mode_2004-10-01,542,567,100,spectral_entropy,0.5593322161444336,
Economic,Norwegian_Board_of_Directors_net2mode_2004-10-01,542,567,80,spectral_entropy,0.6207637626053893,
Economic,Norwegian_Board_of_Directors_net2mode_2004-10-01,542,567,60,spectral_entropy,0.6686591654946085,
Economic,Norwegian_Board_of_Directors_net2mode_2004-10-01,542,567,40,spectral_entropy,0.779423944050796,
Economic,Norwegian_Board_of_Directors_net2mode_2004-10-01,542,567,20,spectral_entropy,0.869309262166405,
Economic,Norwegian_Board_of_Directors_net2mode_2004-10-01,542,567,100,adamic_adar_entropy,,0.4911504424778761
Economic,Norwegian_Board_of_Directors_net2mode_2004-10-01,542,567,100,seal_entropy,0.8080978243427392,0.9355470279583366
Economic,Norwegian_Board_of_Directors_net2mode_2004-11-01,554,579,100,spectral_entropy,0.5562210141589115,
Economic,Norwegian_Board_of_Directors_net2mode_2004-11-01,554,579,80,spectral_entropy,0.6294782010282152,
Economic,Norwegian_Board_of_Directors_net2mode_2004-11-01,554,579,60,spectral_entropy,0.6632827649138816,
Economic,Norwegian_Board_of_Directors_net2mode_2004-11-01,554,579,40,spectral_entropy,0.751779359430605,
Economic,Norwegian_Board_of_Directors_net2mode_2004-11-01,554,579,20,spectral_entropy,0.8529980657640233,
Economic,Norwegian_Board_of_Directors_net2mode_2004-11-01,554,579,100,adamic_adar_entropy,-0.0,0.4956521739130435
Economic,Norwegian_Board_of_Directors_net2mode_2004-11-01,554,579,100,seal_entropy,0.8126269727975327,0.9017391304347826
Economic,Norwegian_Board_of_Directors_net2mode_2004-12-01,531,559,100,spectral_entropy,0.5651365559687139,
Economic,Norwegian_Board_of_Directors_net2mode_2004-12-01,531,559,80,spectral_entropy,0.6206925891261805,
Economic,Norwegian_Board_of_Directors_net2mode_2004-12-01,531,559,60,spectral_entropy,0.6596957058097868,
Economic,Norwegian_Board_of_Directors_net2mode_2004-12-01,531,559,40,spectral_entropy,0.7729423772849586,
Economic,Norwegian_Board_of_Directors_net2mode_2004-12-01,531,559,20,spectral_entropy,0.8376442499005172,
Economic,Norwegian_Board_of_Directors_net2mode_2004-12-01,531,559,100,adamic_adar_entropy,,0.5
Economic,Norwegian_Board_of_Directors_net2mode_2004-12-01,531,559,100,seal_entropy,0.8253390297916606,0.8645807970132295
Economic,Norwegian_Board_of_Directors_net2mode_2005-01-01,558,589,100,spectral_entropy,0.5690414704542002,
Economic,Norwegian_Board_of_Directors_net2mode_2005-01-01,558,589,80,spectral_entropy,0.631163708086785,
Economic,Norwegian_Board_of_Directors_net2mode_2005-01-01,558,589,60,spectral_entropy,0.6579165974414355,
Economic,Norwegian_Board_of_Directors_net2mode_2005-01-01,558,589,40,spectral_entropy,0.7806559985854479,
Economic,Norwegian_Board_of_Directors_net2mode_2005-01-01,558,589,20,spectral_entropy,0.8707853403141361,
Economic,Norwegian_Board_of_Directors_net2mode_2005-01-01,558,589,100,adamic_adar_entropy,-0.0,0.5
Economic,Norwegian_Board_of_Directors_net2mode_2005-01-01,558,589,100,seal_entropy,0.8456510422467547,0.8890715172766456
Economic,Norwegian_Board_of_Directors_net2mode_2005-02-01,549,582,100,spectral_entropy,0.5770950926868388,
Economic,Norwegian_Board_of_Directors_net2mode_2005-02-01,549,582,80,spectral_entropy,0.6369143780290791,
Economic,Norwegian_Board_of_Directors_net2mode_2005-02-01,549,582,60,spectral_entropy,0.6723826714801444,
Economic,Norwegian_Board_of_Directors_net2mode_2005-02-01,549,582,40,spectral_entropy,0.7747424988804299,
Economic,Norwegian_Board_of_Directors_net2mode_2005-02-01,549,582,20,spectral_entropy,0.873900293255132,
Economic,Norwegian_Board_of_Directors_net2mode_2005-02-01,549,582,100,adamic_adar_entropy,-0.0,0.4956896551724138
Economic,Norwegian_Board_of_Directors_net2mode_2005-02-01,549,582,100,seal_entropy,0.8557984176766468,0.8600624256837098
Economic,Norwegian_Board_of_Directors_net2mode_2005-03-01,549,579,100,spectral_entropy,0.5719453626894531,
Economic,Norwegian_Board_of_Directors_net2mode_2005-03-01,549,579,80,spectral_entropy,0.619824547019759,
Economic,Norwegian_Board_of_Directors_net2mode_2005-03-01,549,579,60,spectral_entropy,0.6497784846075202,
Economic,Norwegian_Board_of_Directors_net2mode_2005-03-01,549,579,40,spectral_entropy,0.7644333570919458,
Economic,Norwegian_Board_of_Directors_net2mode_2005-03-01,549,579,20,spectral_entropy,0.8687978034908806,
Economic,Norwegian_Board_of_Directors_net2mode_2005-03-01,549,579,100,adamic_adar_entropy,,0.4956521739130435
Economic,Norwegian_Board_of_Directors_net2mode_2005-03-01,549,579,100,seal_entropy,0.844770753402768,0.8386767485822306
Economic,Norwegian_Board_of_Directors_net2mode_2005-04-01,548,578,100,spectral_entropy,0.5723404914629234,
Economic,Norwegian_Board_of_Directors_net2mode_2005-04-01,548,578,80,spectral_entropy,0.6169852407452213,
Economic,Norwegian_Board_of_Directors_net2mode_2005-04-01,548,578,60,spectral_entropy,0.6601058931860038,
Economic,Norwegian_Board_of_Directors_net2mode_2005-04-01,548,578,40,spectral_entropy,0.7763334827431645,
Economic,Norwegian_Board_of_Directors_net2mode_2005-04-01,548,578,20,spectral_entropy,0.8601116028477968,
Economic,Norwegian_Board_of_Directors_net2mode_2005-04-01,548,578,100,adamic_adar_entropy,,0.49130434782608695
Economic,Norwegian_Board_of_Directors_net2mode_2005-04-01,548,578,100,seal_entropy,0.8862464254239053,0.8009451795841209
Economic,Norwegian_Board_of_Directors_net2mode_2005-05-01,568,594,100,spectral_entropy,0.5708631907174767,
Economic,Norwegian_Board_of_Directors_net2mode_2005-05-01,568,594,80,spectral_entropy,0.6167890454455249,
Economic,Norwegian_Board_of_Directors_net2mode_2005-05-01,568,594,60,spectral_entropy,0.6651578714948112,
Economic,Norwegian_Board_of_Directors_net2mode_2005-05-01,568,594,40,spectral_entropy,0.7755875010760093,
Economic,Norwegian_Board_of_Directors_net2mode_2005-05-01,568,594,20,spectral_entropy,0.8684259779150291,
Economic,Norwegian_Board_of_Directors_net2mode_2005-05-01,568,594,100,adamic_adar_entropy,,0.4915254237288136
Economic,Norwegian_Board_of_Directors_net2mode_2005-05-01,568,594,100,seal_entropy,0.8585100528966806,0.8624317724791726
Economic,Norwegian_Board_of_Directors_net2mode_2005-06-01,576,596,100,spectral_entropy,0.6078160643534638,
Economic,Norwegian_Board_of_Directors_net2mode_2005-06-01,576,596,80,spectral_entropy,0.6562328390993959,
Economic,Norwegian_Board_of_Directors_net2mode_2005-06-01,576,596,60,spectral_entropy,0.7030401737242128,
Economic,Norwegian_Board_of_Directors_net2mode_2005-06-01,576,596,40,spectral_entropy,0.7951403435274403,
Economic,Norwegian_Board_of_Directors_net2mode_2005-06-01,576,596,20,spectral_entropy,0.9543719323759317,
Economic,Norwegian_Board_of_Directors_net2mode_2005-06-01,576,596,100,adamic_adar_entropy,-0.0,0.5
Economic,Norwegian_Board_of_Directors_net2mode_2005-06-01,576,596,100,seal_entropy,0.8881586441893293,0.8525880940611538
Economic,Norwegian_Board_of_Directors_net2mode_2005-07-01,564,592,100,spectral_entropy,0.5910928730915455,
Economic,Norwegian_Board_of_Directors_net2mode_2005-07-01,564,592,80,spectral_entropy,0.6463026300271258,
Economic,Norwegian_Board_of_Directors_net2mode_2005-07-01,564,592,60,spectral_entropy,0.7054057054057055,
Economic,Norwegian_Board_of_Directors_net2mode_2005-07-01,564,592,40,spectral_entropy,0.823219893066282,
Economic,Norwegian_Board_of_Directors_net2mode_2005-07-01,564,592,20,spectral_entropy,0.9248221495866179,
Economic,Norwegian_Board_of_Directors_net2mode_2005-07-01,564,592,100,adamic_adar_entropy,,0.4957627118644068
Economic,Norwegian_Board_of_Directors_net2mode_2005-07-01,564,592,100,seal_entropy,0.8315138770601453,0.8427535191037059
Economic,Norwegian_Board_of_Directors_net2mode_2005-09-01,479,512,100,spectral_entropy,0.6288104352757692,
Economic,Norwegian_Board_of_Directors_net2mode_2005-09-01,479,512,80,spectral_entropy,0.6640733537093637,
Economic,Norwegian_Board_of_Directors_net2mode_2005-09-01,479,512,60,spectral_entropy,0.7091275779064472,
Economic,Norwegian_Board_of_Directors_net2mode_2005-09-01,479,512,40,spectral_entropy,0.8661337650510978,
Economic,Norwegian_Board_of_Directors_net2mode_2005-09-01,479,512,20,spectral_entropy,0.9941782355575458,
Economic,Norwegian_Board_of_Directors_net2mode_2005-09-01,479,512,100,adamic_adar_entropy,,0.49019607843137253
Economic,Norwegian_Board_of_Directors_net2mode_2005-09-01,479,512,100,seal_entropy,0.8845785424844963,0.7773933102652825
Economic,Norwegian_Board_of_Directors_net2mode_2005-10-01,492,531,100,spectral_entropy,0.648663505806363,
Economic,Norwegian_Board_of_Directors_net2mode_2005-10-01,492,531,80,spectral_entropy,0.6892213685582065,
Economic,Norwegian_Board_of_Directors_net2mode_2005-10-01,492,531,60,spectral_entropy,0.732295142751205,
Economic,Norwegian_Board_of_Directors_net2mode_2005-10-01,492,531,40,spectral_entropy,0.8950019372336303,
Economic,Norwegian_Board_of_Directors_net2mode_2005-10-01,492,531,20,spectral_entropy,0.9853420195439739,
Economic,Norwegian_Board_of_Directors_net2mode_2005-10-01,492,531,100,adamic_adar_entropy,,0.49528301886792453
Economic,Norwegian_Board_of_Directors_net2mode_2005-10-01,492,531,100,seal_entropy,0.8191575610138265,0.8642310430758277
Economic,Norwegian_Board_of_Directors_net2mode_2005-11-01,491,530,100,spectral_entropy,0.6444991789819376,
Economic,Norwegian_Board_of_Directors_net2mode_2005-11-01,491,530,80,spectral_entropy,0.7144805017725662,
Economic,Norwegian_Board_of_Directors_net2mode_2005-11-01,491,530,60,spectral_entropy,0.738423796381478,
Economic,Norwegian_Board_of_Directors_net2mode_2005-11-01,491,530,40,spectral_entropy,0.9024507448342143,
Economic,Norwegian_Board_of_Directors_net2mode_2005-11-01,491,530,20,spectral_entropy,1.004932182490752,
Economic,Norwegian_Board_of_Directors_net2mode_2005-11-01,491,530,100,adamic_adar_entropy,,0.4858490566037736
Economic,Norwegian_Board_of_Directors_net2mode_2005-11-01,491,530,100,seal_entropy,0.7912136790953601,0.8438056247775009
Economic,Norwegian_Board_of_Directors_net2mode_2005-12-01,496,536,100,spectral_entropy,0.6290236051502146,
Economic,Norwegian_Board_of_Directors_net2mode_2005-12-01,496,536,80,spectral_entropy,0.7305507090770813,
Economic,Norwegian_Board_of_Directors_net2mode_2005-12-01,496,536,60,spectral_entropy,0.7610741623792195,
Economic,Norwegian_Board_of_Directors_net2mode_2005-12-01,496,536,40,spectral_entropy,0.9070581372739647,
Economic,Norwegian_Board_of_Directors_net2mode_2005-12-01,496,536,20,spectral_entropy,1.017391304347826,
Economic,Norwegian_Board_of_Directors_net2mode_2005-12-01,496,536,100,adamic_adar_entropy,-0.0,0.49065420560747663
Economic,Norwegian_Board_of_Directors_net2mode_2005-12-01,496,536,100,seal_entropy,0.830637990763548,0.8505546335924535
Economic,Norwegian_Board_of_Directors_net2mode_2006-01-01,580,623,100,spectral_entropy,0.616358958409907,
Economic,Norwegian_Board_of_Directors_net2mode_2006-01-01,580,623,80,spectral_entropy,0.706908506988796,
Economic,Norwegian_Board_of_Directors_net2mode_2006-01-01,580,623,60,spectral_entropy,0.7656540607563547,
Economic,Norwegian_Board_of_Directors_net2mode_2006-01-01,580,623,40,spectral_entropy,0.8905365542533684,
Economic,Norwegian_Board_of_Directors_net2mode_2006-01-01,580,623,20,spectral_entropy,0.9886547811993518,
Economic,Norwegian_Board_of_Directors_net2mode_2006-01-01,580,623,100,adamic_adar_entropy,-0.0,0.4959677419354839
Economic,Norwegian_Board_of_Directors_net2mode_2006-01-01,580,623,100,seal_entropy,0.8059728243235427,0.8314255983350676
Economic,Norwegian_Board_of_Directors_net2mode_2006-02-01,603,649,100,spectral_entropy,0.6210912227733448,
Economic,Norwegian_Board_of_Directors_net2mode_2006-02-01,603,649,80,spectral_entropy,0.6921912939437661,
Economic,Norwegian_Board_of_Directors_net2mode_2006-02-01,603,649,60,spectral_entropy,0.7241948001552193,
Economic,Norwegian_Board_of_Directors_net2mode_2006-02-01,603,649,40,spectral_entropy,0.8267330466923135,
Economic,Norwegian_Board_of_Directors_net2mode_2006-02-01,603,649,20,spectral_entropy,0.9317832108052659,
Economic,Norwegian_Board_of_Directors_net2mode_2006-02-01,603,649,100,adamic_adar_entropy,,0.49612403100775193
Economic,Norwegian_Board_of_Directors_net2mode_2006-02-01,603,649,100,seal_entropy,0.8400600058817285,0.8518117901568415
Economic,Norwegian_Board_of_Directors_net2mode_2006-03-01,604,649,100,spectral_entropy,0.6163736055965211,
Economic,Norwegian_Board_of_Directors_net2mode_2006-03-01,604,649,80,spectral_entropy,0.6967832659518369,
Economic,Norwegian_Board_of_Directors_net2mode_2006-03-01,604,649,60,spectral_entropy,0.7306807615132384,
Economic,Norwegian_Board_of_Directors_net2mode_2006-03-01,604,649,40,spectral_entropy,0.8293875057278142,
Economic,Norwegian_Board_of_Directors_net2mode_2006-03-01,604,649,20,spectral_entropy,0.9374610430085186,
Economic,Norwegian_Board_of_Directors_net2mode_2006-03-01,604,649,100,adamic_adar_entropy,-0.0,0.49224806201550386
Economic,Norwegian_Board_of_Directors_net2mode_2006-03-01,604,649,100,seal_entropy,0.814705473851056,0.8419866594555615
Economic,Norwegian_Board_of_Directors_net2mode_2006-04-01,596,642,100,spectral_entropy,0.5959274664926733,
Economic,Norwegian_Board_of_Directors_net2mode_2006-04-01,596,642,80,spectral_entropy,0.6802575870779521,
Economic,Norwegian_Board_of_Directors_net2mode_2006-04-01,596,642,60,spectral_entropy,0.7142857142857143,
Economic,Norwegian_Board_of_Directors_net2mode_2006-04-01,596,642,40,spectral_entropy,0.8677131813520549,
Economic,Norwegian_Board_of_Directors_net2mode_2006-04-01,596,642,20,spectral_entropy,0.9367064255482879,
Economic,Norwegian_Board_of_Directors_net2mode_2006-04-01,596,642,100,adamic_adar_entropy,,0.49609375
Economic,Norwegian_Board_of_Directors_net2mode_2006-04-01,596,642,100,seal_entropy,0.8380730106112491,0.85247802734375
Economic,Norwegian_Board_of_Directors_net2mode_2006-05-01,610,658,100,spectral_entropy,0.5963485609503308,
Economic,Norwegian_Board_of_Directors_net2mode_2006-05-01,610,658,80,spectral_entropy,0.6697411894273128,
Economic,Norwegian_Board_of_Directors_net2mode_2006-05-01,610,658,60,spectral_entropy,0.706708574796189,
Economic,Norwegian_Board_of_Directors_net2mode_2006-05-01,610,658,40,spectral_entropy,0.8513597033374536,
Economic,Norwegian_Board_of_Directors_net2mode_2006-05-01,610,658,20,spectral_entropy,0.927766732935719,
Economic,Norwegian_Board_of_Directors_net2mode_2006-05-01,610,658,100,adamic_adar_entropy,,0.4961832061068702
Economic,Norwegian_Board_of_Directors_net2mode_2006-05-01,610,658,100,seal_entropy,0.8322669660035368,0.8383252724200222
Economic,Norwegian_Board_of_Directors_net2mode_2006-06-01,643,690,100,spectral_entropy,0.5913008618961716,
Economic,Norwegian_Board_of_Directors_net2mode_2006-06-01,643,690,80,spectral_entropy,0.6787954418574103,
Economic,Norwegian_Board_of_Directors_net2mode_2006-06-01,643,690,60,spectral_entropy,0.712884834663626,
Economic,Norwegian_Board_of_Directors_net2mode_2006-06-01,643,690,40,spectral_entropy,0.8511849690413494,
Economic,Norwegian_Board_of_Directors_net2mode_2006-06-01,643,690,20,spectral_entropy,0.9551262075412902,
Economic,Norwegian_Board_of_Directors_net2mode_2006-06-01,643,690,100,adamic_adar_entropy,,0.4963768115942029
Economic,Norwegian_Board_of_Directors_net2mode_2006-06-01,643,690,100,seal_entropy,0.8229759840418924,0.8522631800042008
Economic,Norwegian_Board_of_Directors_net2mode_2006-07-01,671,719,100,spectral_entropy,0.5848825184579495,
Economic,Norwegian_Board_of_Directors_net2mode_2006-07-01,671,719,80,spectral_entropy,0.6750317662007624,
Economic,Norwegian_Board_of_Directors_net2mode_2006-07-01,671,719,60,spectral_entropy,0.7085837294824647,
Economic,Norwegian_Board_of_Directors_net2mode_2006-07-01,671,719,40,spectral_entropy,0.8459640465280226,
Economic,Norwegian_Board_of_Directors_net2mode_2006-07-01,671,719,20,spectral_entropy,0.9348398080792447,
Economic,Norwegian_Board_of_Directors_net2mode_2006-07-01,671,719,100,adamic_adar_entropy,-0.0,0.4965034965034965
Economic,Norwegian_Board_of_Directors_net2mode_2006-07-01,671,719,100,seal_entropy,0.8513090925610349,0.8350286077558805
Economic,Norwegian_Board_of_Directors_net2mode_2006-08-01,693,745,100,spectral_entropy,0.5862045156390251,
Economic,Norwegian_Board_of_Directors_net2mode_2006-08-01,693,745,80,spectral_entropy,0.6365619676638474,
Economic,Norwegian_Board_of_Directors_net2mode_2006-08-01,693,745,60,spectral_entropy,0.6881067442158832,
Economic,Norwegian_Board_of_Directors_net2mode_2006-08-01,693,745,40,spectral_entropy,0.7991120976692564,
Economic,Norwegian_Board_of_Directors_net2mode_2006-08-01,693,745,20,spectral_entropy,0.8581713462922966,
Economic,Norwegian_Board_of_Directors_net2mode_2006-08-01,693,745,100,adamic_adar_entropy,-0.0,0.49328859060402686
Economic,Norwegian_Board_of_Directors_net2mode_2006-08-01,693,745,100,seal_entropy,0.8588359324108654,0.8034773208414036
Economic,Norwegian_Board_of_Directors_net2mode_2006-09-01,695,753,100,spectral_entropy,0.5913039533670531,
Economic,Norwegian_Board_of_Directors_net2mode_2006-09-01,695,753,80,spectral_entropy,0.6696887277122998,
Economic,Norwegian_Board_of_Directors_net2mode_2006-09-01,695,753,60,spectral_entropy,0.7055018935364453,
Economic,Norwegian_Board_of_Directors_net2mode_2006-09-01,695,753,40,spectral_entropy,0.8147664162038549,
Economic,Norwegian_Board_of_Directors_net2mode_2006-09-01,695,753,20,spectral_entropy,0.9079099307159354,
Economic,Norwegian_Board_of_Directors_net2mode_2006-09-01,695,753,100,adamic_adar_entropy,-0.0,0.5
Economic,Norwegian_Board_of_Directors_net2mode_2006-09-01,695,753,100,seal_entropy,0.8385703892563438,0.8129111111111111
Economic,Norwegian_Board_of_Directors_net2mode_2006-10-01,730,790,100,spectral_entropy,0.5826241666845298,
Economic,Norwegian_Board_of_Directors_net2mode_2006-10-01,730,790,80,spectral_entropy,0.6483598125500057,
Economic,Norwegian_Board_of_Directors_net2mode_2006-10-01,730,790,60,spectral_entropy,0.6971703792895846,
Economic,Norwegian_Board_of_Directors_net2mode_2006-10-01,730,790,40,spectral_entropy,0.8057890412690387,
Economic,Norwegian_Board_of_Directors_net2mode_2006-10-01,730,790,20,spectral_entropy,0.9085802555820811,
Economic,Norwegian_Board_of_Directors_net2mode_2006-10-01,730,790,100,adamic_adar_entropy,,0.49683544303797467
Economic,Norwegian_Board_of_Directors_net2mode_2006-10-01,730,790,100,seal_entropy,0.8435548815137938,0.83374058644448
Economic,Norwegian_Board_of_Directors_net2mode_2006-11-01,749,811,100,spectral_entropy,0.5832436459971851,
Economic,Norwegian_Board_of_Directors_net2mode_2006-11-01,749,811,80,spectral_entropy,0.6678446205240054,
Economic,Norwegian_Board_of_Directors_net2mode_2006-11-01,749,811,60,spectral_entropy,0.695,
Economic,Norwegian_Board_of_Directors_net2mode_2006-11-01,749,811,40,spectral_entropy,0.8432575484181403,
Economic,Norwegian_Board_of_Directors_net2mode_2006-11-01,749,811,20,spectral_entropy,0.8906059373729157,
Economic,Norwegian_Board_of_Directors_net2mode_2006-11-01,749,811,100,adamic_adar_entropy,-0.0,0.5
Economic,Norwegian_Board_of_Directors_net2mode_2006-11-01,749,811,100,seal_entropy,0.8385716835425479,0.8119379667733577
Economic,Norwegian_Board_of_Directors_net2mode_2006-12-01,776,840,100,spectral_entropy,0.5979760809567618,
Economic,Norwegian_Board_of_Directors_net2mode_2006-12-01,776,840,80,spectral_entropy,0.6724055220937051,
Economic,Norwegian_Board_of_Directors_net2mode_2006-12-01,776,840,60,spectral_entropy,0.6959057850629454,
Economic,Norwegian_Board_of_Directors_net2mode_2006-12-01,776,840,40,spectral_entropy,0.8301865201968189,
Economic,Norwegian_Board_of_Directors_net2mode_2006-12-01,776,840,20,spectral_entropy,0.9020651209932853,
Economic,Norwegian_Board_of_Directors_net2mode_2006-12-01,776,840,100,adamic_adar_entropy,-0.0,0.49404761904761907
Economic,Norwegian_Board_of_Directors_net2mode_2006-12-01,776,840,100,seal_entropy,0.9102115292930303,0.7883538832199546
Economic,Norwegian_Board_of_Directors_net2mode_2007-01-01,795,859,100,spectral_entropy,0.5734455081713568,
Economic,Norwegian_Board_of_Directors_net2mode_2007-01-01,795,859,80,spectral_entropy,0.6459807657412449,
Economic,Norwegian_Board_of_Directors_net2mode_2007-01-01,795,859,60,spectral_entropy,0.6762422077211914,
Economic,Norwegian_Board_of_Directors_net2mode_2007-01-01,795,859,40,spectral_entropy,0.7747666704149331,
Economic,Norwegian_Board_of_Directors_net2mode_2007-01-01,795,859,20,spectral_entropy,0.8692971639950678,
Economic,Norwegian_Board_of_Directors_net2mode_2007-01-01,795,859,100,adamic_adar_entropy,,0.49415204678362573
Economic,Norwegian_Board_of_Directors_net2mode_2007-01-01,795,859,100,seal_entropy,0.7972796169950704,0.8708491501658631
Economic,Norwegian_Board_of_Directors_net2mode_2007-02-01,803,867,100,spectral_entropy,0.5705079971445659,
Economic,Norwegian_Board_of_Directors_net2mode_2007-02-01,803,867,80,spectral_entropy,0.6425857465598686,
Economic,Norwegian_Board_of_Directors_net2mode_2007-02-01,803,867,60,spectral_entropy,0.6790101477657112,
Economic,Norwegian_Board_of_Directors_net2mode_2007-02-01,803,867,40,spectral_entropy,0.7832941965783294,
Economic,Norwegian_Board_of_Directors_net2mode_2007-02-01,803,867,20,spectral_entropy,0.8577599506325209,
Economic,Norwegian_Board_of_Directors_net2mode_2007-02-01,803,867,100,adamic_adar_entropy,-0.0,0.49710982658959535
Economic,Norwegian_Board_of_Directors_net2mode_2007-02-01,803,867,100,seal_entropy,0.8781689766681493,0.7943466203347924
Economic,Norwegian_Board_of_Directors_net2mode_2007-03-01,805,871,100,spectral_entropy,0.5656829258932341,
Economic,Norwegian_Board_of_Directors_net2mode_2007-03-01,805,871,80,spectral_entropy,0.6484171891726563,
Economic,Norwegian_Board_of_Directors_net2mode_2007-03-01,805,871,60,spectral_entropy,0.6928258312840799,
Economic,Norwegian_Board_of_Directors_net2mode_2007-03-01,805,871,40,spectral_entropy,0.7861322733797063,
Economic,Norwegian_Board_of_Directors_net2mode_2007-03-01,805,871,20,spectral_entropy,0.8940717838419142,
Economic,Norwegian_Board_of_Directors_net2mode_2007-03-01,805,871,100,adamic_adar_entropy,,0.5
Economic,Norwegian_Board_of_Directors_net2mode_2007-03-01,805,871,100,seal_entropy,0.8766450026558221,0.775085876601929
Economic,Norwegian_Board_of_Directors_net2mode_2007-04-01,829,894,100,spectral_entropy,0.5817195108352228,
Economic,Norwegian_Board_of_Directors_net2mode_2007-04-01,829,894,80,spectral_entropy,0.6648851406016327,
Economic,Norwegian_Board_of_Directors_net2mode_2007-04-01,829,894,60,spectral_entropy,0.6958939851689095,
Economic,Norwegian_Board_of_Directors_net2mode_2007-04-01,829,894,40,spectral_entropy,0.7978413840537538,
Economic,Norwegian_Board_of_Directors_net2mode_2007-04-01,829,894,20,spectral_entropy,0.9077179060540126,
Economic,Norwegian_Board_of_Directors_net2mode_2007-04-01,829,894,100,adamic_adar_entropy,-0.0,0.5
Economic,Norwegian_Board_of_Directors_net2mode_2007-04-01,829,894,100,seal_entropy,0.8259108479613705,0.837773008458528
Economic,Norwegian_Board_of_Directors_net2mode_2007-05-01,842,906,100,spectral_entropy,0.5889251291823946,
Economic,Norwegian_Board_of_Directors_net2mode_2007-05-01,842,906,80,spectral_entropy,0.6701905824159837,
Economic,Norwegian_Board_of_Directors_net2mode_2007-05-01,842,906,60,spectral_entropy,0.728898523235334,
Economic,Norwegian_Board_of_Directors_net2mode_2007-05-01,842,906,40,spectral_entropy,0.8153514989237151,
Economic,Norwegian_Board_of_Directors_net2mode_2007-05-01,842,906,20,spectral_entropy,0.8821462043111528,
Economic,Norwegian_Board_of_Directors_net2mode_2007-05-01,842,906,100,adamic_adar_entropy,,0.5
Economic,Norwegian_Board_of_Directors_net2mode_2007-05-01,842,906,100,seal_entropy,0.8756990129686169,0.7974420805225726
Economic,Norwegian_Board_of_Directors_net2mode_2007-06-01,876,942,100,spectral_entropy,0.592593880994208,
Economic,Norwegian_Board_of_Directors_net2mode_2007-06-01,876,942,80,spectral_entropy,0.6683690202876821,
Economic,Norwegian_Board_of_Directors_net2mode_2007-06-01,876,942,60,spectral_entropy,0.6990891242074093,
Economic,Norwegian_Board_of_Directors_net2mode_2007-06-01,876,942,40,spectral_entropy,0.8247784065301217,
Economic,Norwegian_Board_of_Directors_net2mode_2007-06-01,876,942,20,spectral_entropy,0.8896139206090267,
Economic,Norwegian_Board_of_Directors_net2mode_2007-06-01,876,942,100,adamic_adar_entropy,,0.4973404255319149
Economic,Norwegian_Board_of_Directors_net2mode_2007-06-01,876,942,100,seal_entropy,0.8124209555790369,0.8408782254413761
Economic,Norwegian_Board_of_Directors_net2mode_2007-07-01,1024,1104,100,spectral_entropy,0.6171354015656713,
Economic,Norwegian_Board_of_Directors_net2mode_2007-07-01,1024,1104,80,spectral_entropy,0.7030557589302917,
Economic,Norwegian_Board_of_Directors_net2mode_2007-07-01,1024,1104,60,spectral_entropy,0.7386078457271166,
Economic,Norwegian_Board_of_Directors_net2mode_2007-07-01,1024,1104,40,spectral_entropy,0.8796581617979374,
Economic,Norwegian_Board_of_Directors_net2mode_2007-07-01,1024,1104,20,spectral_entropy,0.9528049866429208,
Economic,Norwegian_Board_of_Directors_net2mode_2007-07-01,1024,1104,100,adamic_adar_entropy,-0.0,0.5
Economic,Norwegian_Board_of_Directors_net2mode_2007-07-01,1024,1104,100,seal_entropy,0.9145468259100975,0.7665805785123967
Economic,Norwegian_Board_of_Directors_net2mode_2007-08-01,975,1055,100,spectral_entropy,0.6191894026857871,
Economic,Norwegian_Board_of_Directors_net2mode_2007-08-01,975,1055,80,spectral_entropy,0.7110921432345648,
Economic,Norwegian_Board_of_Directors_net2mode_2007-08-01,975,1055,60,spectral_entropy,0.7521219081766997,
Economic,Norwegian_Board_of_Directors_net2mode_2007-08-01,975,1055,40,spectral_entropy,0.8700364140801109,
Economic,Norwegian_Board_of_Directors_net2mode_2007-08-01,975,1055,20,spectral_entropy,0.9694018193512819,
Economic,Norwegian_Board_of_Directors_net2mode_2007-08-01,975,1055,100,adamic_adar_entropy,-0.0,0.5
Economic,Norwegian_Board_of_Directors_net2mode_2007-08-01,975,1055,100,seal_entropy,0.8776550080670238,0.8292940410143528
Economic,Norwegian_Board_of_Directors_net2mode_2007-09-01,1001,1086,100,spectral_entropy,0.620415377817057,
Economic,Norwegian_Board_of_Directors_net2mode_2007-09-01,1001,1086,80,spectral_entropy,0.6978464893492737,
Economic,Norwegian_Board_of_Directors_net2mode_2007-09-01,1001,1086,60,spectral_entropy,0.7720368051396527,
Economic,Norwegian_Board_of_Directors_net2mode_2007-09-01,1001,1086,40,spectral_entropy,0.8968515235924707,
Economic,Norwegian_Board_of_Directors_net2mode_2007-09-01,1001,1086,20,spectral_entropy,0.9586417065737919,
Economic,Norwegian_Board_of_Directors_net2mode_2007-09-01,1001,1086,100,adamic_adar_entropy,-0.0,0.49539170506912444
Economic,Norwegian_Board_of_Directors_net2mode_2007-09-01,1001,1086,100,seal_entropy,0.8881792251282964,0.8290789781052901
Economic,Norwegian_Board_of_Directors_net2mode_2007-10-01,1033,1117,100,spectral_entropy,0.6176247622044541,
Economic,Norwegian_Board_of_Directors_net2mode_2007-10-01,1033,1117,80,spectral_entropy,0.6983303676220043,
Economic,Norwegian_Board_of_Directors_net2mode_2007-10-01,1033,1117,60,spectral_entropy,0.7512009713350578,
Economic,Norwegian_Board_of_Directors_net2mode_2007-10-01,1033,1117,40,spectral_entropy,0.8781616661930088,
Economic,Norwegian_Board_of_Directors_net2mode_2007-10-01,1033,1117,20,spectral_entropy,0.9482009386407093,
Economic,Norwegian_Board_of_Directors_net2mode_2007-10-01,1033,1117,100,adamic_adar_entropy,-0.0,0.4977578475336323
Economic,Norwegian_Board_of_Directors_net2mode_2007-10-01,1033,1117,100,seal_entropy,0.8475741609839429,0.835005731062358
Economic,Norwegian_Board_of_Directors_net2mode_2007-11-01,1014,1098,100,spectral_entropy,0.6213835014974848,
Economic,Norwegian_Board_of_Directors_net2mode_2007-11-01,1014,1098,80,spectral_entropy,0.7079299892441576,
Economic,Norwegian_Board_of_Directors_net2mode_2007-11-01,1014,1098,60,spectral_entropy,0.7657826927206356,
Economic,Norwegian_Board_of_Directors_net2mode_2007-11-01,1014,1098,40,spectral_entropy,0.9148854799643054,
Economic,Norwegian_Board_of_Directors_net2mode_2007-11-01,1014,1098,20,spectral_entropy,0.9059139784946236,
Economic,Norwegian_Board_of_Directors_net2mode_2007-11-01,1014,1098,100,adamic_adar_entropy,-0.0,0.5
Economic,Norwegian_Board_of_Directors_net2mode_2007-11-01,1014,1098,100,seal_entropy,0.8944515162227594,0.8227205437751507
Economic,Norwegian_Board_of_Directors_net2mode_2007-12-01,1028,1122,100,spectral_entropy,0.6359056104295352,
Economic,Norwegian_Board_of_Directors_net2mode_2007-12-01,1028,1122,80,spectral_entropy,0.7122331691297209,
Economic,Norwegian_Board_of_Directors_net2mode_2007-12-01,1028,1122,60,spectral_entropy,0.7789468201468827,
Economic,Norwegian_Board_of_Directors_net2mode_2007-12-01,1028,1122,40,spectral_entropy,0.9164652382317997,
Economic,Norwegian_Board_of_Directors_net2mode_2007-12-01,1028,1122,20,spectral_entropy,0.9123526396719631,
Economic,Norwegian_Board_of_Directors_net2mode_2007-12-01,1028,1122,100,adamic_adar_entropy,-0.0,0.49330357142857145
Economic,Norwegian_Board_of_Directors_net2mode_2007-12-01,1028,1122,100,seal_entropy,0.8275327388654822,0.8584382971938775
Economic,Norwegian_Board_of_Directors_net2mode_2008-01-01,1066,1164,100,spectral_entropy,0.6354899837574445,
Economic,Norwegian_Board_of_Directors_net2mode_2008-01-01,1066,1164,80,spectral_entropy,0.7153190805336763,
Economic,Norwegian_Board_of_Directors_net2mode_2008-01-01,1066,1164,60,spectral_entropy,0.7870197687430064,
Economic,Norwegian_Board_of_Directors_net2mode_2008-01-01,1066,1164,40,spectral_entropy,0.8942619157797317,
Economic,Norwegian_Board_of_Directors_net2mode_2008-01-01,1066,1164,20,spectral_entropy,0.9838846480067854,
Economic,Norwegian_Board_of_Directors_net2mode_2008-01-01,1066,1164,100,adamic_adar_entropy,-0.0,0.5
Economic,Norwegian_Board_of_Directors_net2mode_2008-01-01,1066,1164,100,seal_entropy,0.8301632083254338,0.8619389120095124
Economic,Norwegian_Board_of_Directors_net2mode_2008-02-01,1100,1198,100,spectral_entropy,0.6546045675618525,
Economic,Norwegian_Board_of_Directors_net2mode_2008-02-01,1100,1198,80,spectral_entropy,0.7173067162916597,
Economic,Norwegian_Board_of_Directors_net2mode_2008-02-01,1100,1198,60,spectral_entropy,0.7964371165280837,
Economic,Norwegian_Board_of_Directors_net2mode_2008-02-01,1100,1198,40,spectral_entropy,0.9180437945312792,
Economic,Norwegian_Board_of_Directors_net2mode_2008-02-01,1100,1198,20,spectral_entropy,0.993351274339085,
Economic,Norwegian_Board_of_Directors_net2mode_2008-02-01,1100,1198,100,adamic_adar_entropy,,0.497907949790795
Economic,Norwegian_Board_of_Directors_net2mode_2008-02-01,1100,1198,100,seal_entropy,0.8656509289574531,0.8564363368988639
Economic,Norwegian_Board_of_Directors_net2mode_2008-03-01,1052,1146,100,spectral_entropy,0.6528144544822794,
Economic,Norwegian_Board_of_Directors_net2mode_2008-03-01,1052,1146,80,spectral_entropy,0.7254561251086012,
Economic,Norwegian_Board_of_Directors_net2mode_2008-03-01,1052,1146,60,spectral_entropy,0.7720615294031059,
Economic,Norwegian_Board_of_Directors_net2mode_2008-03-01,1052,1146,40,spectral_entropy,0.9187224499265332,
Economic,Norwegian_Board_of_Directors_net2mode_2008-03-01,1052,1146,20,spectral_entropy,0.965642250968114,
Economic,Norwegian_Board_of_Directors_net2mode_2008-03-01,1052,1146,100,adamic_adar_entropy,,0.4978165938864629
Economic,Norwegian_Board_of_Directors_net2mode_2008-03-01,1052,1146,100,seal_entropy,0.8922254836592914,0.7770542133063825
Economic,Norwegian_Board_of_Directors_net2mode_2008-04-01,1072,1159,100,spectral_entropy,0.6450329854205812,
Economic,Norwegian_Board_of_Directors_net2mode_2008-04-01,1072,1159,80,spectral_entropy,0.7277046385957276,
Economic,Norwegian_Board_of_Directors_net2mode_2008-04-01,1072,1159,60,spectral_entropy,0.7702201335641851,
Economic,Norwegian_Board_of_Directors_net2mode_2008-04-01,1072,1159,40,spectral_entropy,0.9080660835762877,
Economic,Norwegian_Board_of_Directors_net2mode_2008-04-01,1072,1159,20,spectral_entropy,0.9360673501708761,
Economic,Norwegian_Board_of_Directors_net2mode_2008-04-01,1072,1159,100,adamic_adar_entropy,-0.0,0.49783549783549785
Economic,Norwegian_Board_of_Directors_net2mode_2008-04-01,1072,1159,100,seal_entropy,0.8505787765720144,0.8941923876988811
Economic,Norwegian_Board_of_Directors_net2mode_2008-05-01,1088,1177,100,spectral_entropy,0.6413080197283967,
Economic,Norwegian_Board_of_Directors_net2mode_2008-05-01,1088,1177,80,spectral_entropy,0.7281588188919946,
Economic,Norwegian_Board_of_Directors_net2mode_2008-05-01,1088,1177,60,spectral_entropy,0.7695308690139472,
Economic,Norwegian_Board_of_Directors_net2mode_2008-05-01,1088,1177,40,spectral_entropy,0.9147334936767786,
Economic,Norwegian_Board_of_Directors_net2mode_2008-05-01,1088,1177,20,spectral_entropy,0.9728431859579401,
Economic,Norwegian_Board_of_Directors_net2mode_2008-05-01,1088,1177,100,adamic_adar_entropy,,0.4957446808510638
Economic,Norwegian_Board_of_Directors_net2mode_2008-05-01,1088,1177,100,seal_entropy,0.9023210198586993,0.8353282028066998
Economic,Norwegian_Board_of_Directors_net2mode_2008-06-01,1063,1148,100,spectral_entropy,0.6656346749226005,
Economic,Norwegian_Board_of_Directors_net2mode_2008-06-01,1063,1148,80,spectral_entropy,0.7486223897911832,
Economic,Norwegian_Board_of_Directors_net2mode_2008-06-01,1063,1148,60,spectral_entropy,0.7856858252814025,
Economic,Norwegian_Board_of_Directors_net2mode_2008-06-01,1063,1148,40,spectral_entropy,0.9357245004444787,
Economic,Norwegian_Board_of_Directors_net2mode_2008-06-01,1063,1148,20,spectral_entropy,0.9921925829538062,
Economic,Norwegian_Board_of_Directors_net2mode_2008-06-01,1063,1148,100,adamic_adar_entropy,,0.5
Economic,Norwegian_Board_of_Directors_net2mode_2008-06-01,1063,1148,100,seal_entropy,0.9073495107276296,0.7982017886767986
Economic,Norwegian_Board_of_Directors_net2mode_2008-07-01,1052,1132,100,spectral_entropy,0.670957452867802,
Economic,Norwegian_Board_of_Directors_net2mode_2008-07-01,1052,1132,80,spectral_entropy,0.7425472281876752,
Economic,Norwegian_Board_of_Directors_net2mode_2008-07-01,1052,1132,60,spectral_entropy,0.7895332746257391,
Economic,Norwegian_Board_of_Directors_net2mode_2008-07-01,1052,1132,40,spectral_entropy,0.9509261765729533,
Economic,Norwegian_Board_of_Directors_net2mode_2008-07-01,1052,1132,20,spectral_entropy,0.943089430894309,
Economic,Norwegian_Board_of_Directors_net2mode_2008-07-01,1052,1132,100,adamic_adar_entropy,,0.5
Economic,Norwegian_Board_of_Directors_net2mode_2008-07-01,1052,1132,100,seal_entropy,0.9004541447318161,0.7886972354922077
Economic,Norwegian_Board_of_Directors_net2mode_2008-08-01,1043,1120,100,spectral_entropy,0.670739633432991,
Economic,Norwegian_Board_of_Directors_net2mode_2008-08-01,1043,1120,80,spectral_entropy,0.7529101119416861,
Economic,Norwegian_Board_of_Directors_net2mode_2008-08-01,1043,1120,60,spectral_entropy,0.7943273206991908,
Economic,Norwegian_Board_of_Directors_net2mode_2008-08-01,1043,1120,40,spectral_entropy,0.9355003336866485,
Economic,Norwegian_Board_of_Directors_net2mode_2008-08-01,1043,1120,20,spectral_entropy,0.99477308553887,
Economic,Norwegian_Board_of_Directors_net2mode_2008-08-01,1043,1120,100,adamic_adar_entropy,-0.0,0.5
Economic,Norwegian_Board_of_Directors_net2mode_2008-08-01,1043,1120,100,seal_entropy,0.9236313424688012,0.7930086096938775
Economic,Norwegian_Board_of_Directors_net2mode_2008-09-01,1049,1126,100,spectral_entropy,0.6604294348275325,
Economic,Norwegian_Board_of_Directors_net2mode_2008-09-01,1049,1126,80,spectral_entropy,0.7422404631902965,
Economic,Norwegian_Board_of_Directors_net2mode_2008-09-01,1049,1126,60,spectral_entropy,0.804919937364247,
Economic,Norwegian_Board_of_Directors_net2mode_2008-09-01,1049,1126,40,spectral_entropy,0.9524743926847455,
Economic,Norwegian_Board_of_Directors_net2mode_2008-09-01,1049,1126,20,spectral_entropy,0.9763142692085499,
Economic,Norwegian_Board_of_Directors_net2mode_2008-09-01,1049,1126,100,adamic_adar_entropy,,0.5
Economic,Norwegian_Board_of_Directors_net2mode_2008-09-01,1049,1126,100,seal_entropy,0.8681598598407344,0.8072592592592592
Economic,Norwegian_Board_of_Directors_net2mode_2008-10-01,1066,1142,100,spectral_entropy,0.6640689999445337,
Economic,Norwegian_Board_of_Directors_net2mode_2008-10-01,1066,1142,80,spectral_entropy,0.7632855487981465,
Economic,Norwegian_Board_of_Directors_net2mode_2008-10-01,1066,1142,60,spectral_entropy,0.8226631723449395,
Economic,Norwegian_Board_of_Directors_net2mode_2008-10-01,1066,1142,40,spectral_entropy,0.9298292936688375,
Economic,Norwegian_Board_of_Directors_net2mode_2008-10-01,1066,1142,20,spectral_entropy,0.9420930045779456,
Economic,Norwegian_Board_of_Directors_net2mode_2008-10-01,1066,1142,100,adamic_adar_entropy,,0.5
Economic,Norwegian_Board_of_Directors_net2mode_2008-10-01,1066,1142,100,seal_entropy,0.8741494864290542,0.8263311788242536
Economic,Norwegian_Board_of_Directors_net2mode_2008-11-01,1056,1136,100,spectral_entropy,0.6704813856709031,
Economic,Norwegian_Board_of_Directors_net2mode_2008-11-01,1056,1136,80,spectral_entropy,0.7709154621112572,
Economic,Norwegian_Board_of_Directors_net2mode_2008-11-01,1056,1136,60,spectral_entropy,0.8264235076028958,
Economic,Norwegian_Board_of_Directors_net2mode_2008-11-01,1056,1136,40,spectral_entropy,0.945951159291694,
Economic,Norwegian_Board_of_Directors_net2mode_2008-11-01,1056,1136,20,spectral_entropy,0.9980318189273413,
Economic,Norwegian_Board_of_Directors_net2mode_2008-11-01,1056,1136,100,adamic_adar_entropy,-0.0,0.5
Economic,Norwegian_Board_of_Directors_net2mode_2008-11-01,1056,1136,100,seal_entropy,0.9169912857625384,0.788119311455685
Economic,Norwegian_Board_of_Directors_net2mode_2008-12-01,1052,1131,100,spectral_entropy,0.663141567963903,
Economic,Norwegian_Board_of_Directors_net2mode_2008-12-01,1052,1131,80,spectral_entropy,0.7641493897418069,
Economic,Norwegian_Board_of_Directors_net2mode_2008-12-01,1052,1131,60,spectral_entropy,0.8179709132636516,
Economic,Norwegian_Board_of_Directors_net2mode_2008-12-01,1052,1131,40,spectral_entropy,0.9472572188747163,
Economic,Norwegian_Board_of_Directors_net2mode_2008-12-01,1052,1131,20,spectral_entropy,1.009043711271144,
Economic,Norwegian_Board_of_Directors_net2mode_2008-12-01,1052,1131,100,adamic_adar_entropy,-0.0,0.5
Economic,Norwegian_Board_of_Directors_net2mode_2008-12-01,1052,1131,100,seal_entropy,0.8643379636431907,0.8441440206750724
Economic,Norwegian_Board_of_Directors_net2mode_2009-01-01,1030,1104,100,spectral_entropy,0.6561954624781849,
Economic,Norwegian_Board_of_Directors_net2mode_2009-01-01,1030,1104,80,spectral_entropy,0.7544740081431682,
Economic,Norwegian_Board_of_Directors_net2mode_2009-01-01,1030,1104,60,spectral_entropy,0.8080413016270338,
Economic,Norwegian_Board_of_Directors_net2mode_2009-01-01,1030,1104,40,spectral_entropy,0.9182979064088708,
Economic,Norwegian_Board_of_Directors_net2mode_2009-01-01,1030,1104,20,spectral_entropy,0.9924580047994516,
Economic,Norwegian_Board_of_Directors_net2mode_2009-01-01,1030,1104,100,adamic_adar_entropy,,0.4954545454545455
Economic,Norwegian_Board_of_Directors_net2mode_2009-01-01,1030,1104,100,seal_entropy,0.8910637411077846,0.8115495867768595
Economic,Norwegian_Board_of_Directors_net2mode_2009-02-01,1039,1119,100,spectral_entropy,0.6551709297488058,
Economic,Norwegian_Board_of_Directors_net2mode_2009-02-01,1039,1119,80,spectral_entropy,0.7465436073016877,
Economic,Norwegian_Board_of_Directors_net2mode_2009-02-01,1039,1119,60,spectral_entropy,0.814492602625547,
Economic,Norwegian_Board_of_Directors_net2mode_2009-02-01,1039,1119,40,spectral_entropy,0.9171040506430546,
Economic,Norwegian_Board_of_Directors_net2mode_2009-02-01,1039,1119,20,spectral_entropy,0.9970080957409362,
Economic,Norwegian_Board_of_Directors_net2mode_2009-02-01,1039,1119,100,adamic_adar_entropy,,0.49551569506726456
Economic,Norwegian_Board_of_Directors_net2mode_2009-02-01,1039,1119,100,seal_entropy,0.8826981303740901,0.8725793802409058
Economic,Norwegian_Board_of_Directors_net2mode_2009-03-01,1047,1129,100,spectral_entropy,0.6502327281931574,
Economic,Norwegian_Board_of_Directors_net2mode_2009-03-01,1047,1129,80,spectral_entropy,0.7402042575038047,
Economic,Norwegian_Board_of_Directors_net2mode_2009-03-01,1047,1129,60,spectral_entropy,0.8039110566490516,
Economic,Norwegian_Board_of_Directors_net2mode_2009-03-01,1047,1129,40,spectral_entropy,0.9088383537722745,
Economic,Norwegian_Board_of_Directors_net2mode_2009-03-01,1047,1129,20,spectral_entropy,0.9822565582816877,
Economic,Norwegian_Board_of_Directors_net2mode_2009-03-01,1047,1129,100,adamic_adar_entropy,-0.0,0.49777777777777776
Economic,Norwegian_Board_of_Directors_net2mode_2009-03-01,1047,1129,100,seal_entropy,0.8870669860732263,0.8014320987654321
Economic,Norwegian_Board_of_Directors_net2mode_2009-04-01,1018,1102,100,spectral_entropy,0.6602588448391714,
Economic,Norwegian_Board_of_Directors_net2mode_2009-04-01,1018,1102,80,spectral_entropy,0.7482800867024786,
Economic,Norwegian_Board_of_Directors_net2mode_2009-04-01,1018,1102,60,spectral_entropy,0.8214766517963202,
Economic,Norwegian_Board_of_Directors_net2mode_2009-04-01,1018,1102,40,spectral_entropy,0.9370669275291432,
Economic,Norwegian_Board_of_Directors_net2mode_2009-04-01,1018,1102,20,spectral_entropy,0.9787457360272894,
Economic,Norwegian_Board_of_Directors_net2mode_2009-04-01,1018,1102,100,adamic_adar_entropy,,0.4954545454545455
Economic,Norwegian_Board_of_Directors_net2mode_2009-04-01,1018,1102,100,seal_entropy,0.8882775600415678,0.8314979338842976
Economic,Norwegian_Board_of_Directors_net2mode_2009-05-01,1017,1101,100,spectral_entropy,0.6574592108731948,
Economic,Norwegian_Board_of_Directors_net2mode_2009-05-01,1017,1101,80,spectral_entropy,0.7506808896958693,
Economic,Norwegian_Board_of_Directors_net2mode_2009-05-01,1017,1101,60,spectral_entropy,0.8161706610481959,
Economic,Norwegian_Board_of_Directors_net2mode_2009-05-01,1017,1101,40,spectral_entropy,0.9366006085025903,
Economic,Norwegian_Board_of_Directors_net2mode_2009-05-01,1017,1101,20,spectral_entropy,0.9752903169475247,
Economic,Norwegian_Board_of_Directors_net2mode_2009-05-01,1017,1101,100,adamic_adar_entropy,-0.0,0.49772727272727274
Economic,Norwegian_Board_of_Directors_net2mode_2009-05-01,1017,1101,100,seal_entropy,0.8617861572921054,0.8482747933884297
Economic,Norwegian_Board_of_Directors_net2mode_2009-06-01,1008,1089,100,spectral_entropy,0.661227615457116,
Economic,Norwegian_Board_of_Directors_net2mode_2009-06-01,1008,1089,80,spectral_entropy,0.7584708617601098,
Economic,Norwegian_Board_of_Directors_net2mode_2009-06-01,1008,1089,60,spectral_entropy,0.8200559801916245,
Economic,Norwegian_Board_of_Directors_net2mode_2009-06-01,1008,1089,40,spectral_entropy,0.9312409663431758,
Economic,Norwegian_Board_of_Directors_net2mode_2009-06-01,1008,1089,20,spectral_entropy,0.97841857091041,
Economic,Norwegian_Board_of_Directors_net2mode_2009-06-01,1008,1089,100,adamic_adar_entropy,-0.0,0.5
Economic,Norwegian_Board_of_Directors_net2mode_2009-06-01,1008,1089,100,seal_entropy,0.8395384014341462,0.8145214381278005
Economic,Norwegian_Board_of_Directors_net2mode_2009-07-01,1042,1125,100,spectral_entropy,0.6659283239620605,
Economic,Norwegian_Board_of_Directors_net2mode_2009-07-01,1042,1125,80,spectral_entropy,0.7758924432081595,
Economic,Norwegian_Board_of_Directors_net2mode_2009-07-01,1042,1125,60,spectral_entropy,0.8129731372002937,
Economic,Norwegian_Board_of_Directors_net2mode_2009-07-01,1042,1125,40,spectral_entropy,0.9409044595971471,
Economic,Norwegian_Board_of_Directors_net2mode_2009-07-01,1042,1125,20,spectral_entropy,1.002828490614554,
Economic,Norwegian_Board_of_Directors_net2mode_2009-07-01,1042,1125,100,adamic_adar_entropy,,0.5
Economic,Norwegian_Board_of_Directors_net2mode_2009-07-01,1042,1125,100,seal_entropy,0.8636425806003043,0.8345777777777779
Economic,Norwegian_Board_of_Directors_net2mode_2009-08-01,1025,1106,100,spectral_entropy,0.6622247972190035,
Economic,Norwegian_Board_of_Directors_net2mode_2009-08-01,1025,1106,80,spectral_entropy,0.7725645374034295,
Economic,Norwegian_Board_of_Directors_net2mode_2009-08-01,1025,1106,60,spectral_entropy,0.8209573091849935,
Economic,Norwegian_Board_of_Directors_net2mode_2009-08-01,1025,1106,40,spectral_entropy,0.9392986896354656,
Economic,Norwegian_Board_of_Directors_net2mode_2009-08-01,1025,1106,20,spectral_entropy,0.9898882384246939,
Economic,Norwegian_Board_of_Directors_net2mode_2009-08-01,1025,1106,100,adamic_adar_entropy,-0.0,0.497737556561086
Economic,Norwegian_Board_of_Directors_net2mode_2009-08-01,1025,1106,100,seal_entropy,0.8494217082688095,0.8036588112446511
Economic,Norwegian_Board_of_Directors_net2mode_2009-09-01,1021,1102,100,spectral_entropy,0.6644813519813519,
Economic,Norwegian_Board_of_Directors_net2mode_2009-09-01,1021,1102,80,spectral_entropy,0.7686180804460374,
Economic,Norwegian_Board_of_Directors_net2mode_2009-09-01,1021,1102,60,spectral_entropy,0.8125327739905611,
Economic,Norwegian_Board_of_Directors_net2mode_2009-09-01,1021,1102,40,spectral_entropy,0.9186179793679383,
Economic,Norwegian_Board_of_Directors_net2mode_2009-09-01,1021,1102,20,spectral_entropy,0.9514476614699332,
Economic,Norwegian_Board_of_Directors_net2mode_2009-09-01,1021,1102,100,adamic_adar_entropy,-0.0,0.4954545454545455
Economic,Norwegian_Board_of_Directors_net2mode_2009-09-01,1021,1102,100,seal_entropy,0.8883811389176054,0.8397830578512396
Economic,Norwegian_Board_of_Directors_net2mode_2009-10-01,1015,1090,100,spectral_entropy,0.6434603804068444,
Economic,Norwegian_Board_of_Directors_net2mode_2009-10-01,1015,1090,80,spectral_entropy,0.7419274856478038,
Economic,Norwegian_Board_of_Directors_net2mode_2009-10-01,1015,1090,60,spectral_entropy,0.776259335769903,
Economic,Norwegian_Board_of_Directors_net2mode_2009-10-01,1015,1090,40,spectral_entropy,0.9047221061429168,
Economic,Norwegian_Board_of_Directors_net2mode_2009-10-01,1015,1090,20,spectral_entropy,0.9410150891632373,
Economic,Norwegian_Board_of_Directors_net2mode_2009-10-01,1015,1090,100,adamic_adar_entropy,,0.49770642201834864
Economic,Norwegian_Board_of_Directors_net2mode_2009-10-01,1015,1090,100,seal_entropy,0.8565635844258876,0.7869602727043179
Economic,Norwegian_Board_of_Directors_net2mode_2009-11-01,983,1057,100,spectral_entropy,0.6571450510635031,
Economic,Norwegian_Board_of_Directors_net2mode_2009-11-01,983,1057,80,spectral_entropy,0.7521097663178,
Economic,Norwegian_Board_of_Directors_net2mode_2009-11-01,983,1057,60,spectral_entropy,0.783522696086503,
Economic,Norwegian_Board_of_Directors_net2mode_2009-11-01,983,1057,40,spectral_entropy,0.9090523458047001,
Economic,Norwegian_Board_of_Directors_net2mode_2009-11-01,983,1057,20,spectral_entropy,0.9336840127747512,
Economic,Norwegian_Board_of_Directors_net2mode_2009-11-01,983,1057,100,adamic_adar_entropy,-0.0,0.5
Economic,Norwegian_Board_of_Directors_net2mode_2009-11-01,983,1057,100,seal_entropy,0.8661062760936251,0.8133015880146447
Economic,Norwegian_Board_of_Directors_net2mode_2009-12-01,977,1052,100,spectral_entropy,0.6551771722964167,
Economic,Norwegian_Board_of_Directors_net2mode_2009-12-01,977,1052,80,spectral_entropy,0.7444616177228233,
Economic,Norwegian_Board_of_Directors_net2mode_2009-12-01,977,1052,60,spectral_entropy,0.7680470445989394,
Economic,Norwegian_Board_of_Directors_net2mode_2009-12-01,977,1052,40,spectral_entropy,0.9113152472527473,
Economic,Norwegian_Board_of_Directors_net2mode_2009-12-01,977,1052,20,spectral_entropy,0.9360030657214026,
Economic,Norwegian_Board_of_Directors_net2mode_2009-12-01,977,1052,100,adamic_adar_entropy,,0.5
Economic,Norwegian_Board_of_Directors_net2mode_2009-12-01,977,1052,100,seal_entropy,0.9019868143900655,0.7897052154195012
Economic,Norwegian_Board_of_Directors_net2mode_2010-01-01,964,1045,100,spectral_entropy,0.6713495368931435,
Economic,Norwegian_Board_of_Directors_net2mode_2010-01-01,964,1045,80,spectral_entropy,0.7591518303660733,
Economic,Norwegian_Board_of_Directors_net2mode_2010-01-01,964,1045,60,spectral_entropy,0.773365511189118,
Economic,Norwegian_Board_of_Directors_net2mode_2010-01-01,964,1045,40,spectral_entropy,0.9148578086566261,
Economic,Norwegian_Board_of_Directors_net2mode_2010-01-01,964,1045,20,spectral_entropy,0.9416867469879519,
Economic,Norwegian_Board_of_Directors_net2mode_2010-01-01,964,1045,100,adamic_adar_entropy,,0.5
Economic,Norwegian_Board_of_Directors_net2mode_2010-01-01,964,1045,100,seal_entropy,0.837554104629422,0.8759529314805065
Economic,Norwegian_Board_of_Directors_net2mode_2010-02-01,971,1052,100,spectral_entropy,0.6615620214395099,
Economic,Norwegian_Board_of_Directors_net2mode_2010-02-01,971,1052,80,spectral_entropy,0.7472742131595209,
Economic,Norwegian_Board_of_Directors_net2mode_2010-02-01,971,1052,60,spectral_entropy,0.7675563899545615,
Economic,Norwegian_Board_of_Directors_net2mode_2010-02-01,971,1052,40,spectral_entropy,0.8993729220150667,
Economic,Norwegian_Board_of_Directors_net2mode_2010-02-01,971,1052,20,spectral_entropy,0.963186140664721,
Economic,Norwegian_Board_of_Directors_net2mode_2010-02-01,971,1052,100,adamic_adar_entropy,,0.49523809523809526
Economic,Norwegian_Board_of_Directors_net2mode_2010-02-01,971,1052,100,seal_entropy,0.8523626819227887,0.8195804988662132
Economic,Norwegian_Board_of_Directors_net2mode_2010-03-01,969,1045,100,spectral_entropy,0.6606708350016941,
Economic,Norwegian_Board_of_Directors_net2mode_2010-03-01,969,1045,80,spectral_entropy,0.7448849104859335,
Economic,Norwegian_Board_of_Directors_net2mode_2010-03-01,969,1045,60,spectral_entropy,0.77065692622724,
Economic,Norwegian_Board_of_Directors_net2mode_2010-03-01,969,1045,40,spectral_entropy,0.9050047540841905,
Economic,Norwegian_Board_of_Directors_net2mode_2010-03-01,969,1045,20,spectral_entropy,0.9176722460101208,
Economic,Norwegian_Board_of_Directors_net2mode_2010-03-01,969,1045,100,adamic_adar_entropy,,0.5
Economic,Norwegian_Board_of_Directors_net2mode_2010-03-01,969,1045,100,seal_entropy,0.8475422298027315,0.8610952130216799
Economic,Norwegian_Board_of_Directors_net2mode_2010-04-01,977,1053,100,spectral_entropy,0.6446989195937303,
Economic,Norwegian_Board_of_Directors_net2mode_2010-04-01,977,1053,80,spectral_entropy,0.7284661539081061,
Economic,Norwegian_Board_of_Directors_net2mode_2010-04-01,977,1053,60,spectral_entropy,0.7548728113643871,
Economic,Norwegian_Board_of_Directors_net2mode_2010-04-01,977,1053,40,spectral_entropy,0.8861141011840689,
Economic,Norwegian_Board_of_Directors_net2mode_2010-04-01,977,1053,20,spectral_entropy,0.9054928081861183,
Economic,Norwegian_Board_of_Directors_net2mode_2010-04-01,977,1053,100,adamic_adar_entropy,,0.5
Economic,Norwegian_Board_of_Directors_net2mode_2010-04-01,977,1053,100,seal_entropy,0.8314439973112754,0.8546598639455782
Economic,Norwegian_Board_of_Directors_net2mode_2010-05-01,971,1046,100,spectral_entropy,0.6371143924017291,
Economic,Norwegian_Board_of_Directors_net2mode_2010-05-01,971,1046,80,spectral_entropy,0.7182996828964797,
Economic,Norwegian_Board_of_Directors_net2mode_2010-05-01,971,1046,60,spectral_entropy,0.7417244464325654,
Economic,Norwegian_Board_of_Directors_net2mode_2010-05-01,971,1046,40,spectral_entropy,0.8824168658987177,
Economic,Norwegian_Board_of_Directors_net2mode_2010-05-01,971,1046,20,spectral_entropy,0.9090039230695628,
Economic,Norwegian_Board_of_Directors_net2mode_2010-05-01,971,1046,100,adamic_adar_entropy,,0.49760765550239233
Economic,Norwegian_Board_of_Directors_net2mode_2010-05-01,971,1046,100,seal_entropy,0.8529847134627777,0.8437306838213411
Economic,Norwegian_Board_of_Directors_net2mode_2010-06-01,937,1014,100,spectral_entropy,0.6291767496273979,
Economic,Norwegian_Board_of_Directors_net2mode_2010-06-01,937,1014,80,spectral_entropy,0.701440329218107,
Economic,Norwegian_Board_of_Directors_net2mode_2010-06-01,937,1014,60,spectral_entropy,0.7408481754365609,
Economic,Norwegian_Board_of_Directors_net2mode_2010-06-01,937,1014,40,spectral_entropy,0.8542668804560841,
Economic,Norwegian_Board_of_Directors_net2mode_2010-06-01,937,1014,20,spectral_entropy,0.9061802658387503,
Economic,Norwegian_Board_of_Directors_net2mode_2010-06-01,937,1014,100,adamic_adar_entropy,,0.4975247524752475
Economic,Norwegian_Board_of_Directors_net2mode_2010-06-01,937,1014,100,seal_entropy,0.8766558343995318,0.7882192922262523
Economic,Norwegian_Board_of_Directors_net2mode_2010-07-01,934,1014,100,spectral_entropy,0.6412367508113379,
Economic,Norwegian_Board_of_Directors_net2mode_2010-07-01,934,1014,80,spectral_entropy,0.7277121374865736,
Economic,Norwegian_Board_of_Directors_net2mode_2010-07-01,934,1014,60,spectral_entropy,0.768454149479332,
Economic,Norwegian_Board_of_Directors_net2mode_2010-07-01,934,1014,40,spectral_entropy,0.9102211171299175,
Economic,Norwegian_Board_of_Directors_net2mode_2010-07-01,934,1014,20,spectral_entropy,0.9417775207248891,
Economic,Norwegian_Board_of_Directors_net2mode_2010-07-01,934,1014,100,adamic_adar_entropy,,0.4975247524752475
Economic,Norwegian_Board_of_Directors_net2mode_2010-07-01,934,1014,100,seal_entropy,0.8064340078218104,0.8684442701695912
Economic,Norwegian_Board_of_Directors_net2mode_2010-08-01,935,1024,100,spectral_entropy,0.6704327266379981,
Economic,Norwegian_Board_of_Directors_net2mode_2010-08-01,935,1024,80,spectral_entropy,0.7684546484093483,
Economic,Norwegian_Board_of_Directors_net2mode_2010-08-01,935,1024,60,spectral_entropy,0.7968297255837737,
Economic,Norwegian_Board_of_Directors_net2mode_2010-08-01,935,1024,40,spectral_entropy,0.9129231985245685,
Economic,Norwegian_Board_of_Directors_net2mode_2010-08-01,935,1024,20,spectral_entropy,0.987505784359093,
Economic,Norwegian_Board_of_Directors_net2mode_2010-08-01,935,1024,100,adamic_adar_entropy,-0.0,0.49754901960784315
Economic,Norwegian_Board_of_Directors_net2mode_2010-08-01,935,1024,100,seal_entropy,0.8428760582708901,0.8023356401384083
Economic,Norwegian_Board_of_Directors_net2mode_2010-09-01,1002,1090,100,spectral_entropy,0.6658453683226218,
Economic,Norwegian_Board_of_Directors_net2mode_2010-09-01,1002,1090,80,spectral_entropy,0.7611498424219272,
Economic,Norwegian_Board_of_Directors_net2mode_2010-09-01,1002,1090,60,spectral_entropy,0.8016068896707452,
Economic,Norwegian_Board_of_Directors_net2mode_2010-09-01,1002,1090,40,spectral_entropy,0.903066790577397,
Economic,Norwegian_Board_of_Directors_net2mode_2010-09-01,1002,1090,20,spectral_entropy,0.9433209911706067,
Economic,Norwegian_Board_of_Directors_net2mode_2010-09-01,1002,1090,100,adamic_adar_entropy,-0.0,0.5
Economic,Norwegian_Board_of_Directors_net2mode_2010-09-01,1002,1090,100,seal_entropy,0.8760201207893609,0.8113479505092163
Economic,Norwegian_Board_of_Directors_net2mode_2010-10-01,990,1073,100,spectral_entropy,0.6562794383719366,
Economic,Norwegian_Board_of_Directors_net2mode_2010-10-01,990,1073,80,spectral_entropy,0.756711669770329,
Economic,Norwegian_Board_of_Directors_net2mode_2010-10-01,990,1073,60,spectral_entropy,0.7937151820001082,
Economic,Norwegian_Board_of_Directors_net2mode_2010-10-01,990,1073,40,spectral_entropy,0.8971207133630568,
Economic,Norwegian_Board_of_Directors_net2mode_2010-10-01,990,1073,20,spectral_entropy,0.9573810994441013,
Economic,Norwegian_Board_of_Directors_net2mode_2010-10-01,990,1073,100,adamic_adar_entropy,,0.5
Economic,Norwegian_Board_of_Directors_net2mode_2010-10-01,990,1073,100,seal_entropy,0.9000241496448445,0.82295396977902
Economic,Norwegian_Board_of_Directors_net2mode_2010-11-01,987,1070,100,spectral_entropy,0.6621509746368631,
Economic,Norwegian_Board_of_Directors_net2mode_2010-11-01,987,1070,80,spectral_entropy,0.766684400307383,
Economic,Norwegian_Board_of_Directors_net2mode_2010-11-01,987,1070,60,spectral_entropy,0.8040871934604905,
Economic,Norwegian_Board_of_Directors_net2mode_2010-11-01,987,1070,40,spectral_entropy,0.908977969189995,
Economic,Norwegian_Board_of_Directors_net2mode_2010-11-01,987,1070,20,spectral_entropy,0.955379632961497,
Economic,Norwegian_Board_of_Directors_net2mode_2010-11-01,987,1070,100,adamic_adar_entropy,-0.0,0.5
Economic,Norwegian_Board_of_Directors_net2mode_2010-11-01,987,1070,100,seal_entropy,0.9194387722579712,0.8037383177570094
Economic,Norwegian_Board_of_Directors_net2mode_2010-12-01,979,1062,100,spectral_entropy,0.6641296902351778,
Economic,Norwegian_Board_of_Directors_net2mode_2010-12-01,979,1062,80,spectral_entropy,0.7587110911118502,
Economic,Norwegian_Board_of_Directors_net2mode_2010-12-01,979,1062,60,spectral_entropy,0.7970365545876414,
Economic,Norwegian_Board_of_Directors_net2mode_2010-12-01,979,1062,40,spectral_entropy,0.9183326244151425,
Economic,Norwegian_Board_of_Directors_net2mode_2010-12-01,979,1062,20,spectral_entropy,0.9506978430306325,
Economic,Norwegian_Board_of_Directors_net2mode_2010-12-01,979,1062,100,adamic_adar_entropy,,0.5
Economic,Norwegian_Board_of_Directors_net2mode_2010-12-01,979,1062,100,seal_entropy,0.8270362588768089,0.7837642399430402
Economic,Norwegian_Board_of_Directors_net2mode_2011-01-01,993,1080,100,spectral_entropy,0.6608905005350136,
Economic,Norwegian_Board_of_Directors_net2mode_2011-01-01,993,1080,80,spectral_entropy,0.7432301553480803,
Economic,Norwegian_Board_of_Directors_net2mode_2011-01-01,993,1080,60,spectral_entropy,0.7813326282390269,
Economic,Norwegian_Board_of_Directors_net2mode_2011-01-01,993,1080,40,spectral_entropy,0.9068997916581559,
Economic,Norwegian_Board_of_Directors_net2mode_2011-01-01,993,1080,20,spectral_entropy,0.9716671107558397,
Economic,Norwegian_Board_of_Directors_net2mode_2011-01-01,993,1080,100,adamic_adar_entropy,,0.5
Economic,Norwegian_Board_of_Directors_net2mode_2011-01-01,993,1080,100,seal_entropy,0.8538075133352689,0.8306005658436215
Economic,Norwegian_Board_of_Directors_net2mode_2011-02-01,991,1078,100,spectral_entropy,0.661565820344606,
Economic,Norwegian_Board_of_Directors_net2mode_2011-02-01,991,1078,80,spectral_entropy,0.7308377896613191,
Economic,Norwegian_Board_of_Directors_net2mode_2011-02-01,991,1078,60,spectral_entropy,0.7731087930063555,
Economic,Norwegian_Board_of_Directors_net2mode_2011-02-01,991,1078,40,spectral_entropy,0.9074799093344323,
Economic,Norwegian_Board_of_Directors_net2mode_2011-02-01,991,1078,20,spectral_entropy,0.9370529327610871,
Economic,Norwegian_Board_of_Directors_net2mode_2011-02-01,991,1078,100,adamic_adar_entropy,-0.0,0.5
Economic,Norwegian_Board_of_Directors_net2mode_2011-02-01,991,1078,100,seal_entropy,0.8775299318910227,0.8351757706868578
Economic,Norwegian_Board_of_Directors_net2mode_2011-03-01,987,1072,100,spectral_entropy,0.6630442985435061,
Economic,Norwegian_Board_of_Directors_net2mode_2011-03-01,987,1072,80,spectral_entropy,0.7324703765984905,
Economic,Norwegian_Board_of_Directors_net2mode_2011-03-01,987,1072,60,spectral_entropy,0.7696047975364002,
Economic,Norwegian_Board_of_Directors_net2mode_2011-03-01,987,1072,40,spectral_entropy,0.8975327291037262,
Economic,Norwegian_Board_of_Directors_net2mode_2011-03-01,987,1072,20,spectral_entropy,0.9411337209302326,
Economic,Norwegian_Board_of_Directors_net2mode_2011-03-01,987,1072,100,adamic_adar_entropy,-0.0,0.4976635514018692
Economic,Norwegian_Board_of_Directors_net2mode_2011-03-01,987,1072,100,seal_entropy,0.8603502088804345,0.8467005852039481
Economic,Norwegian_Board_of_Directors_net2mode_2011-04-01,985,1070,100,spectral_entropy,0.6585292796165942,
Economic,Norwegian_Board_of_Directors_net2mode_2011-04-01,985,1070,80,spectral_entropy,0.7297344821522771,
Economic,Norwegian_Board_of_Directors_net2mode_2011-04-01,985,1070,60,spectral_entropy,0.7562323137043525,
Economic,Norwegian_Board_of_Directors_net2mode_2011-04-01,985,1070,40,spectral_entropy,0.8983122362869198,
Economic,Norwegian_Board_of_Directors_net2mode_2011-04-01,985,1070,20,spectral_entropy,0.9170266378689704,
Economic,Norwegian_Board_of_Directors_net2mode_2011-04-01,985,1070,100,adamic_adar_entropy,,0.4953271028037383
Economic,Norwegian_Board_of_Directors_net2mode_2011-04-01,985,1070,100,seal_entropy,0.8924589447217749,0.8011725914927068
Economic,Norwegian_Board_of_Directors_net2mode_2011-05-01,981,1060,100,spectral_entropy,0.6568654308586734,
Economic,Norwegian_Board_of_Directors_net2mode_2011-05-01,981,1060,80,spectral_entropy,0.7433152968126703,
Economic,Norwegian_Board_of_Directors_net2mode_2011-05-01,981,1060,60,spectral_entropy,0.7687508476875085,
Economic,Norwegian_Board_of_Directors_net2mode_2011-05-01,981,1060,40,spectral_entropy,0.9048263037782098,
Economic,Norwegian_Board_of_Directors_net2mode_2011-05-01,981,1060,20,spectral_entropy,0.9712460063897763,
Economic,Norwegian_Board_of_Directors_net2mode_2011-05-01,981,1060,100,adamic_adar_entropy,-0.0,0.5
Economic,Norwegian_Board_of_Directors_net2mode_2011-05-01,981,1060,100,seal_entropy,0.8742681654776298,0.8025431648273407
Economic,Norwegian_Board_of_Directors_net2mode_2011-06-01,1016,1095,100,spectral_entropy,0.6580737662945677,
Economic,Norwegian_Board_of_Directors_net2mode_2011-06-01,1016,1095,80,spectral_entropy,0.7446238616361828,
Economic,Norwegian_Board_of_Directors_net2mode_2011-06-01,1016,1095,60,spectral_entropy,0.7891740155186568,
Economic,Norwegian_Board_of_Directors_net2mode_2011-06-01,1016,1095,40,spectral_entropy,0.9430400525279053,
Economic,Norwegian_Board_of_Directors_net2mode_2011-06-01,1016,1095,20,spectral_entropy,0.9503508304467536,
Economic,Norwegian_Board_of_Directors_net2mode_2011-06-01,1016,1095,100,adamic_adar_entropy,,0.497716894977169
Economic,Norwegian_Board_of_Directors_net2mode_2011-06-01,1016,1095,100,seal_entropy,0.889641374201391,0.7886928963115865
Economic,Norwegian_Board_of_Directors_net2mode_2011-07-01,1059,1141,100,spectral_entropy,0.6523316495967404,
Economic,Norwegian_Board_of_Directors_net2mode_2011-07-01,1059,1141,80,spectral_entropy,0.74812016419049,
Economic,Norwegian_Board_of_Directors_net2mode_2011-07-01,1059,1141,60,spectral_entropy,0.7788154214942069,
Economic,Norwegian_Board_of_Directors_net2mode_2011-07-01,1059,1141,40,spectral_entropy,0.9269533055940823,
Economic,Norwegian_Board_of_Directors_net2mode_2011-07-01,1059,1141,20,spectral_entropy,0.9416968234821069,
Economic,Norwegian_Board_of_Directors_net2mode_2011-07-01,1059,1141,100,adamic_adar_entropy,,0.49780701754385964
Economic,Norwegian_Board_of_Directors_net2mode_2011-07-01,1059,1141,100,seal_entropy,0.9059227868777042,0.7915897199138195
Economic,Norwegian_Board_of_Directors_net2mode_2011-08-01,1066,1148,100,spectral_entropy,0.6545504802708866,
Economic,Norwegian_Board_of_Directors_net2mode_2011-08-01,1066,1148,80,spectral_entropy,0.7612275178228929,
Economic,Norwegian_Board_of_Directors_net2mode_2011-08-01,1066,1148,60,spectral_entropy,0.7843573760759869,
Economic,Norwegian_Board_of_Directors_net2mode_2011-08-01,1066,1148,40,spectral_entropy,0.9157481215912124,
Economic,Norwegian_Board_of_Directors_net2mode_2011-08-01,1066,1148,20,spectral_entropy,0.9380419359924327,
Economic,Norwegian_Board_of_Directors_net2mode_2011-08-01,1066,1148,100,adamic_adar_entropy,,0.5
Economic,Norwegian_Board_of_Directors_net2mode_2011-08-01,1066,1148,100,seal_entropy,0.8865677292280316,0.8288076123643713
Economic,575aa410bd3e93b53c69562a,866,2531,100,spectral_entropy,0.7887106350844224,
Economic,575aa410bd3e93b53c69562a,866,2531,80,spectral_entropy,0.7673735249832516,
Economic,575aa410bd3e93b53c69562a,866,2531,60,spectral_entropy,0.7799691869832646,
Economic,575aa410bd3e93b53c69562a,866,2531,40,spectral_entropy,0.7990820606156525,
Economic,575aa410bd3e93b53c69562a,866,2531,20,spectral_entropy,0.7749747729566094,
Economic,575aa410bd3e93b53c69562a,866,2531,100,adamic_adar_entropy,11.624015970369255,0.8498277585964473
Economic,575aa410bd3e93b53c69562a,866,2531,100,seal_entropy,0.5699546587939242,0.91704291583996
Economic,575aa410bd3e93b53c695629,774,1778,100,spectral_entropy,0.7782153783742668,
Economic,575aa410bd3e93b53c695629,774,1778,80,spectral_entropy,0.7358593093909006,
Economic,575aa410bd3e93b53c695629,774,1778,60,spectral_entropy,0.7909876102901271,
Economic,575aa410bd3e93b53c695629,774,1778,40,spectral_entropy,0.7901364593827273,
Economic,575aa410bd3e93b53c695629,774,1778,20,spectral_entropy,0.7916913946587537,
Economic,575aa410bd3e93b53c695629,774,1778,100,adamic_adar_entropy,12.443941181770752,0.8191628645110097
Economic,575aa410bd3e93b53c695629,774,1778,100,seal_entropy,0.5331838125288991,0.9301051378694705
Economic,5936021067ec90f1500d6599,180,945,100,spectral_entropy,0.9319069682929044,
Economic,5936021067ec90f1500d6599,180,945,80,spectral_entropy,0.8424324849426851,
Economic,5936021067ec90f1500d6599,180,945,60,spectral_entropy,0.8068790222270295,
Economic,5936021067ec90f1500d6599,180,945,40,spectral_entropy,0.8270996259775586,
Economic,5936021067ec90f1500d6599,180,945,20,spectral_entropy,0.8742281442963926,
Economic,5936021067ec90f1500d6599,180,945,100,adamic_adar_entropy,1.7857799324530323,0.8924862125920326
Economic,5936021067ec90f1500d6599,180,945,100,seal_entropy,0.6793749800874953,0.8742616388119034
Economic,5936021067ec90f1500d6597,194,774,100,spectral_entropy,0.9160126202706579,
Economic,5936021067ec90f1500d6597,194,774,80,spectral_entropy,0.9064176307115621,
Economic,5936021067ec90f1500d6597,194,774,60,spectral_entropy,0.8863507645837265,
Economic,5936021067ec90f1500d6597,194,774,40,spectral_entropy,0.8560670099131638,
Economic,5936021067ec90f1500d6597,194,774,20,spectral_entropy,0.6978851963746223,
Economic,5936021067ec90f1500d6597,194,774,100,adamic_adar_entropy,2.3654991882948755,0.8350269860010119
Economic,5936021067ec90f1500d6597,194,774,100,seal_entropy,0.7496123289626245,0.8488151458930681
Economic,5936021067ec90f1500d6595,137,481,100,spectral_entropy,0.91682204738733,
Economic,5936021067ec90f1500d6595,137,481,80,spectral_entropy,0.8813888551657156,
Economic,5936021067ec90f1500d6595,137,481,60,spectral_entropy,0.8727472326411125,
Economic,5936021067ec90f1500d6595,137,481,40,spectral_entropy,0.8913073426091749,
Economic,5936021067ec90f1500d6595,137,481,20,spectral_entropy,0.956268221574344,
Economic,5936021067ec90f1500d6595,137,481,100,adamic_adar_entropy,1.9400612999618698,0.8142903645833335
Economic,5936021067ec90f1500d6595,137,481,100,seal_entropy,0.7575409657777543,0.7866753472222222

