domain,name,n_nodes,n_edges,level,measure,value,auc
Biological,Aishihik_Lake_host-parasite_web_Aishihik_Lake_host-parasite_web,36,78,100,spectral_entropy,0.5755102040816327,
Biological,Aishihik_Lake_host-parasite_web_Aishihik_Lake_host-parasite_web,36,78,80,spectral_entropy,0.6387096774193548,
Biological,Aishihik_Lake_host-parasite_web_Aishihik_Lake_host-parasite_web,36,78,60,spectral_entropy,0.7150153217568948,
Biological,Aishihik_Lake_host-parasite_web_Aishihik_Lake_host-parasite_web,36,78,40,spectral_entropy,0.9401709401709403,
Biological,Aishihik_Lake_host-parasite_web_Aishihik_Lake_host-parasite_web,36,78,20,spectral_entropy,0.9473684210526315,
Biological,Aishihik_Lake_host-parasite_web_Aishihik_Lake_host-parasite_web,36,78,100,adamic_adar_entropy,-0.0,0.26666666666666666
Biological,Aishihik_Lake_host-parasite_web_Aishihik_Lake_host-parasite_web,36,78,100,seal_entropy,0.6095778274659723,0.9155555555555556
Biological,Arroyo_plant-pollinator_web_Elevation_1,182,363,100,spectral_entropy,0.8133157837007787,
Biological,Arroyo_plant-pollinator_web_Elevation_1,182,363,80,spectral_entropy,0.8335807600950118,
Biological,Arroyo_plant-pollinator_web_Elevation_1,182,363,60,spectral_entropy,0.8307722811539605,
Biological,Arroyo_plant-pollinator_web_Elevation_1,182,363,40,spectral_entropy,0.9085746734809768,
Biological,Arroyo_plant-pollinator_web_Elevation_1,182,363,20,spectral_entropy,0.8172261783655477,
Biological,Arroyo_plant-pollinator_web_Elevation_1,182,363,100,adamic_adar_entropy,-0.0,0.4722222222222222
Biological,Arroyo_plant-pollinator_web_Elevation_1,182,363,100,seal_entropy,0.7756219539028928,0.8817515432098766
Biological,Arroyo_plant-pollinator_web_Elevation_2,97,179,100,spectral_entropy,0.8695095402740428,
Biological,Arroyo_plant-pollinator_web_Elevation_2,97,179,80,spectral_entropy,0.8981233243967829,
Biological,Arroyo_plant-pollinator_web_Elevation_2,97,179,60,spectral_entropy,0.9170709170709171,
Biological,Arroyo_plant-pollinator_web_Elevation_2,97,179,40,spectral_entropy,0.9594912859161564,
Biological,Arroyo_plant-pollinator_web_Elevation_2,97,179,20,spectral_entropy,0.872210953346856,
Biological,Arroyo_plant-pollinator_web_Elevation_2,97,179,100,adamic_adar_entropy,-0.0,0.4285714285714286
Biological,Arroyo_plant-pollinator_web_Elevation_2,97,179,100,seal_entropy,0.7666867526063451,0.8620408163265306
Biological,Arroyo_plant-pollinator_web_Elevation_3,65,85,100,spectral_entropy,0.782635279730969,
Biological,Arroyo_plant-pollinator_web_Elevation_3,65,85,80,spectral_entropy,0.7922392886014551,
Biological,Arroyo_plant-pollinator_web_Elevation_3,65,85,60,spectral_entropy,0.9133765468473778,
Biological,Arroyo_plant-pollinator_web_Elevation_3,65,85,40,spectral_entropy,1.0049850448654039,
Biological,Arroyo_plant-pollinator_web_Elevation_3,65,85,20,spectral_entropy,0.9787234042553191,
Biological,Arroyo_plant-pollinator_web_Elevation_3,65,85,100,adamic_adar_entropy,,0.4117647058823529
Biological,Arroyo_plant-pollinator_web_Elevation_3,65,85,100,seal_entropy,0.8111850416977618,0.7923875432525952
Biological,Barrett_Helenurm_plant-pollinator_web_Barrett_Helenurm_plant-pollinator_web,112,166,100,spectral_entropy,0.5179010658649905,
Biological,Barrett_Helenurm_plant-pollinator_web_Barrett_Helenurm_plant-pollinator_web,112,166,80,spectral_entropy,0.4593707778421154,
Biological,Barrett_Helenurm_plant-pollinator_web_Barrett_Helenurm_plant-pollinator_web,112,166,60,spectral_entropy,0.5335579893288401,
Biological,Barrett_Helenurm_plant-pollinator_web_Barrett_Helenurm_plant-pollinator_web,112,166,40,spectral_entropy,0.6688341848583371,
Biological,Barrett_Helenurm_plant-pollinator_web_Barrett_Helenurm_plant-pollinator_web,112,166,20,spectral_entropy,0.8368200836820084,
Biological,Barrett_Helenurm_plant-pollinator_web_Barrett_Helenurm_plant-pollinator_web,112,166,100,adamic_adar_entropy,-0.0,0.3484848484848485
Biological,Barrett_Helenurm_plant-pollinator_web_Barrett_Helenurm_plant-pollinator_web,112,166,100,seal_entropy,0.45843935795803264,0.9710743801652892
Biological,Beehler_seed-disperser_web_Beehler_seed-disperser_web,40,119,100,spectral_entropy,0.7336220898754738,
Biological,Beehler_seed-disperser_web_Beehler_seed-disperser_web,40,119,80,spectral_entropy,0.7323340471092077,
Biological,Beehler_seed-disperser_web_Beehler_seed-disperser_web,40,119,60,spectral_entropy,0.5283911671924291,
Biological,Beehler_seed-disperser_web_Beehler_seed-disperser_web,40,119,40,spectral_entropy,0.6619718309859155,
Biological,Beehler_seed-disperser_web_Beehler_seed-disperser_web,40,119,20,spectral_entropy,0.9056603773584906,
Biological,Beehler_seed-disperser_web_Beehler_seed-disperser_web,40,119,100,adamic_adar_entropy,-0.0,0.19565217391304346
Biological,Beehler_seed-disperser_web_Beehler_seed-disperser_web,40,119,100,seal_entropy,0.5183260377227583,0.9432892249527411
Biological,Binary_interactomes_various species_2012_A_thaliana_mustard_binary_hq,297,560,100,spectral_entropy,0.61994522313517,
Biological,Binary_interactomes_various species_2012_A_thaliana_mustard_binary_hq,297,560,80,spectral_entropy,0.6034525156150101,
Biological,Binary_interactomes_various species_2012_A_thaliana_mustard_binary_hq,297,560,60,spectral_entropy,0.683949675943576,
Biological,Binary_interactomes_various species_2012_A_thaliana_mustard_binary_hq,297,560,40,spectral_entropy,0.8298342541436464,
Biological,Binary_interactomes_various species_2012_A_thaliana_mustard_binary_hq,297,560,20,spectral_entropy,0.8715934200834765,
Biological,Binary_interactomes_various species_2012_A_thaliana_mustard_binary_hq,297,560,100,adamic_adar_entropy,5.9502207861292495,0.6023596938775511
Biological,Binary_interactomes_various species_2012_A_thaliana_mustard_binary_hq,297,560,100,seal_entropy,0.60252249389338,0.8655931122448979
Biological,Binary_interactomes_various species_2012_A_thaliana_mustard_binary_lc,297,560,100,spectral_entropy,0.6200651003899578,
Biological,Binary_interactomes_various species_2012_A_thaliana_mustard_binary_lc,297,560,80,spectral_entropy,0.6016108437285139,
Biological,Binary_interactomes_various species_2012_A_thaliana_mustard_binary_lc,297,560,60,spectral_entropy,0.691237192231228,
Biological,Binary_interactomes_various species_2012_A_thaliana_mustard_binary_lc,297,560,40,spectral_entropy,0.8281596452328159,
Biological,Binary_interactomes_various species_2012_A_thaliana_mustard_binary_lc,297,560,20,spectral_entropy,0.8492822966507177,
Biological,Binary_interactomes_various species_2012_A_thaliana_mustard_binary_lc,297,560,100,adamic_adar_entropy,3.22273821129423,0.6023596938775511
Biological,Binary_interactomes_various species_2012_A_thaliana_mustard_binary_lc,297,560,100,seal_entropy,0.6040749967259428,0.8655931122448979
Biological,Binary_interactomes_various species_2012_A_thaliana_mustard_cocomp_hq,128,134,100,spectral_entropy,0.345553411682161,
Biological,Binary_interactomes_various species_2012_A_thaliana_mustard_cocomp_hq,128,134,80,spectral_entropy,0.22672243011226062,
Biological,Binary_interactomes_various species_2012_A_thaliana_mustard_cocomp_hq,128,134,60,spectral_entropy,0.12769353551476456,
Biological,Binary_interactomes_various species_2012_A_thaliana_mustard_cocomp_hq,128,134,40,spectral_entropy,0.12810248198558846,
Biological,Binary_interactomes_various species_2012_A_thaliana_mustard_cocomp_hq,128,134,20,spectral_entropy,0.6025492468134415,
Biological,Binary_interactomes_various species_2012_A_thaliana_mustard_cocomp_hq,128,134,100,adamic_adar_entropy,,0.3069526627218935
Biological,Binary_interactomes_various species_2012_A_thaliana_mustard_cocomp_hq,128,134,100,seal_entropy,0.26035243805221725,0.9911242603550295
Biological,Binary_interactomes_various species_2012_C_elegans_nematode_binary_lc,50,53,100,spectral_entropy,0.7708665603402446,
Biological,Binary_interactomes_various species_2012_C_elegans_nematode_binary_lc,50,53,80,spectral_entropy,0.8268229166666667,
Biological,Binary_interactomes_various species_2012_C_elegans_nematode_binary_lc,50,53,60,spectral_entropy,0.8930232558139535,
Biological,Binary_interactomes_various species_2012_C_elegans_nematode_binary_lc,50,53,40,spectral_entropy,1.047040971168437,
Biological,Binary_interactomes_various species_2012_C_elegans_nematode_binary_lc,50,53,20,spectral_entropy,0.8849557522123893,
Biological,Binary_interactomes_various species_2012_C_elegans_nematode_binary_lc,50,53,100,adamic_adar_entropy,,0.4
Biological,Binary_interactomes_various species_2012_C_elegans_nematode_binary_lc,50,53,100,seal_entropy,0.9315520459418734,0.78
Biological,Binary_interactomes_various species_2012_D_melanogaster_fly_cocomp_hq,26,56,100,spectral_entropy,0.7997481108312342,
Biological,Binary_interactomes_various species_2012_D_melanogaster_fly_cocomp_hq,26,56,80,spectral_entropy,0.8690744920993229,
Biological,Binary_interactomes_various species_2012_D_melanogaster_fly_cocomp_hq,26,56,60,spectral_entropy,0.8561020036429873,
Biological,Binary_interactomes_various species_2012_D_melanogaster_fly_cocomp_hq,26,56,40,spectral_entropy,0.9428571428571428,
Biological,Binary_interactomes_various species_2012_D_melanogaster_fly_cocomp_hq,26,56,20,spectral_entropy,1.0185185185185184,
Biological,Binary_interactomes_various species_2012_D_melanogaster_fly_cocomp_hq,26,56,100,adamic_adar_entropy,1.3514764695717627,0.6859504132231405
Biological,Binary_interactomes_various species_2012_D_melanogaster_fly_cocomp_hq,26,56,100,seal_entropy,0.6032808170870616,0.7851239669421487
Biological,Binary_interactomes_various species_2012_E_coli_K12_binary_hq,32,37,100,spectral_entropy,0.9259259259259259,
Biological,Binary_interactomes_various species_2012_E_coli_K12_binary_hq,32,37,80,spectral_entropy,1.013986013986014,
Biological,Binary_interactomes_various species_2012_E_coli_K12_binary_hq,32,37,60,spectral_entropy,0.9786476868327402,
Biological,Binary_interactomes_various species_2012_E_coli_K12_binary_hq,32,37,40,spectral_entropy,0.9900990099009901,
Biological,Binary_interactomes_various species_2012_E_coli_K12_binary_hq,32,37,20,spectral_entropy,0.96,
Biological,Binary_interactomes_various species_2012_E_coli_K12_binary_hq,32,37,100,adamic_adar_entropy,,0.5714285714285714
Biological,Binary_interactomes_various species_2012_E_coli_K12_binary_hq,32,37,100,seal_entropy,0.8866950819254699,0.7959183673469388
Biological,Binary_interactomes_various species_2012_E_coli_K12_binary_lc,32,37,100,spectral_entropy,0.9228187919463087,
Biological,Binary_interactomes_various species_2012_E_coli_K12_binary_lc,32,37,80,spectral_entropy,1.0171568627450982,
Biological,Binary_interactomes_various species_2012_E_coli_K12_binary_lc,32,37,60,spectral_entropy,0.935374149659864,
Biological,Binary_interactomes_various species_2012_E_coli_K12_binary_lc,32,37,40,spectral_entropy,1.0621761658031088,
Biological,Binary_interactomes_various species_2012_E_coli_K12_binary_lc,32,37,20,spectral_entropy,1.04,
Biological,Binary_interactomes_various species_2012_E_coli_K12_binary_lc,32,37,100,adamic_adar_entropy,,0.5714285714285714
Biological,Binary_interactomes_various species_2012_E_coli_K12_binary_lc,32,37,100,seal_entropy,1.0506751645750858,0.7959183673469388
Biological,Binary_interactomes_various species_2012_E_coli_K12_cocomp_hq,974,2299,100,spectral_entropy,0.8654326538768985,
Biological,Binary_interactomes_various species_2012_E_coli_K12_cocomp_hq,974,2299,80,spectral_entropy,0.837716554286288,
Biological,Binary_interactomes_various species_2012_E_coli_K12_cocomp_hq,974,2299,60,spectral_entropy,0.8444366010765022,
Biological,Binary_interactomes_various species_2012_E_coli_K12_cocomp_hq,974,2299,40,spectral_entropy,0.8997641946196867,
Biological,Binary_interactomes_various species_2012_E_coli_K12_cocomp_hq,974,2299,20,spectral_entropy,0.835866656273547,
Biological,Binary_interactomes_various species_2012_E_coli_K12_cocomp_hq,974,2299,100,adamic_adar_entropy,24.219069570240666,0.662632131041717
Biological,Binary_interactomes_various species_2012_E_coli_K12_cocomp_hq,974,2299,100,seal_entropy,0.7326823191653452,0.8925484500263432
Biological,Binary_interactomes_various species_2012_H_sapiens_human_binary_lc,3155,5648,100,spectral_entropy,0.8088076469086617,
Biological,Binary_interactomes_various species_2012_H_sapiens_human_binary_lc,3155,5648,80,spectral_entropy,0.7951419811952743,
Biological,Binary_interactomes_various species_2012_H_sapiens_human_binary_lc,3155,5648,60,spectral_entropy,0.8259287291729307,
Biological,Binary_interactomes_various species_2012_H_sapiens_human_binary_lc,3155,5648,40,spectral_entropy,0.9131205673758864,
Biological,Binary_interactomes_various species_2012_H_sapiens_human_binary_lc,3155,5648,20,spectral_entropy,0.9031728707552501,
Biological,Binary_interactomes_various species_2012_H_sapiens_human_binary_lc,3155,5648,100,adamic_adar_entropy,39.389949016889226,0.6281384327037967
Biological,Binary_interactomes_various species_2012_H_sapiens_human_binary_lc,3155,5648,100,seal_entropy,0.7097108346237602,0.9000087083343468
Biological,Binary_interactomes_various species_2012_M_musculus_mouse_binary_hq,705,1243,100,spectral_entropy,0.770757853987791,
Biological,Binary_interactomes_various species_2012_M_musculus_mouse_binary_hq,705,1243,80,spectral_entropy,0.7639100152109519,
Biological,Binary_interactomes_various species_2012_M_musculus_mouse_binary_hq,705,1243,60,spectral_entropy,0.797444700360697,
Biological,Binary_interactomes_various species_2012_M_musculus_mouse_binary_hq,705,1243,40,spectral_entropy,0.8939110834297239,
Biological,Binary_interactomes_various species_2012_M_musculus_mouse_binary_hq,705,1243,20,spectral_entropy,0.8600973901624993,
Biological,Binary_interactomes_various species_2012_M_musculus_mouse_binary_hq,705,1243,100,adamic_adar_entropy,25.521008096593057,0.580027315296566
Biological,Binary_interactomes_various species_2012_M_musculus_mouse_binary_hq,705,1243,100,seal_entropy,0.7930859018614124,0.817654136316337
Biological,Binary_interactomes_various species_2012_M_musculus_mouse_binary_ht,537,1028,100,spectral_entropy,0.7965213023138991,
Biological,Binary_interactomes_various species_2012_M_musculus_mouse_binary_ht,537,1028,80,spectral_entropy,0.7898384286393157,
Biological,Binary_interactomes_various species_2012_M_musculus_mouse_binary_ht,537,1028,60,spectral_entropy,0.8184311863691512,
Biological,Binary_interactomes_various species_2012_M_musculus_mouse_binary_ht,537,1028,40,spectral_entropy,0.9037725145369451,
Biological,Binary_interactomes_various species_2012_M_musculus_mouse_binary_ht,537,1028,20,spectral_entropy,0.9157458563535912,
Biological,Binary_interactomes_various species_2012_M_musculus_mouse_binary_ht,537,1028,100,adamic_adar_entropy,8.792832723593841,0.5793813206424747
Biological,Binary_interactomes_various species_2012_M_musculus_mouse_binary_ht,537,1028,100,seal_entropy,0.7018508303004515,0.857180249851279
Biological,Binary_interactomes_various species_2012_M_musculus_mouse_binary_lc,81,108,100,spectral_entropy,0.7398190045248869,
Biological,Binary_interactomes_various species_2012_M_musculus_mouse_binary_lc,81,108,80,spectral_entropy,0.8175033921302578,
Biological,Binary_interactomes_various species_2012_M_musculus_mouse_binary_lc,81,108,60,spectral_entropy,0.8826429980276134,
Biological,Binary_interactomes_various species_2012_M_musculus_mouse_binary_lc,81,108,40,spectral_entropy,0.8975377283558379,
Biological,Binary_interactomes_various species_2012_M_musculus_mouse_binary_lc,81,108,20,spectral_entropy,1.0,
Biological,Binary_interactomes_various species_2012_M_musculus_mouse_binary_lc,81,108,100,adamic_adar_entropy,2.658054352647982,0.6258503401360543
Biological,Binary_interactomes_various species_2012_M_musculus_mouse_binary_lc,81,108,100,seal_entropy,0.8729818254902022,0.6734693877551019
Biological,Binary_interactomes_various species_2012_M_musculus_mouse_cocomp_hq,890,1329,100,spectral_entropy,0.6852539564646061,
Biological,Binary_interactomes_various species_2012_M_musculus_mouse_cocomp_hq,890,1329,80,spectral_entropy,0.6698506373011286,
Biological,Binary_interactomes_various species_2012_M_musculus_mouse_cocomp_hq,890,1329,60,spectral_entropy,0.7067289949563292,
Biological,Binary_interactomes_various species_2012_M_musculus_mouse_cocomp_hq,890,1329,40,spectral_entropy,0.8488469420151817,
Biological,Binary_interactomes_various species_2012_M_musculus_mouse_cocomp_hq,890,1329,20,spectral_entropy,0.9012969883490878,
Biological,Binary_interactomes_various species_2012_M_musculus_mouse_cocomp_hq,890,1329,100,adamic_adar_entropy,19.69804858035345,0.631306514773941
Biological,Binary_interactomes_various species_2012_M_musculus_mouse_cocomp_hq,890,1329,100,seal_entropy,0.7172966698473099,0.8996368814524742
Biological,Binary_interactomes_various species_2012_R_norvegicus_rat_cocomp_hq,104,117,100,spectral_entropy,0.7878411910669975,
Biological,Binary_interactomes_various species_2012_R_norvegicus_rat_cocomp_hq,104,117,80,spectral_entropy,0.7786666666666666,
Biological,Binary_interactomes_various species_2012_R_norvegicus_rat_cocomp_hq,104,117,60,spectral_entropy,0.8841940532081377,
Biological,Binary_interactomes_various species_2012_R_norvegicus_rat_cocomp_hq,104,117,40,spectral_entropy,0.9993468321358588,
Biological,Binary_interactomes_various species_2012_R_norvegicus_rat_cocomp_hq,104,117,20,spectral_entropy,0.9419152276295133,
Biological,Binary_interactomes_various species_2012_R_norvegicus_rat_cocomp_hq,104,117,100,adamic_adar_entropy,,0.500945179584121
Biological,Binary_interactomes_various species_2012_R_norvegicus_rat_cocomp_hq,104,117,100,seal_entropy,0.8164050736257739,0.7665406427221172
Biological,Binary_interactomes_various species_2012_S_pombe_972H_fission_yeast_binary_hq,129,153,100,spectral_entropy,0.8335809806835067,
Biological,Binary_interactomes_various species_2012_S_pombe_972H_fission_yeast_binary_hq,129,153,80,spectral_entropy,0.8811398575178103,
Biological,Binary_interactomes_various species_2012_S_pombe_972H_fission_yeast_binary_hq,129,153,60,spectral_entropy,0.8996188055908514,
Biological,Binary_interactomes_various species_2012_S_pombe_972H_fission_yeast_binary_hq,129,153,40,spectral_entropy,0.9981378026070763,
Biological,Binary_interactomes_various species_2012_S_pombe_972H_fission_yeast_binary_hq,129,153,20,spectral_entropy,1.0335689045936396,
Biological,Binary_interactomes_various species_2012_S_pombe_972H_fission_yeast_binary_hq,129,153,100,adamic_adar_entropy,1.0,0.4994444444444444
Biological,Binary_interactomes_various species_2012_S_pombe_972H_fission_yeast_binary_hq,129,153,100,seal_entropy,0.9306901647960262,0.6172222222222221
Biological,Binary_interactomes_various species_2012_S_pombe_972H_fission_yeast_binary_ht,96,114,100,spectral_entropy,0.8282531006937145,
Biological,Binary_interactomes_various species_2012_S_pombe_972H_fission_yeast_binary_ht,96,114,80,spectral_entropy,0.8654353562005277,
Biological,Binary_interactomes_various species_2012_S_pombe_972H_fission_yeast_binary_ht,96,114,60,spectral_entropy,0.835740817168799,
Biological,Binary_interactomes_various species_2012_S_pombe_972H_fission_yeast_binary_ht,96,114,40,spectral_entropy,1.0221992772328343,
Biological,Binary_interactomes_various species_2012_S_pombe_972H_fission_yeast_binary_ht,96,114,20,spectral_entropy,0.9254498714652957,
Biological,Binary_interactomes_various species_2012_S_pombe_972H_fission_yeast_binary_ht,96,114,100,adamic_adar_entropy,,0.45454545454545453
Biological,Binary_interactomes_various species_2012_S_pombe_972H_fission_yeast_binary_ht,96,114,100,seal_entropy,0.9861364237598053,0.53099173553719
Biological,Binary_interactomes_various species_2012_S_pombe_972H_fission_yeast_binary_lc,28,56,100,spectral_entropy,0.8077695914266577,
Biological,Binary_interactomes_various species_2012_S_pombe_972H_fission_yeast_binary_lc,28,56,80,spectral_entropy,0.8395677472984207,
Biological,Binary_interactomes_various species_2012_S_pombe_972H_fission_yeast_binary_lc,28,56,60,spectral_entropy,0.8576642335766423,
Biological,Binary_interactomes_various species_2012_S_pombe_972H_fission_yeast_binary_lc,28,56,40,spectral_entropy,0.8743169398907104,
Biological,Binary_interactomes_various species_2012_S_pombe_972H_fission_yeast_binary_lc,28,56,20,spectral_entropy,1.0666666666666667,
Biological,Binary_interactomes_various species_2012_S_pombe_972H_fission_yeast_binary_lc,28,56,100,adamic_adar_entropy,1.1661261891384185,0.793388429752066
Biological,Binary_interactomes_various species_2012_S_pombe_972H_fission_yeast_binary_lc,28,56,100,seal_entropy,0.9059728783410804,0.6694214876033058
Biological,Binary_interactomes_various species_2012_S_pombe_972H_fission_yeast_cocomp_hq,90,118,100,spectral_entropy,0.5992201928996511,
Biological,Binary_interactomes_various species_2012_S_pombe_972H_fission_yeast_cocomp_hq,90,118,80,spectral_entropy,0.5691318327974276,
Biological,Binary_interactomes_various species_2012_S_pombe_972H_fission_yeast_cocomp_hq,90,118,60,spectral_entropy,0.47619047619047616,
Biological,Binary_interactomes_various species_2012_S_pombe_972H_fission_yeast_cocomp_hq,90,118,40,spectral_entropy,0.8921161825726142,
Biological,Binary_interactomes_various species_2012_S_pombe_972H_fission_yeast_cocomp_hq,90,118,20,spectral_entropy,1.0309278350515463,
Biological,Binary_interactomes_various species_2012_S_pombe_972H_fission_yeast_cocomp_hq,90,118,100,adamic_adar_entropy,2.340590609093672,0.5982986767485823
Biological,Binary_interactomes_various species_2012_S_pombe_972H_fission_yeast_cocomp_hq,90,118,100,seal_entropy,0.6861932915059326,0.8260869565217391
Biological,Bluthgen_plant-ant_web_Bluthgen_plant-ant_web,92,285,100,spectral_entropy,0.8390367553865653,
Biological,Bluthgen_plant-ant_web_Bluthgen_plant-ant_web,92,285,80,spectral_entropy,0.809553739786298,
Biological,Bluthgen_plant-ant_web_Bluthgen_plant-ant_web,92,285,60,spectral_entropy,0.8542886668963141,
Biological,Bluthgen_plant-ant_web_Bluthgen_plant-ant_web,92,285,40,spectral_entropy,0.8669179472310815,
Biological,Bluthgen_plant-ant_web_Bluthgen_plant-ant_web,92,285,20,spectral_entropy,0.6751054852320676,
Biological,Bluthgen_plant-ant_web_Bluthgen_plant-ant_web,92,285,100,adamic_adar_entropy,-0.0,0.35964912280701755
Biological,Bluthgen_plant-ant_web_Bluthgen_plant-ant_web,92,285,100,seal_entropy,0.705020443959568,0.8778085564789166
Biological,C_elegans_interactomes_2009_BPmaps_scaffold,345,400,100,spectral_entropy,0.734208174591976,
Biological,C_elegans_interactomes_2009_BPmaps_scaffold,345,400,80,spectral_entropy,0.7447373076242703,
Biological,C_elegans_interactomes_2009_BPmaps_scaffold,345,400,60,spectral_entropy,0.8115588115588116,
Biological,C_elegans_interactomes_2009_BPmaps_scaffold,345,400,40,spectral_entropy,0.9591247530770399,
Biological,C_elegans_interactomes_2009_BPmaps_scaffold,345,400,20,spectral_entropy,0.95523765574527,
Biological,C_elegans_interactomes_2009_BPmaps_scaffold,345,400,100,adamic_adar_entropy,0.9901976254204637,0.5125
Biological,C_elegans_interactomes_2009_BPmaps_scaffold,345,400,100,seal_entropy,0.9463876006784545,0.7409375
Biological,C_elegans_interactomes_2009_Genetic,683,1543,100,spectral_entropy,0.7885530711392729,
Biological,C_elegans_interactomes_2009_Genetic,683,1543,80,spectral_entropy,0.774407405091,
Biological,C_elegans_interactomes_2009_Genetic,683,1543,60,spectral_entropy,0.7972319820221513,
Biological,C_elegans_interactomes_2009_Genetic,683,1543,40,spectral_entropy,0.872860155981753,
Biological,C_elegans_interactomes_2009_Genetic,683,1543,20,spectral_entropy,0.8753851057048763,
Biological,C_elegans_interactomes_2009_Genetic,683,1543,100,adamic_adar_entropy,18.36283551016158,0.759750801146905
Biological,C_elegans_interactomes_2009_Genetic,683,1543,100,seal_entropy,0.6943284088839329,0.8802074548827795
Biological,C_elegans_interactomes_2009_LCI_lit,117,123,100,spectral_entropy,0.3145253526496378,
Biological,C_elegans_interactomes_2009_LCI_lit,117,123,80,spectral_entropy,0.24731644482610562,
Biological,C_elegans_interactomes_2009_LCI_lit,117,123,60,spectral_entropy,0.13115468409586056,
Biological,C_elegans_interactomes_2009_LCI_lit,117,123,40,spectral_entropy,0.14425244177310292,
Biological,C_elegans_interactomes_2009_LCI_lit,117,123,20,spectral_entropy,0.7287449392712552,
Biological,C_elegans_interactomes_2009_LCI_lit,117,123,100,adamic_adar_entropy,1.656047115670923,0.4652777777777778
Biological,C_elegans_interactomes_2009_LCI_lit,117,123,100,seal_entropy,0.11252080039664358,0.9826388888888888
Biological,C_elegans_interactomes_2009_WI-2004,1084,1602,100,spectral_entropy,0.7520960965407467,
Biological,C_elegans_interactomes_2009_WI-2004,1084,1602,80,spectral_entropy,0.7339096388192337,
Biological,C_elegans_interactomes_2009_WI-2004,1084,1602,60,spectral_entropy,0.7886218159980078,
Biological,C_elegans_interactomes_2009_WI-2004,1084,1602,40,spectral_entropy,0.8915342867329556,
Biological,C_elegans_interactomes_2009_WI-2004,1084,1602,20,spectral_entropy,0.921316542268109,
Biological,C_elegans_interactomes_2009_WI-2004,1084,1602,100,adamic_adar_entropy,,0.533427734375
Biological,C_elegans_interactomes_2009_WI-2004,1084,1602,100,seal_entropy,0.7967928305901698,0.8631591796875
Biological,C_elegans_interactomes_2009_WI-2007,1108,1500,100,spectral_entropy,0.7135749397974008,
Biological,C_elegans_interactomes_2009_WI-2007,1108,1500,80,spectral_entropy,0.7039461829539312,
Biological,C_elegans_interactomes_2009_WI-2007,1108,1500,60,spectral_entropy,0.7348463446024422,
Biological,C_elegans_interactomes_2009_WI-2007,1108,1500,40,spectral_entropy,0.8701420989556582,
Biological,C_elegans_interactomes_2009_WI-2007,1108,1500,20,spectral_entropy,0.9409691629955947,
Biological,C_elegans_interactomes_2009_WI-2007,1108,1500,100,adamic_adar_entropy,12.65989050730363,0.5453333333333333
Biological,C_elegans_interactomes_2009_WI-2007,1108,1500,100,seal_entropy,0.7997865565561909,0.8721388888888888
Biological,C_elegans_interactomes_2009_WI8,2214,3538,100,spectral_entropy,0.7741649423588531,
Biological,C_elegans_interactomes_2009_WI8,2214,3538,80,spectral_entropy,0.7672576451868147,
Biological,C_elegans_interactomes_2009_WI8,2214,3538,60,spectral_entropy,0.8233562103531145,
Biological,C_elegans_interactomes_2009_WI8,2214,3538,40,spectral_entropy,0.9046987029585466,
Biological,C_elegans_interactomes_2009_WI8,2214,3538,20,spectral_entropy,0.9403825776588032,
Biological,C_elegans_interactomes_2009_WI8,2214,3538,100,adamic_adar_entropy,17.593176137438302,0.5416215697140536
Biological,C_elegans_interactomes_2009_WI8,2214,3538,100,seal_entropy,0.8080832372328842,0.8829826607635506
Biological,C_elegans_neurons_1986_C_elegans_Metabolic,297,2148,100,spectral_entropy,0.9028102293447684,
Biological,C_elegans_neurons_1986_C_elegans_Metabolic,297,2148,80,spectral_entropy,0.8527636554884921,
Biological,C_elegans_neurons_1986_C_elegans_Metabolic,297,2148,60,spectral_entropy,0.7952619338562813,
Biological,C_elegans_neurons_1986_C_elegans_Metabolic,297,2148,40,spectral_entropy,0.7932362734216883,
Biological,C_elegans_neurons_1986_C_elegans_Metabolic,297,2148,20,spectral_entropy,0.8754567600487211,
Biological,C_elegans_neurons_1986_C_elegans_Metabolic,297,2148,100,adamic_adar_entropy,1.8309547600408673,0.8350992441901532
Biological,C_elegans_neurons_1986_C_elegans_Metabolic,297,2148,100,seal_entropy,0.7674013793412277,0.8910460169201428
Biological,C_elegans_pharynx_2011_Worm_c_elegans_herm_pharynx_1,279,2287,100,spectral_entropy,0.9313392250169952,
Biological,C_elegans_pharynx_2011_Worm_c_elegans_herm_pharynx_1,279,2287,80,spectral_entropy,0.8936896632917354,
Biological,C_elegans_pharynx_2011_Worm_c_elegans_herm_pharynx_1,279,2287,60,spectral_entropy,0.8531219105588618,
Biological,C_elegans_pharynx_2011_Worm_c_elegans_herm_pharynx_1,279,2287,40,spectral_entropy,0.8628519527702089,
Biological,C_elegans_pharynx_2011_Worm_c_elegans_herm_pharynx_1,279,2287,20,spectral_entropy,0.8769589863287763,
Biological,C_elegans_pharynx_2011_Worm_c_elegans_herm_pharynx_1,279,2287,100,adamic_adar_entropy,1.591097801368935,0.8512154714650297
Biological,C_elegans_pharynx_2011_Worm_c_elegans_herm_pharynx_1,279,2287,100,seal_entropy,0.7500040926025489,0.8832314255754157
Biological,C_elegans_posterior_nervous_system_Worm_c_elegans_neural_male_1,269,2902,100,spectral_entropy,0.9385852746903538,
Biological,C_elegans_posterior_nervous_system_Worm_c_elegans_neural_male_1,269,2902,80,spectral_entropy,0.8814381899586451,
Biological,C_elegans_posterior_nervous_system_Worm_c_elegans_neural_male_1,269,2902,60,spectral_entropy,0.8532461258315062,
Biological,C_elegans_posterior_nervous_system_Worm_c_elegans_neural_male_1,269,2902,40,spectral_entropy,0.8469907245972522,
Biological,C_elegans_posterior_nervous_system_Worm_c_elegans_neural_male_1,269,2902,20,spectral_entropy,0.8948450077067991,
Biological,C_elegans_posterior_nervous_system_Worm_c_elegans_neural_male_1,269,2902,100,adamic_adar_entropy,1.0414347729923157,0.9139506539833531
Biological,C_elegans_posterior_nervous_system_Worm_c_elegans_neural_male_1,269,2902,100,seal_entropy,0.6940242558446573,0.9257491082045185
Biological,Clements_Long_plant-pollinator_web_Clements_Long_plant-pollinator_web,361,918,100,spectral_entropy,0.7926772257232081,
Biological,Clements_Long_plant-pollinator_web_Clements_Long_plant-pollinator_web,361,918,80,spectral_entropy,0.7445906326476217,
Biological,Clements_Long_plant-pollinator_web_Clements_Long_plant-pollinator_web,361,918,60,spectral_entropy,0.6843755764619074,
Biological,Clements_Long_plant-pollinator_web_Clements_Long_plant-pollinator_web,361,918,40,spectral_entropy,0.7238085508504878,
Biological,Clements_Long_plant-pollinator_web_Clements_Long_plant-pollinator_web,361,918,20,spectral_entropy,0.8264711789515967,
Biological,Clements_Long_plant-pollinator_web_Clements_Long_plant-pollinator_web,361,918,100,adamic_adar_entropy,-0.0,0.43169398907103823
Biological,Clements_Long_plant-pollinator_web_Clements_Long_plant-pollinator_web,361,918,100,seal_entropy,0.6420567693432658,0.9344411597838096
Biological,Cold_Lake_host-parasite_web_Cold_Lake,50,91,100,spectral_entropy,0.8181265206812651,
Biological,Cold_Lake_host-parasite_web_Cold_Lake,50,91,80,spectral_entropy,0.6980802792321117,
Biological,Cold_Lake_host-parasite_web_Cold_Lake,50,91,60,spectral_entropy,0.875,
Biological,Cold_Lake_host-parasite_web_Cold_Lake,50,91,40,spectral_entropy,0.8774834437086093,
Biological,Cold_Lake_host-parasite_web_Cold_Lake,50,91,20,spectral_entropy,0.8627450980392157,
Biological,Cold_Lake_host-parasite_web_Cold_Lake,50,91,100,adamic_adar_entropy,,0.3888888888888889
Biological,Cold_Lake_host-parasite_web_Cold_Lake,50,91,100,seal_entropy,0.7910013394525958,0.8734567901234568
Biological,Dupont_plant-pollinator_web_Dupont_plant-pollinator_web,49,106,100,spectral_entropy,0.8757961783439491,
Biological,Dupont_plant-pollinator_web_Dupont_plant-pollinator_web,49,106,80,spectral_entropy,0.8260373049105444,
Biological,Dupont_plant-pollinator_web_Dupont_plant-pollinator_web,49,106,60,spectral_entropy,0.8650742414460942,
Biological,Dupont_plant-pollinator_web_Dupont_plant-pollinator_web,49,106,40,spectral_entropy,0.8324324324324325,
Biological,Dupont_plant-pollinator_web_Dupont_plant-pollinator_web,49,106,20,spectral_entropy,0.9582309582309582,
Biological,Dupont_plant-pollinator_web_Dupont_plant-pollinator_web,49,106,100,adamic_adar_entropy,,0.35714285714285715
Biological,Dupont_plant-pollinator_web_Dupont_plant-pollinator_web,49,106,100,seal_entropy,0.6897489796435451,0.909297052154195
Biological,Elberling_Olesen_plant-pollinator_web_Elberling_Olesen_plant-pollinator_web,141,238,100,spectral_entropy,0.7476385671003386,
Biological,Elberling_Olesen_plant-pollinator_web_Elberling_Olesen_plant-pollinator_web,141,238,80,spectral_entropy,0.6992245952931574,
Biological,Elberling_Olesen_plant-pollinator_web_Elberling_Olesen_plant-pollinator_web,141,238,60,spectral_entropy,0.7292707292707292,
Biological,Elberling_Olesen_plant-pollinator_web_Elberling_Olesen_plant-pollinator_web,141,238,40,spectral_entropy,0.8058394160583942,
Biological,Elberling_Olesen_plant-pollinator_web_Elberling_Olesen_plant-pollinator_web,141,238,20,spectral_entropy,0.9227967953386744,
Biological,Elberling_Olesen_plant-pollinator_web_Elberling_Olesen_plant-pollinator_web,141,238,100,adamic_adar_entropy,-0.0,0.425531914893617
Biological,Elberling_Olesen_plant-pollinator_web_Elberling_Olesen_plant-pollinator_web,141,238,100,seal_entropy,0.6728908498152009,0.8804889090086012
Biological,Fonseca_Ganade_plant-ant_web_Fonseca_Ganade_plant-ant_web,29,38,100,spectral_entropy,0.885547201336675,
Biological,Fonseca_Ganade_plant-ant_web_Fonseca_Ganade_plant-ant_web,29,38,80,spectral_entropy,0.8823529411764706,
Biological,Fonseca_Ganade_plant-ant_web_Fonseca_Ganade_plant-ant_web,29,38,60,spectral_entropy,0.9836065573770492,
Biological,Fonseca_Ganade_plant-ant_web_Fonseca_Ganade_plant-ant_web,29,38,40,spectral_entropy,0.930930930930931,
Biological,Fonseca_Ganade_plant-ant_web_Fonseca_Ganade_plant-ant_web,29,38,20,spectral_entropy,1.1956521739130437,
Biological,Fonseca_Ganade_plant-ant_web_Fonseca_Ganade_plant-ant_web,29,38,100,adamic_adar_entropy,,0.5
Biological,Fonseca_Ganade_plant-ant_web_Fonseca_Ganade_plant-ant_web,29,38,100,seal_entropy,0.5929060718765461,0.673469387755102
Biological,Hocking_plant-pollinator_web_Hocking_plant-pollinator_web,87,86,100,spectral_entropy,0.09009009009009009,
Biological,Hocking_plant-pollinator_web_Hocking_plant-pollinator_web,87,86,80,spectral_entropy,0.08880994671403197,
Biological,Hocking_plant-pollinator_web_Hocking_plant-pollinator_web,87,86,60,spectral_entropy,0.08907951171230617,
Biological,Hocking_plant-pollinator_web_Hocking_plant-pollinator_web,87,86,40,spectral_entropy,0.08673305493093478,
Biological,Hocking_plant-pollinator_web_Hocking_plant-pollinator_web,87,86,20,spectral_entropy,0.0880540064572938,
Biological,Hocking_plant-pollinator_web_Hocking_plant-pollinator_web,87,86,100,adamic_adar_entropy,,0.1764705882352941
Biological,Hocking_plant-pollinator_web_Hocking_plant-pollinator_web,87,86,100,seal_entropy,-0.0,1.0
Biological,Inouye_Pyke_plant-pollinator_web_Inouye_Pyke_plant-pollinator_web,128,278,100,spectral_entropy,0.8468776732249785,
Biological,Inouye_Pyke_plant-pollinator_web_Inouye_Pyke_plant-pollinator_web,128,278,80,spectral_entropy,0.8602926025139089,
Biological,Inouye_Pyke_plant-pollinator_web_Inouye_Pyke_plant-pollinator_web,128,278,60,spectral_entropy,0.8641799544419134,
Biological,Inouye_Pyke_plant-pollinator_web_Inouye_Pyke_plant-pollinator_web,128,278,40,spectral_entropy,0.9249226006191952,
Biological,Inouye_Pyke_plant-pollinator_web_Inouye_Pyke_plant-pollinator_web,128,278,20,spectral_entropy,0.7733491969066032,
Biological,Inouye_Pyke_plant-pollinator_web_Inouye_Pyke_plant-pollinator_web,128,278,100,adamic_adar_entropy,-0.0,0.4363636363636364
Biological,Inouye_Pyke_plant-pollinator_web_Inouye_Pyke_plant-pollinator_web,128,278,100,seal_entropy,0.6966547760710781,0.88
Biological,Ito_core_yeast_interactome_2001_Ito-core,426,521,100,spectral_entropy,0.7541659508675486,
Biological,Ito_core_yeast_interactome_2001_Ito-core,426,521,80,spectral_entropy,0.6829204919452625,
Biological,Ito_core_yeast_interactome_2001_Ito-core,426,521,60,spectral_entropy,0.7336591325595602,
Biological,Ito_core_yeast_interactome_2001_Ito-core,426,521,40,spectral_entropy,0.9262006304468756,
Biological,Ito_core_yeast_interactome_2001_Ito-core,426,521,20,spectral_entropy,0.9483705602343463,
Biological,Ito_core_yeast_interactome_2001_Ito-core,426,521,100,adamic_adar_entropy,,0.5197392751479291
Biological,Ito_core_yeast_interactome_2001_Ito-core,426,521,100,seal_entropy,0.8921047599116213,0.8189718934911241
Biological,Joern_plant-herbivore_webs_Altuda,74,184,100,spectral_entropy,0.799127233056048,
Biological,Joern_plant-herbivore_webs_Altuda,74,184,80,spectral_entropy,0.8031894204589654,
Biological,Joern_plant-herbivore_webs_Altuda,74,184,60,spectral_entropy,0.8000882612533098,
Biological,Joern_plant-herbivore_webs_Altuda,74,184,40,spectral_entropy,0.757396449704142,
Biological,Joern_plant-herbivore_webs_Altuda,74,184,20,spectral_entropy,0.6339468302658486,
Biological,Joern_plant-herbivore_webs_Altuda,74,184,100,adamic_adar_entropy,-0.0,0.375
Biological,Joern_plant-herbivore_webs_Altuda,74,184,100,seal_entropy,0.5264918037743537,0.929783950617284
Biological,Joern_plant-herbivore_webs_Marathon,74,184,100,spectral_entropy,0.8007652364033889,
Biological,Joern_plant-herbivore_webs_Marathon,74,184,80,spectral_entropy,0.8035019455252919,
Biological,Joern_plant-herbivore_webs_Marathon,74,184,60,spectral_entropy,0.8136125654450262,
Biological,Joern_plant-herbivore_webs_Marathon,74,184,40,spectral_entropy,0.7591933570581257,
Biological,Joern_plant-herbivore_webs_Marathon,74,184,20,spectral_entropy,0.6300813008130081,
Biological,Joern_plant-herbivore_webs_Marathon,74,184,100,adamic_adar_entropy,-0.0,0.375
Biological,Joern_plant-herbivore_webs_Marathon,74,184,100,seal_entropy,0.49692161277807123,0.929783950617284
Biological,Kato_plant-pollinator_web_Kato_plant-pollinator_web,765,1201,100,spectral_entropy,0.5646675037864568,
Biological,Kato_plant-pollinator_web_Kato_plant-pollinator_web,765,1201,80,spectral_entropy,0.5392113659198674,
Biological,Kato_plant-pollinator_web_Kato_plant-pollinator_web,765,1201,60,spectral_entropy,0.5785065967998503,
Biological,Kato_plant-pollinator_web_Kato_plant-pollinator_web,765,1201,40,spectral_entropy,0.6378052648271487,
Biological,Kato_plant-pollinator_web_Kato_plant-pollinator_web,765,1201,20,spectral_entropy,0.8048743023910706,
Biological,Kato_plant-pollinator_web_Kato_plant-pollinator_web,765,1201,100,adamic_adar_entropy,-0.0,0.475
Biological,Kato_plant-pollinator_web_Kato_plant-pollinator_web,765,1201,100,seal_entropy,0.5946284065646252,0.9707725694444445
Biological,Kevan_plant-pollinator_web_Kevan_plant-pollinator_web,147,312,100,spectral_entropy,0.7226811740210893,
Biological,Kevan_plant-pollinator_web_Kevan_plant-pollinator_web,147,312,80,spectral_entropy,0.6922394241199092,
Biological,Kevan_plant-pollinator_web_Kevan_plant-pollinator_web,147,312,60,spectral_entropy,0.5997857907890038,
Biological,Kevan_plant-pollinator_web_Kevan_plant-pollinator_web,147,312,40,spectral_entropy,0.646112600536193,
Biological,Kevan_plant-pollinator_web_Kevan_plant-pollinator_web,147,312,20,spectral_entropy,0.8256150506512302,
Biological,Kevan_plant-pollinator_web_Kevan_plant-pollinator_web,147,312,100,adamic_adar_entropy,-0.0,0.3064516129032258
Biological,Kevan_plant-pollinator_web_Kevan_plant-pollinator_web,147,312,100,seal_entropy,0.5824722484660314,0.9780176899063475
Biological,Leather_plant-herbivore_webs_Britain,94,116,100,spectral_entropy,0.49031726411207255,
Biological,Leather_plant-herbivore_webs_Britain,94,116,80,spectral_entropy,0.4373401534526854,
Biological,Leather_plant-herbivore_webs_Britain,94,116,60,spectral_entropy,0.27902790279027906,
Biological,Leather_plant-herbivore_webs_Britain,94,116,40,spectral_entropy,0.256553262688232,
Biological,Leather_plant-herbivore_webs_Britain,94,116,20,spectral_entropy,0.7524752475247525,
Biological,Leather_plant-herbivore_webs_Britain,94,116,100,adamic_adar_entropy,-0.0,0.30434782608695654
Biological,Leather_plant-herbivore_webs_Britain,94,116,100,seal_entropy,0.31707153700801843,0.9905482041587902
Biological,Leather_plant-herbivore_webs_Finland,69,95,100,spectral_entropy,0.4262734584450402,
Biological,Leather_plant-herbivore_webs_Finland,69,95,80,spectral_entropy,0.3861788617886179,
Biological,Leather_plant-herbivore_webs_Finland,69,95,60,spectral_entropy,0.22265880812049774,
Biological,Leather_plant-herbivore_webs_Finland,69,95,40,spectral_entropy,0.2238314680710994,
Biological,Leather_plant-herbivore_webs_Finland,69,95,20,spectral_entropy,0.18064516129032257,
Biological,Leather_plant-herbivore_webs_Finland,69,95,100,adamic_adar_entropy,-0.0,0.2368421052631579
Biological,Leather_plant-herbivore_webs_Finland,69,95,100,seal_entropy,0.6033846309104968,0.9889196675900277
Biological,Malaria_var_DBLa_HVR_networks_HVR_networks_2,112,743,100,spectral_entropy,0.40678803274061526,
Biological,Malaria_var_DBLa_HVR_networks_HVR_networks_2,112,743,80,spectral_entropy,0.46721120186697784,
Biological,Malaria_var_DBLa_HVR_networks_HVR_networks_2,112,743,60,spectral_entropy,0.49986114968064427,
Biological,Malaria_var_DBLa_HVR_networks_HVR_networks_2,112,743,40,spectral_entropy,0.7406356413166856,
Biological,Malaria_var_DBLa_HVR_networks_HVR_networks_2,112,743,20,spectral_entropy,0.9181636726546906,
Biological,Malaria_var_DBLa_HVR_networks_HVR_networks_2,112,743,100,adamic_adar_entropy,0.515474557007209,0.9737034331628928
Biological,Malaria_var_DBLa_HVR_networks_HVR_networks_2,112,743,100,seal_entropy,0.31310749904869106,0.9836102994886778
Biological,Malaria_var_DBLa_HVR_networks_HVR_networks_4,183,933,100,spectral_entropy,0.4872568821914077,
Biological,Malaria_var_DBLa_HVR_networks_HVR_networks_4,183,933,80,spectral_entropy,0.54266019554055,
Biological,Malaria_var_DBLa_HVR_networks_HVR_networks_4,183,933,60,spectral_entropy,0.5769903252127287,
Biological,Malaria_var_DBLa_HVR_networks_HVR_networks_4,183,933,40,spectral_entropy,0.7114267269205939,
Biological,Malaria_var_DBLa_HVR_networks_HVR_networks_4,183,933,20,spectral_entropy,0.8315789473684211,
Biological,Malaria_var_DBLa_HVR_networks_HVR_networks_4,183,933,100,adamic_adar_entropy,0.7838251085456546,0.9722655798358192
Biological,Malaria_var_DBLa_HVR_networks_HVR_networks_4,183,933,100,seal_entropy,0.3391644116024254,0.9831772459243843
Biological,Malaria_var_DBLa_HVR_networks_HVR_networks_5,298,2684,100,spectral_entropy,0.8231323166680666,
Biological,Malaria_var_DBLa_HVR_networks_HVR_networks_5,298,2684,80,spectral_entropy,0.7782963827304551,
Biological,Malaria_var_DBLa_HVR_networks_HVR_networks_5,298,2684,60,spectral_entropy,0.7269322109165332,
Biological,Malaria_var_DBLa_HVR_networks_HVR_networks_5,298,2684,40,spectral_entropy,0.714665048175404,
Biological,Malaria_var_DBLa_HVR_networks_HVR_networks_5,298,2684,20,spectral_entropy,0.8073440643863179,
Biological,Malaria_var_DBLa_HVR_networks_HVR_networks_5,298,2684,100,adamic_adar_entropy,1.182367138718678,0.9281559785030072
Biological,Malaria_var_DBLa_HVR_networks_HVR_networks_5,298,2684,100,seal_entropy,0.5989826058166231,0.9364801459122298
Biological,Malaria_var_DBLa_HVR_networks_HVR_networks_6,291,3251,100,spectral_entropy,0.7326650959093752,
Biological,Malaria_var_DBLa_HVR_networks_HVR_networks_6,291,3251,80,spectral_entropy,0.7301816846285393,
Biological,Malaria_var_DBLa_HVR_networks_HVR_networks_6,291,3251,60,spectral_entropy,0.6837351794382112,
Biological,Malaria_var_DBLa_HVR_networks_HVR_networks_6,291,3251,40,spectral_entropy,0.7201162442839437,
Biological,Malaria_var_DBLa_HVR_networks_HVR_networks_6,291,3251,20,spectral_entropy,0.7597496389022629,
Biological,Malaria_var_DBLa_HVR_networks_HVR_networks_6,291,3251,100,adamic_adar_entropy,0.7299448120333922,0.9559005917159763
Biological,Malaria_var_DBLa_HVR_networks_HVR_networks_6,291,3251,100,seal_entropy,0.41804917167825095,0.9753538461538461
Biological,Malaria_var_DBLa_HVR_networks_HVR_networks_8,273,3933,100,spectral_entropy,0.6806546370121695,
Biological,Malaria_var_DBLa_HVR_networks_HVR_networks_8,273,3933,80,spectral_entropy,0.6431872242772264,
Biological,Malaria_var_DBLa_HVR_networks_HVR_networks_8,273,3933,60,spectral_entropy,0.6477052359405301,
Biological,Malaria_var_DBLa_HVR_networks_HVR_networks_8,273,3933,40,spectral_entropy,0.7358479959525549,
Biological,Malaria_var_DBLa_HVR_networks_HVR_networks_8,273,3933,20,spectral_entropy,0.8442074823784564,
Biological,Malaria_var_DBLa_HVR_networks_HVR_networks_8,273,3933,100,adamic_adar_entropy,0.559197734659056,0.9548208470109875
Biological,Malaria_var_DBLa_HVR_networks_HVR_networks_8,273,3933,100,seal_entropy,0.4615116271677495,0.9644032981760969
Biological,Malaria_var_DBLa_HVR_networks_HVR_networks_9,297,7562,100,spectral_entropy,0.6512146102761273,
Biological,Malaria_var_DBLa_HVR_networks_HVR_networks_9,297,7562,80,spectral_entropy,0.7365534259293192,
Biological,Malaria_var_DBLa_HVR_networks_HVR_networks_9,297,7562,60,spectral_entropy,0.7160656154898364,
Biological,Malaria_var_DBLa_HVR_networks_HVR_networks_9,297,7562,40,spectral_entropy,0.7744742229666853,
Biological,Malaria_var_DBLa_HVR_networks_HVR_networks_9,297,7562,20,spectral_entropy,0.8089381604018708,
Biological,Malaria_var_DBLa_HVR_networks_HVR_networks_9,297,7562,100,adamic_adar_entropy,0.6287635239668606,0.9457884105288206
Biological,Malaria_var_DBLa_HVR_networks_HVR_networks_9,297,7562,100,seal_entropy,0.5617339391553362,0.9658297989977884
Biological,McCullen_plant-pollinator_web_McCullen_plant-pollinator_web,150,198,100,spectral_entropy,0.5349570512123518,
Biological,McCullen_plant-pollinator_web_McCullen_plant-pollinator_web,150,198,80,spectral_entropy,0.5598367346938775,
Biological,McCullen_plant-pollinator_web_McCullen_plant-pollinator_web,150,198,60,spectral_entropy,0.5674474959612278,
Biological,McCullen_plant-pollinator_web_McCullen_plant-pollinator_web,150,198,40,spectral_entropy,0.8125613346418057,
Biological,McCullen_plant-pollinator_web_McCullen_plant-pollinator_web,150,198,20,spectral_entropy,0.7985907222548443,
Biological,McCullen_plant-pollinator_web_McCullen_plant-pollinator_web,150,198,100,adamic_adar_entropy,,0.39743589743589747
Biological,McCullen_plant-pollinator_web_McCullen_plant-pollinator_web,150,198,100,seal_entropy,0.601846535234956,0.9260355029585798
Biological,Medan_plant-pollinator_web_RB_web,73,72,100,spectral_entropy,0.05913410770855333,
Biological,Medan_plant-pollinator_web_RB_web,73,72,80,spectral_entropy,0.057971014492753624,
Biological,Medan_plant-pollinator_web_RB_web,73,72,60,spectral_entropy,0.05702066999287241,
Biological,Medan_plant-pollinator_web_RB_web,73,72,40,spectral_entropy,0.05789235639981909,
Biological,Medan_plant-pollinator_web_RB_web,73,72,20,spectral_entropy,0.058931860036832415,
Biological,Medan_plant-pollinator_web_RB_web,73,72,100,adamic_adar_entropy,,0.2142857142857143
Biological,Medan_plant-pollinator_web_RB_web,73,72,100,seal_entropy,-0.0,1.0
Biological,Memmott_plant-pollinator_web_Memmott_plant-pollinator_web,104,299,100,spectral_entropy,0.761479886162603,
Biological,Memmott_plant-pollinator_web_Memmott_plant-pollinator_web,104,299,80,spectral_entropy,0.7731501993797076,
Biological,Memmott_plant-pollinator_web_Memmott_plant-pollinator_web,104,299,60,spectral_entropy,0.6920119607005554,
Biological,Memmott_plant-pollinator_web_Memmott_plant-pollinator_web,104,299,40,spectral_entropy,0.8272058823529411,
Biological,Memmott_plant-pollinator_web_Memmott_plant-pollinator_web,104,299,20,spectral_entropy,0.7883522727272727,
Biological,Memmott_plant-pollinator_web_Memmott_plant-pollinator_web,104,299,100,adamic_adar_entropy,-0.0,0.3559322033898305
Biological,Memmott_plant-pollinator_web_Memmott_plant-pollinator_web,104,299,100,seal_entropy,0.5767558086840626,0.9593507612754957
Biological,Mosquin_Martin_plant-pollinator_web_Mosquin_Martin_plant-pollinator_web,22,33,100,spectral_entropy,0.9436008676789588,
Biological,Mosquin_Martin_plant-pollinator_web_Mosquin_Martin_plant-pollinator_web,22,33,80,spectral_entropy,0.9118541033434651,
Biological,Mosquin_Martin_plant-pollinator_web_Mosquin_Martin_plant-pollinator_web,22,33,60,spectral_entropy,0.8353221957040573,
Biological,Mosquin_Martin_plant-pollinator_web_Mosquin_Martin_plant-pollinator_web,22,33,40,spectral_entropy,0.898876404494382,
Biological,Mosquin_Martin_plant-pollinator_web_Mosquin_Martin_plant-pollinator_web,22,33,20,spectral_entropy,0.75,
Biological,Mosquin_Martin_plant-pollinator_web_Mosquin_Martin_plant-pollinator_web,22,33,100,adamic_adar_entropy,-0.0,0.33333333333333337
Biological,Mosquin_Martin_plant-pollinator_web_Mosquin_Martin_plant-pollinator_web,22,33,100,seal_entropy,1.0,0.513888888888889
Biological,Motten_plant-pollinator_web_Motten_plant-pollinator_web,57,143,100,spectral_entropy,0.7275512157763738,
Biological,Motten_plant-pollinator_web_Motten_plant-pollinator_web,57,143,80,spectral_entropy,0.8160237388724035,
Biological,Motten_plant-pollinator_web_Motten_plant-pollinator_web,57,143,60,spectral_entropy,0.7723418134377038,
Biological,Motten_plant-pollinator_web_Motten_plant-pollinator_web,57,143,40,spectral_entropy,0.7502206531332745,
Biological,Motten_plant-pollinator_web_Motten_plant-pollinator_web,57,143,20,spectral_entropy,1.0103092783505154,
Biological,Motten_plant-pollinator_web_Motten_plant-pollinator_web,57,143,100,adamic_adar_entropy,-0.0,0.3214285714285714
Biological,Motten_plant-pollinator_web_Motten_plant-pollinator_web,57,143,100,seal_entropy,0.5278297006225017,0.9183673469387756
Biological,Olesen_plant-pollinator_web_Flores,22,30,100,spectral_entropy,0.8745684695051783,
Biological,Olesen_plant-pollinator_web_Flores,22,30,80,spectral_entropy,1.0222222222222221,
Biological,Olesen_plant-pollinator_web_Flores,22,30,60,spectral_entropy,0.9200968523002422,
Biological,Olesen_plant-pollinator_web_Flores,22,30,40,spectral_entropy,0.48387096774193544,
Biological,Olesen_plant-pollinator_web_Flores,22,30,20,spectral_entropy,0.8247422680412372,
Biological,Olesen_plant-pollinator_web_Flores,22,30,100,adamic_adar_entropy,-0.0,0.33333333333333337
Biological,Olesen_plant-pollinator_web_Flores,22,30,100,seal_entropy,1.0,0.6666666666666667
Biological,Olesen_plant-pollinator_web_Ile_aux_Aigrettes,27,52,100,spectral_entropy,0.9025032938076416,
Biological,Olesen_plant-pollinator_web_Ile_aux_Aigrettes,27,52,80,spectral_entropy,0.8895705521472392,
Biological,Olesen_plant-pollinator_web_Ile_aux_Aigrettes,27,52,60,spectral_entropy,0.8607198748043818,
Biological,Olesen_plant-pollinator_web_Ile_aux_Aigrettes,27,52,40,spectral_entropy,0.9577464788732394,
Biological,Olesen_plant-pollinator_web_Ile_aux_Aigrettes,27,52,20,spectral_entropy,0.8849557522123893,
Biological,Olesen_plant-pollinator_web_Ile_aux_Aigrettes,27,52,100,adamic_adar_entropy,-0.0,0.35
Biological,Olesen_plant-pollinator_web_Ile_aux_Aigrettes,27,52,100,seal_entropy,0.5893122756512394,0.75
Biological,Ollerton_plant-pollinator_web_Ollerton_plant-pollinator_web,65,103,100,spectral_entropy,0.6256256256256256,
Biological,Ollerton_plant-pollinator_web_Ollerton_plant-pollinator_web,65,103,80,spectral_entropy,0.7055503292568204,
Biological,Ollerton_plant-pollinator_web_Ollerton_plant-pollinator_web,65,103,60,spectral_entropy,0.5958230958230958,
Biological,Ollerton_plant-pollinator_web_Ollerton_plant-pollinator_web,65,103,40,spectral_entropy,0.8656036446469249,
Biological,Ollerton_plant-pollinator_web_Ollerton_plant-pollinator_web,65,103,20,spectral_entropy,0.9221902017291066,
Biological,Ollerton_plant-pollinator_web_Ollerton_plant-pollinator_web,65,103,100,adamic_adar_entropy,,0.325
Biological,Ollerton_plant-pollinator_web_Ollerton_plant-pollinator_web,65,103,100,seal_entropy,0.5669597607237227,0.8225
Biological,Parsnip_and_McGregor_host-parasite_webs_McGregor_River,65,114,100,spectral_entropy,0.6436314363143631,
Biological,Parsnip_and_McGregor_host-parasite_webs_McGregor_River,65,114,80,spectral_entropy,0.8412438625204582,
Biological,Parsnip_and_McGregor_host-parasite_webs_McGregor_River,65,114,60,spectral_entropy,0.8347927612375948,
Biological,Parsnip_and_McGregor_host-parasite_webs_McGregor_River,65,114,40,spectral_entropy,0.8285714285714286,
Biological,Parsnip_and_McGregor_host-parasite_webs_McGregor_River,65,114,20,spectral_entropy,0.7317073170731708,
Biological,Parsnip_and_McGregor_host-parasite_webs_McGregor_River,65,114,100,adamic_adar_entropy,-0.0,0.4318181818181818
Biological,Parsnip_and_McGregor_host-parasite_webs_McGregor_River,65,114,100,seal_entropy,0.6865369659430414,0.8801652892561984
Biological,Parsnip_and_McGregor_host-parasite_webs_Parsnip_River,70,158,100,spectral_entropy,0.729267505646983,
Biological,Parsnip_and_McGregor_host-parasite_webs_Parsnip_River,70,158,80,spectral_entropy,0.7222739981360671,
Biological,Parsnip_and_McGregor_host-parasite_webs_Parsnip_River,70,158,60,spectral_entropy,0.7058287795992714,
Biological,Parsnip_and_McGregor_host-parasite_webs_Parsnip_River,70,158,40,spectral_entropy,0.8689138576779026,
Biological,Parsnip_and_McGregor_host-parasite_webs_Parsnip_River,70,158,20,spectral_entropy,0.9282700421940928,
Biological,Parsnip_and_McGregor_host-parasite_webs_Parsnip_River,70,158,100,adamic_adar_entropy,-0.0,0.41935483870967744
Biological,Parsnip_and_McGregor_host-parasite_webs_Parsnip_River,70,158,100,seal_entropy,0.6528456733460177,0.8605619146722164
Biological,Poulin_seed-disperser_web_Poulin_seed-disperser_web,24,53,100,spectral_entropy,0.8612099644128114,
Biological,Poulin_seed-disperser_web_Poulin_seed-disperser_web,24,53,80,spectral_entropy,0.882147024504084,
Biological,Poulin_seed-disperser_web_Poulin_seed-disperser_web,24,53,60,spectral_entropy,0.7421150278293136,
Biological,Poulin_seed-disperser_web_Poulin_seed-disperser_web,24,53,40,spectral_entropy,0.8132530120481927,
Biological,Poulin_seed-disperser_web_Poulin_seed-disperser_web,24,53,20,spectral_entropy,1.206896551724138,
Biological,Poulin_seed-disperser_web_Poulin_seed-disperser_web,24,53,100,adamic_adar_entropy,-0.0,0.25
Biological,Poulin_seed-disperser_web_Poulin_seed-disperser_web,24,53,100,seal_entropy,0.8488535167807805,0.73
Biological,Ramirez_Brito_plant-pollinator_web_Ramirez_Brito_plant-pollinator_web,70,101,100,spectral_entropy,0.922233300099701,
Biological,Ramirez_Brito_plant-pollinator_web_Ramirez_Brito_plant-pollinator_web,70,101,80,spectral_entropy,0.8983375959079284,
Biological,Ramirez_Brito_plant-pollinator_web_Ramirez_Brito_plant-pollinator_web,70,101,60,spectral_entropy,0.9438528557599226,
Biological,Ramirez_Brito_plant-pollinator_web_Ramirez_Brito_plant-pollinator_web,70,101,40,spectral_entropy,0.9156452775775055,
Biological,Ramirez_Brito_plant-pollinator_web_Ramirez_Brito_plant-pollinator_web,70,101,20,spectral_entropy,0.9443507588532885,
Biological,Ramirez_Brito_plant-pollinator_web_Ramirez_Brito_plant-pollinator_web,70,101,100,adamic_adar_entropy,-0.0,0.45
Biological,Ramirez_Brito_plant-pollinator_web_Ramirez_Brito_plant-pollinator_web,70,101,100,seal_entropy,0.8602698307369145,0.6375
Biological,Reguly_yeast_interactome_2006_LC-multiple,1213,2556,100,spectral_entropy,0.6817599363116368,
Biological,Reguly_yeast_interactome_2006_LC-multiple,1213,2556,80,spectral_entropy,0.6856465912564965,
Biological,Reguly_yeast_interactome_2006_LC-multiple,1213,2556,60,spectral_entropy,0.733462841203427,
Biological,Reguly_yeast_interactome_2006_LC-multiple,1213,2556,40,spectral_entropy,0.8218998104318775,
Biological,Reguly_yeast_interactome_2006_LC-multiple,1213,2556,20,spectral_entropy,0.8382872750642674,
Biological,Reguly_yeast_interactome_2006_LC-multiple,1213,2556,100,adamic_adar_entropy,25.03321637302893,0.7976034099134118
Biological,Reguly_yeast_interactome_2006_LC-multiple,1213,2556,100,seal_entropy,0.5205176646327522,0.9488608729286423
Biological,Schemske_plant-pollinator_web_Schemske_plant-pollinator_web,39,59,100,spectral_entropy,0.7086223984142715,
Biological,Schemske_plant-pollinator_web_Schemske_plant-pollinator_web,39,59,80,spectral_entropy,0.782122905027933,
Biological,Schemske_plant-pollinator_web_Schemske_plant-pollinator_web,39,59,60,spectral_entropy,0.7649667405764966,
Biological,Schemske_plant-pollinator_web_Schemske_plant-pollinator_web,39,59,40,spectral_entropy,0.748898678414097,
Biological,Schemske_plant-pollinator_web_Schemske_plant-pollinator_web,39,59,20,spectral_entropy,0.7741935483870968,
Biological,Schemske_plant-pollinator_web_Schemske_plant-pollinator_web,39,59,100,adamic_adar_entropy,-0.0,0.45454545454545453
Biological,Schemske_plant-pollinator_web_Schemske_plant-pollinator_web,39,59,100,seal_entropy,0.6409226442304551,0.7148760330578512
Biological,Small_plant-pollinator_web_Small_plant-pollinator_web,47,141,100,spectral_entropy,0.9114031369224247,
Biological,Small_plant-pollinator_web_Small_plant-pollinator_web,47,141,80,spectral_entropy,0.8476132190942472,
Biological,Small_plant-pollinator_web_Small_plant-pollinator_web,47,141,60,spectral_entropy,0.8401768793430195,
Biological,Small_plant-pollinator_web_Small_plant-pollinator_web,47,141,40,spectral_entropy,0.8928571428571428,
Biological,Small_plant-pollinator_web_Small_plant-pollinator_web,47,141,20,spectral_entropy,1.0408163265306123,
Biological,Small_plant-pollinator_web_Small_plant-pollinator_web,47,141,100,adamic_adar_entropy,-0.0,0.2857142857142857
Biological,Small_plant-pollinator_web_Small_plant-pollinator_web,47,141,100,seal_entropy,0.6726447448949737,0.913265306122449
Biological,Smallwood_Reservoir_host-parasite_web_Smallwood_Reservoir,28,51,100,spectral_entropy,0.8629776021080369,
Biological,Smallwood_Reservoir_host-parasite_web_Smallwood_Reservoir,28,51,80,spectral_entropy,0.4733727810650888,
Biological,Smallwood_Reservoir_host-parasite_web_Smallwood_Reservoir,28,51,60,spectral_entropy,0.5882352941176471,
Biological,Smallwood_Reservoir_host-parasite_web_Smallwood_Reservoir,28,51,40,spectral_entropy,1.0443037974683544,
Biological,Smallwood_Reservoir_host-parasite_web_Smallwood_Reservoir,28,51,20,spectral_entropy,0.7633587786259542,
Biological,Smallwood_Reservoir_host-parasite_web_Smallwood_Reservoir,28,51,100,adamic_adar_entropy,-0.0,0.3
Biological,Smallwood_Reservoir_host-parasite_web_Smallwood_Reservoir,28,51,100,seal_entropy,0.559136039539774,0.98
Biological,Snow_seed-disperser_web_Snow_seed-disperser_web,48,211,100,spectral_entropy,0.6106027137898391,
Biological,Snow_seed-disperser_web_Snow_seed-disperser_web,48,211,80,spectral_entropy,0.6803385416666667,
Biological,Snow_seed-disperser_web_Snow_seed-disperser_web,48,211,60,spectral_entropy,0.6792452830188679,
Biological,Snow_seed-disperser_web_Snow_seed-disperser_web,48,211,40,spectral_entropy,0.8695652173913044,
Biological,Snow_seed-disperser_web_Snow_seed-disperser_web,48,211,20,spectral_entropy,0.576923076923077,
Biological,Snow_seed-disperser_web_Snow_seed-disperser_web,48,211,100,adamic_adar_entropy,-0.0,0.23809523809523808
Biological,Snow_seed-disperser_web_Snow_seed-disperser_web,48,211,100,seal_entropy,0.39122538319667977,0.9512471655328798
Biological,Uetz_screen_yeast_interactome_2000_Uetz-screen,263,281,100,spectral_entropy,0.7760386190754827,
Biological,Uetz_screen_yeast_interactome_2000_Uetz-screen,263,281,80,spectral_entropy,0.773434605409411,
Biological,Uetz_screen_yeast_interactome_2000_Uetz-screen,263,281,60,spectral_entropy,0.8552971576227391,
Biological,Uetz_screen_yeast_interactome_2000_Uetz-screen,263,281,40,spectral_entropy,0.971118433805001,
Biological,Uetz_screen_yeast_interactome_2000_Uetz-screen,263,281,20,spectral_entropy,1.0031460674157302,
Biological,Uetz_screen_yeast_interactome_2000_Uetz-screen,263,281,100,adamic_adar_entropy,-0.0,0.5
Biological,Uetz_screen_yeast_interactome_2000_Uetz-screen,263,281,100,seal_entropy,0.9568969319264663,0.6128826530612245
Biological,Vazquez_Simberloff_plant-pollinator_webs_Arroyo_Goye,35,41,100,spectral_entropy,0.7116654438738077,
Biological,Vazquez_Simberloff_plant-pollinator_webs_Arroyo_Goye,35,41,80,spectral_entropy,0.7197696737044146,
Biological,Vazquez_Simberloff_plant-pollinator_webs_Arroyo_Goye,35,41,60,spectral_entropy,0.7879656160458453,
Biological,Vazquez_Simberloff_plant-pollinator_webs_Arroyo_Goye,35,41,40,spectral_entropy,0.9444444444444444,
Biological,Vazquez_Simberloff_plant-pollinator_webs_Arroyo_Goye,35,41,20,spectral_entropy,0.9022556390977443,
Biological,Vazquez_Simberloff_plant-pollinator_webs_Arroyo_Goye,35,41,100,adamic_adar_entropy,,0.1875
Biological,Vazquez_Simberloff_plant-pollinator_webs_Arroyo_Goye,35,41,100,seal_entropy,0.8,0.734375
Biological,Vazquez_Simberloff_plant-pollinator_webs_Cerro_Lopez,40,44,100,spectral_entropy,0.7443095599393019,
Biological,Vazquez_Simberloff_plant-pollinator_webs_Cerro_Lopez,40,44,80,spectral_entropy,0.8003300330033003,
Biological,Vazquez_Simberloff_plant-pollinator_webs_Cerro_Lopez,40,44,60,spectral_entropy,0.8481532147742818,
Biological,Vazquez_Simberloff_plant-pollinator_webs_Cerro_Lopez,40,44,40,spectral_entropy,0.9292035398230087,
Biological,Vazquez_Simberloff_plant-pollinator_webs_Cerro_Lopez,40,44,20,spectral_entropy,1.0303030303030303,
Biological,Vazquez_Simberloff_plant-pollinator_webs_Cerro_Lopez,40,44,100,adamic_adar_entropy,-0.0,0.4375
Biological,Vazquez_Simberloff_plant-pollinator_webs_Cerro_Lopez,40,44,100,seal_entropy,0.7838687499016604,0.546875
Biological,Vazquez_Simberloff_plant-pollinator_webs_Llao_Llao,32,36,100,spectral_entropy,0.6944444444444444,
Biological,Vazquez_Simberloff_plant-pollinator_webs_Llao_Llao,32,36,80,spectral_entropy,0.6373117033603708,
Biological,Vazquez_Simberloff_plant-pollinator_webs_Llao_Llao,32,36,60,spectral_entropy,0.6914893617021277,
Biological,Vazquez_Simberloff_plant-pollinator_webs_Llao_Llao,32,36,40,spectral_entropy,0.48997772828507796,
Biological,Vazquez_Simberloff_plant-pollinator_webs_Llao_Llao,32,36,20,spectral_entropy,0.8620689655172414,
Biological,Vazquez_Simberloff_plant-pollinator_webs_Llao_Llao,32,36,100,adamic_adar_entropy,,0.4285714285714286
Biological,Vazquez_Simberloff_plant-pollinator_webs_Llao_Llao,32,36,100,seal_entropy,0.7306239305568805,0.6734693877551021
Biological,Vazquez_Simberloff_plant-pollinator_webs_Mascardi_c,30,34,100,spectral_entropy,0.6959706959706959,
Biological,Vazquez_Simberloff_plant-pollinator_webs_Mascardi_c,30,34,80,spectral_entropy,0.7364787111622554,
Biological,Vazquez_Simberloff_plant-pollinator_webs_Mascardi_c,30,34,60,spectral_entropy,0.6595744680851063,
Biological,Vazquez_Simberloff_plant-pollinator_webs_Mascardi_c,30,34,40,spectral_entropy,0.7308970099667774,
Biological,Vazquez_Simberloff_plant-pollinator_webs_Mascardi_c,30,34,20,spectral_entropy,1.262135922330097,
Biological,Vazquez_Simberloff_plant-pollinator_webs_Mascardi_c,30,34,100,adamic_adar_entropy,-0.0,0.33333333333333337
Biological,Vazquez_Simberloff_plant-pollinator_webs_Mascardi_c,30,34,100,seal_entropy,1.0000000000000002,0.7500000000000001
Biological,Vazquez_Simberloff_plant-pollinator_webs_Mascardi_nc,39,48,100,spectral_entropy,0.7295597484276729,
Biological,Vazquez_Simberloff_plant-pollinator_webs_Mascardi_nc,39,48,80,spectral_entropy,0.6410256410256411,
Biological,Vazquez_Simberloff_plant-pollinator_webs_Mascardi_nc,39,48,60,spectral_entropy,0.6828193832599119,
Biological,Vazquez_Simberloff_plant-pollinator_webs_Mascardi_nc,39,48,40,spectral_entropy,0.7843137254901962,
Biological,Vazquez_Simberloff_plant-pollinator_webs_Mascardi_nc,39,48,20,spectral_entropy,0.8287292817679557,
Biological,Vazquez_Simberloff_plant-pollinator_webs_Mascardi_nc,39,48,100,adamic_adar_entropy,,0.3888888888888889
Biological,Vazquez_Simberloff_plant-pollinator_webs_Mascardi_nc,39,48,100,seal_entropy,0.6699920748877065,0.9012345679012347
Biological,Vazquez_Simberloff_plant-pollinator_webs_Quetrihue_c,35,47,100,spectral_entropy,0.7968647942521229,
Biological,Vazquez_Simberloff_plant-pollinator_webs_Quetrihue_c,35,47,80,spectral_entropy,0.8136696501220504,
Biological,Vazquez_Simberloff_plant-pollinator_webs_Quetrihue_c,35,47,60,spectral_entropy,0.9269662921348314,
Biological,Vazquez_Simberloff_plant-pollinator_webs_Quetrihue_c,35,47,40,spectral_entropy,0.9322033898305084,
Biological,Vazquez_Simberloff_plant-pollinator_webs_Quetrihue_c,35,47,20,spectral_entropy,0.9426229508196722,
Biological,Vazquez_Simberloff_plant-pollinator_webs_Quetrihue_c,35,47,100,adamic_adar_entropy,-0.0,0.3888888888888889
Biological,Vazquez_Simberloff_plant-pollinator_webs_Quetrihue_c,35,47,100,seal_entropy,0.9664931150077277,0.7407407407407407
Biological,Vazquez_Simberloff_plant-pollinator_webs_Safariland,31,35,100,spectral_entropy,0.8135283363802559,
Biological,Vazquez_Simberloff_plant-pollinator_webs_Safariland,31,35,80,spectral_entropy,0.7314148681055156,
Biological,Vazquez_Simberloff_plant-pollinator_webs_Safariland,31,35,60,spectral_entropy,0.6412478336221836,
Biological,Vazquez_Simberloff_plant-pollinator_webs_Safariland,31,35,40,spectral_entropy,0.9615384615384616,
Biological,Vazquez_Simberloff_plant-pollinator_webs_Safariland,31,35,20,spectral_entropy,0.8771929824561403,
Biological,Vazquez_Simberloff_plant-pollinator_webs_Safariland,31,35,100,adamic_adar_entropy,-0.0,0.2857142857142857
Biological,Vazquez_Simberloff_plant-pollinator_webs_Safariland,31,35,100,seal_entropy,0.6021970171824717,0.7551020408163265
Biological,Yu_yeast_interactomes_2008_CCSB-YI1,964,1487,100,spectral_entropy,0.7667374651460094,
Biological,Yu_yeast_interactomes_2008_CCSB-YI1,964,1487,80,spectral_entropy,0.734904252826792,
Biological,Yu_yeast_interactomes_2008_CCSB-YI1,964,1487,60,spectral_entropy,0.7942684716474022,
Biological,Yu_yeast_interactomes_2008_CCSB-YI1,964,1487,40,spectral_entropy,0.9184428158407854,
Biological,Yu_yeast_interactomes_2008_CCSB-YI1,964,1487,20,spectral_entropy,0.8772532844485181,
Biological,Yu_yeast_interactomes_2008_CCSB-YI1,964,1487,100,adamic_adar_entropy,6.458769824138265,0.5342595426770511
Biological,Yu_yeast_interactomes_2008_CCSB-YI1,964,1487,100,seal_entropy,0.8347918045378251,0.8274495799748325
Biological,Yu_yeast_interactomes_2008_Y2H-union,1647,2518,100,spectral_entropy,0.8235300581877723,
Biological,Yu_yeast_interactomes_2008_Y2H-union,1647,2518,80,spectral_entropy,0.8023097291770442,
Biological,Yu_yeast_interactomes_2008_Y2H-union,1647,2518,60,spectral_entropy,0.8143072613660849,
Biological,Yu_yeast_interactomes_2008_Y2H-union,1647,2518,40,spectral_entropy,0.9185470045869434,
Biological,Yu_yeast_interactomes_2008_Y2H-union,1647,2518,20,spectral_entropy,0.8831643233576225,
Biological,Yu_yeast_interactomes_2008_Y2H-union,1647,2518,100,adamic_adar_entropy,34.59151692529559,0.5441525795525061
Biological,Yu_yeast_interactomes_2008_Y2H-union,1647,2518,100,seal_entropy,0.8386999349505895,0.8432328494243287
Biological,56e98770a6d70217090cde4d,305,465,100,spectral_entropy,0.8211340409580554,
Biological,56e98770a6d70217090cde4d,305,465,80,spectral_entropy,0.8381532217148655,
Biological,56e98770a6d70217090cde4d,305,465,60,spectral_entropy,0.8402282453637661,
Biological,56e98770a6d70217090cde4d,305,465,40,spectral_entropy,0.8754359740906826,
Biological,56e98770a6d70217090cde4d,305,465,20,spectral_entropy,0.9050599895670318,
Biological,56e98770a6d70217090cde4d,305,465,100,adamic_adar_entropy,5.349562232446103,0.5804139206844723
Biological,56e98770a6d70217090cde4d,305,465,100,seal_entropy,0.8086872346880342,0.896057347670251
Biological,56e98770a6d70217090cde51,251,399,100,spectral_entropy,0.8192507259484935,
Biological,56e98770a6d70217090cde51,251,399,80,spectral_entropy,0.8474053987427586,
Biological,56e98770a6d70217090cde51,251,399,60,spectral_entropy,0.8415544308141031,
Biological,56e98770a6d70217090cde51,251,399,40,spectral_entropy,0.8740068104426788,
Biological,56e98770a6d70217090cde51,251,399,20,spectral_entropy,0.8480331262939959,
Biological,56e98770a6d70217090cde51,251,399,100,adamic_adar_entropy,2.638463141233342,0.5949367088607596
Biological,56e98770a6d70217090cde51,251,399,100,seal_entropy,0.795849604956664,0.9008171767344977
Biological,56e98770a6d70217090cde4f,192,307,100,spectral_entropy,0.833712391968289,
Biological,56e98770a6d70217090cde4f,192,307,80,spectral_entropy,0.8476330085366904,
Biological,56e98770a6d70217090cde4f,192,307,60,spectral_entropy,0.8733118971061093,
Biological,56e98770a6d70217090cde4f,192,307,40,spectral_entropy,0.8767236056801812,
Biological,56e98770a6d70217090cde4f,192,307,20,spectral_entropy,0.9885304659498209,
Biological,56e98770a6d70217090cde4f,192,307,100,adamic_adar_entropy,5.870348932294838,0.6585595270088684
Biological,56e98770a6d70217090cde4f,192,307,100,seal_entropy,0.6752658443380437,0.9105079279763504
Biological,56e98770a6d70217090cde4e,199,311,100,spectral_entropy,0.836934417895272,
Biological,56e98770a6d70217090cde4e,199,311,80,spectral_entropy,0.8398261297465759,
Biological,56e98770a6d70217090cde4e,199,311,60,spectral_entropy,0.8396062536189924,
Biological,56e98770a6d70217090cde4e,199,311,40,spectral_entropy,0.8629441624365481,
Biological,56e98770a6d70217090cde4e,199,311,20,spectral_entropy,0.8956310679611651,
Biological,56e98770a6d70217090cde4e,199,311,100,adamic_adar_entropy,,0.605098855359001
Biological,56e98770a6d70217090cde4e,199,311,100,seal_entropy,0.8550540204264445,0.8854058272632674
Biological,56e98770a6d70217090cde46,283,437,100,spectral_entropy,0.7522218882830278,
Biological,56e98770a6d70217090cde46,283,437,80,spectral_entropy,0.7505399568034558,
Biological,56e98770a6d70217090cde46,283,437,60,spectral_entropy,0.736598822038321,
Biological,56e98770a6d70217090cde46,283,437,40,spectral_entropy,0.7597560975609756,
Biological,56e98770a6d70217090cde46,283,437,20,spectral_entropy,0.8213972522654194,
Biological,56e98770a6d70217090cde46,283,437,100,adamic_adar_entropy,4.340018426899141,0.6377328577090764
Biological,56e98770a6d70217090cde46,283,437,100,seal_entropy,0.6952489302157308,0.9161051658079006
Biological,56e98770a6d70217090cde45,305,477,100,spectral_entropy,0.742667745789494,
Biological,56e98770a6d70217090cde45,305,477,80,spectral_entropy,0.7575454727163702,
Biological,56e98770a6d70217090cde45,305,477,60,spectral_entropy,0.7622016009067082,
Biological,56e98770a6d70217090cde45,305,477,40,spectral_entropy,0.8205988988854572,
Biological,56e98770a6d70217090cde45,305,477,20,spectral_entropy,0.804724409448819,
Biological,56e98770a6d70217090cde45,305,477,100,adamic_adar_entropy,,0.6157894736842106
Biological,56e98770a6d70217090cde45,305,477,100,seal_entropy,0.7675598517069241,0.9016620498614958
Biological,56e98770a6d70217090cde4a,281,429,100,spectral_entropy,0.7731121934096793,
Biological,56e98770a6d70217090cde4a,281,429,80,spectral_entropy,0.7604840979453983,
Biological,56e98770a6d70217090cde4a,281,429,60,spectral_entropy,0.7694184627897519,
Biological,56e98770a6d70217090cde4a,281,429,40,spectral_entropy,0.803763440860215,
Biological,56e98770a6d70217090cde4a,281,429,20,spectral_entropy,0.8438818565400844,
Biological,56e98770a6d70217090cde4a,281,429,100,adamic_adar_entropy,7.898416830283676,0.6176470588235294
Biological,56e98770a6d70217090cde4a,281,429,100,seal_entropy,0.7486864621705006,0.8792387543252596
Biological,56e98770a6d70217090cde49,311,474,100,spectral_entropy,0.8246788214478036,
Biological,56e98770a6d70217090cde49,311,474,80,spectral_entropy,0.8239062969266193,
Biological,56e98770a6d70217090cde49,311,474,60,spectral_entropy,0.8315334773218143,
Biological,56e98770a6d70217090cde49,311,474,40,spectral_entropy,0.8757355486327448,
Biological,56e98770a6d70217090cde49,311,474,20,spectral_entropy,0.908625543895572,
Biological,56e98770a6d70217090cde49,311,474,100,adamic_adar_entropy,3.394586214114715,0.6212086917157085
Biological,56e98770a6d70217090cde49,311,474,100,seal_entropy,0.7815384211236682,0.8966727025803531
Biological,56e98770a6d70217090cde47,224,348,100,spectral_entropy,0.762820871315922,
Biological,56e98770a6d70217090cde47,224,348,80,spectral_entropy,0.7717291534279461,
Biological,56e98770a6d70217090cde47,224,348,60,spectral_entropy,0.7848484848484848,
Biological,56e98770a6d70217090cde47,224,348,40,spectral_entropy,0.7748841667998083,
Biological,56e98770a6d70217090cde47,224,348,20,spectral_entropy,0.7988631394840402,
Biological,56e98770a6d70217090cde47,224,348,100,adamic_adar_entropy,2.6222367378193296,0.644927536231884
Biological,56e98770a6d70217090cde47,224,348,100,seal_entropy,0.7631674255436369,0.8996009241755935
Biological,56e98770a6d70217090cde42,257,302,100,spectral_entropy,0.7647702407002188,
Biological,56e98770a6d70217090cde42,257,302,80,spectral_entropy,0.8054187192118226,
Biological,56e98770a6d70217090cde42,257,302,60,spectral_entropy,0.8401210146613917,
Biological,56e98770a6d70217090cde42,257,302,40,spectral_entropy,0.8996675141795423,
Biological,56e98770a6d70217090cde42,257,302,20,spectral_entropy,0.9853372434017595,
Biological,56e98770a6d70217090cde42,257,302,100,adamic_adar_entropy,2.9280441327897946,0.5333333333333333
Biological,56e98770a6d70217090cde42,257,302,100,seal_entropy,0.9038773553173743,0.7525
Biological,56e98770a6d70217090cde41,411,488,100,spectral_entropy,0.7422153776809525,
Biological,56e98770a6d70217090cde41,411,488,80,spectral_entropy,0.7869003690036901,
Biological,56e98770a6d70217090cde41,411,488,60,spectral_entropy,0.8236791852323361,
Biological,56e98770a6d70217090cde41,411,488,40,spectral_entropy,0.8495593359294938,
Biological,56e98770a6d70217090cde41,411,488,20,spectral_entropy,0.8981769675411294,
Biological,56e98770a6d70217090cde41,411,488,100,adamic_adar_entropy,,0.5515463917525774
Biological,56e98770a6d70217090cde41,411,488,100,seal_entropy,0.9136237104452836,0.7669252843022637
Biological,56e98770a6d70217090cde40,142,159,100,spectral_entropy,0.7329696461043503,
Biological,56e98770a6d70217090cde40,142,159,80,spectral_entropy,0.8123249299719887,
Biological,56e98770a6d70217090cde40,142,159,60,spectral_entropy,0.8743589743589744,
Biological,56e98770a6d70217090cde40,142,159,40,spectral_entropy,0.9963099630996309,
Biological,56e98770a6d70217090cde40,142,159,20,spectral_entropy,0.9585253456221198,
Biological,56e98770a6d70217090cde40,142,159,100,adamic_adar_entropy,2.2310434375731827,0.5478668054110302
Biological,56e98770a6d70217090cde40,142,159,100,seal_entropy,0.9944321653235403,0.613423517169615
Biological,56e98770a6d70217090cde3f,176,199,100,spectral_entropy,0.7641921397379913,
Biological,56e98770a6d70217090cde3f,176,199,80,spectral_entropy,0.8033654498575112,
Biological,56e98770a6d70217090cde3f,176,199,60,spectral_entropy,0.8943252456386606,
Biological,56e98770a6d70217090cde3f,176,199,40,spectral_entropy,0.918918918918919,
Biological,56e98770a6d70217090cde3f,176,199,20,spectral_entropy,0.9553695955369595,
Biological,56e98770a6d70217090cde3f,176,199,100,adamic_adar_entropy,,0.5128205128205129
Biological,56e98770a6d70217090cde3f,176,199,100,seal_entropy,0.9581022169126019,0.7041420118343196
Biological,56e98770a6d70217090cde3e,116,134,100,spectral_entropy,0.7348132851488556,
Biological,56e98770a6d70217090cde3e,116,134,80,spectral_entropy,0.806929564622749,
Biological,56e98770a6d70217090cde3e,116,134,60,spectral_entropy,0.8626648476580263,
Biological,56e98770a6d70217090cde3e,116,134,40,spectral_entropy,0.9249471458773785,
Biological,56e98770a6d70217090cde3e,116,134,20,spectral_entropy,0.9847434119278781,
Biological,56e98770a6d70217090cde3e,116,134,100,adamic_adar_entropy,1.0,0.5192307692307693
Biological,56e98770a6d70217090cde3e,116,134,100,seal_entropy,0.8317291508215987,0.6738165680473374
Biological,56e98770a6d70217090cde08,318,381,100,spectral_entropy,0.8514881100752779,
Biological,56e98770a6d70217090cde08,318,381,80,spectral_entropy,0.8946322067594434,
Biological,56e98770a6d70217090cde08,318,381,60,spectral_entropy,0.9226617188158893,
Biological,56e98770a6d70217090cde08,318,381,40,spectral_entropy,0.94248291571754,
Biological,56e98770a6d70217090cde08,318,381,20,spectral_entropy,0.9509609012591119,
Biological,56e98770a6d70217090cde08,318,381,100,adamic_adar_entropy,,0.5526315789473684
Biological,56e98770a6d70217090cde08,318,381,100,seal_entropy,0.9294711232240265,0.7178843490304708
Biological,56e98770a6d70217090cde06,339,369,100,spectral_entropy,0.8007546378786291,
Biological,56e98770a6d70217090cde06,339,369,80,spectral_entropy,0.8617868199911544,
Biological,56e98770a6d70217090cde06,339,369,60,spectral_entropy,0.9774938012588213,
Biological,56e98770a6d70217090cde06,339,369,40,spectral_entropy,1.0023980815347722,
Biological,56e98770a6d70217090cde06,339,369,20,spectral_entropy,1.0066280033140016,
Biological,56e98770a6d70217090cde06,339,369,100,adamic_adar_entropy,,0.5205479452054794
Biological,56e98770a6d70217090cde06,339,369,100,seal_entropy,0.8376309135063623,0.7361606305122912
Biological,56e98770a6d70217090cde04,359,443,100,spectral_entropy,0.9053446553446554,
Biological,56e98770a6d70217090cde04,359,443,80,spectral_entropy,0.9540743751270067,
Biological,56e98770a6d70217090cde04,359,443,60,spectral_entropy,0.9878734102336586,
Biological,56e98770a6d70217090cde04,359,443,40,spectral_entropy,0.95069173465768,
Biological,56e98770a6d70217090cde04,359,443,20,spectral_entropy,0.9204368174726989,
Biological,56e98770a6d70217090cde04,359,443,100,adamic_adar_entropy,7.112201197957868,0.5742510330578512
Biological,56e98770a6d70217090cde04,359,443,100,seal_entropy,0.8256812566036593,0.7625903925619835
Biological,56e98770a6d70217090cde03,386,460,100,spectral_entropy,0.9090543583145707,
Biological,56e98770a6d70217090cde03,386,460,80,spectral_entropy,0.9586437965694854,
Biological,56e98770a6d70217090cde03,386,460,60,spectral_entropy,0.9951605207552314,
Biological,56e98770a6d70217090cde03,386,460,40,spectral_entropy,1.0006075334143378,
Biological,56e98770a6d70217090cde03,386,460,20,spectral_entropy,0.9874415168677665,
Biological,56e98770a6d70217090cde03,386,460,100,adamic_adar_entropy,2.0158358402487226,0.5378662570888468
Biological,56e98770a6d70217090cde03,386,460,100,seal_entropy,0.849964464607759,0.7527173913043479
Biological,56e98770a6d70217090cdddd,346,417,100,spectral_entropy,0.8577696199131487,
Biological,56e98770a6d70217090cdddd,346,417,80,spectral_entropy,0.9259774206106446,
Biological,56e98770a6d70217090cdddd,346,417,60,spectral_entropy,0.9455153735861079,
Biological,56e98770a6d70217090cdddd,346,417,40,spectral_entropy,0.9705018516153747,
Biological,56e98770a6d70217090cdddd,346,417,20,spectral_entropy,0.9331453886427709,
Biological,56e98770a6d70217090cdddd,346,417,100,adamic_adar_entropy,,0.5662650602409639
Biological,56e98770a6d70217090cdddd,346,417,100,seal_entropy,0.8637411661660583,0.8152126578603571
Biological,56e98770a6d70217090cddaf,254,286,100,spectral_entropy,0.8704838368899218,
Biological,56e98770a6d70217090cddaf,254,286,80,spectral_entropy,0.9256040326786026,
Biological,56e98770a6d70217090cddaf,254,286,60,spectral_entropy,0.9678407350689127,
Biological,56e98770a6d70217090cddaf,254,286,40,spectral_entropy,0.9870024370430545,
Biological,56e98770a6d70217090cddaf,254,286,20,spectral_entropy,0.9960915689558906,
Biological,56e98770a6d70217090cddaf,254,286,100,adamic_adar_entropy,,0.543859649122807
Biological,56e98770a6d70217090cddaf,254,286,100,seal_entropy,0.9679767769950823,0.6783625730994153
Biological,56e98770a6d70217090cdd88,158,200,100,spectral_entropy,0.9313725490196079,
Biological,56e98770a6d70217090cdd88,158,200,80,spectral_entropy,0.9439890710382514,
Biological,56e98770a6d70217090cdd88,158,200,60,spectral_entropy,0.9996227838551489,
Biological,56e98770a6d70217090cdd88,158,200,40,spectral_entropy,1.0119363395225462,
Biological,56e98770a6d70217090cdd88,158,200,20,spectral_entropy,0.9424083769633509,
Biological,56e98770a6d70217090cdd88,158,200,100,adamic_adar_entropy,,0.5249999999999999
Biological,56e98770a6d70217090cdd88,158,200,100,seal_entropy,0.8573372528228329,0.7809375000000001
Biological,56e98770a6d70217090cdd87,120,163,100,spectral_entropy,0.9658308073849546,
Biological,56e98770a6d70217090cdd87,120,163,80,spectral_entropy,0.9642797249706524,
Biological,56e98770a6d70217090cdd87,120,163,60,spectral_entropy,0.9933283914010378,
Biological,56e98770a6d70217090cdd87,120,163,40,spectral_entropy,0.9931506849315068,
Biological,56e98770a6d70217090cdd87,120,163,20,spectral_entropy,0.9802073515551367,
Biological,56e98770a6d70217090cdd87,120,163,100,adamic_adar_entropy,,0.56494140625
Biological,56e98770a6d70217090cdd87,120,163,100,seal_entropy,0.8686078214137759,0.69677734375
Biological,56e98770a6d70217090cdd86,223,276,100,spectral_entropy,0.9091577245332942,
Biological,56e98770a6d70217090cdd86,223,276,80,spectral_entropy,0.9219284043892787,
Biological,56e98770a6d70217090cdd86,223,276,60,spectral_entropy,0.9523212045169385,
Biological,56e98770a6d70217090cdd86,223,276,40,spectral_entropy,0.9870232009437672,
Biological,56e98770a6d70217090cdd86,223,276,20,spectral_entropy,1.087179487179487,
Biological,56e98770a6d70217090cdd86,223,276,100,adamic_adar_entropy,,0.5287603305785123
Biological,56e98770a6d70217090cdd86,223,276,100,seal_entropy,0.914955708191369,0.7267768595041322
Biological,56e98770a6d70217090cdd85,182,224,100,spectral_entropy,0.8736695974086072,
Biological,56e98770a6d70217090cdd85,182,224,80,spectral_entropy,0.8748073959938366,
Biological,56e98770a6d70217090cdd85,182,224,60,spectral_entropy,0.9533042494748748,
Biological,56e98770a6d70217090cdd85,182,224,40,spectral_entropy,0.9587104072398189,
Biological,56e98770a6d70217090cdd85,182,224,20,spectral_entropy,1.0718954248366013,
Biological,56e98770a6d70217090cdd85,182,224,100,adamic_adar_entropy,,0.5451962809917354
Biological,56e98770a6d70217090cdd85,182,224,100,seal_entropy,0.9920739237745271,0.6102789256198347
Biological,56e98770a6d70217090cdd84,132,171,100,spectral_entropy,0.919390545643964,
Biological,56e98770a6d70217090cdd84,132,171,80,spectral_entropy,0.9413826059254541,
Biological,56e98770a6d70217090cdd84,132,171,60,spectral_entropy,0.9842863378437364,
Biological,56e98770a6d70217090cdd84,132,171,40,spectral_entropy,0.9748999636231358,
Biological,56e98770a6d70217090cdd84,132,171,20,spectral_entropy,0.9384615384615385,
Biological,56e98770a6d70217090cdd84,132,171,100,adamic_adar_entropy,,0.6215397923875432
Biological,56e98770a6d70217090cdd84,132,171,100,seal_entropy,0.9135201988612218,0.6868512110726643
Biological,56e98770a6d70217090cdd83,322,404,100,spectral_entropy,0.8776931345515727,
Biological,56e98770a6d70217090cdd83,322,404,80,spectral_entropy,0.8825925063998138,
Biological,56e98770a6d70217090cdd83,322,404,60,spectral_entropy,0.9183431952662722,
Biological,56e98770a6d70217090cdd83,322,404,40,spectral_entropy,0.9371223564954683,
Biological,56e98770a6d70217090cdd83,322,404,20,spectral_entropy,1.0286637060960842,
Biological,56e98770a6d70217090cdd83,322,404,100,adamic_adar_entropy,,0.5643750000000001
Biological,56e98770a6d70217090cdd83,322,404,100,seal_entropy,0.9037321213544767,0.7384375
Biological,56e98770a6d70217090cdd82,146,175,100,spectral_entropy,0.8592856234905301,
Biological,56e98770a6d70217090cdd82,146,175,80,spectral_entropy,0.9315499606608969,
Biological,56e98770a6d70217090cdd82,146,175,60,spectral_entropy,0.9576307825335062,
Biological,56e98770a6d70217090cdd82,146,175,40,spectral_entropy,0.9484944532488113,
Biological,56e98770a6d70217090cdd82,146,175,20,spectral_entropy,0.916030534351145,
Biological,56e98770a6d70217090cdd82,146,175,100,adamic_adar_entropy,,0.5693877551020409
Biological,56e98770a6d70217090cdd82,146,175,100,seal_entropy,0.9670359013651683,0.7057142857142857
Biological,56e98770a6d70217090cdd81,121,154,100,spectral_entropy,0.921985815602837,
Biological,56e98770a6d70217090cdd81,121,154,80,spectral_entropy,0.9265577302926917,
Biological,56e98770a6d70217090cdd81,121,154,60,spectral_entropy,1.0129198966408268,
Biological,56e98770a6d70217090cdd81,121,154,40,spectral_entropy,0.9783549783549783,
Biological,56e98770a6d70217090cdd81,121,154,20,spectral_entropy,0.8418891170431211,
Biological,56e98770a6d70217090cdd81,121,154,100,adamic_adar_entropy,,0.6138888888888889
Biological,56e98770a6d70217090cdd81,121,154,100,seal_entropy,0.8649130546583687,0.6200000000000001
Biological,56e98770a6d70217090cdd80,332,412,100,spectral_entropy,0.8656406553233742,
Biological,56e98770a6d70217090cdd80,332,412,80,spectral_entropy,0.8916873729387848,
Biological,56e98770a6d70217090cdd80,332,412,60,spectral_entropy,0.9251341055741273,
Biological,56e98770a6d70217090cdd80,332,412,40,spectral_entropy,0.9221647533745426,
Biological,56e98770a6d70217090cdd80,332,412,20,spectral_entropy,0.9509287496534516,
Biological,56e98770a6d70217090cdd80,332,412,100,adamic_adar_entropy,4.428769603924501,0.5377751338488995
Biological,56e98770a6d70217090cdd80,332,412,100,seal_entropy,0.8310451163637601,0.7776621058893516
Biological,56e98770a6d70217090cdd7f,84,86,100,spectral_entropy,0.8254437869822485,
Biological,56e98770a6d70217090cdd7f,84,86,80,spectral_entropy,0.8966789667896679,
Biological,56e98770a6d70217090cdd7f,84,86,60,spectral_entropy,1.0333863275039745,
Biological,56e98770a6d70217090cdd7f,84,86,40,spectral_entropy,1.0740740740740742,
Biological,56e98770a6d70217090cdd7f,84,86,20,spectral_entropy,0.949820788530466,
Biological,56e98770a6d70217090cdd7f,84,86,100,adamic_adar_entropy,,0.47058823529411764
Biological,56e98770a6d70217090cdd7f,84,86,100,seal_entropy,1.0000000000000002,0.7024221453287196
Biological,56e98770a6d70217090cdd7e,187,218,100,spectral_entropy,0.8020412093202388,
Biological,56e98770a6d70217090cdd7e,187,218,80,spectral_entropy,0.858085808580858,
Biological,56e98770a6d70217090cdd7e,187,218,60,spectral_entropy,0.9409562702058872,
Biological,56e98770a6d70217090cdd7e,187,218,40,spectral_entropy,0.9658256148195464,
Biological,56e98770a6d70217090cdd7e,187,218,20,spectral_entropy,0.9532710280373832,
Biological,56e98770a6d70217090cdd7e,187,218,100,adamic_adar_entropy,1.673687954981843,0.5470524607896159
Biological,56e98770a6d70217090cdd7e,187,218,100,seal_entropy,0.8973373913869647,0.7325581395348837
Biological,56e98770a6d70217090cdd7d,74,75,100,spectral_entropy,0.7486818980667839,
Biological,56e98770a6d70217090cdd7d,74,75,80,spectral_entropy,0.79800853485064,
Biological,56e98770a6d70217090cdd7d,74,75,60,spectral_entropy,0.8819875776397516,
Biological,56e98770a6d70217090cdd7d,74,75,40,spectral_entropy,1.0940695296523517,
Biological,56e98770a6d70217090cdd7d,74,75,20,spectral_entropy,0.8674698795180723,
Biological,56e98770a6d70217090cdd7d,74,75,100,adamic_adar_entropy,,0.5022222222222222
Biological,56e98770a6d70217090cdd7d,74,75,100,seal_entropy,0.8704871138331743,0.5444444444444444
Biological,56e9e0d8a6d70217090ce005,880,2296,100,spectral_entropy,0.7647940501261692,
Biological,56e9e0d8a6d70217090ce005,880,2296,80,spectral_entropy,0.7390738159968929,
Biological,56e9e0d8a6d70217090ce005,880,2296,60,spectral_entropy,0.726780782022134,
Biological,56e9e0d8a6d70217090ce005,880,2296,40,spectral_entropy,0.7655443597935611,
Biological,56e9e0d8a6d70217090ce005,880,2296,20,spectral_entropy,0.6988411989383051,
Biological,56e9e0d8a6d70217090ce005,880,2296,100,adamic_adar_entropy,11.375034781951387,0.6512428742981095
Biological,56e9e0d8a6d70217090ce005,880,2296,100,seal_entropy,0.6962628375996246,0.872306947470346
Biological,56e9e0d8a6d70217090ce004,861,2011,100,spectral_entropy,0.7418004441046923,
Biological,56e9e0d8a6d70217090ce004,861,2011,80,spectral_entropy,0.7017608183543085,
Biological,56e9e0d8a6d70217090ce004,861,2011,60,spectral_entropy,0.7001947816633448,
Biological,56e9e0d8a6d70217090ce004,861,2011,40,spectral_entropy,0.7160710769090937,
Biological,56e9e0d8a6d70217090ce004,861,2011,20,spectral_entropy,0.6733029171851238,
Biological,56e9e0d8a6d70217090ce004,861,2011,100,adamic_adar_entropy,10.83848985916036,0.6131624217222346
Biological,56e9e0d8a6d70217090ce004,861,2011,100,seal_entropy,0.7352718382759603,0.8647125071161605
Biological,56e9e0d8a6d70217090ce002,769,1858,100,spectral_entropy,0.7602193819458922,
Biological,56e9e0d8a6d70217090ce002,769,1858,80,spectral_entropy,0.7237556607446568,
Biological,56e9e0d8a6d70217090ce002,769,1858,60,spectral_entropy,0.7219485423826262,
Biological,56e9e0d8a6d70217090ce002,769,1858,40,spectral_entropy,0.7229553252872191,
Biological,56e9e0d8a6d70217090ce002,769,1858,20,spectral_entropy,0.6984603830266617,
Biological,56e9e0d8a6d70217090ce002,769,1858,100,adamic_adar_entropy,26.559090974645063,0.6314906168946753
Biological,56e9e0d8a6d70217090ce002,769,1858,100,seal_entropy,0.7138929591204594,0.8986493849942967
Biological,56e9e0d8a6d70217090cdffe,619,1501,100,spectral_entropy,0.7699120512450824,
Biological,56e9e0d8a6d70217090cdffe,619,1501,80,spectral_entropy,0.7773870347024086,
Biological,56e9e0d8a6d70217090cdffe,619,1501,60,spectral_entropy,0.7625414611511162,
Biological,56e9e0d8a6d70217090cdffe,619,1501,40,spectral_entropy,0.7936653450370132,
Biological,56e9e0d8a6d70217090cdffe,619,1501,20,spectral_entropy,0.7440719542109567,
Biological,56e9e0d8a6d70217090cdffe,619,1501,100,adamic_adar_entropy,13.223505690819243,0.64025
Biological,56e9e0d8a6d70217090cdffe,619,1501,100,seal_entropy,0.7277762845426182,0.8618722222222222
Biological,56e9e0d8a6d70217090cdffd,464,1115,100,spectral_entropy,0.7492038333406713,
Biological,56e9e0d8a6d70217090cdffd,464,1115,80,spectral_entropy,0.734969160117595,
Biological,56e9e0d8a6d70217090cdffd,464,1115,60,spectral_entropy,0.7322283419982498,
Biological,56e9e0d8a6d70217090cdffd,464,1115,40,spectral_entropy,0.7160614867467348,
Biological,56e9e0d8a6d70217090cdffd,464,1115,20,spectral_entropy,0.7113916894374823,
Biological,56e9e0d8a6d70217090cdffd,464,1115,100,adamic_adar_entropy,5.894164511559691,0.6110217378189788
Biological,56e9e0d8a6d70217090cdffd,464,1115,100,seal_entropy,0.751674456792478,0.8527116973999076
Biological,56e9e0d7a6d70217090cdffa,813,2103,100,spectral_entropy,0.7451167155753836,
Biological,56e9e0d7a6d70217090cdffa,813,2103,80,spectral_entropy,0.7281591229877992,
Biological,56e9e0d7a6d70217090cdffa,813,2103,60,spectral_entropy,0.7199562297508958,
Biological,56e9e0d7a6d70217090cdffa,813,2103,40,spectral_entropy,0.7237485675955169,
Biological,56e9e0d7a6d70217090cdffa,813,2103,20,spectral_entropy,0.6856164843278072,
Biological,56e9e0d7a6d70217090cdffa,813,2103,100,adamic_adar_entropy,13.941424098328577,0.6596598639455782
Biological,56e9e0d7a6d70217090cdffa,813,2103,100,seal_entropy,0.6819568481459991,0.8808163265306121
Biological,56e9e0d7a6d70217090cdff6,601,1536,100,spectral_entropy,0.772980571821556,
Biological,56e9e0d7a6d70217090cdff6,601,1536,80,spectral_entropy,0.7616082615133453,
Biological,56e9e0d7a6d70217090cdff6,601,1536,60,spectral_entropy,0.7727047066925036,
Biological,56e9e0d7a6d70217090cdff6,601,1536,40,spectral_entropy,0.7978317946980604,
Biological,56e9e0d7a6d70217090cdff6,601,1536,20,spectral_entropy,0.763943829113924,
Biological,56e9e0d7a6d70217090cdff6,601,1536,100,adamic_adar_entropy,7.973099180904828,0.6363462742310262
Biological,56e9e0d7a6d70217090cdff6,601,1536,100,seal_entropy,0.7208642042079713,0.8652558647837113
Biological,56e9e0d7a6d70217090cdff5,1042,2764,100,spectral_entropy,0.7468587549293189,
Biological,56e9e0d7a6d70217090cdff5,1042,2764,80,spectral_entropy,0.7397825538602835,
Biological,56e9e0d7a6d70217090cdff5,1042,2764,60,spectral_entropy,0.7204333819498983,
Biological,56e9e0d7a6d70217090cdff5,1042,2764,40,spectral_entropy,0.7298633323640594,
Biological,56e9e0d7a6d70217090cdff5,1042,2764,20,spectral_entropy,0.6837411967370928,
Biological,56e9e0d7a6d70217090cdff5,1042,2764,100,adamic_adar_entropy,9.792413814212793,0.6835633926696072
Biological,56e9e0d7a6d70217090cdff5,1042,2764,100,seal_entropy,0.7339597018283992,0.8971395190086116
Biological,56e9e0d7a6d70217090cdff0,808,2105,100,spectral_entropy,0.7857748145865578,
Biological,56e9e0d7a6d70217090cdff0,808,2105,80,spectral_entropy,0.7608349198418374,
Biological,56e9e0d7a6d70217090cdff0,808,2105,60,spectral_entropy,0.7587338601718704,
Biological,56e9e0d7a6d70217090cdff0,808,2105,40,spectral_entropy,0.7719771724157319,
Biological,56e9e0d7a6d70217090cdff0,808,2105,20,spectral_entropy,0.7491180742892716,
Biological,56e9e0d7a6d70217090cdff0,808,2105,100,adamic_adar_entropy,11.542628110083339,0.6727647666172049
Biological,56e9e0d7a6d70217090cdff0,808,2105,100,seal_entropy,0.7113385385317441,0.8840730982109105
Biological,56e9e0d7a6d70217090cdfef,598,1425,100,spectral_entropy,0.7694157775056847,
Biological,56e9e0d7a6d70217090cdfef,598,1425,80,spectral_entropy,0.7609154632210117,
Biological,56e9e0d7a6d70217090cdfef,598,1425,60,spectral_entropy,0.7407539371481509,
Biological,56e9e0d7a6d70217090cdfef,598,1425,40,spectral_entropy,0.7578793522076329,
Biological,56e9e0d7a6d70217090cdfef,598,1425,20,spectral_entropy,0.6928335978513002,
Biological,56e9e0d7a6d70217090cdfef,598,1425,100,adamic_adar_entropy,11.565661388131524,0.6535118497999385
Biological,56e9e0d7a6d70217090cdfef,598,1425,100,seal_entropy,0.7019844593248301,0.8738996614342875
Biological,56e9e0d7a6d70217090cdfee,609,1476,100,spectral_entropy,0.775852041409794,
Biological,56e9e0d7a6d70217090cdfee,609,1476,80,spectral_entropy,0.7613412228796844,
Biological,56e9e0d7a6d70217090cdfee,609,1476,60,spectral_entropy,0.736939951663878,
Biological,56e9e0d7a6d70217090cdfee,609,1476,40,spectral_entropy,0.7572741194486983,
Biological,56e9e0d7a6d70217090cdfee,609,1476,20,spectral_entropy,0.7308822713913381,
Biological,56e9e0d7a6d70217090cdfee,609,1476,100,adamic_adar_entropy,6.77440312979372,0.64310255673657
Biological,56e9e0d7a6d70217090cdfee,609,1476,100,seal_entropy,0.6915121496357418,0.87789141051422
Biological,56e9e0d7a6d70217090cdfec,610,1482,100,spectral_entropy,0.7677683533196841,
Biological,56e9e0d7a6d70217090cdfec,610,1482,80,spectral_entropy,0.7689718525167244,
Biological,56e9e0d7a6d70217090cdfec,610,1482,60,spectral_entropy,0.7290274684484038,
Biological,56e9e0d7a6d70217090cdfec,610,1482,40,spectral_entropy,0.7516547054497502,
Biological,56e9e0d7a6d70217090cdfec,610,1482,20,spectral_entropy,0.7435828154552824,
Biological,56e9e0d7a6d70217090cdfec,610,1482,100,adamic_adar_entropy,9.578531601446478,0.6333203981008034
Biological,56e9e0d7a6d70217090cdfec,610,1482,100,seal_entropy,0.6919614649515211,0.882156227173119
Biological,56e9e0d7a6d70217090cdfeb,610,1481,100,spectral_entropy,0.7738088979085394,
Biological,56e9e0d7a6d70217090cdfeb,610,1481,80,spectral_entropy,0.7664449580068767,
Biological,56e9e0d7a6d70217090cdfeb,610,1481,60,spectral_entropy,0.7385856632956573,
Biological,56e9e0d7a6d70217090cdfeb,610,1481,40,spectral_entropy,0.7568442073864354,
Biological,56e9e0d7a6d70217090cdfeb,610,1481,20,spectral_entropy,0.716533259729506,
Biological,56e9e0d7a6d70217090cdfeb,610,1481,100,adamic_adar_entropy,19.683087532183166,0.6194530679327975
Biological,56e9e0d7a6d70217090cdfeb,610,1481,100,seal_entropy,0.7312865390894125,0.8605677045288531
Biological,56e9e0d7a6d70217090cdfe9,600,1421,100,spectral_entropy,0.7739081759211495,
Biological,56e9e0d7a6d70217090cdfe9,600,1421,80,spectral_entropy,0.76657824933687,
Biological,56e9e0d7a6d70217090cdfe9,600,1421,60,spectral_entropy,0.7511669658886894,
Biological,56e9e0d7a6d70217090cdfe9,600,1421,40,spectral_entropy,0.7525572903256009,
Biological,56e9e0d7a6d70217090cdfe9,600,1421,20,spectral_entropy,0.6821042033727661,
Biological,56e9e0d7a6d70217090cdfe9,600,1421,100,adamic_adar_entropy,19.68829934909075,0.6323398135290617
Biological,56e9e0d7a6d70217090cdfe9,600,1421,100,seal_entropy,0.711714052851856,0.8708713548899029
Biological,56e9e0d7a6d70217090cdfe0,783,1986,100,spectral_entropy,0.7752193310776417,
Biological,56e9e0d7a6d70217090cdfe0,783,1986,80,spectral_entropy,0.7211882934357259,
Biological,56e9e0d7a6d70217090cdfe0,783,1986,60,spectral_entropy,0.7026814972077353,
Biological,56e9e0d7a6d70217090cdfe0,783,1986,40,spectral_entropy,0.7435322876349563,
Biological,56e9e0d7a6d70217090cdfe0,783,1986,20,spectral_entropy,0.6225518793232769,
Biological,56e9e0d7a6d70217090cdfe0,783,1986,100,adamic_adar_entropy,15.576838504875877,0.6404297977907353
Biological,56e9e0d7a6d70217090cdfe0,783,1986,100,seal_entropy,0.6837937583248039,0.8735065890907246
Biological,56e9e0d7a6d70217090cdfde,816,1977,100,spectral_entropy,0.7763379019307615,
Biological,56e9e0d7a6d70217090cdfde,816,1977,80,spectral_entropy,0.7600900481586671,
Biological,56e9e0d7a6d70217090cdfde,816,1977,60,spectral_entropy,0.7442470659149736,
Biological,56e9e0d7a6d70217090cdfde,816,1977,40,spectral_entropy,0.7612694058233056,
Biological,56e9e0d7a6d70217090cdfde,816,1977,20,spectral_entropy,0.7248218756017716,
Biological,56e9e0d7a6d70217090cdfde,816,1977,100,adamic_adar_entropy,10.79617165978595,0.6283640442236821
Biological,56e9e0d7a6d70217090cdfde,816,1977,100,seal_entropy,0.7174030082038233,0.8793751001442076
Biological,56e9e0d7a6d70217090cdfd7,896,2186,100,spectral_entropy,0.7166962229692173,
Biological,56e9e0d7a6d70217090cdfd7,896,2186,80,spectral_entropy,0.6977173198158456,
Biological,56e9e0d7a6d70217090cdfd7,896,2186,60,spectral_entropy,0.6760189880464378,
Biological,56e9e0d7a6d70217090cdfd7,896,2186,40,spectral_entropy,0.6880028805273581,
Biological,56e9e0d7a6d70217090cdfd7,896,2186,20,spectral_entropy,0.6590818363273453,
Biological,56e9e0d7a6d70217090cdfd7,896,2186,100,adamic_adar_entropy,27.80939535779283,0.6683362221093476
Biological,56e9e0d7a6d70217090cdfd7,896,2186,100,seal_entropy,0.7347481681760161,0.8845021966916096
Biological,56e9e0d7a6d70217090cdfd6,337,806,100,spectral_entropy,0.772169108919438,
Biological,56e9e0d7a6d70217090cdfd6,337,806,80,spectral_entropy,0.7686910642119443,
Biological,56e9e0d7a6d70217090cdfd6,337,806,60,spectral_entropy,0.7348102654090809,
Biological,56e9e0d7a6d70217090cdfd6,337,806,40,spectral_entropy,0.7407983411093831,
Biological,56e9e0d7a6d70217090cdfd6,337,806,20,spectral_entropy,0.6450366937041329,
Biological,56e9e0d7a6d70217090cdfd6,337,806,100,adamic_adar_entropy,3.584669421431313,0.5995331970217197
Biological,56e9e0d7a6d70217090cdfd6,337,806,100,seal_entropy,0.7080201342198906,0.8745032984838548
Biological,56e9e0d7a6d70217090cdfd5,759,1771,100,spectral_entropy,0.7572469580930347,
Biological,56e9e0d7a6d70217090cdfd5,759,1771,80,spectral_entropy,0.7056077137782288,
Biological,56e9e0d7a6d70217090cdfd5,759,1771,60,spectral_entropy,0.7128398288364466,
Biological,56e9e0d7a6d70217090cdfd5,759,1771,40,spectral_entropy,0.7540366552925036,
Biological,56e9e0d7a6d70217090cdfd5,759,1771,20,spectral_entropy,0.7331710592580157,
Biological,56e9e0d7a6d70217090cdfd5,759,1771,100,adamic_adar_entropy,20.0709764560465,0.6378036324172491
Biological,56e9e0d7a6d70217090cdfd5,759,1771,100,seal_entropy,0.7389051919620164,0.8808452232755593
Biological,56e9e0d7a6d70217090cdfd4,725,1657,100,spectral_entropy,0.7231114599112992,
Biological,56e9e0d7a6d70217090cdfd4,725,1657,80,spectral_entropy,0.697457874307254,
Biological,56e9e0d7a6d70217090cdfd4,725,1657,60,spectral_entropy,0.6690217312620347,
Biological,56e9e0d7a6d70217090cdfd4,725,1657,40,spectral_entropy,0.6759157600558938,
Biological,56e9e0d7a6d70217090cdfd4,725,1657,20,spectral_entropy,0.6845581782068455,
Biological,56e9e0d7a6d70217090cdfd4,725,1657,100,adamic_adar_entropy,22.589948299846927,0.6348928907184126
Biological,56e9e0d7a6d70217090cdfd4,725,1657,100,seal_entropy,0.7318636390845314,0.8960213944743111
Biological,56e9e0d7a6d70217090cdfd1,965,2353,100,spectral_entropy,0.6989493476920448,
Biological,56e9e0d7a6d70217090cdfd1,965,2353,80,spectral_entropy,0.6764493519943404,
Biological,56e9e0d7a6d70217090cdfd1,965,2353,60,spectral_entropy,0.6811090309351877,
Biological,56e9e0d7a6d70217090cdfd1,965,2353,40,spectral_entropy,0.673781478228436,
Biological,56e9e0d7a6d70217090cdfd1,965,2353,20,spectral_entropy,0.668283775312747,
Biological,56e9e0d7a6d70217090cdfd1,965,2353,100,adamic_adar_entropy,18.61614674848099,0.6592394748755092
Biological,56e9e0d7a6d70217090cdfd1,965,2353,100,seal_entropy,0.726523879531758,0.8701403349932095
Biological,56e9e0d7a6d70217090cdfcf,546,1289,100,spectral_entropy,0.7309595922287065,
Biological,56e9e0d7a6d70217090cdfcf,546,1289,80,spectral_entropy,0.7137720806628107,
Biological,56e9e0d7a6d70217090cdfcf,546,1289,60,spectral_entropy,0.6854871921588008,
Biological,56e9e0d7a6d70217090cdfcf,546,1289,40,spectral_entropy,0.6980398423351443,
Biological,56e9e0d7a6d70217090cdfcf,546,1289,20,spectral_entropy,0.6349466776045939,
Biological,56e9e0d7a6d70217090cdfcf,546,1289,100,adamic_adar_entropy,5.235566379219681,0.606988750775939
Biological,56e9e0d7a6d70217090cdfcf,546,1289,100,seal_entropy,0.7222646416563574,0.8999984859725356
Biological,56e9e0d7a6d70217090cdfce,354,856,100,spectral_entropy,0.7913625427121455,
Biological,56e9e0d7a6d70217090cdfce,354,856,80,spectral_entropy,0.7746680179829006,
Biological,56e9e0d7a6d70217090cdfce,354,856,60,spectral_entropy,0.7484357997823721,
Biological,56e9e0d7a6d70217090cdfce,354,856,40,spectral_entropy,0.7422640968004208,
Biological,56e9e0d7a6d70217090cdfce,354,856,20,spectral_entropy,0.6497909368290202,
Biological,56e9e0d7a6d70217090cdfce,354,856,100,adamic_adar_entropy,2.966193624026706,0.5630279402209227
Biological,56e9e0d7a6d70217090cdfce,354,856,100,seal_entropy,0.7492306922789388,0.8174652029684346
Biological,56e9e0d7a6d70217090cdfcd,360,887,100,spectral_entropy,0.770479761858739,
Biological,56e9e0d7a6d70217090cdfcd,360,887,80,spectral_entropy,0.7550048667561097,
Biological,56e9e0d7a6d70217090cdfcd,360,887,60,spectral_entropy,0.7271284121889775,
Biological,56e9e0d7a6d70217090cdfcd,360,887,40,spectral_entropy,0.7198379422433694,
Biological,56e9e0d7a6d70217090cdfcd,360,887,20,spectral_entropy,0.6376146788990825,
Biological,56e9e0d7a6d70217090cdfcd,360,887,100,adamic_adar_entropy,3.109190048479416,0.5677327715535128
Biological,56e9e0d7a6d70217090cdfcd,360,887,100,seal_entropy,0.7295924504552171,0.866593252258291
Biological,56e9e0d7a6d70217090cdfcb,774,1818,100,spectral_entropy,0.7351786415390655,
Biological,56e9e0d7a6d70217090cdfcb,774,1818,80,spectral_entropy,0.68827695359064,
Biological,56e9e0d7a6d70217090cdfcb,774,1818,60,spectral_entropy,0.6782589101288166,
Biological,56e9e0d7a6d70217090cdfcb,774,1818,40,spectral_entropy,0.6893417035436178,
Biological,56e9e0d7a6d70217090cdfcb,774,1818,20,spectral_entropy,0.6982040044685056,
Biological,56e9e0d7a6d70217090cdfcb,774,1818,100,adamic_adar_entropy,14.74860468861768,0.6593356555790816
Biological,56e9e0d7a6d70217090cdfcb,774,1818,100,seal_entropy,0.6715728010035215,0.9014335693524274
Biological,56e9e0d7a6d70217090cdfa0,300,712,100,spectral_entropy,0.7589830424064344,
Biological,56e9e0d7a6d70217090cdfa0,300,712,80,spectral_entropy,0.7404924857122699,
Biological,56e9e0d7a6d70217090cdfa0,300,712,60,spectral_entropy,0.7268527619422056,
Biological,56e9e0d7a6d70217090cdfa0,300,712,40,spectral_entropy,0.6813402495443712,
Biological,56e9e0d7a6d70217090cdfa0,300,712,20,spectral_entropy,0.7623485554520038,
Biological,56e9e0d7a6d70217090cdfa0,300,712,100,adamic_adar_entropy,4.891636617836532,0.6147341797262448
Biological,56e9e0d7a6d70217090cdfa0,300,712,100,seal_entropy,0.7307971617905649,0.8715532632414205
Biological,573f4b0f3d097b601f7bab27,179,705,100,spectral_entropy,0.8322147651006712,
Biological,573f4b0f3d097b601f7bab27,179,705,80,spectral_entropy,0.8221550855991944,
Biological,573f4b0f3d097b601f7bab27,179,705,60,spectral_entropy,0.8064279424713825,
Biological,573f4b0f3d097b601f7bab27,179,705,40,spectral_entropy,0.7785778577857786,
Biological,573f4b0f3d097b601f7bab27,179,705,20,spectral_entropy,0.8890005022601708,
Biological,573f4b0f3d097b601f7bab27,179,705,100,adamic_adar_entropy,3.2299048915490447,0.8819978874302097
Biological,573f4b0f3d097b601f7bab27,179,705,100,seal_entropy,0.6032854481647317,0.9150948141441577
Biological,573f4b0f3d097b601f7bab26,155,744,100,spectral_entropy,0.8924180024295577,
Biological,573f4b0f3d097b601f7bab26,155,744,80,spectral_entropy,0.8714978448275863,
Biological,573f4b0f3d097b601f7bab26,155,744,60,spectral_entropy,0.9111408050776683,
Biological,573f4b0f3d097b601f7bab26,155,744,40,spectral_entropy,0.9065117535801134,
Biological,573f4b0f3d097b601f7bab26,155,744,20,spectral_entropy,0.8067729083665338,
Biological,573f4b0f3d097b601f7bab26,155,744,100,adamic_adar_entropy,1.6585076861665071,0.8914581811541271
Biological,573f4b0f3d097b601f7bab26,155,744,100,seal_entropy,0.6659385404505184,0.9077565741417093
Biological,573f4b0f3d097b601f7bab25,176,803,100,spectral_entropy,0.8504660627543652,
Biological,573f4b0f3d097b601f7bab25,176,803,80,spectral_entropy,0.7985229633048696,
Biological,573f4b0f3d097b601f7bab25,176,803,60,spectral_entropy,0.7944220090863201,
Biological,573f4b0f3d097b601f7bab25,176,803,40,spectral_entropy,0.7638615808100668,
Biological,573f4b0f3d097b601f7bab25,176,803,20,spectral_entropy,0.8317781924820048,
Biological,573f4b0f3d097b601f7bab25,176,803,100,adamic_adar_entropy,1.9897481472554088,0.860078125
Biological,573f4b0f3d097b601f7bab25,176,803,100,seal_entropy,0.6559857623575948,0.8807421875
