domain,name,n_nodes,n_edges,level,measure,value,auc,H_raw,denom
Biological,56e98770a6d70217090cdd7d,74,75,100,adamic_adar_entropy,0.7243672219378039,0.5022222222222222,3.773557262275185,5.20945336562895
Biological,56e98770a6d70217090cdd7d,74,75,100,seal_entropy,0.6026682727790719,0.5666666666666667,3.1395722619867223,5.20945336562895
Biological,56e98770a6d70217090cdd7d,74,75,20,spectral_entropy,0.8674698795180723,,,
Biological,56e98770a6d70217090cdd7d,74,75,40,spectral_entropy,1.0940695296523515,,,
Biological,56e98770a6d70217090cdd7d,74,75,60,spectral_entropy,0.8819875776397516,,,
Biological,56e98770a6d70217090cdd7d,74,75,80,spectral_entropy,0.79800853485064,,,
Biological,56e98770a6d70217090cdd7d,74,75,100,spectral_entropy,0.7486818980667839,,,
Biological,56e98770a6d70217090cdd7e,187,218,100,adamic_adar_entropy,0.7506821559194196,0.5470524607896159,4.914636847725355,6.546894459887636
Biological,56e98770a6d70217090cdd7e,187,218,100,seal_entropy,0.696975117320594,0.7336398053001622,4.563022534265732,6.546894459887636
Biological,56e98770a6d70217090cdd7e,187,218,20,spectral_entropy,0.9532710280373832,,,
Biological,56e98770a6d70217090cdd7e,187,218,40,spectral_entropy,0.9658256148195464,,,
Biological,56e98770a6d70217090cdd7e,187,218,60,spectral_entropy,0.9409562702058872,,,
Biological,56e98770a6d70217090cdd7e,187,218,80,spectral_entropy,0.858085808580858,,,
Biological,56e98770a6d70217090cdd7e,187,218,100,spectral_entropy,0.8020412093202388,,,
Biological,56e98770a6d70217090cdd7f,84,86,100,adamic_adar_entropy,0.7143809278234565,0.4705882352941176,3.852168723603281,5.392317422778761
Biological,56e98770a6d70217090cdd7f,84,86,100,seal_entropy,0.6489283313239146,0.6920415224913494,3.499227547132693,5.392317422778761
Biological,56e98770a6d70217090cdd7f,84,86,20,spectral_entropy,0.949820788530466,,,
Biological,56e98770a6d70217090cdd7f,84,86,40,spectral_entropy,1.0740740740740742,,,
Biological,56e98770a6d70217090cdd7f,84,86,60,spectral_entropy,1.0333863275039743,,,
Biological,56e98770a6d70217090cdd7f,84,86,80,spectral_entropy,0.8966789667896679,,,
Biological,56e98770a6d70217090cdd7f,84,86,100,spectral_entropy,0.8254437869822485,,,
Biological,56e98770a6d70217090cdd80,332,412,100,adamic_adar_entropy,0.7662681104408859,0.5377751338488995,5.6512575294852345,7.375039431346925
Biological,56e98770a6d70217090cdd80,332,412,100,seal_entropy,0.6927432560157208,0.7794467578822128,5.1090088289155995,7.375039431346925
Biological,56e98770a6d70217090cdd80,332,412,20,spectral_entropy,0.9509287496534516,,,
Biological,56e98770a6d70217090cdd80,332,412,40,spectral_entropy,0.9221647533745426,,,
Biological,56e98770a6d70217090cdd80,332,412,60,spectral_entropy,0.9251341055741272,,,
Biological,56e98770a6d70217090cdd80,332,412,80,spectral_entropy,0.8916873729387848,,,
Biological,56e98770a6d70217090cdd80,332,412,100,spectral_entropy,0.8656406553233742,,,
Biological,56e98770a6d70217090cdd81,121,154,100,adamic_adar_entropy,0.7051281800180511,0.6138888888888889,4.173557262275185,5.918863237274595
Biological,56e98770a6d70217090cdd81,121,154,100,seal_entropy,0.7459305672749473,0.5766666666666667,4.415061012203069,5.918863237274595
Biological,56e98770a6d70217090cdd81,121,154,20,spectral_entropy,0.8418891170431211,,,
Biological,56e98770a6d70217090cdd81,121,154,40,spectral_entropy,0.9783549783549784,,,
Biological,56e98770a6d70217090cdd81,121,154,60,spectral_entropy,1.0129198966408268,,,
Biological,56e98770a6d70217090cdd81,121,154,80,spectral_entropy,0.9265577302926916,,,
Biological,56e98770a6d70217090cdd81,121,154,100,spectral_entropy,0.921985815602837,,,
Biological,56e98770a6d70217090cdd82,146,175,100,adamic_adar_entropy,0.7386091205776316,0.5693877551020409,4.571860873964196,6.189824558880018
Biological,56e98770a6d70217090cdd82,146,175,100,seal_entropy,0.6924504155939182,0.7155102040816326,4.28614658824991,6.189824558880018
Biological,56e98770a6d70217090cdd82,146,175,20,spectral_entropy,0.916030534351145,,,
Biological,56e98770a6d70217090cdd82,146,175,40,spectral_entropy,0.9484944532488112,,,
Biological,56e98770a6d70217090cdd82,146,175,60,spectral_entropy,0.9576307825335062,,,
Biological,56e98770a6d70217090cdd82,146,175,80,spectral_entropy,0.9315499606608968,,,
Biological,56e98770a6d70217090cdd82,146,175,100,spectral_entropy,0.8592856234905301,,,
Biological,56e98770a6d70217090cdd83,322,404,100,adamic_adar_entropy,0.762090233245766,0.5643750000000001,5.586820153547691,7.330916878114618
Biological,56e98770a6d70217090cdd83,322,404,100,seal_entropy,0.7254781013881162,0.737265625,5.318419658168689,7.330916878114618
Biological,56e98770a6d70217090cdd83,322,404,20,spectral_entropy,1.0286637060960842,,,
Biological,56e98770a6d70217090cdd83,322,404,40,spectral_entropy,0.9371223564954684,,,
Biological,56e98770a6d70217090cdd83,322,404,60,spectral_entropy,0.9183431952662722,,,
Biological,56e98770a6d70217090cdd83,322,404,80,spectral_entropy,0.8825925063998138,,,
Biological,56e98770a6d70217090cdd83,322,404,100,spectral_entropy,0.8776931345515727,,,
Biological,56e98770a6d70217090cdd84,132,171,100,adamic_adar_entropy,0.7004749493361316,0.6215397923875432,4.233946664525225,6.044394119358453
Biological,56e98770a6d70217090cdd84,132,171,100,seal_entropy,0.72728528016658,0.6816608996539792,4.395998870534841,6.044394119358453
Biological,56e98770a6d70217090cdd84,132,171,20,spectral_entropy,0.9384615384615383,,,
Biological,56e98770a6d70217090cdd84,132,171,40,spectral_entropy,0.9748999636231358,,,
Biological,56e98770a6d70217090cdd84,132,171,60,spectral_entropy,0.9842863378437364,,,
Biological,56e98770a6d70217090cdd84,132,171,80,spectral_entropy,0.941382605925454,,,
Biological,56e98770a6d70217090cdd84,132,171,100,spectral_entropy,0.919390545643964,,,
Biological,56e98770a6d70217090cdd85,182,224,100,adamic_adar_entropy,0.7734085744372282,0.5451962809917354,5.0331841754063085,6.507794640198696
Biological,56e98770a6d70217090cdd85,182,224,100,seal_entropy,0.7401974388609311,0.6188016528925621,4.81705292530797,6.507794640198696
Biological,56e98770a6d70217090cdd85,182,224,20,spectral_entropy,1.0718954248366013,,,
Biological,56e98770a6d70217090cdd85,182,224,40,spectral_entropy,0.9587104072398188,,,
Biological,56e98770a6d70217090cdd85,182,224,60,spectral_entropy,0.9533042494748748,,,
Biological,56e98770a6d70217090cdd85,182,224,80,spectral_entropy,0.8748073959938366,,,
Biological,56e98770a6d70217090cdd85,182,224,100,spectral_entropy,0.8736695974086072,,,
Biological,56e98770a6d70217090cdd86,223,276,100,adamic_adar_entropy,0.7508508176005131,0.5287603305785123,5.106461250274409,6.800899899920305
Biological,56e98770a6d70217090cdd86,223,276,100,seal_entropy,0.7317484070027883,0.7289256198347107,4.976547667952105,6.800899899920305
Biological,56e98770a6d70217090cdd86,223,276,20,spectral_entropy,1.087179487179487,,,
Biological,56e98770a6d70217090cdd86,223,276,40,spectral_entropy,0.9870232009437672,,,
Biological,56e98770a6d70217090cdd86,223,276,60,spectral_entropy,0.9523212045169384,,,
Biological,56e98770a6d70217090cdd86,223,276,80,spectral_entropy,0.9219284043892788,,,
Biological,56e98770a6d70217090cdd86,223,276,100,spectral_entropy,0.9091577245332942,,,
Biological,56e98770a6d70217090cdd87,120,163,100,adamic_adar_entropy,0.7366667276337318,0.56494140625,4.351409765557392,5.906890595608519
Biological,56e98770a6d70217090cdd87,120,163,100,seal_entropy,0.6818339024736455,0.72900390625,4.027518266288633,5.906890595608519
Biological,56e98770a6d70217090cdd87,120,163,20,spectral_entropy,0.9802073515551368,,,
Biological,56e98770a6d70217090cdd87,120,163,40,spectral_entropy,0.9931506849315068,,,
Biological,56e98770a6d70217090cdd87,120,163,60,spectral_entropy,0.9933283914010378,,,
Biological,56e98770a6d70217090cdd87,120,163,80,spectral_entropy,0.9642797249706524,,,
Biological,56e98770a6d70217090cdd87,120,163,100,spectral_entropy,0.9658308073849546,,,
Biological,56e98770a6d70217090cdd88,158,200,100,adamic_adar_entropy,0.7589387878318353,0.5249999999999999,4.7841837197791905,6.303780748177103
Biological,56e98770a6d70217090cdd88,158,200,100,seal_entropy,0.6924910155683068,0.7743749999999998,4.365311532225103,6.303780748177103
Biological,56e98770a6d70217090cdd88,158,200,20,spectral_entropy,0.9424083769633508,,,
Biological,56e98770a6d70217090cdd88,158,200,40,spectral_entropy,1.0119363395225462,,,
Biological,56e98770a6d70217090cdd88,158,200,60,spectral_entropy,0.9996227838551488,,,
Biological,56e98770a6d70217090cdd88,158,200,80,spectral_entropy,0.9439890710382514,,,
Biological,56e98770a6d70217090cdd88,158,200,100,spectral_entropy,0.931372549019608,,,
Biological,56e98770a6d70217090cddaf,254,286,100,adamic_adar_entropy,0.7925589531709426,0.543859649122807,5.5389446193899445,6.9886846867721655
Biological,56e98770a6d70217090cddaf,254,286,100,seal_entropy,0.7297517879447254,0.6812865497076024,5.100005145553911,6.9886846867721655
Biological,56e98770a6d70217090cddaf,254,286,20,spectral_entropy,0.9960915689558906,,,
Biological,56e98770a6d70217090cddaf,254,286,40,spectral_entropy,0.9870024370430543,,,
Biological,56e98770a6d70217090cddaf,254,286,60,spectral_entropy,0.9678407350689128,,,
Biological,56e98770a6d70217090cddaf,254,286,80,spectral_entropy,0.9256040326786026,,,
Biological,56e98770a6d70217090cddaf,254,286,100,spectral_entropy,0.8704838368899218,,,
Biological,56e98770a6d70217090cdddd,346,417,100,adamic_adar_entropy,0.769310959326474,0.5662650602409639,5.7195409740388925,7.434628227636725
Biological,56e98770a6d70217090cdddd,346,417,100,seal_entropy,0.693813797373379,0.8054870082740601,5.158247642675951,7.434628227636725
Biological,56e98770a6d70217090cdddd,346,417,20,spectral_entropy,0.9331453886427707,,,
Biological,56e98770a6d70217090cdddd,346,417,40,spectral_entropy,0.9705018516153748,,,
Biological,56e98770a6d70217090cdddd,346,417,60,spectral_entropy,0.945515373586108,,,
Biological,56e98770a6d70217090cdddd,346,417,80,spectral_entropy,0.9259774206106446,,,
Biological,56e98770a6d70217090cdddd,346,417,100,spectral_entropy,0.8577696199131487,,,
Biological,56e98770a6d70217090cde03,386,460,100,adamic_adar_entropy,0.797485270927982,0.5378662570888468,6.054872657374799,7.59245703726808
Biological,56e98770a6d70217090cde03,386,460,100,seal_entropy,0.7256680014554459,0.7422613421550095,5.509603124370663,7.59245703726808
Biological,56e98770a6d70217090cde03,386,460,20,spectral_entropy,0.9874415168677664,,,
Biological,56e98770a6d70217090cde03,386,460,40,spectral_entropy,1.0006075334143378,,,
Biological,56e98770a6d70217090cde03,386,460,60,spectral_entropy,0.9951605207552314,,,
Biological,56e98770a6d70217090cde03,386,460,80,spectral_entropy,0.9586437965694854,,,
Biological,56e98770a6d70217090cde03,386,460,100,spectral_entropy,0.9090543583145708,,,
Biological,56e98770a6d70217090cde04,359,443,100,adamic_adar_entropy,0.7525848199260499,0.5742510330578512,5.6352347434897885,7.487840033823051
Biological,56e98770a6d70217090cde04,359,443,100,seal_entropy,0.6882283982825853,0.7507747933884298,5.153344153074258,7.487840033823051
Biological,56e98770a6d70217090cde04,359,443,20,spectral_entropy,0.9204368174726988,,,
Biological,56e98770a6d70217090cde04,359,443,40,spectral_entropy,0.95069173465768,,,
Biological,56e98770a6d70217090cde04,359,443,60,spectral_entropy,0.9878734102336586,,,
Biological,56e98770a6d70217090cde04,359,443,80,spectral_entropy,0.9540743751270068,,,
Biological,56e98770a6d70217090cde04,359,443,100,spectral_entropy,0.9053446553446554,,,
Biological,56e98770a6d70217090cde06,339,369,100,adamic_adar_entropy,0.7863886570729763,0.5205479452054794,5.823319250631204,7.405141463136344
Biological,56e98770a6d70217090cde06,339,369,100,seal_entropy,0.6948492526619933,0.7255582660911991,5.145457011516628,7.405141463136344
Biological,56e98770a6d70217090cde06,339,369,20,spectral_entropy,1.0066280033140016,,,
Biological,56e98770a6d70217090cde06,339,369,40,spectral_entropy,1.0023980815347722,,,
Biological,56e98770a6d70217090cde06,339,369,60,spectral_entropy,0.9774938012588212,,,
Biological,56e98770a6d70217090cde06,339,369,80,spectral_entropy,0.8617868199911544,,,
Biological,56e98770a6d70217090cde06,339,369,100,spectral_entropy,0.8007546378786291,,,
Biological,56e98770a6d70217090cde08,318,381,100,adamic_adar_entropy,0.7668753593104884,0.5526315789473684,5.608069743929236,7.312882955284355
Biological,56e98770a6d70217090cde08,318,381,100,seal_entropy,0.7048179255025079,0.7174515235457063,5.154250993986168,7.312882955284355
Biological,56e98770a6d70217090cde08,318,381,20,spectral_entropy,0.950960901259112,,,
Biological,56e98770a6d70217090cde08,318,381,40,spectral_entropy,0.94248291571754,,,
Biological,56e98770a6d70217090cde08,318,381,60,spectral_entropy,0.9226617188158892,,,
Biological,56e98770a6d70217090cde08,318,381,80,spectral_entropy,0.8946322067594434,,,
Biological,56e98770a6d70217090cde08,318,381,100,spectral_entropy,0.8514881100752779,,,
Biological,56e98770a6d70217090cde3e,116,134,100,adamic_adar_entropy,0.7236113022777599,0.5192307692307693,4.23890125660263,5.857980995127572
Biological,56e98770a6d70217090cde3e,116,134,100,seal_entropy,0.6693483002076939,0.6782544378698225,3.921029621737615,5.857980995127572
Biological,56e98770a6d70217090cde3e,116,134,20,spectral_entropy,0.984743411927878,,,
Biological,56e98770a6d70217090cde3e,116,134,40,spectral_entropy,0.9249471458773784,,,
Biological,56e98770a6d70217090cde3e,116,134,60,spectral_entropy,0.8626648476580263,,,
Biological,56e98770a6d70217090cde3e,116,134,80,spectral_entropy,0.806929564622749,,,
Biological,56e98770a6d70217090cde3e,116,134,100,spectral_entropy,0.7348132851488556,,,
Biological,56e98770a6d70217090cde3f,176,199,100,adamic_adar_entropy,0.786489325016772,0.5128205128205129,5.080274013734043,6.459431618637297
Biological,56e98770a6d70217090cde3f,176,199,100,seal_entropy,0.7169834278478734,0.7212360289283366,4.631305423879507,6.459431618637297
Biological,56e98770a6d70217090cde3f,176,199,20,spectral_entropy,0.9553695955369595,,,
Biological,56e98770a6d70217090cde3f,176,199,40,spectral_entropy,0.918918918918919,,,
Biological,56e98770a6d70217090cde3f,176,199,60,spectral_entropy,0.8943252456386606,,,
Biological,56e98770a6d70217090cde3f,176,199,80,spectral_entropy,0.8033654498575112,,,
Biological,56e98770a6d70217090cde3f,176,199,100,spectral_entropy,0.7641921397379913,,,
Biological,56e98770a6d70217090cde40,142,159,100,adamic_adar_entropy,0.7281977795819593,0.5478668054110302,4.47823219741386,6.149747119504682
Biological,56e98770a6d70217090cde40,142,159,100,seal_entropy,0.6967252030132559,0.6347554630593132,4.284683810317086,6.149747119504682
Biological,56e98770a6d70217090cde40,142,159,20,spectral_entropy,0.9585253456221198,,,
Biological,56e98770a6d70217090cde40,142,159,40,spectral_entropy,0.9963099630996308,,,
Biological,56e98770a6d70217090cde40,142,159,60,spectral_entropy,0.8743589743589744,,,
Biological,56e98770a6d70217090cde40,142,159,80,spectral_entropy,0.8123249299719887,,,
Biological,56e98770a6d70217090cde40,142,159,100,spectral_entropy,0.7329696461043503,,,
Biological,56e98770a6d70217090cde41,411,488,100,adamic_adar_entropy,0.7786313709218067,0.5515463917525774,5.9822206054768845,7.682994583681683
Biological,56e98770a6d70217090cde41,411,488,100,seal_entropy,0.7019867830627928,0.7636305664789031,5.3933606520875665,7.682994583681683
Biological,56e98770a6d70217090cde41,411,488,20,spectral_entropy,0.8981769675411294,,,
Biological,56e98770a6d70217090cde41,411,488,40,spectral_entropy,0.8495593359294938,,,
Biological,56e98770a6d70217090cde41,411,488,60,spectral_entropy,0.8236791852323361,,,
Biological,56e98770a6d70217090cde41,411,488,80,spectral_entropy,0.7869003690036901,,,
Biological,56e98770a6d70217090cde41,411,488,100,spectral_entropy,0.7422153776809525,,,
Biological,56e98770a6d70217090cde42,257,302,100,adamic_adar_entropy,0.7890292195588064,0.5333333333333333,5.527642470572461,7.005624549193879
Biological,56e98770a6d70217090cde42,257,302,100,seal_entropy,0.6971287991374854,0.76625,4.883822629187616,7.005624549193879
Biological,56e98770a6d70217090cde42,257,302,20,spectral_entropy,0.9853372434017597,,,
Biological,56e98770a6d70217090cde42,257,302,40,spectral_entropy,0.8996675141795423,,,
Biological,56e98770a6d70217090cde42,257,302,60,spectral_entropy,0.8401210146613917,,,
Biological,56e98770a6d70217090cde42,257,302,80,spectral_entropy,0.8054187192118226,,,
Biological,56e98770a6d70217090cde42,257,302,100,spectral_entropy,0.7647702407002188,,,
Biological,56e98770a6d70217090cde45,305,477,100,adamic_adar_entropy,0.7523733775537399,0.6157894736842106,5.456712387679849,7.252665432450248
Biological,56e98770a6d70217090cde45,305,477,100,seal_entropy,0.6316754511615652,0.9028808864265928,4.581330709166899,7.252665432450248
Biological,56e98770a6d70217090cde45,305,477,20,spectral_entropy,0.804724409448819,,,
Biological,56e98770a6d70217090cde45,305,477,40,spectral_entropy,0.8205988988854572,,,
Biological,56e98770a6d70217090cde45,305,477,60,spectral_entropy,0.7622016009067082,,,
Biological,56e98770a6d70217090cde45,305,477,80,spectral_entropy,0.7575454727163702,,,
Biological,56e98770a6d70217090cde45,305,477,100,spectral_entropy,0.742667745789494,,,
Biological,56e98770a6d70217090cde46,283,437,100,adamic_adar_entropy,0.7149855432987662,0.6377328577090764,5.108327355435161,7.144658242831882
Biological,56e98770a6d70217090cde46,283,437,100,seal_entropy,0.5668311435645788,0.9161051658079006,4.04981480216249,7.144658242831882
Biological,56e98770a6d70217090cde46,283,437,20,spectral_entropy,0.8213972522654194,,,
Biological,56e98770a6d70217090cde46,283,437,40,spectral_entropy,0.7597560975609756,,,
Biological,56e98770a6d70217090cde46,283,437,60,spectral_entropy,0.736598822038321,,,
Biological,56e98770a6d70217090cde46,283,437,80,spectral_entropy,0.7505399568034558,,,
Biological,56e98770a6d70217090cde46,283,437,100,spectral_entropy,0.7522218882830278,,,
Biological,56e98770a6d70217090cde47,224,348,100,adamic_adar_entropy,0.7104714261112859,0.644927536231884,4.836431159519947,6.807354922057604
Biological,56e98770a6d70217090cde47,224,348,100,seal_entropy,0.6454437791702812,0.900861163621088,4.393764887046275,6.807354922057604
Biological,56e98770a6d70217090cde47,224,348,20,spectral_entropy,0.7988631394840402,,,
Biological,56e98770a6d70217090cde47,224,348,40,spectral_entropy,0.7748841667998083,,,
Biological,56e98770a6d70217090cde47,224,348,60,spectral_entropy,0.7848484848484848,,,
Biological,56e98770a6d70217090cde47,224,348,80,spectral_entropy,0.7717291534279461,,,
Biological,56e98770a6d70217090cde47,224,348,100,spectral_entropy,0.762820871315922,,,
Biological,56e98770a6d70217090cde49,311,474,100,adamic_adar_entropy,0.7210721114528353,0.6212086917157085,5.24996075222216,7.280770770130603
Biological,56e98770a6d70217090cde49,311,474,100,seal_entropy,0.6467925970481485,0.8929379809868719,4.709148634925021,7.280770770130603
Biological,56e98770a6d70217090cde49,311,474,20,spectral_entropy,0.908625543895572,,,
Biological,56e98770a6d70217090cde49,311,474,40,spectral_entropy,0.8757355486327448,,,
Biological,56e98770a6d70217090cde49,311,474,60,spectral_entropy,0.8315334773218143,,,
Biological,56e98770a6d70217090cde49,311,474,80,spectral_entropy,0.8239062969266193,,,
Biological,56e98770a6d70217090cde49,311,474,100,spectral_entropy,0.8246788214478036,,,
Biological,56e98770a6d70217090cde4a,281,429,100,adamic_adar_entropy,0.7445673902379742,0.6176470588235294,5.312061186092009,7.134426320220927
Biological,56e98770a6d70217090cde4a,281,429,100,seal_entropy,0.6152416978780703,0.8764013840830449,4.389396562638716,7.134426320220927
Biological,56e98770a6d70217090cde4a,281,429,20,spectral_entropy,0.8438818565400844,,,
Biological,56e98770a6d70217090cde4a,281,429,40,spectral_entropy,0.803763440860215,,,
Biological,56e98770a6d70217090cde4a,281,429,60,spectral_entropy,0.7694184627897519,,,
Biological,56e98770a6d70217090cde4a,281,429,80,spectral_entropy,0.7604840979453983,,,
Biological,56e98770a6d70217090cde4a,281,429,100,spectral_entropy,0.7731121934096793,,,
Biological,56e98770a6d70217090cde4d,305,465,100,adamic_adar_entropy,0.7739131810280094,0.5804139206844723,5.6129333757594555,7.252665432450248
Biological,56e98770a6d70217090cde4d,305,465,100,seal_entropy,0.6646923209487,0.8971557405480404,4.8207910193597625,7.252665432450248
Biological,56e98770a6d70217090cde4d,305,465,20,spectral_entropy,0.9050599895670318,,,
Biological,56e98770a6d70217090cde4d,305,465,40,spectral_entropy,0.8754359740906826,,,
Biological,56e98770a6d70217090cde4d,305,465,60,spectral_entropy,0.8402282453637661,,,
Biological,56e98770a6d70217090cde4d,305,465,80,spectral_entropy,0.8381532217148655,,,
Biological,56e98770a6d70217090cde4d,305,465,100,spectral_entropy,0.8211340409580554,,,
Biological,56e98770a6d70217090cde4e,199,311,100,adamic_adar_entropy,0.744528143137271,0.605098855359001,4.941153805432458,6.636624620543649
Biological,56e98770a6d70217090cde4e,199,311,100,seal_entropy,0.6917402087635361,0.8844953173777316,4.590820100500087,6.636624620543649
Biological,56e98770a6d70217090cde4e,199,311,20,spectral_entropy,0.8956310679611651,,,
Biological,56e98770a6d70217090cde4e,199,311,40,spectral_entropy,0.8629441624365481,,,
Biological,56e98770a6d70217090cde4e,199,311,60,spectral_entropy,0.8396062536189924,,,
Biological,56e98770a6d70217090cde4e,199,311,80,spectral_entropy,0.8398261297465759,,,
Biological,56e98770a6d70217090cde4e,199,311,100,spectral_entropy,0.836934417895272,,,
Biological,56e98770a6d70217090cde4f,192,307,100,adamic_adar_entropy,0.6714680835332884,0.6585595270088684,4.421592150497805,6.584962500721156
Biological,56e98770a6d70217090cde4f,192,307,100,seal_entropy,0.5712748094490306,0.9101048105348024,3.761823197828491,6.584962500721156
Biological,56e98770a6d70217090cde4f,192,307,20,spectral_entropy,0.9885304659498207,,,
Biological,56e98770a6d70217090cde4f,192,307,40,spectral_entropy,0.8767236056801812,,,
Biological,56e98770a6d70217090cde4f,192,307,60,spectral_entropy,0.8733118971061093,,,
Biological,56e98770a6d70217090cde4f,192,307,80,spectral_entropy,0.8476330085366904,,,
Biological,56e98770a6d70217090cde4f,192,307,100,spectral_entropy,0.833712391968289,,,
Biological,56e98770a6d70217090cde51,251,399,100,adamic_adar_entropy,0.7813811678195612,0.5949367088607596,5.447432843690988,6.971543553950772
Biological,56e98770a6d70217090cde51,251,399,100,seal_entropy,0.6412504371262865,0.9080275596859476,4.470505351415877,6.971543553950772
Biological,56e98770a6d70217090cde51,251,399,20,spectral_entropy,0.8480331262939959,,,
Biological,56e98770a6d70217090cde51,251,399,40,spectral_entropy,0.8740068104426788,,,
Biological,56e98770a6d70217090cde51,251,399,60,spectral_entropy,0.8415544308141031,,,
Biological,56e98770a6d70217090cde51,251,399,80,spectral_entropy,0.8474053987427586,,,
Biological,56e98770a6d70217090cde51,251,399,100,spectral_entropy,0.8192507259484935,,,
Biological,56e9e0d7a6d70217090cdfa0,300,712,100,adamic_adar_entropy,0.8361646050306369,0.6147341797262448,6.044482325176575,7.228818690495881
Biological,56e9e0d7a6d70217090cdfa0,300,712,100,seal_entropy,0.625149822795969,0.8687264431660385,4.519094723387688,7.228818690495881
Biological,56e9e0d7a6d70217090cdfa0,300,712,20,spectral_entropy,0.7623485554520038,,,
Biological,56e9e0d7a6d70217090cdfa0,300,712,40,spectral_entropy,0.6813402495443712,,,
Biological,56e9e0d7a6d70217090cdfa0,300,712,60,spectral_entropy,0.7268527619422056,,,
Biological,56e9e0d7a6d70217090cdfa0,300,712,80,spectral_entropy,0.7404924857122699,,,
Biological,56e9e0d7a6d70217090cdfa0,300,712,100,spectral_entropy,0.7589830424064344,,,
Biological,56e9e0d7a6d70217090cdfcb,774,1818,100,adamic_adar_entropy,0.7987860240863289,0.6593356555790816,6.866516237602223,8.59618975614441
Biological,56e9e0d7a6d70217090cdfcb,774,1818,100,seal_entropy,0.4871269085811137,0.8994414467742793,4.187435341487264,8.59618975614441
Biological,56e9e0d7a6d70217090cdfcb,774,1818,20,spectral_entropy,0.6982040044685056,,,
Biological,56e9e0d7a6d70217090cdfcb,774,1818,40,spectral_entropy,0.6893417035436178,,,
Biological,56e9e0d7a6d70217090cdfcb,774,1818,60,spectral_entropy,0.6782589101288166,,,
Biological,56e9e0d7a6d70217090cdfcb,774,1818,80,spectral_entropy,0.68827695359064,,,
Biological,56e9e0d7a6d70217090cdfcb,774,1818,100,spectral_entropy,0.7351786415390655,,,
Biological,56e9e0d7a6d70217090cdfcd,360,887,100,adamic_adar_entropy,0.8673664417520255,0.5677327715535128,6.498181962292364,7.491853096329674
Biological,56e9e0d7a6d70217090cdfcd,360,887,100,seal_entropy,0.6344725689720782,0.8649972868588208,4.753375280389706,7.491853096329674
Biological,56e9e0d7a6d70217090cdfcd,360,887,20,spectral_entropy,0.6376146788990825,,,
Biological,56e9e0d7a6d70217090cdfcd,360,887,40,spectral_entropy,0.7198379422433694,,,
Biological,56e9e0d7a6d70217090cdfcd,360,887,60,spectral_entropy,0.7271284121889775,,,
Biological,56e9e0d7a6d70217090cdfcd,360,887,80,spectral_entropy,0.7550048667561097,,,
Biological,56e9e0d7a6d70217090cdfcd,360,887,100,spectral_entropy,0.770479761858739,,,
Biological,56e9e0d7a6d70217090cdfce,354,856,100,adamic_adar_entropy,0.8455315682345848,0.5630279402209227,6.314096231718965,7.467605550082997
Biological,56e9e0d7a6d70217090cdfce,354,856,100,seal_entropy,0.6789706253816542,0.8281864505317875,5.070284810443364,7.467605550082997
Biological,56e9e0d7a6d70217090cdfce,354,856,20,spectral_entropy,0.6497909368290202,,,
Biological,56e9e0d7a6d70217090cdfce,354,856,40,spectral_entropy,0.7422640968004208,,,
Biological,56e9e0d7a6d70217090cdfce,354,856,60,spectral_entropy,0.7484357997823721,,,
Biological,56e9e0d7a6d70217090cdfce,354,856,80,spectral_entropy,0.7746680179829006,,,
Biological,56e9e0d7a6d70217090cdfce,354,856,100,spectral_entropy,0.7913625427121455,,,
Biological,56e9e0d7a6d70217090cdfcf,546,1289,100,adamic_adar_entropy,0.8419214520102846,0.606988750775939,6.813465842849841,8.092757140919852
Biological,56e9e0d7a6d70217090cdfcf,546,1289,100,seal_entropy,0.5915561194604944,0.91015761025905,4.787320010018753,8.092757140919852
Biological,56e9e0d7a6d70217090cdfcf,546,1289,20,spectral_entropy,0.6349466776045939,,,
Biological,56e9e0d7a6d70217090cdfcf,546,1289,40,spectral_entropy,0.6980398423351443,,,
Biological,56e9e0d7a6d70217090cdfcf,546,1289,60,spectral_entropy,0.6854871921588008,,,
Biological,56e9e0d7a6d70217090cdfcf,546,1289,80,spectral_entropy,0.7137720806628107,,,
Biological,56e9e0d7a6d70217090cdfcf,546,1289,100,spectral_entropy,0.7309595922287065,,,
Biological,56e9e0d7a6d70217090cdfd1,965,2353,100,adamic_adar_entropy,0.8072231824824964,0.6592394748755092,7.195898336253165,8.914385132155443
Biological,56e9e0d7a6d70217090cdfd1,965,2353,100,seal_entropy,0.4810165109965216,0.8767632412856496,4.287966433948678,8.914385132155443
Biological,56e9e0d7a6d70217090cdfd1,965,2353,20,spectral_entropy,0.668283775312747,,,
Biological,56e9e0d7a6d70217090cdfd1,965,2353,40,spectral_entropy,0.673781478228436,,,
Biological,56e9e0d7a6d70217090cdfd1,965,2353,60,spectral_entropy,0.6811090309351877,,,
Biological,56e9e0d7a6d70217090cdfd1,965,2353,80,spectral_entropy,0.6764493519943404,,,
Biological,56e9e0d7a6d70217090cdfd1,965,2353,100,spectral_entropy,0.6989493476920448,,,
Biological,56e9e0d7a6d70217090cdfd4,725,1657,100,adamic_adar_entropy,0.8175040969770428,0.6348928907184126,6.950286730489395,8.501837184902296
Biological,56e9e0d7a6d70217090cdfd4,725,1657,100,seal_entropy,0.5387930145071943,0.8966785626272122,4.580730485702867,8.501837184902296
Biological,56e9e0d7a6d70217090cdfd4,725,1657,20,spectral_entropy,0.6845581782068455,,,
Biological,56e9e0d7a6d70217090cdfd4,725,1657,40,spectral_entropy,0.6759157600558938,,,
Biological,56e9e0d7a6d70217090cdfd4,725,1657,60,spectral_entropy,0.6690217312620347,,,
Biological,56e9e0d7a6d70217090cdfd4,725,1657,80,spectral_entropy,0.697457874307254,,,
Biological,56e9e0d7a6d70217090cdfd4,725,1657,100,spectral_entropy,0.7231114599112992,,,
Biological,56e9e0d7a6d70217090cdfd5,759,1771,100,adamic_adar_entropy,0.8261219183032831,0.6378036324172491,7.078176308960494,8.567956075415466
Biological,56e9e0d7a6d70217090cdfd5,759,1771,100,seal_entropy,0.5422081960440703,0.8836581122921254,4.645616007435852,8.567956075415466
Biological,56e9e0d7a6d70217090cdfd5,759,1771,20,spectral_entropy,0.7331710592580157,,,
Biological,56e9e0d7a6d70217090cdfd5,759,1771,40,spectral_entropy,0.7540366552925036,,,
Biological,56e9e0d7a6d70217090cdfd5,759,1771,60,spectral_entropy,0.7128398288364466,,,
Biological,56e9e0d7a6d70217090cdfd5,759,1771,80,spectral_entropy,0.7056077137782288,,,
Biological,56e9e0d7a6d70217090cdfd5,759,1771,100,spectral_entropy,0.7572469580930347,,,
Biological,56e9e0d7a6d70217090cdfd6,337,806,100,adamic_adar_entropy,0.8420957784142405,0.5995331970217197,6.228649660831831,7.396604781181859
Biological,56e9e0d7a6d70217090cdfd6,337,806,100,seal_entropy,0.627295243819534,0.8701631881486054,4.639854999648206,7.396604781181859
Biological,56e9e0d7a6d70217090cdfd6,337,806,20,spectral_entropy,0.6450366937041329,,,
Biological,56e9e0d7a6d70217090cdfd6,337,806,40,spectral_entropy,0.7407983411093831,,,
Biological,56e9e0d7a6d70217090cdfd6,337,806,60,spectral_entropy,0.7348102654090809,,,
Biological,56e9e0d7a6d70217090cdfd6,337,806,80,spectral_entropy,0.7686910642119443,,,
Biological,56e9e0d7a6d70217090cdfd6,337,806,100,spectral_entropy,0.772169108919438,,,
Biological,56e9e0d7a6d70217090cdfd7,896,2186,100,adamic_adar_entropy,0.8074894605959083,0.6683362221093476,7.111846275289013,8.807354922057604
Biological,56e9e0d7a6d70217090cdfd7,896,2186,100,seal_entropy,0.5083034420897472,0.8813105792039545,4.476808822587957,8.807354922057604
Biological,56e9e0d7a6d70217090cdfd7,896,2186,20,spectral_entropy,0.6590818363273453,,,
Biological,56e9e0d7a6d70217090cdfd7,896,2186,40,spectral_entropy,0.6880028805273581,,,
Biological,56e9e0d7a6d70217090cdfd7,896,2186,60,spectral_entropy,0.6760189880464378,,,
Biological,56e9e0d7a6d70217090cdfd7,896,2186,80,spectral_entropy,0.6977173198158456,,,
Biological,56e9e0d7a6d70217090cdfd7,896,2186,100,spectral_entropy,0.7166962229692173,,,
Biological,56e9e0d7a6d70217090cdfde,816,1977,100,adamic_adar_entropy,0.8249275302133497,0.6283640442236821,7.154122418312211,8.672425341971495
Biological,56e9e0d7a6d70217090cdfde,816,1977,100,seal_entropy,0.5034097904216623,0.8862682262457939,4.365783823849384,8.672425341971495
Biological,56e9e0d7a6d70217090cdfde,816,1977,20,spectral_entropy,0.7248218756017716,,,
Biological,56e9e0d7a6d70217090cdfde,816,1977,40,spectral_entropy,0.7612694058233056,,,
Biological,56e9e0d7a6d70217090cdfde,816,1977,60,spectral_entropy,0.7442470659149736,,,
Biological,56e9e0d7a6d70217090cdfde,816,1977,80,spectral_entropy,0.7600900481586671,,,
Biological,56e9e0d7a6d70217090cdfde,816,1977,100,spectral_entropy,0.7763379019307615,,,
Biological,56e9e0d7a6d70217090cdfe0,783,1986,100,adamic_adar_entropy,0.8066901391834213,0.6404297977907353,6.947916086848214,8.612868497291041
Biological,56e9e0d7a6d70217090cdfe0,783,1986,100,seal_entropy,0.5055168895278699,0.8827922263322525,4.353950492663146,8.612868497291041
Biological,56e9e0d7a6d70217090cdfe0,783,1986,20,spectral_entropy,0.6225518793232769,,,
Biological,56e9e0d7a6d70217090cdfe0,783,1986,40,spectral_entropy,0.7435322876349563,,,
Biological,56e9e0d7a6d70217090cdfe0,783,1986,60,spectral_entropy,0.7026814972077353,,,
Biological,56e9e0d7a6d70217090cdfe0,783,1986,80,spectral_entropy,0.7211882934357259,,,
Biological,56e9e0d7a6d70217090cdfe0,783,1986,100,spectral_entropy,0.7752193310776417,,,
Biological,56e9e0d7a6d70217090cdfe9,600,1421,100,adamic_adar_entropy,0.8192156059681084,0.6323398135290617,6.74117668993628,8.228818690495881
Biological,56e9e0d7a6d70217090cdfe9,600,1421,100,seal_entropy,0.5670026192423482,0.8858237452886332,4.665761750781554,8.228818690495881
Biological,56e9e0d7a6d70217090cdfe9,600,1421,20,spectral_entropy,0.6821042033727661,,,
Biological,56e9e0d7a6d70217090cdfe9,600,1421,40,spectral_entropy,0.7525572903256009,,,
Biological,56e9e0d7a6d70217090cdfe9,600,1421,60,spectral_entropy,0.7511669658886894,,,
Biological,56e9e0d7a6d70217090cdfe9,600,1421,80,spectral_entropy,0.76657824933687,,,
Biological,56e9e0d7a6d70217090cdfe9,600,1421,100,spectral_entropy,0.7739081759211495,,,
Biological,56e9e0d7a6d70217090cdfeb,610,1481,100,adamic_adar_entropy,0.8200625615237144,0.6194530679327975,6.767701953933363,8.252665432450248
Biological,56e9e0d7a6d70217090cdfeb,610,1481,100,seal_entropy,0.5790007777885573,0.8664684532505479,4.778299704217434,8.252665432450248
Biological,56e9e0d7a6d70217090cdfeb,610,1481,20,spectral_entropy,0.716533259729506,,,
Biological,56e9e0d7a6d70217090cdfeb,610,1481,40,spectral_entropy,0.7568442073864354,,,
Biological,56e9e0d7a6d70217090cdfeb,610,1481,60,spectral_entropy,0.7385856632956573,,,
Biological,56e9e0d7a6d70217090cdfeb,610,1481,80,spectral_entropy,0.7664449580068767,,,
Biological,56e9e0d7a6d70217090cdfeb,610,1481,100,spectral_entropy,0.7738088979085394,,,
Biological,56e9e0d7a6d70217090cdfec,610,1482,100,adamic_adar_entropy,0.8153313967514135,0.6333203981008034,6.728657233961769,8.252665432450248
Biological,56e9e0d7a6d70217090cdfec,610,1482,100,seal_entropy,0.5535037661630247,0.9011938458729,4.567881397744619,8.252665432450248
Biological,56e9e0d7a6d70217090cdfec,610,1482,20,spectral_entropy,0.7435828154552824,,,
Biological,56e9e0d7a6d70217090cdfec,610,1482,40,spectral_entropy,0.7516547054497502,,,
Biological,56e9e0d7a6d70217090cdfec,610,1482,60,spectral_entropy,0.7290274684484038,,,
Biological,56e9e0d7a6d70217090cdfec,610,1482,80,spectral_entropy,0.7689718525167244,,,
Biological,56e9e0d7a6d70217090cdfec,610,1482,100,spectral_entropy,0.7677683533196841,,,
Biological,56e9e0d7a6d70217090cdfee,609,1476,100,adamic_adar_entropy,0.8036001258958834,0.64310255673657,6.629940847308136,8.250298417906333
Biological,56e9e0d7a6d70217090cdfee,609,1476,100,seal_entropy,0.5501461013813314,0.88707842573973,4.538869509843735,8.250298417906333
Biological,56e9e0d7a6d70217090cdfee,609,1476,20,spectral_entropy,0.7308822713913381,,,
Biological,56e9e0d7a6d70217090cdfee,609,1476,40,spectral_entropy,0.7572741194486983,,,
Biological,56e9e0d7a6d70217090cdfee,609,1476,60,spectral_entropy,0.736939951663878,,,
Biological,56e9e0d7a6d70217090cdfee,609,1476,80,spectral_entropy,0.7613412228796844,,,
Biological,56e9e0d7a6d70217090cdfee,609,1476,100,spectral_entropy,0.775852041409794,,,
Biological,56e9e0d7a6d70217090cdfef,598,1425,100,adamic_adar_entropy,0.8052708195095076,0.6535118497999385,6.622548567829071,8.224001674198105
Biological,56e9e0d7a6d70217090cdfef,598,1425,100,seal_entropy,0.562187733631869,0.8913142505386273,4.623432862602129,8.224001674198105
Biological,56e9e0d7a6d70217090cdfef,598,1425,20,spectral_entropy,0.6928335978513002,,,
Biological,56e9e0d7a6d70217090cdfef,598,1425,40,spectral_entropy,0.7578793522076329,,,
Biological,56e9e0d7a6d70217090cdfef,598,1425,60,spectral_entropy,0.7407539371481509,,,
Biological,56e9e0d7a6d70217090cdfef,598,1425,80,spectral_entropy,0.7609154632210117,,,
Biological,56e9e0d7a6d70217090cdfef,598,1425,100,spectral_entropy,0.7694157775056847,,,
Biological,56e9e0d7a6d70217090cdff0,808,2105,100,adamic_adar_entropy,0.8021846791366672,0.6727647666172049,6.945484600188657,8.658211482751796
Biological,56e9e0d7a6d70217090cdff0,808,2105,100,seal_entropy,0.5001118828331534,0.8989708927392647,4.33007444660663,8.658211482751796
Biological,56e9e0d7a6d70217090cdff0,808,2105,20,spectral_entropy,0.7491180742892716,,,
Biological,56e9e0d7a6d70217090cdff0,808,2105,40,spectral_entropy,0.7719771724157319,,,
Biological,56e9e0d7a6d70217090cdff0,808,2105,60,spectral_entropy,0.7587338601718704,,,
Biological,56e9e0d7a6d70217090cdff0,808,2105,80,spectral_entropy,0.7608349198418374,,,
Biological,56e9e0d7a6d70217090cdff0,808,2105,100,spectral_entropy,0.7857748145865578,,,
Biological,56e9e0d7a6d70217090cdff5,1042,2764,100,adamic_adar_entropy,0.7989143750869971,0.6835633926696072,7.210313733470669,9.025139562278508
Biological,56e9e0d7a6d70217090cdff5,1042,2764,100,seal_entropy,0.4515070852249349,0.9064764492753624,4.074914457512614,9.025139562278508
Biological,56e9e0d7a6d70217090cdff5,1042,2764,20,spectral_entropy,0.6837411967370928,,,
Biological,56e9e0d7a6d70217090cdff5,1042,2764,40,spectral_entropy,0.7298633323640594,,,
Biological,56e9e0d7a6d70217090cdff5,1042,2764,60,spectral_entropy,0.7204333819498983,,,
Biological,56e9e0d7a6d70217090cdff5,1042,2764,80,spectral_entropy,0.7397825538602835,,,
Biological,56e9e0d7a6d70217090cdff5,1042,2764,100,spectral_entropy,0.7468587549293189,,,
Biological,56e9e0d7a6d70217090cdff6,601,1536,100,adamic_adar_entropy,0.8425451150352606,0.6363462742310262,6.93517519658298,8.231221180711186
Biological,56e9e0d7a6d70217090cdff6,601,1536,100,seal_entropy,0.5858240153137483,0.8834364290337298,4.822047043019799,8.231221180711186
Biological,56e9e0d7a6d70217090cdff6,601,1536,20,spectral_entropy,0.763943829113924,,,
Biological,56e9e0d7a6d70217090cdff6,601,1536,40,spectral_entropy,0.7978317946980604,,,
Biological,56e9e0d7a6d70217090cdff6,601,1536,60,spectral_entropy,0.7727047066925036,,,
Biological,56e9e0d7a6d70217090cdff6,601,1536,80,spectral_entropy,0.7616082615133453,,,
Biological,56e9e0d7a6d70217090cdff6,601,1536,100,spectral_entropy,0.772980571821556,,,
Biological,56e9e0d7a6d70217090cdffa,813,2103,100,adamic_adar_entropy,0.8099991758238204,0.6596598639455782,7.020353205853893,8.667111542075027
Biological,56e9e0d7a6d70217090cdffa,813,2103,100,seal_entropy,0.4893247614450353,0.8893253968253968,4.241032287743375,8.667111542075027
Biological,56e9e0d7a6d70217090cdffa,813,2103,20,spectral_entropy,0.6856164843278072,,,
Biological,56e9e0d7a6d70217090cdffa,813,2103,40,spectral_entropy,0.7237485675955169,,,
Biological,56e9e0d7a6d70217090cdffa,813,2103,60,spectral_entropy,0.7199562297508958,,,
Biological,56e9e0d7a6d70217090cdffa,813,2103,80,spectral_entropy,0.7281591229877992,,,
Biological,56e9e0d7a6d70217090cdffa,813,2103,100,spectral_entropy,0.7451167155753836,,,
Biological,56e9e0d8a6d70217090cdffd,464,1115,100,adamic_adar_entropy,0.8353317152471602,0.6110217378189788,6.564020743039502,7.857980995127573
Biological,56e9e0d8a6d70217090cdffd,464,1115,100,seal_entropy,0.6672242672779205,0.846839872106819,5.243035611757819,7.857980995127573
Biological,56e9e0d8a6d70217090cdffd,464,1115,20,spectral_entropy,0.7113916894374823,,,
Biological,56e9e0d8a6d70217090cdffd,464,1115,40,spectral_entropy,0.7160614867467348,,,
Biological,56e9e0d8a6d70217090cdffd,464,1115,60,spectral_entropy,0.7322283419982498,,,
Biological,56e9e0d8a6d70217090cdffd,464,1115,80,spectral_entropy,0.734969160117595,,,
Biological,56e9e0d8a6d70217090cdffd,464,1115,100,spectral_entropy,0.7492038333406713,,,
Biological,56e9e0d8a6d70217090cdffe,619,1501,100,adamic_adar_entropy,0.8093490665918592,0.64025,6.696388745395897,8.273795599214264
Biological,56e9e0d8a6d70217090cdffe,619,1501,100,seal_entropy,0.578603603031849,0.8692777777777778,4.787247944454429,8.273795599214264
Biological,56e9e0d8a6d70217090cdffe,619,1501,20,spectral_entropy,0.7440719542109567,,,
Biological,56e9e0d8a6d70217090cdffe,619,1501,40,spectral_entropy,0.7936653450370132,,,
Biological,56e9e0d8a6d70217090cdffe,619,1501,60,spectral_entropy,0.7625414611511162,,,
Biological,56e9e0d8a6d70217090cdffe,619,1501,80,spectral_entropy,0.7773870347024086,,,
Biological,56e9e0d8a6d70217090cdffe,619,1501,100,spectral_entropy,0.7699120512450824,,,
Biological,56e9e0d8a6d70217090ce002,769,1858,100,adamic_adar_entropy,0.8192053382895838,0.6314906168946753,7.034384993335726,8.586839787961827
Biological,56e9e0d8a6d70217090ce002,769,1858,100,seal_entropy,0.5289299805218881,0.8880202846535553,4.541837001791222,8.586839787961827
Biological,56e9e0d8a6d70217090ce002,769,1858,20,spectral_entropy,0.6984603830266617,,,
Biological,56e9e0d8a6d70217090ce002,769,1858,40,spectral_entropy,0.7229553252872191,,,
Biological,56e9e0d8a6d70217090ce002,769,1858,60,spectral_entropy,0.7219485423826262,,,
Biological,56e9e0d8a6d70217090ce002,769,1858,80,spectral_entropy,0.7237556607446568,,,
Biological,56e9e0d8a6d70217090ce002,769,1858,100,spectral_entropy,0.7602193819458922,,,
Biological,56e9e0d8a6d70217090ce004,861,2011,100,adamic_adar_entropy,0.8371344864950906,0.6131624217222346,7.324817450002949,8.749869427396844
Biological,56e9e0d8a6d70217090ce004,861,2011,100,seal_entropy,0.521020489185771,0.8748422068760675,4.558861249373925,8.749869427396844
Biological,56e9e0d8a6d70217090ce004,861,2011,20,spectral_entropy,0.6733029171851238,,,
Biological,56e9e0d8a6d70217090ce004,861,2011,40,spectral_entropy,0.7160710769090937,,,
Biological,56e9e0d8a6d70217090ce004,861,2011,60,spectral_entropy,0.7001947816633448,,,
Biological,56e9e0d8a6d70217090ce004,861,2011,80,spectral_entropy,0.7017608183543085,,,
Biological,56e9e0d8a6d70217090ce004,861,2011,100,spectral_entropy,0.7418004441046923,,,
Biological,56e9e0d8a6d70217090ce005,880,2296,100,adamic_adar_entropy,0.8196210908546839,0.6512428742981095,7.197387627586457,8.78135971352466
Biological,56e9e0d8a6d70217090ce005,880,2296,100,seal_entropy,0.4782231547471818,0.8797281197640034,4.199449545171571,8.78135971352466
Biological,56e9e0d8a6d70217090ce005,880,2296,20,spectral_entropy,0.6988411989383051,,,
Biological,56e9e0d8a6d70217090ce005,880,2296,40,spectral_entropy,0.7655443597935611,,,
Biological,56e9e0d8a6d70217090ce005,880,2296,60,spectral_entropy,0.726780782022134,,,
Biological,56e9e0d8a6d70217090ce005,880,2296,80,spectral_entropy,0.7390738159968929,,,
Biological,56e9e0d8a6d70217090ce005,880,2296,100,spectral_entropy,0.7647940501261692,,,
Biological,573f4b0f3d097b601f7bab25,176,803,100,adamic_adar_entropy,0.5974538944409563,0.860078125,3.8592125764299032,6.459431618637297
Biological,573f4b0f3d097b601f7bab25,176,803,100,seal_entropy,0.6029977621229549,0.878515625,3.895022810624546,6.459431618637297
Biological,573f4b0f3d097b601f7bab25,176,803,20,spectral_entropy,0.8317781924820048,,,
Biological,573f4b0f3d097b601f7bab25,176,803,40,spectral_entropy,0.7638615808100668,,,
Biological,573f4b0f3d097b601f7bab25,176,803,60,spectral_entropy,0.7944220090863201,,,
Biological,573f4b0f3d097b601f7bab25,176,803,80,spectral_entropy,0.7985229633048696,,,
Biological,573f4b0f3d097b601f7bab25,176,803,100,spectral_entropy,0.8504660627543652,,,
Biological,573f4b0f3d097b601f7bab26,155,744,100,adamic_adar_entropy,0.6276794964952295,0.8914581811541271,3.939394606643955,6.2761244052742375
Biological,573f4b0f3d097b601f7bab26,155,744,100,seal_entropy,0.6148197135357193,0.9055195398100804,3.858685008965243,6.2761244052742375
Biological,573f4b0f3d097b601f7bab26,155,744,20,spectral_entropy,0.8067729083665338,,,
Biological,573f4b0f3d097b601f7bab26,155,744,40,spectral_entropy,0.9065117535801134,,,
Biological,573f4b0f3d097b601f7bab26,155,744,60,spectral_entropy,0.9111408050776684,,,
Biological,573f4b0f3d097b601f7bab26,155,744,80,spectral_entropy,0.8714978448275863,,,
Biological,573f4b0f3d097b601f7bab26,155,744,100,spectral_entropy,0.8924180024295577,,,
Biological,573f4b0f3d097b601f7bab27,179,705,100,adamic_adar_entropy,0.5659367689281551,0.8819978874302097,3.669429751310328,6.483815777264256
Biological,573f4b0f3d097b601f7bab27,179,705,100,seal_entropy,0.5477864513522376,0.9130576932749862,3.551746435849237,6.483815777264256
Biological,573f4b0f3d097b601f7bab27,179,705,20,spectral_entropy,0.8890005022601708,,,
Biological,573f4b0f3d097b601f7bab27,179,705,40,spectral_entropy,0.7785778577857786,,,
Biological,573f4b0f3d097b601f7bab27,179,705,60,spectral_entropy,0.8064279424713825,,,
Biological,573f4b0f3d097b601f7bab27,179,705,80,spectral_entropy,0.8221550855991944,,,
Biological,573f4b0f3d097b601f7bab27,179,705,100,spectral_entropy,0.8322147651006712,,,
Biological,574fa888bd3e93b53c6954b1,297,2148,100,adamic_adar_entropy,0.7351345433573294,0.8524567895197267,5.303495192503922,7.214319120800766
Biological,574fa888bd3e93b53c6954b1,297,2148,100,seal_entropy,0.711922011926504,0.8901766454214006,5.136032583160329,7.214319120800766
Biological,574fa888bd3e93b53c6954b1,297,2148,20,spectral_entropy,0.899840534588807,,,
Biological,574fa888bd3e93b53c6954b1,297,2148,40,spectral_entropy,0.7897736524995929,,,
Biological,574fa888bd3e93b53c6954b1,297,2148,60,spectral_entropy,0.7913626619992528,,,
Biological,574fa888bd3e93b53c6954b1,297,2148,80,spectral_entropy,0.8440401505646173,,,
Biological,574fa888bd3e93b53c6954b1,297,2148,100,spectral_entropy,0.8953597010277172,,,
Biological,Aishihik_Lake_host-parasite_web_Aishihik_Lake_host-parasite_web,36,78,100,adamic_adar_entropy,0.669052343747023,0.2666666666666666,2.7898980954642876,4.169925001442312
Biological,Aishihik_Lake_host-parasite_web_Aishihik_Lake_host-parasite_web,36,78,100,seal_entropy,0.375449493651825,0.9155555555555556,1.565596230357602,4.169925001442312
Biological,Aishihik_Lake_host-parasite_web_Aishihik_Lake_host-parasite_web,36,78,20,spectral_entropy,0.9473684210526316,,,
Biological,Aishihik_Lake_host-parasite_web_Aishihik_Lake_host-parasite_web,36,78,40,spectral_entropy,0.9401709401709404,,,
Biological,Aishihik_Lake_host-parasite_web_Aishihik_Lake_host-parasite_web,36,78,60,spectral_entropy,0.7150153217568948,,,
Biological,Aishihik_Lake_host-parasite_web_Aishihik_Lake_host-parasite_web,36,78,80,spectral_entropy,0.6387096774193548,,,
Biological,Aishihik_Lake_host-parasite_web_Aishihik_Lake_host-parasite_web,36,78,100,spectral_entropy,0.5755102040816327,,,
Biological,Arroyo_plant-pollinator_web_Elevation_1,182,363,100,adamic_adar_entropy,0.8317062176051787,0.4722222222222222,5.412573265150913,6.507794640198696
Biological,Arroyo_plant-pollinator_web_Elevation_1,182,363,100,seal_entropy,0.6681247162534127,0.8852237654320989,4.348018447418235,6.507794640198696
Biological,Arroyo_plant-pollinator_web_Elevation_1,182,363,20,spectral_entropy,0.8172261783655477,,,
Biological,Arroyo_plant-pollinator_web_Elevation_1,182,363,40,spectral_entropy,0.9085746734809768,,,
Biological,Arroyo_plant-pollinator_web_Elevation_1,182,363,60,spectral_entropy,0.8307722811539605,,,
Biological,Arroyo_plant-pollinator_web_Elevation_1,182,363,80,spectral_entropy,0.8335807600950118,,,
Biological,Arroyo_plant-pollinator_web_Elevation_1,182,363,100,spectral_entropy,0.8133157837007787,,,
Biological,Arroyo_plant-pollinator_web_Elevation_2,97,179,100,adamic_adar_entropy,0.8164164341133904,0.4285714285714286,4.571860873964196,5.599912842187128
Biological,Arroyo_plant-pollinator_web_Elevation_2,97,179,100,seal_entropy,0.5917236512158845,0.8591836734693877,3.3136008734696887,5.599912842187128
Biological,Arroyo_plant-pollinator_web_Elevation_2,97,179,20,spectral_entropy,0.872210953346856,,,
Biological,Arroyo_plant-pollinator_web_Elevation_2,97,179,40,spectral_entropy,0.9594912859161564,,,
Biological,Arroyo_plant-pollinator_web_Elevation_2,97,179,60,spectral_entropy,0.9170709170709171,,,
Biological,Arroyo_plant-pollinator_web_Elevation_2,97,179,80,spectral_entropy,0.8981233243967829,,,
Biological,Arroyo_plant-pollinator_web_Elevation_2,97,179,100,spectral_entropy,0.8695095402740428,,,
Biological,Arroyo_plant-pollinator_web_Elevation_3,65,85,100,adamic_adar_entropy,0.7113117939117964,0.4117647058823529,3.5724694587701356,5.022367813028454
Biological,Arroyo_plant-pollinator_web_Elevation_3,65,85,100,seal_entropy,0.6310268012378403,0.7750865051903114,3.169248695695233,5.022367813028454
Biological,Arroyo_plant-pollinator_web_Elevation_3,65,85,20,spectral_entropy,0.9787234042553192,,,
Biological,Arroyo_plant-pollinator_web_Elevation_3,65,85,40,spectral_entropy,1.004985044865404,,,
Biological,Arroyo_plant-pollinator_web_Elevation_3,65,85,60,spectral_entropy,0.9133765468473778,,,
Biological,Arroyo_plant-pollinator_web_Elevation_3,65,85,80,spectral_entropy,0.7922392886014551,,,
Biological,Arroyo_plant-pollinator_web_Elevation_3,65,85,100,spectral_entropy,0.782635279730969,,,
Biological,Barrett_Helenurm_plant-pollinator_web_Barrett_Helenurm_plant-pollinator_web,112,166,100,adamic_adar_entropy,0.7772548668686862,0.3484848484848485,4.513794876803092,5.807354922057604
Biological,Barrett_Helenurm_plant-pollinator_web_Barrett_Helenurm_plant-pollinator_web,112,166,100,seal_entropy,0.3503482733873156,0.9710743801652892,2.0345967698902103,5.807354922057604
Biological,Barrett_Helenurm_plant-pollinator_web_Barrett_Helenurm_plant-pollinator_web,112,166,20,spectral_entropy,0.8368200836820084,,,
Biological,Barrett_Helenurm_plant-pollinator_web_Barrett_Helenurm_plant-pollinator_web,112,166,40,spectral_entropy,0.6688341848583371,,,
Biological,Barrett_Helenurm_plant-pollinator_web_Barrett_Helenurm_plant-pollinator_web,112,166,60,spectral_entropy,0.5335579893288401,,,
Biological,Barrett_Helenurm_plant-pollinator_web_Barrett_Helenurm_plant-pollinator_web,112,166,80,spectral_entropy,0.4593707778421154,,,
Biological,Barrett_Helenurm_plant-pollinator_web_Barrett_Helenurm_plant-pollinator_web,112,166,100,spectral_entropy,0.5179010658649905,,,
Biological,Beehler_seed-disperser_web_Beehler_seed-disperser_web,40,119,100,adamic_adar_entropy,0.6791715107953454,0.1956521739130434,2.9353304337534993,4.321928094887363
Biological,Beehler_seed-disperser_web_Beehler_seed-disperser_web,40,119,100,seal_entropy,0.416187944643161,0.941398865784499,1.7987343707067045,4.321928094887363
Biological,Beehler_seed-disperser_web_Beehler_seed-disperser_web,40,119,20,spectral_entropy,0.9056603773584906,,,
Biological,Beehler_seed-disperser_web_Beehler_seed-disperser_web,40,119,40,spectral_entropy,0.6619718309859155,,,
Biological,Beehler_seed-disperser_web_Beehler_seed-disperser_web,40,119,60,spectral_entropy,0.5283911671924291,,,
Biological,Beehler_seed-disperser_web_Beehler_seed-disperser_web,40,119,80,spectral_entropy,0.7323340471092077,,,
Biological,Beehler_seed-disperser_web_Beehler_seed-disperser_web,40,119,100,spectral_entropy,0.7336220898754738,,,
Biological,Binary_interactomes_various species_2012_A_thaliana_mustard_binary_hq,297,560,100,adamic_adar_entropy,0.7905594713823966,0.6023596938775511,5.70334831052417,7.214319120800766
Biological,Binary_interactomes_various species_2012_A_thaliana_mustard_binary_hq,297,560,100,seal_entropy,0.5335272981905719,0.8626434948979592,3.8490361888054143,7.214319120800766
Biological,Binary_interactomes_various species_2012_A_thaliana_mustard_binary_hq,297,560,20,spectral_entropy,0.8715934200834765,,,
Biological,Binary_interactomes_various species_2012_A_thaliana_mustard_binary_hq,297,560,40,spectral_entropy,0.8298342541436464,,,
Biological,Binary_interactomes_various species_2012_A_thaliana_mustard_binary_hq,297,560,60,spectral_entropy,0.683949675943576,,,
Biological,Binary_interactomes_various species_2012_A_thaliana_mustard_binary_hq,297,560,80,spectral_entropy,0.6034525156150101,,,
Biological,Binary_interactomes_various species_2012_A_thaliana_mustard_binary_hq,297,560,100,spectral_entropy,0.61994522313517,,,
Biological,Binary_interactomes_various species_2012_A_thaliana_mustard_binary_lc,297,560,100,adamic_adar_entropy,0.7815927895151563,0.6023596938775511,5.638659806079201,7.214319120800766
Biological,Binary_interactomes_various species_2012_A_thaliana_mustard_binary_lc,297,560,100,seal_entropy,0.5362497248665365,0.86328125,3.868676643628805,7.214319120800766
Biological,Binary_interactomes_various species_2012_A_thaliana_mustard_binary_lc,297,560,20,spectral_entropy,0.8492822966507177,,,
Biological,Binary_interactomes_various species_2012_A_thaliana_mustard_binary_lc,297,560,40,spectral_entropy,0.8281596452328159,,,
Biological,Binary_interactomes_various species_2012_A_thaliana_mustard_binary_lc,297,560,60,spectral_entropy,0.691237192231228,,,
Biological,Binary_interactomes_various species_2012_A_thaliana_mustard_binary_lc,297,560,80,spectral_entropy,0.6016108437285139,,,
Biological,Binary_interactomes_various species_2012_A_thaliana_mustard_binary_lc,297,560,100,spectral_entropy,0.6200651003899578,,,
Biological,Binary_interactomes_various species_2012_A_thaliana_mustard_cocomp_hq,128,134,100,adamic_adar_entropy,0.706483542767105,0.3069526627218935,4.23890125660263,6.0
Biological,Binary_interactomes_various species_2012_A_thaliana_mustard_cocomp_hq,128,134,100,seal_entropy,0.1860127132804979,0.9940828402366864,1.1160762796829875,6.0
Biological,Binary_interactomes_various species_2012_A_thaliana_mustard_cocomp_hq,128,134,20,spectral_entropy,0.6025492468134415,,,
Biological,Binary_interactomes_various species_2012_A_thaliana_mustard_cocomp_hq,128,134,40,spectral_entropy,0.1281024819855884,,,
Biological,Binary_interactomes_various species_2012_A_thaliana_mustard_cocomp_hq,128,134,60,spectral_entropy,0.1276935355147645,,,
Biological,Binary_interactomes_various species_2012_A_thaliana_mustard_cocomp_hq,128,134,80,spectral_entropy,0.2267224301122606,,,
Biological,Binary_interactomes_various species_2012_A_thaliana_mustard_cocomp_hq,128,134,100,spectral_entropy,0.345553411682161,,,
Biological,Binary_interactomes_various species_2012_C_elegans_nematode_binary_lc,50,53,100,adamic_adar_entropy,0.629202967422018,0.4,2.9219280948873623,4.643856189774724
Biological,Binary_interactomes_various species_2012_C_elegans_nematode_binary_lc,50,53,100,seal_entropy,0.5268120382491202,0.62,2.4464393446710155,4.643856189774724
Biological,Binary_interactomes_various species_2012_C_elegans_nematode_binary_lc,50,53,20,spectral_entropy,0.8849557522123893,,,
Biological,Binary_interactomes_various species_2012_C_elegans_nematode_binary_lc,50,53,40,spectral_entropy,1.047040971168437,,,
Biological,Binary_interactomes_various species_2012_C_elegans_nematode_binary_lc,50,53,60,spectral_entropy,0.8930232558139535,,,
Biological,Binary_interactomes_various species_2012_C_elegans_nematode_binary_lc,50,53,80,spectral_entropy,0.8268229166666667,,,
Biological,Binary_interactomes_various species_2012_C_elegans_nematode_binary_lc,50,53,100,spectral_entropy,0.7708665603402446,,,
Biological,Binary_interactomes_various species_2012_D_melanogaster_fly_cocomp_hq,26,56,100,adamic_adar_entropy,0.6891993665086772,0.6859504132231405,2.5503407095463886,3.700439718141092
Biological,Binary_interactomes_various species_2012_D_melanogaster_fly_cocomp_hq,26,56,100,seal_entropy,0.5047059358419745,0.7768595041322314,1.867633890971212,3.700439718141092
Biological,Binary_interactomes_various species_2012_D_melanogaster_fly_cocomp_hq,26,56,20,spectral_entropy,1.0185185185185184,,,
Biological,Binary_interactomes_various species_2012_D_melanogaster_fly_cocomp_hq,26,56,40,spectral_entropy,0.9428571428571428,,,
Biological,Binary_interactomes_various species_2012_D_melanogaster_fly_cocomp_hq,26,56,60,spectral_entropy,0.8561020036429873,,,
Biological,Binary_interactomes_various species_2012_D_melanogaster_fly_cocomp_hq,26,56,80,spectral_entropy,0.8690744920993229,,,
Biological,Binary_interactomes_various species_2012_D_melanogaster_fly_cocomp_hq,26,56,100,spectral_entropy,0.7997481108312342,,,
Biological,Binary_interactomes_various species_2012_E_coli_K12_binary_hq,32,37,100,adamic_adar_entropy,0.5320213197228486,0.5714285714285714,2.1280852788913944,4.0
Biological,Binary_interactomes_various species_2012_E_coli_K12_binary_hq,32,37,100,seal_entropy,0.6304101590858295,0.7755102040816326,2.521640636343318,4.0
Biological,Binary_interactomes_various species_2012_E_coli_K12_binary_hq,32,37,20,spectral_entropy,0.96,,,
Biological,Binary_interactomes_various species_2012_E_coli_K12_binary_hq,32,37,40,spectral_entropy,0.99009900990099,,,
Biological,Binary_interactomes_various species_2012_E_coli_K12_binary_hq,32,37,60,spectral_entropy,0.9786476868327402,,,
Biological,Binary_interactomes_various species_2012_E_coli_K12_binary_hq,32,37,80,spectral_entropy,1.013986013986014,,,
Biological,Binary_interactomes_various species_2012_E_coli_K12_binary_hq,32,37,100,spectral_entropy,0.925925925925926,,,
Biological,Binary_interactomes_various species_2012_E_coli_K12_binary_lc,32,37,100,adamic_adar_entropy,0.701838730514401,0.5714285714285714,2.807354922057604,4.0
Biological,Binary_interactomes_various species_2012_E_coli_K12_binary_lc,32,37,100,seal_entropy,0.6304101590858295,0.7755102040816326,2.521640636343318,4.0
Biological,Binary_interactomes_various species_2012_E_coli_K12_binary_lc,32,37,20,spectral_entropy,1.04,,,
Biological,Binary_interactomes_various species_2012_E_coli_K12_binary_lc,32,37,40,spectral_entropy,1.0621761658031088,,,
Biological,Binary_interactomes_various species_2012_E_coli_K12_binary_lc,32,37,60,spectral_entropy,0.935374149659864,,,
Biological,Binary_interactomes_various species_2012_E_coli_K12_binary_lc,32,37,80,spectral_entropy,1.0171568627450982,,,
Biological,Binary_interactomes_various species_2012_E_coli_K12_binary_lc,32,37,100,spectral_entropy,0.9228187919463088,,,
Biological,Binary_interactomes_various species_2012_E_coli_K12_cocomp_hq,974,2299,100,adamic_adar_entropy,0.7989195334519628,0.662632131041717,7.132576204229539,8.927777962082342
Biological,Binary_interactomes_various species_2012_E_coli_K12_cocomp_hq,974,2299,100,seal_entropy,0.4754621705834769,0.8878707619576516,4.244820688339001,8.927777962082342
Biological,Binary_interactomes_various species_2012_E_coli_K12_cocomp_hq,974,2299,20,spectral_entropy,0.835866656273547,,,
Biological,Binary_interactomes_various species_2012_E_coli_K12_cocomp_hq,974,2299,40,spectral_entropy,0.8997641946196867,,,
Biological,Binary_interactomes_various species_2012_E_coli_K12_cocomp_hq,974,2299,60,spectral_entropy,0.8444366010765022,,,
Biological,Binary_interactomes_various species_2012_E_coli_K12_cocomp_hq,974,2299,80,spectral_entropy,0.837716554286288,,,
Biological,Binary_interactomes_various species_2012_E_coli_K12_cocomp_hq,974,2299,100,spectral_entropy,0.8654326538768985,,,
Biological,Binary_interactomes_various species_2012_H_sapiens_human_binary_lc,3155,5648,100,adamic_adar_entropy,0.7843015096286464,0.6281384327037967,8.331967707970602,10.623424289869911
Biological,Binary_interactomes_various species_2012_H_sapiens_human_binary_lc,3155,5648,100,seal_entropy,0.2610698806254198,0.89708396324926,2.7734561111895233,10.623424289869911
Biological,Binary_interactomes_various species_2012_H_sapiens_human_binary_lc,3155,5648,20,spectral_entropy,0.90317287075525,,,
Biological,Binary_interactomes_various species_2012_H_sapiens_human_binary_lc,3155,5648,40,spectral_entropy,0.9131205673758864,,,
Biological,Binary_interactomes_various species_2012_H_sapiens_human_binary_lc,3155,5648,60,spectral_entropy,0.8259287291729307,,,
Biological,Binary_interactomes_various species_2012_H_sapiens_human_binary_lc,3155,5648,80,spectral_entropy,0.7951419811952743,,,
Biological,Binary_interactomes_various species_2012_H_sapiens_human_binary_lc,3155,5648,100,spectral_entropy,0.8088076469086617,,,
Biological,Binary_interactomes_various species_2012_M_musculus_mouse_binary_hq,705,1243,100,adamic_adar_entropy,0.806448943004662,0.580027315296566,6.823751156519592,8.461479447286155
Biological,Binary_interactomes_various species_2012_M_musculus_mouse_binary_hq,705,1243,100,seal_entropy,0.6130188277257388,0.8134348985431842,5.187046211600792,8.461479447286155
Biological,Binary_interactomes_various species_2012_M_musculus_mouse_binary_hq,705,1243,20,spectral_entropy,0.8600973901624993,,,
Biological,Binary_interactomes_various species_2012_M_musculus_mouse_binary_hq,705,1243,40,spectral_entropy,0.8939110834297239,,,
Biological,Binary_interactomes_various species_2012_M_musculus_mouse_binary_hq,705,1243,60,spectral_entropy,0.797444700360697,,,
Biological,Binary_interactomes_various species_2012_M_musculus_mouse_binary_hq,705,1243,80,spectral_entropy,0.7639100152109519,,,
Biological,Binary_interactomes_various species_2012_M_musculus_mouse_binary_hq,705,1243,100,spectral_entropy,0.770757853987791,,,
Biological,Binary_interactomes_various species_2012_M_musculus_mouse_binary_ht,537,1028,100,adamic_adar_entropy,0.8111066404499118,0.5793813206424747,6.5446396415919725,8.068778277985412
Biological,Binary_interactomes_various species_2012_M_musculus_mouse_binary_ht,537,1028,100,seal_entropy,0.5904714973369622,0.8680785246876859,4.7643835914820025,8.068778277985412
Biological,Binary_interactomes_various species_2012_M_musculus_mouse_binary_ht,537,1028,20,spectral_entropy,0.9157458563535912,,,
Biological,Binary_interactomes_various species_2012_M_musculus_mouse_binary_ht,537,1028,40,spectral_entropy,0.9037725145369452,,,
Biological,Binary_interactomes_various species_2012_M_musculus_mouse_binary_ht,537,1028,60,spectral_entropy,0.8184311863691512,,,
Biological,Binary_interactomes_various species_2012_M_musculus_mouse_binary_ht,537,1028,80,spectral_entropy,0.7898384286393157,,,
Biological,Binary_interactomes_various species_2012_M_musculus_mouse_binary_ht,537,1028,100,spectral_entropy,0.7965213023138991,,,
Biological,Binary_interactomes_various species_2012_M_musculus_mouse_binary_lc,81,108,100,adamic_adar_entropy,0.630737271787274,0.6258503401360543,3.368042422572715,5.339850002884624
Biological,Binary_interactomes_various species_2012_M_musculus_mouse_binary_lc,81,108,100,seal_entropy,0.7155423559250013,0.6780045351473922,3.8208888513501886,5.339850002884624
Biological,Binary_interactomes_various species_2012_M_musculus_mouse_binary_lc,81,108,20,spectral_entropy,1.0,,,
Biological,Binary_interactomes_various species_2012_M_musculus_mouse_binary_lc,81,108,40,spectral_entropy,0.8975377283558379,,,
Biological,Binary_interactomes_various species_2012_M_musculus_mouse_binary_lc,81,108,60,spectral_entropy,0.8826429980276134,,,
Biological,Binary_interactomes_various species_2012_M_musculus_mouse_binary_lc,81,108,80,spectral_entropy,0.8175033921302578,,,
Biological,Binary_interactomes_various species_2012_M_musculus_mouse_binary_lc,81,108,100,spectral_entropy,0.7398190045248869,,,
Biological,Binary_interactomes_various species_2012_M_musculus_mouse_cocomp_hq,890,1329,100,adamic_adar_entropy,0.749088431291438,0.631306514773941,6.590226471434832,8.79766152585376
Biological,Binary_interactomes_various species_2012_M_musculus_mouse_cocomp_hq,890,1329,100,seal_entropy,0.4680331643177126,0.9004129583481666,4.117597362541531,8.79766152585376
Biological,Binary_interactomes_various species_2012_M_musculus_mouse_cocomp_hq,890,1329,20,spectral_entropy,0.9012969883490878,,,
Biological,Binary_interactomes_various species_2012_M_musculus_mouse_cocomp_hq,890,1329,40,spectral_entropy,0.8488469420151817,,,
Biological,Binary_interactomes_various species_2012_M_musculus_mouse_cocomp_hq,890,1329,60,spectral_entropy,0.7067289949563292,,,
Biological,Binary_interactomes_various species_2012_M_musculus_mouse_cocomp_hq,890,1329,80,spectral_entropy,0.6698506373011286,,,
Biological,Binary_interactomes_various species_2012_M_musculus_mouse_cocomp_hq,890,1329,100,spectral_entropy,0.6852539564646061,,,
Biological,Binary_interactomes_various species_2012_R_norvegicus_rat_cocomp_hq,104,117,100,adamic_adar_entropy,0.6962623632778772,0.500945179584121,3.9690016298759927,5.700439718141092
Biological,Binary_interactomes_various species_2012_R_norvegicus_rat_cocomp_hq,104,117,100,seal_entropy,0.6410026102086864,0.7665406427221172,3.653996738665709,5.700439718141092
Biological,Binary_interactomes_various species_2012_R_norvegicus_rat_cocomp_hq,104,117,20,spectral_entropy,0.9419152276295132,,,
Biological,Binary_interactomes_various species_2012_R_norvegicus_rat_cocomp_hq,104,117,40,spectral_entropy,0.9993468321358588,,,
Biological,Binary_interactomes_various species_2012_R_norvegicus_rat_cocomp_hq,104,117,60,spectral_entropy,0.8841940532081377,,,
Biological,Binary_interactomes_various species_2012_R_norvegicus_rat_cocomp_hq,104,117,80,spectral_entropy,0.7786666666666666,,,
Biological,Binary_interactomes_various species_2012_R_norvegicus_rat_cocomp_hq,104,117,100,spectral_entropy,0.7878411910669975,,,
Biological,Binary_interactomes_various species_2012_S_pombe_972H_fission_yeast_binary_hq,129,153,100,adamic_adar_entropy,0.7941069368103728,0.4994444444444444,4.773557262275185,6.011227255423254
Biological,Binary_interactomes_various species_2012_S_pombe_972H_fission_yeast_binary_hq,129,153,100,seal_entropy,0.6970120937757284,0.6405555555555555,4.1898980954642875,6.011227255423254
Biological,Binary_interactomes_various species_2012_S_pombe_972H_fission_yeast_binary_hq,129,153,20,spectral_entropy,1.0335689045936396,,,
Biological,Binary_interactomes_various species_2012_S_pombe_972H_fission_yeast_binary_hq,129,153,40,spectral_entropy,0.9981378026070764,,,
Biological,Binary_interactomes_various species_2012_S_pombe_972H_fission_yeast_binary_hq,129,153,60,spectral_entropy,0.8996188055908514,,,
Biological,Binary_interactomes_various species_2012_S_pombe_972H_fission_yeast_binary_hq,129,153,80,spectral_entropy,0.8811398575178103,,,
Biological,Binary_interactomes_various species_2012_S_pombe_972H_fission_yeast_binary_hq,129,153,100,spectral_entropy,0.8335809806835067,,,
Biological,Binary_interactomes_various species_2012_S_pombe_972H_fission_yeast_binary_ht,96,114,100,adamic_adar_entropy,0.7333612812032428,0.4545454545454545,4.095795255000934,5.584962500721156
Biological,Binary_interactomes_various species_2012_S_pombe_972H_fission_yeast_binary_ht,96,114,100,seal_entropy,0.7008063299757806,0.5165289256198347,3.913977073182751,5.584962500721156
Biological,Binary_interactomes_various species_2012_S_pombe_972H_fission_yeast_binary_ht,96,114,20,spectral_entropy,0.9254498714652956,,,
Biological,Binary_interactomes_various species_2012_S_pombe_972H_fission_yeast_binary_ht,96,114,40,spectral_entropy,1.0221992772328343,,,
Biological,Binary_interactomes_various species_2012_S_pombe_972H_fission_yeast_binary_ht,96,114,60,spectral_entropy,0.835740817168799,,,
Biological,Binary_interactomes_various species_2012_S_pombe_972H_fission_yeast_binary_ht,96,114,80,spectral_entropy,0.8654353562005277,,,
Biological,Binary_interactomes_various species_2012_S_pombe_972H_fission_yeast_binary_ht,96,114,100,spectral_entropy,0.8282531006937145,,,
Biological,Binary_interactomes_various species_2012_S_pombe_972H_fission_yeast_binary_lc,28,56,100,adamic_adar_entropy,0.6220913406329318,0.793388429752066,2.3685225277282065,3.807354922057604
Biological,Binary_interactomes_various species_2012_S_pombe_972H_fission_yeast_binary_lc,28,56,100,seal_entropy,0.6995756396056729,0.6694214876033058,2.663532754804255,3.807354922057604
Biological,Binary_interactomes_various species_2012_S_pombe_972H_fission_yeast_binary_lc,28,56,20,spectral_entropy,1.0666666666666669,,,
Biological,Binary_interactomes_various species_2012_S_pombe_972H_fission_yeast_binary_lc,28,56,40,spectral_entropy,0.8743169398907104,,,
Biological,Binary_interactomes_various species_2012_S_pombe_972H_fission_yeast_binary_lc,28,56,60,spectral_entropy,0.8576642335766423,,,
Biological,Binary_interactomes_various species_2012_S_pombe_972H_fission_yeast_binary_lc,28,56,80,spectral_entropy,0.8395677472984207,,,
Biological,Binary_interactomes_various species_2012_S_pombe_972H_fission_yeast_binary_lc,28,56,100,spectral_entropy,0.8077695914266577,,,
Biological,Binary_interactomes_various species_2012_S_pombe_972H_fission_yeast_cocomp_hq,90,118,100,adamic_adar_entropy,0.6842727487014718,0.5982986767485823,3.757925413690195,5.491853096329675
Biological,Binary_interactomes_various species_2012_S_pombe_972H_fission_yeast_cocomp_hq,90,118,100,seal_entropy,0.5290258677031883,0.8260869565217391,2.9053323495842474,5.491853096329675
Biological,Binary_interactomes_various species_2012_S_pombe_972H_fission_yeast_cocomp_hq,90,118,20,spectral_entropy,1.0309278350515465,,,
Biological,Binary_interactomes_various species_2012_S_pombe_972H_fission_yeast_cocomp_hq,90,118,40,spectral_entropy,0.8921161825726142,,,
Biological,Binary_interactomes_various species_2012_S_pombe_972H_fission_yeast_cocomp_hq,90,118,60,spectral_entropy,0.4761904761904761,,,
Biological,Binary_interactomes_various species_2012_S_pombe_972H_fission_yeast_cocomp_hq,90,118,80,spectral_entropy,0.5691318327974276,,,
Biological,Binary_interactomes_various species_2012_S_pombe_972H_fission_yeast_cocomp_hq,90,118,100,spectral_entropy,0.5992201928996511,,,
Biological,Bluthgen_plant-ant_web_Bluthgen_plant-ant_web,92,285,100,adamic_adar_entropy,0.8422943872468942,0.3596491228070175,4.652465233197298,5.523561956057013
Biological,Bluthgen_plant-ant_web_Bluthgen_plant-ant_web,92,285,100,seal_entropy,0.6090887239236146,0.8775007694675284,3.36433930332779,5.523561956057013
Biological,Bluthgen_plant-ant_web_Bluthgen_plant-ant_web,92,285,20,spectral_entropy,0.6751054852320676,,,
Biological,Bluthgen_plant-ant_web_Bluthgen_plant-ant_web,92,285,40,spectral_entropy,0.8669179472310815,,,
Biological,Bluthgen_plant-ant_web_Bluthgen_plant-ant_web,92,285,60,spectral_entropy,0.8542886668963141,,,
Biological,Bluthgen_plant-ant_web_Bluthgen_plant-ant_web,92,285,80,spectral_entropy,0.809553739786298,,,
Biological,Bluthgen_plant-ant_web_Bluthgen_plant-ant_web,92,285,100,spectral_entropy,0.8390367553865653,,,
Biological,C_elegans_interactomes_2009_BPmaps_scaffold,345,400,100,adamic_adar_entropy,0.7936162775934246,0.5125,5.896928094887363,7.430452551665532
Biological,C_elegans_interactomes_2009_BPmaps_scaffold,345,400,100,seal_entropy,0.7246539260834512,0.7349218750000001,5.384506614141226,7.430452551665532
Biological,C_elegans_interactomes_2009_BPmaps_scaffold,345,400,20,spectral_entropy,0.95523765574527,,,
Biological,C_elegans_interactomes_2009_BPmaps_scaffold,345,400,40,spectral_entropy,0.95912475307704,,,
Biological,C_elegans_interactomes_2009_BPmaps_scaffold,345,400,60,spectral_entropy,0.8115588115588116,,,
Biological,C_elegans_interactomes_2009_BPmaps_scaffold,345,400,80,spectral_entropy,0.7447373076242703,,,
Biological,C_elegans_interactomes_2009_BPmaps_scaffold,345,400,100,spectral_entropy,0.734208174591976,,,
Biological,C_elegans_interactomes_2009_Genetic,683,1543,100,adamic_adar_entropy,0.6459099677669465,0.759750801146905,5.4358114942911975,8.41574176829009
Biological,C_elegans_interactomes_2009_Genetic,683,1543,100,seal_entropy,0.5327200845610104,0.8868221875527071,4.483234666447124,8.41574176829009
Biological,C_elegans_interactomes_2009_Genetic,683,1543,20,spectral_entropy,0.8753851057048763,,,
Biological,C_elegans_interactomes_2009_Genetic,683,1543,40,spectral_entropy,0.872860155981753,,,
Biological,C_elegans_interactomes_2009_Genetic,683,1543,60,spectral_entropy,0.7972319820221513,,,
Biological,C_elegans_interactomes_2009_Genetic,683,1543,80,spectral_entropy,0.774407405091,,,
Biological,C_elegans_interactomes_2009_Genetic,683,1543,100,spectral_entropy,0.7885530711392729,,,
Biological,C_elegans_interactomes_2009_LCI_lit,117,123,100,adamic_adar_entropy,0.6479169585680525,0.4652777777777778,3.8035088547976783,5.870364719583405
Biological,C_elegans_interactomes_2009_LCI_lit,117,123,100,seal_entropy,0.0846881254206378,0.9826388888888888,0.497150183636967,5.870364719583405
Biological,C_elegans_interactomes_2009_LCI_lit,117,123,20,spectral_entropy,0.7287449392712552,,,
Biological,C_elegans_interactomes_2009_LCI_lit,117,123,40,spectral_entropy,0.1442524417731029,,,
Biological,C_elegans_interactomes_2009_LCI_lit,117,123,60,spectral_entropy,0.1311546840958605,,,
Biological,C_elegans_interactomes_2009_LCI_lit,117,123,80,spectral_entropy,0.2473164448261056,,,
Biological,C_elegans_interactomes_2009_LCI_lit,117,123,100,spectral_entropy,0.3145253526496378,,,
Biological,C_elegans_interactomes_2009_WI-2004,1084,1602,100,adamic_adar_entropy,0.8488360886155615,0.533427734375,7.709255868486391,9.08214904135387
Biological,C_elegans_interactomes_2009_WI-2004,1084,1602,100,seal_entropy,0.4820847156874315,0.8798779296875,4.378365238431959,9.08214904135387
Biological,C_elegans_interactomes_2009_WI-2004,1084,1602,20,spectral_entropy,0.921316542268109,,,
Biological,C_elegans_interactomes_2009_WI-2004,1084,1602,40,spectral_entropy,0.8915342867329556,,,
Biological,C_elegans_interactomes_2009_WI-2004,1084,1602,60,spectral_entropy,0.7886218159980078,,,
Biological,C_elegans_interactomes_2009_WI-2004,1084,1602,80,spectral_entropy,0.7339096388192337,,,
Biological,C_elegans_interactomes_2009_WI-2004,1084,1602,100,spectral_entropy,0.7520960965407467,,,
Biological,C_elegans_interactomes_2009_WI-2007,1108,1500,100,adamic_adar_entropy,0.8352718711733389,0.5453333333333333,7.612452472427265,9.113742166049189
Biological,C_elegans_interactomes_2009_WI-2007,1108,1500,100,seal_entropy,0.4590696199531296,0.8793055555555556,4.183842152519014,9.113742166049189
Biological,C_elegans_interactomes_2009_WI-2007,1108,1500,20,spectral_entropy,0.9409691629955949,,,
Biological,C_elegans_interactomes_2009_WI-2007,1108,1500,40,spectral_entropy,0.8701420989556582,,,
Biological,C_elegans_interactomes_2009_WI-2007,1108,1500,60,spectral_entropy,0.7348463446024422,,,
Biological,C_elegans_interactomes_2009_WI-2007,1108,1500,80,spectral_entropy,0.7039461829539312,,,
Biological,C_elegans_interactomes_2009_WI-2007,1108,1500,100,spectral_entropy,0.7135749397974008,,,
Biological,C_elegans_interactomes_2009_WI8,2214,3538,100,adamic_adar_entropy,0.852099111682499,0.5416215697140536,8.616800720671568,10.112439506781552
Biological,C_elegans_interactomes_2009_WI8,2214,3538,100,seal_entropy,0.3521385256651534,0.8777580829410482,3.5609795387961074,10.112439506781552
Biological,C_elegans_interactomes_2009_WI8,2214,3538,20,spectral_entropy,0.9403825776588032,,,
Biological,C_elegans_interactomes_2009_WI8,2214,3538,40,spectral_entropy,0.9046987029585466,,,
Biological,C_elegans_interactomes_2009_WI8,2214,3538,60,spectral_entropy,0.8233562103531145,,,
Biological,C_elegans_interactomes_2009_WI8,2214,3538,80,spectral_entropy,0.7672576451868147,,,
Biological,C_elegans_interactomes_2009_WI8,2214,3538,100,spectral_entropy,0.7741649423588531,,,
Biological,C_elegans_neurons_1986_C_elegans_Metabolic,297,2148,100,adamic_adar_entropy,0.7415722238522339,0.8350992441901532,5.349938673991917,7.214319120800766
Biological,C_elegans_neurons_1986_C_elegans_Metabolic,297,2148,100,seal_entropy,0.7378655772153014,0.8902038132807364,5.323197742285044,7.214319120800766
Biological,C_elegans_neurons_1986_C_elegans_Metabolic,297,2148,20,spectral_entropy,0.8754567600487211,,,
Biological,C_elegans_neurons_1986_C_elegans_Metabolic,297,2148,40,spectral_entropy,0.7932362734216883,,,
Biological,C_elegans_neurons_1986_C_elegans_Metabolic,297,2148,60,spectral_entropy,0.7952619338562813,,,
Biological,C_elegans_neurons_1986_C_elegans_Metabolic,297,2148,80,spectral_entropy,0.8527636554884921,,,
Biological,C_elegans_neurons_1986_C_elegans_Metabolic,297,2148,100,spectral_entropy,0.9028102293447684,,,
Biological,C_elegans_pharynx_2011_Worm_c_elegans_herm_pharynx_1,279,2287,100,adamic_adar_entropy,0.7364807327920714,0.8512154714650297,5.246778084235572,7.124121311829187
Biological,C_elegans_pharynx_2011_Worm_c_elegans_herm_pharynx_1,279,2287,100,seal_entropy,0.7132193617262198,0.8855105842019833,5.0810612548829726,7.124121311829187
Biological,C_elegans_pharynx_2011_Worm_c_elegans_herm_pharynx_1,279,2287,20,spectral_entropy,0.8769589863287763,,,
Biological,C_elegans_pharynx_2011_Worm_c_elegans_herm_pharynx_1,279,2287,40,spectral_entropy,0.8628519527702089,,,
Biological,C_elegans_pharynx_2011_Worm_c_elegans_herm_pharynx_1,279,2287,60,spectral_entropy,0.8531219105588618,,,
Biological,C_elegans_pharynx_2011_Worm_c_elegans_herm_pharynx_1,279,2287,80,spectral_entropy,0.8936896632917354,,,
Biological,C_elegans_pharynx_2011_Worm_c_elegans_herm_pharynx_1,279,2287,100,spectral_entropy,0.9313392250169952,,,
Biological,C_elegans_posterior_nervous_system_Worm_c_elegans_neural_male_1,269,2902,100,adamic_adar_entropy,0.6723665236680398,0.9139506539833532,4.754614565961581,7.071462362556623
Biological,C_elegans_posterior_nervous_system_Worm_c_elegans_neural_male_1,269,2902,100,seal_entropy,0.6721657284273574,0.9240368608799048,4.753194649974515,7.071462362556623
Biological,C_elegans_posterior_nervous_system_Worm_c_elegans_neural_male_1,269,2902,20,spectral_entropy,0.8948450077067991,,,
Biological,C_elegans_posterior_nervous_system_Worm_c_elegans_neural_male_1,269,2902,40,spectral_entropy,0.8469907245972522,,,
Biological,C_elegans_posterior_nervous_system_Worm_c_elegans_neural_male_1,269,2902,60,spectral_entropy,0.8532461258315062,,,
Biological,C_elegans_posterior_nervous_system_Worm_c_elegans_neural_male_1,269,2902,80,spectral_entropy,0.8814381899586451,,,
Biological,C_elegans_posterior_nervous_system_Worm_c_elegans_neural_male_1,269,2902,100,spectral_entropy,0.9385852746903538,,,
Biological,Cat_brain_2013_Cat_mixed_species_brain_1,65,730,100,adamic_adar_entropy,0.6095226334933601,0.9147354100206418,3.061246855769391,5.022367813028454
Biological,Cat_brain_2013_Cat_mixed_species_brain_1,65,730,100,seal_entropy,0.6168993264357217,0.8785419403265152,3.0982953209697017,5.022367813028454
Biological,Cat_brain_2013_Cat_mixed_species_brain_1,65,730,20,spectral_entropy,0.944055944055944,,,
Biological,Cat_brain_2013_Cat_mixed_species_brain_1,65,730,40,spectral_entropy,0.714377406931964,,,
Biological,Cat_brain_2013_Cat_mixed_species_brain_1,65,730,60,spectral_entropy,0.7688162385485898,,,
Biological,Cat_brain_2013_Cat_mixed_species_brain_1,65,730,80,spectral_entropy,0.8232600732600732,,,
Biological,Cat_brain_2013_Cat_mixed_species_brain_1,65,730,100,spectral_entropy,0.8801541875949072,,,
Biological,Cat_cerebral_hemisphere_cortex_and_thalamus,95,1170,100,adamic_adar_entropy,0.7009508518366498,0.8640514281539923,3.9041950332667192,5.569855608330948
Biological,Cat_cerebral_hemisphere_cortex_and_thalamus,95,1170,100,seal_entropy,0.6141179297308828,0.9008145226093944,3.4205481950881484,5.569855608330948
Biological,Cat_cerebral_hemisphere_cortex_and_thalamus,95,1170,20,spectral_entropy,0.8643639427127212,,,
Biological,Cat_cerebral_hemisphere_cortex_and_thalamus,95,1170,40,spectral_entropy,0.6810344827586207,,,
Biological,Cat_cerebral_hemisphere_cortex_and_thalamus,95,1170,60,spectral_entropy,0.7391069499459849,,,
Biological,Cat_cerebral_hemisphere_cortex_and_thalamus,95,1170,80,spectral_entropy,0.8438856729377714,,,
Biological,Cat_cerebral_hemisphere_cortex_and_thalamus,95,1170,100,spectral_entropy,0.8690649224806202,,,
Biological,Cat_cerebral_hemisphere_cortex_only,52,515,100,adamic_adar_entropy,0.6135392974517966,0.8742105759261005,2.883904482382806,4.700439718141092
Biological,Cat_cerebral_hemisphere_cortex_only,52,515,100,seal_entropy,0.6256056308878795,0.8749175228579508,2.940621555318104,4.700439718141092
Biological,Cat_cerebral_hemisphere_cortex_only,52,515,20,spectral_entropy,0.8851674641148326,,,
Biological,Cat_cerebral_hemisphere_cortex_only,52,515,40,spectral_entropy,0.7251675807434491,,,
Biological,Cat_cerebral_hemisphere_cortex_only,52,515,60,spectral_entropy,0.6314988587370023,,,
Biological,Cat_cerebral_hemisphere_cortex_only,52,515,80,spectral_entropy,0.9474232170744404,,,
Biological,Cat_cerebral_hemisphere_cortex_only,52,515,100,spectral_entropy,0.8683473389355741,,,
Biological,Clements_Long_plant-pollinator_web_Clements_Long_plant-pollinator_web,361,918,100,adamic_adar_entropy,0.8848054509751812,0.4316939890710382,6.632373387509482,7.49585502688717
Biological,Clements_Long_plant-pollinator_web_Clements_Long_plant-pollinator_web,361,918,100,seal_entropy,0.5755169968377496,0.9352623249425184,4.313991973805253,7.49585502688717
Biological,Clements_Long_plant-pollinator_web_Clements_Long_plant-pollinator_web,361,918,20,spectral_entropy,0.8264711789515967,,,
Biological,Clements_Long_plant-pollinator_web_Clements_Long_plant-pollinator_web,361,918,40,spectral_entropy,0.7238085508504878,,,
Biological,Clements_Long_plant-pollinator_web_Clements_Long_plant-pollinator_web,361,918,60,spectral_entropy,0.6843755764619074,,,
Biological,Clements_Long_plant-pollinator_web_Clements_Long_plant-pollinator_web,361,918,80,spectral_entropy,0.7445906326476217,,,
Biological,Clements_Long_plant-pollinator_web_Clements_Long_plant-pollinator_web,361,918,100,spectral_entropy,0.7926772257232081,,,
Biological,Cold_Lake_host-parasite_web_Cold_Lake,50,91,100,adamic_adar_entropy,0.7123973480961188,0.3888888888888889,3.3082708345352603,4.643856189774724
Biological,Cold_Lake_host-parasite_web_Cold_Lake,50,91,100,seal_entropy,0.5012284433819969,0.8858024691358025,2.327632809290636,4.643856189774724
Biological,Cold_Lake_host-parasite_web_Cold_Lake,50,91,20,spectral_entropy,0.8627450980392157,,,
Biological,Cold_Lake_host-parasite_web_Cold_Lake,50,91,40,spectral_entropy,0.8774834437086093,,,
Biological,Cold_Lake_host-parasite_web_Cold_Lake,50,91,60,spectral_entropy,0.875,,,
Biological,Cold_Lake_host-parasite_web_Cold_Lake,50,91,80,spectral_entropy,0.6980802792321117,,,
Biological,Cold_Lake_host-parasite_web_Cold_Lake,50,91,100,spectral_entropy,0.8181265206812651,,,
Biological,Dupont_plant-pollinator_web_Dupont_plant-pollinator_web,49,106,100,adamic_adar_entropy,0.7298492291704377,0.3571428571428571,3.3680424225727155,4.614709844115208
Biological,Dupont_plant-pollinator_web_Dupont_plant-pollinator_web,49,106,100,seal_entropy,0.5481358958010906,0.91156462585034,2.5294881142662007,4.614709844115208
Biological,Dupont_plant-pollinator_web_Dupont_plant-pollinator_web,49,106,20,spectral_entropy,0.9582309582309582,,,
Biological,Dupont_plant-pollinator_web_Dupont_plant-pollinator_web,49,106,40,spectral_entropy,0.8324324324324325,,,
Biological,Dupont_plant-pollinator_web_Dupont_plant-pollinator_web,49,106,60,spectral_entropy,0.8650742414460942,,,
Biological,Dupont_plant-pollinator_web_Dupont_plant-pollinator_web,49,106,80,spectral_entropy,0.8260373049105444,,,
Biological,Dupont_plant-pollinator_web_Dupont_plant-pollinator_web,49,106,100,spectral_entropy,0.8757961783439491,,,
Biological,Elberling_Olesen_plant-pollinator_web_Elberling_Olesen_plant-pollinator_web,141,238,100,adamic_adar_entropy,0.8258652820123958,0.425531914893617,5.070442309078416,6.139551352398794
Biological,Elberling_Olesen_plant-pollinator_web_Elberling_Olesen_plant-pollinator_web,141,238,100,seal_entropy,0.5346668046596015,0.88909008601177,3.2826143036305977,6.139551352398794
Biological,Elberling_Olesen_plant-pollinator_web_Elberling_Olesen_plant-pollinator_web,141,238,20,spectral_entropy,0.9227967953386744,,,
Biological,Elberling_Olesen_plant-pollinator_web_Elberling_Olesen_plant-pollinator_web,141,238,40,spectral_entropy,0.8058394160583942,,,
Biological,Elberling_Olesen_plant-pollinator_web_Elberling_Olesen_plant-pollinator_web,141,238,60,spectral_entropy,0.7292707292707292,,,
Biological,Elberling_Olesen_plant-pollinator_web_Elberling_Olesen_plant-pollinator_web,141,238,80,spectral_entropy,0.6992245952931574,,,
Biological,Elberling_Olesen_plant-pollinator_web_Elberling_Olesen_plant-pollinator_web,141,238,100,spectral_entropy,0.7476385671003386,,,
Biological,Fonseca_Ganade_plant-ant_web_Fonseca_Ganade_plant-ant_web,29,38,100,adamic_adar_entropy,0.5795586742010627,0.5,2.235926350629032,3.857980995127572
Biological,Fonseca_Ganade_plant-ant_web_Fonseca_Ganade_plant-ant_web,29,38,100,seal_entropy,0.4314427109160555,0.673469387755102,1.6644977792004614,3.857980995127572
Biological,Fonseca_Ganade_plant-ant_web_Fonseca_Ganade_plant-ant_web,29,38,20,spectral_entropy,1.1956521739130437,,,
Biological,Fonseca_Ganade_plant-ant_web_Fonseca_Ganade_plant-ant_web,29,38,40,spectral_entropy,0.930930930930931,,,
Biological,Fonseca_Ganade_plant-ant_web_Fonseca_Ganade_plant-ant_web,29,38,60,spectral_entropy,0.9836065573770492,,,
Biological,Fonseca_Ganade_plant-ant_web_Fonseca_Ganade_plant-ant_web,29,38,80,spectral_entropy,0.8823529411764706,,,
Biological,Fonseca_Ganade_plant-ant_web_Fonseca_Ganade_plant-ant_web,29,38,100,spectral_entropy,0.885547201336675,,,
Biological,Freshwater_stream_webs_AkatoreA,84,227,100,adamic_adar_entropy,0.859676000199216,0.3409876543209876,4.63564587381899,5.392317422778761
Biological,Freshwater_stream_webs_AkatoreA,84,227,100,seal_entropy,0.5130276269388524,0.8948148148148147,2.7664078111092163,5.392317422778761
Biological,Freshwater_stream_webs_AkatoreA,84,227,20,spectral_entropy,0.6659267480577137,,,
Biological,Freshwater_stream_webs_AkatoreA,84,227,40,spectral_entropy,0.7493061979648474,,,
Biological,Freshwater_stream_webs_AkatoreA,84,227,60,spectral_entropy,0.7250405374102387,,,
Biological,Freshwater_stream_webs_AkatoreA,84,227,80,spectral_entropy,0.7120980091883614,,,
Biological,Freshwater_stream_webs_AkatoreA,84,227,100,spectral_entropy,0.8938186517337928,,,
Biological,Freshwater_stream_webs_AkatoreB,54,117,100,adamic_adar_entropy,0.8416230297354891,0.439508506616257,4.00182282562223,4.754887502163468
Biological,Freshwater_stream_webs_AkatoreB,54,117,100,seal_entropy,0.4537541560279867,0.88468809073724,2.1575499655522066,4.754887502163468
Biological,Freshwater_stream_webs_AkatoreB,54,117,20,spectral_entropy,0.8143322475570033,,,
Biological,Freshwater_stream_webs_AkatoreB,54,117,40,spectral_entropy,0.7285342584562012,,,
Biological,Freshwater_stream_webs_AkatoreB,54,117,60,spectral_entropy,0.6310679611650485,,,
Biological,Freshwater_stream_webs_AkatoreB,54,117,80,spectral_entropy,0.672019269369731,,,
Biological,Freshwater_stream_webs_AkatoreB,54,117,100,spectral_entropy,0.8893557422969188,,,
Biological,Freshwater_stream_webs_Berwick,77,240,100,adamic_adar_entropy,0.8239676481502551,0.3309461805555554,4.339661719245796,5.266786540694901
Biological,Freshwater_stream_webs_Berwick,77,240,100,seal_entropy,0.6619441630532145,0.8967013888888888,3.486318608660221,5.266786540694901
Biological,Freshwater_stream_webs_Berwick,77,240,20,spectral_entropy,1.0209424083769634,,,
Biological,Freshwater_stream_webs_Berwick,77,240,40,spectral_entropy,0.9394904458598726,,,
Biological,Freshwater_stream_webs_Berwick,77,240,60,spectral_entropy,0.784,,,
Biological,Freshwater_stream_webs_Berwick,77,240,80,spectral_entropy,0.886735136698973,,,
Biological,Freshwater_stream_webs_Berwick,77,240,100,spectral_entropy,0.9276712909033148,,,
Biological,Freshwater_stream_webs_Blackrock,86,375,100,adamic_adar_entropy,0.8897532480268346,0.4033777777777778,4.828036690149727,5.426264754702098
Biological,Freshwater_stream_webs_Blackrock,86,375,100,seal_entropy,0.5628030233201454,0.9262222222222224,3.053918209281888,5.426264754702098
Biological,Freshwater_stream_webs_Blackrock,86,375,20,spectral_entropy,0.8823529411764707,,,
Biological,Freshwater_stream_webs_Blackrock,86,375,40,spectral_entropy,0.7583102493074791,,,
Biological,Freshwater_stream_webs_Blackrock,86,375,60,spectral_entropy,0.7035695809622349,,,
Biological,Freshwater_stream_webs_Blackrock,86,375,80,spectral_entropy,0.8254997298757428,,,
Biological,Freshwater_stream_webs_Blackrock,86,375,100,spectral_entropy,0.8834193278482777,,,
Biological,Freshwater_stream_webs_Broad,94,564,100,adamic_adar_entropy,0.8272647453354689,0.2720025510204081,4.595115531826336,5.554588851677638
Biological,Freshwater_stream_webs_Broad,94,564,100,seal_entropy,0.5134221894402999,0.9394929846938777,2.851849169669014,5.554588851677638
Biological,Freshwater_stream_webs_Broad,94,564,20,spectral_entropy,0.9029345372460498,,,
Biological,Freshwater_stream_webs_Broad,94,564,40,spectral_entropy,0.8108108108108109,,,
Biological,Freshwater_stream_webs_Broad,94,564,60,spectral_entropy,0.746966817716708,,,
Biological,Freshwater_stream_webs_Broad,94,564,80,spectral_entropy,0.9276647539558336,,,
Biological,Freshwater_stream_webs_Broad,94,564,100,spectral_entropy,0.9240812379110253,,,
Biological,Freshwater_stream_webs_Canton,62,167,100,adamic_adar_entropy,0.6648209684025264,0.2272727272727273,3.2936535887276253,4.954196310386875
Biological,Freshwater_stream_webs_Canton,62,167,100,seal_entropy,0.4477259249766309,0.9623507805325988,2.2181221255837755,4.954196310386875
Biological,Freshwater_stream_webs_Canton,62,167,20,spectral_entropy,0.7301587301587301,,,
Biological,Freshwater_stream_webs_Canton,62,167,40,spectral_entropy,0.6965174129353234,,,
Biological,Freshwater_stream_webs_Canton,62,167,60,spectral_entropy,0.7142857142857143,,,
Biological,Freshwater_stream_webs_Canton,62,167,80,spectral_entropy,0.7168657960544597,,,
Biological,Freshwater_stream_webs_Canton,62,167,100,spectral_entropy,0.7778849244615879,,,
Biological,Freshwater_stream_webs_Catlins,48,110,100,adamic_adar_entropy,0.7743445467630249,0.3398760330578512,3.5503407095463886,4.584962500721156
Biological,Freshwater_stream_webs_Catlins,48,110,100,seal_entropy,0.486649619109562,0.8966942148760331,2.231270254607576,4.584962500721156
Biological,Freshwater_stream_webs_Catlins,48,110,20,spectral_entropy,0.9420289855072465,,,
Biological,Freshwater_stream_webs_Catlins,48,110,40,spectral_entropy,1.0,,,
Biological,Freshwater_stream_webs_Catlins,48,110,60,spectral_entropy,0.7607209446861405,,,
Biological,Freshwater_stream_webs_Catlins,48,110,80,spectral_entropy,0.6904008438818566,,,
Biological,Freshwater_stream_webs_Catlins,48,110,100,spectral_entropy,0.9311424100156496,,,
Biological,Freshwater_stream_webs_Coweeta1,58,126,100,adamic_adar_entropy,0.8344332128416931,0.5784,4.0536606896881855,4.857980995127572
Biological,Freshwater_stream_webs_Coweeta1,58,126,100,seal_entropy,0.4877400793933316,0.912,2.369432036254818,4.857980995127572
Biological,Freshwater_stream_webs_Coweeta1,58,126,20,spectral_entropy,0.6369426751592357,,,
Biological,Freshwater_stream_webs_Coweeta1,58,126,40,spectral_entropy,0.8955223880597015,,,
Biological,Freshwater_stream_webs_Coweeta1,58,126,60,spectral_entropy,0.7745358090185677,,,
Biological,Freshwater_stream_webs_Coweeta1,58,126,80,spectral_entropy,0.8058353594998264,,,
Biological,Freshwater_stream_webs_Coweeta1,58,126,100,spectral_entropy,0.8519701810436635,,,
Biological,Freshwater_stream_webs_Coweeta17,71,148,100,adamic_adar_entropy,0.7859219112133653,0.5190249702734839,4.047299098426643,5.149747119504682
Biological,Freshwater_stream_webs_Coweeta17,71,148,100,seal_entropy,0.4598046296832113,0.8466111771700356,2.3678775672460346,5.149747119504682
Biological,Freshwater_stream_webs_Coweeta17,71,148,20,spectral_entropy,0.7875457875457875,,,
Biological,Freshwater_stream_webs_Coweeta17,71,148,40,spectral_entropy,0.7091808686091259,,,
Biological,Freshwater_stream_webs_Coweeta17,71,148,60,spectral_entropy,0.7539984767707539,,,
Biological,Freshwater_stream_webs_Coweeta17,71,148,80,spectral_entropy,0.8041958041958043,,,
Biological,Freshwater_stream_webs_Coweeta17,71,148,100,spectral_entropy,0.7819478326139989,,,
Biological,Freshwater_stream_webs_DempstersAu,83,414,100,adamic_adar_entropy,0.8099758830897273,0.3664485425342058,4.353652310047331,5.3750394313469245
Biological,Freshwater_stream_webs_DempstersAu,83,414,100,seal_entropy,0.5635476457765782,0.9121058893515764,3.0290908174918374,5.3750394313469245
Biological,Freshwater_stream_webs_DempstersAu,83,414,20,spectral_entropy,0.8026315789473685,,,
Biological,Freshwater_stream_webs_DempstersAu,83,414,40,spectral_entropy,0.6977475117862755,,,
Biological,Freshwater_stream_webs_DempstersAu,83,414,60,spectral_entropy,0.8149316508937959,,,
Biological,Freshwater_stream_webs_DempstersAu,83,414,80,spectral_entropy,0.858034321372855,,,
Biological,Freshwater_stream_webs_DempstersAu,83,414,100,spectral_entropy,0.900336389420223,,,
Biological,Freshwater_stream_webs_DempstersSp,93,538,100,adamic_adar_entropy,0.8535904308509685,0.3206830290855097,4.7281729561256425,5.539158811108031
Biological,Freshwater_stream_webs_DempstersSp,93,538,100,seal_entropy,0.5601284246942807,0.9205170757271376,3.102640298997386,5.539158811108031
Biological,Freshwater_stream_webs_DempstersSp,93,538,20,spectral_entropy,0.7109448082319925,,,
Biological,Freshwater_stream_webs_DempstersSp,93,538,40,spectral_entropy,0.7659467604218986,,,
Biological,Freshwater_stream_webs_DempstersSp,93,538,60,spectral_entropy,0.779320987654321,,,
Biological,Freshwater_stream_webs_DempstersSp,93,538,80,spectral_entropy,0.8807821127908029,,,
Biological,Freshwater_stream_webs_DempstersSp,93,538,100,spectral_entropy,0.92956469165659,,,
Biological,Freshwater_stream_webs_DempstersSu,107,965,100,adamic_adar_entropy,0.9111384675083736,0.4179709522403285,5.231271431239461,5.741466986401147
Biological,Freshwater_stream_webs_DempstersSu,107,965,100,seal_entropy,0.6017607360600019,0.9322397916722596,3.4549893998009553,5.741466986401147
Biological,Freshwater_stream_webs_DempstersSu,107,965,20,spectral_entropy,0.8683926645091693,,,
Biological,Freshwater_stream_webs_DempstersSu,107,965,40,spectral_entropy,0.7914818101153505,,,
Biological,Freshwater_stream_webs_DempstersSu,107,965,60,spectral_entropy,0.7921059745877264,,,
Biological,Freshwater_stream_webs_DempstersSu,107,965,80,spectral_entropy,0.8888665695776629,,,
Biological,Freshwater_stream_webs_DempstersSu,107,965,100,spectral_entropy,0.8988593155893536,,,
Biological,Freshwater_stream_webs_German,84,352,100,adamic_adar_entropy,0.8507776183081097,0.3912244897959184,4.587662974113038,5.392317422778761
Biological,Freshwater_stream_webs_German,84,352,100,seal_entropy,0.5029819729999375,0.9228571428571428,2.712238456351199,5.392317422778761
Biological,Freshwater_stream_webs_German,84,352,20,spectral_entropy,0.5607476635514018,,,
Biological,Freshwater_stream_webs_German,84,352,40,spectral_entropy,0.6410614525139665,,,
Biological,Freshwater_stream_webs_German,84,352,60,spectral_entropy,0.7649402390438247,,,
Biological,Freshwater_stream_webs_German,84,352,80,spectral_entropy,0.7898466692436541,,,
Biological,Freshwater_stream_webs_German,84,352,100,spectral_entropy,0.8733041737712209,,,
Biological,Freshwater_stream_webs_Healy,96,634,100,adamic_adar_entropy,0.8981733714502373,0.3606072058453011,5.016264598695869,5.584962500721156
Biological,Freshwater_stream_webs_Healy,96,634,100,seal_entropy,0.5667374347254884,0.923721340388007,3.165207320696757,5.584962500721156
Biological,Freshwater_stream_webs_Healy,96,634,20,spectral_entropy,0.896949152542373,,,
Biological,Freshwater_stream_webs_Healy,96,634,40,spectral_entropy,0.8713010803193988,,,
Biological,Freshwater_stream_webs_Healy,96,634,60,spectral_entropy,0.7895131086142322,,,
Biological,Freshwater_stream_webs_Healy,96,634,80,spectral_entropy,0.8832275174797075,,,
Biological,Freshwater_stream_webs_Healy,96,634,100,spectral_entropy,0.9181838122395262,,,
Biological,Freshwater_stream_webs_Kyeburn,98,629,100,adamic_adar_entropy,0.8894238491823334,0.407616,4.993856841594888,5.614709844115208
Biological,Freshwater_stream_webs_Kyeburn,98,629,100,seal_entropy,0.4908811520361669,0.930496,2.756155236628081,5.614709844115208
Biological,Freshwater_stream_webs_Kyeburn,98,629,20,spectral_entropy,0.7154605263157895,,,
Biological,Freshwater_stream_webs_Kyeburn,98,629,40,spectral_entropy,0.819949281487743,,,
Biological,Freshwater_stream_webs_Kyeburn,98,629,60,spectral_entropy,0.7817969661610269,,,
Biological,Freshwater_stream_webs_Kyeburn,98,629,80,spectral_entropy,0.8764614504128854,,,
Biological,Freshwater_stream_webs_Kyeburn,98,629,100,spectral_entropy,0.863259368622172,,,
Biological,Freshwater_stream_webs_LilKyeburn,78,375,100,adamic_adar_entropy,0.8417833714627354,0.3677333333333333,4.449163699330486,5.285402218862249
Biological,Freshwater_stream_webs_LilKyeburn,78,375,100,seal_entropy,0.469455152532684,0.9431111111111112,2.4812593048525633,5.285402218862249
Biological,Freshwater_stream_webs_LilKyeburn,78,375,20,spectral_entropy,0.8442330558858502,,,
Biological,Freshwater_stream_webs_LilKyeburn,78,375,40,spectral_entropy,0.9421378091872792,,,
Biological,Freshwater_stream_webs_LilKyeburn,78,375,60,spectral_entropy,0.9102815979043876,,,
Biological,Freshwater_stream_webs_LilKyeburn,78,375,80,spectral_entropy,0.8655830753353972,,,
Biological,Freshwater_stream_webs_LilKyeburn,78,375,100,spectral_entropy,0.9163464380727164,,,
Biological,Freshwater_stream_webs_Martins,105,343,100,adamic_adar_entropy,0.8410069100900164,0.5418468858131488,4.805719966308112,5.714245517666122
Biological,Freshwater_stream_webs_Martins,105,343,100,seal_entropy,0.6091181983831335,0.8965181660899655,3.480650934839685,5.714245517666122
Biological,Freshwater_stream_webs_Martins,105,343,20,spectral_entropy,0.8220338983050848,,,
Biological,Freshwater_stream_webs_Martins,105,343,40,spectral_entropy,0.7240811848601206,,,
Biological,Freshwater_stream_webs_Martins,105,343,60,spectral_entropy,0.7255571823653815,,,
Biological,Freshwater_stream_webs_Martins,105,343,80,spectral_entropy,0.8230331567588778,,,
Biological,Freshwater_stream_webs_Martins,105,343,100,spectral_entropy,0.8673923461354145,,,
Biological,Freshwater_stream_webs_Narrowdale,71,154,100,adamic_adar_entropy,0.7601168085365014,0.5050000000000001,3.914409345247941,5.149747119504682
Biological,Freshwater_stream_webs_Narrowdale,71,154,100,seal_entropy,0.5087845876057184,0.8500000000000001,2.6201119644709263,5.149747119504682
Biological,Freshwater_stream_webs_Narrowdale,71,154,20,spectral_entropy,0.8256880733944953,,,
Biological,Freshwater_stream_webs_Narrowdale,71,154,40,spectral_entropy,0.6382978723404256,,,
Biological,Freshwater_stream_webs_Narrowdale,71,154,60,spectral_entropy,0.6771835321277415,,,
Biological,Freshwater_stream_webs_Narrowdale,71,154,80,spectral_entropy,0.615553723550426,,,
Biological,Freshwater_stream_webs_Narrowdale,71,154,100,spectral_entropy,0.7741407528641571,,,
Biological,Freshwater_stream_webs_NorthCol,78,241,100,adamic_adar_entropy,0.8585499918325524,0.4338107638888889,4.537782031835938,5.285402218862249
Biological,Freshwater_stream_webs_NorthCol,78,241,100,seal_entropy,0.6519919656568086,0.8641493055555556,3.446039781962855,5.285402218862249
Biological,Freshwater_stream_webs_NorthCol,78,241,20,spectral_entropy,0.7824427480916031,,,
Biological,Freshwater_stream_webs_NorthCol,78,241,40,spectral_entropy,0.7000463606861382,,,
Biological,Freshwater_stream_webs_NorthCol,78,241,60,spectral_entropy,0.6287753981328941,,,
Biological,Freshwater_stream_webs_NorthCol,78,241,80,spectral_entropy,0.7711515863689777,,,
Biological,Freshwater_stream_webs_NorthCol,78,241,100,spectral_entropy,0.8077731092436975,,,
Biological,Freshwater_stream_webs_Powder,78,268,100,adamic_adar_entropy,0.8944544597956929,0.3862584549661801,4.727551586475389,5.285402218862249
Biological,Freshwater_stream_webs_Powder,78,268,100,seal_entropy,0.5102085504016154,0.9003203987184051,2.6966574043751894,5.285402218862249
Biological,Freshwater_stream_webs_Powder,78,268,20,spectral_entropy,0.5693950177935942,,,
Biological,Freshwater_stream_webs_Powder,78,268,40,spectral_entropy,0.8506944444444444,,,
Biological,Freshwater_stream_webs_Powder,78,268,60,spectral_entropy,0.8808053077099062,,,
Biological,Freshwater_stream_webs_Powder,78,268,80,spectral_entropy,0.8111174134997163,,,
Biological,Freshwater_stream_webs_Powder,78,268,100,spectral_entropy,0.825467154690811,,,
Biological,Freshwater_stream_webs_Stony,112,830,100,adamic_adar_entropy,0.8538906181892304,0.3358796632312382,4.958845884440037,5.807354922057604
Biological,Freshwater_stream_webs_Stony,112,830,100,seal_entropy,0.5607279368586556,0.9132312382058354,3.256346144051319,5.807354922057604
Biological,Freshwater_stream_webs_Stony,112,830,20,spectral_entropy,0.7955145118733509,,,
Biological,Freshwater_stream_webs_Stony,112,830,40,spectral_entropy,0.7052441229656419,,,
Biological,Freshwater_stream_webs_Stony,112,830,60,spectral_entropy,0.8940866747671121,,,
Biological,Freshwater_stream_webs_Stony,112,830,80,spectral_entropy,0.8271406856949839,,,
Biological,Freshwater_stream_webs_Stony,112,830,100,spectral_entropy,0.8517659358970171,,,
Biological,Freshwater_stream_webs_SuttonAu,80,335,100,adamic_adar_entropy,0.8369054928397353,0.3570951214078859,4.453950855109341,5.321928094887363
Biological,Freshwater_stream_webs_SuttonAu,80,335,100,seal_entropy,0.4843153626953498,0.9400757406994876,2.5774915355139454,5.321928094887363
Biological,Freshwater_stream_webs_SuttonAu,80,335,20,spectral_entropy,0.9428129829984544,,,
Biological,Freshwater_stream_webs_SuttonAu,80,335,40,spectral_entropy,0.8199018920812894,,,
Biological,Freshwater_stream_webs_SuttonAu,80,335,60,spectral_entropy,0.8102587380844303,,,
Biological,Freshwater_stream_webs_SuttonAu,80,335,80,spectral_entropy,0.8420413122721749,,,
Biological,Freshwater_stream_webs_SuttonAu,80,335,100,spectral_entropy,0.938019472809309,,,
Biological,Freshwater_stream_webs_SuttonSp,74,391,100,adamic_adar_entropy,0.7694701240817979,0.2902695595003287,4.008518727648848,5.20945336562895
Biological,Freshwater_stream_webs_SuttonSp,74,391,100,seal_entropy,0.4938933223074207,0.905982905982906,2.572914230156057,5.20945336562895
Biological,Freshwater_stream_webs_SuttonSp,74,391,20,spectral_entropy,0.9324324324324323,,,
Biological,Freshwater_stream_webs_SuttonSp,74,391,40,spectral_entropy,0.8383490971625107,,,
Biological,Freshwater_stream_webs_SuttonSp,74,391,60,spectral_entropy,0.9071774363291938,,,
Biological,Freshwater_stream_webs_SuttonSp,74,391,80,spectral_entropy,0.6889352818371607,,,
Biological,Freshwater_stream_webs_SuttonSp,74,391,100,spectral_entropy,0.941037212399201,,,
Biological,Freshwater_stream_webs_SuttonSu,86,423,100,adamic_adar_entropy,0.768605740485934,0.2836592970521542,4.170658239860531,5.426264754702098
Biological,Freshwater_stream_webs_SuttonSu,86,423,100,seal_entropy,0.3527822862809285,0.9686791383219956,1.9142900861294276,5.426264754702098
Biological,Freshwater_stream_webs_SuttonSu,86,423,20,spectral_entropy,0.895397489539749,,,
Biological,Freshwater_stream_webs_SuttonSu,86,423,40,spectral_entropy,0.7723577235772358,,,
Biological,Freshwater_stream_webs_SuttonSu,86,423,60,spectral_entropy,0.6209081309398099,,,
Biological,Freshwater_stream_webs_SuttonSu,86,423,80,spectral_entropy,0.4378563283922463,,,
Biological,Freshwater_stream_webs_SuttonSu,86,423,100,spectral_entropy,0.6441407238673753,,,
Biological,Freshwater_stream_webs_Troy,77,181,100,adamic_adar_entropy,0.8365185394572978,0.5447530864197533,4.4057645846554525,5.266786540694901
Biological,Freshwater_stream_webs_Troy,77,181,100,seal_entropy,0.5845493931135158,0.8541666666666666,3.0786968760216378,5.266786540694901
Biological,Freshwater_stream_webs_Troy,77,181,20,spectral_entropy,0.9581881533101044,,,
Biological,Freshwater_stream_webs_Troy,77,181,40,spectral_entropy,0.8121158911325724,,,
Biological,Freshwater_stream_webs_Troy,77,181,60,spectral_entropy,0.8419057931781267,,,
Biological,Freshwater_stream_webs_Troy,77,181,80,spectral_entropy,0.8530438154323382,,,
Biological,Freshwater_stream_webs_Troy,77,181,100,spectral_entropy,0.8872269238338909,,,
Biological,Freshwater_stream_webs_Venlaw,66,187,100,adamic_adar_entropy,0.8062742707136293,0.3389335281227173,4.067165189777858,5.044394119358453
Biological,Freshwater_stream_webs_Venlaw,66,187,100,seal_entropy,0.5378475011012491,0.8728999269539811,2.7131147716667803,5.044394119358453
Biological,Freshwater_stream_webs_Venlaw,66,187,20,spectral_entropy,0.865979381443299,,,
Biological,Freshwater_stream_webs_Venlaw,66,187,40,spectral_entropy,0.8281461434370772,,,
Biological,Freshwater_stream_webs_Venlaw,66,187,60,spectral_entropy,0.791072250345145,,,
Biological,Freshwater_stream_webs_Venlaw,66,187,80,spectral_entropy,0.8206214689265536,,,
Biological,Freshwater_stream_webs_Venlaw,66,187,100,spectral_entropy,0.8265162200282088,,,
Biological,Hocking_plant-pollinator_web_Hocking_plant-pollinator_web,87,86,100,adamic_adar_entropy,0.5996632946814531,0.1764705882352941,3.263933429485634,5.442943495848728
Biological,Hocking_plant-pollinator_web_Hocking_plant-pollinator_web,87,86,100,seal_entropy,0.0,1.0,-0.0,5.442943495848728
Biological,Hocking_plant-pollinator_web_Hocking_plant-pollinator_web,87,86,20,spectral_entropy,0.0880540064572938,,,
Biological,Hocking_plant-pollinator_web_Hocking_plant-pollinator_web,87,86,40,spectral_entropy,0.0867330549309347,,,
Biological,Hocking_plant-pollinator_web_Hocking_plant-pollinator_web,87,86,60,spectral_entropy,0.0890795117123061,,,
Biological,Hocking_plant-pollinator_web_Hocking_plant-pollinator_web,87,86,80,spectral_entropy,0.0888099467140319,,,
Biological,Hocking_plant-pollinator_web_Hocking_plant-pollinator_web,87,86,100,spectral_entropy,0.09009009009009,,,
Biological,Inouye_Pyke_plant-pollinator_web_Inouye_Pyke_plant-pollinator_web,128,278,100,adamic_adar_entropy,0.8476064295071692,0.4363636363636364,5.0856385770430155,6.0
Biological,Inouye_Pyke_plant-pollinator_web_Inouye_Pyke_plant-pollinator_web,128,278,100,seal_entropy,0.5860298742651543,0.8793388429752066,3.5161792455909255,6.0
Biological,Inouye_Pyke_plant-pollinator_web_Inouye_Pyke_plant-pollinator_web,128,278,20,spectral_entropy,0.7733491969066032,,,
Biological,Inouye_Pyke_plant-pollinator_web_Inouye_Pyke_plant-pollinator_web,128,278,40,spectral_entropy,0.9249226006191952,,,
Biological,Inouye_Pyke_plant-pollinator_web_Inouye_Pyke_plant-pollinator_web,128,278,60,spectral_entropy,0.8641799544419134,,,
Biological,Inouye_Pyke_plant-pollinator_web_Inouye_Pyke_plant-pollinator_web,128,278,80,spectral_entropy,0.8602926025139089,,,
Biological,Inouye_Pyke_plant-pollinator_web_Inouye_Pyke_plant-pollinator_web,128,278,100,spectral_entropy,0.8468776732249785,,,
Biological,Ito_core_yeast_interactome_2001_Ito-core,426,521,100,adamic_adar_entropy,0.7932410107200627,0.5197392751479291,6.135488876774136,7.734709620225837
Biological,Ito_core_yeast_interactome_2001_Ito-core,426,521,100,seal_entropy,0.7137838149960823,0.821144600591716,5.520910540611697,7.734709620225837
Biological,Ito_core_yeast_interactome_2001_Ito-core,426,521,20,spectral_entropy,0.9483705602343464,,,
Biological,Ito_core_yeast_interactome_2001_Ito-core,426,521,40,spectral_entropy,0.9262006304468756,,,
Biological,Ito_core_yeast_interactome_2001_Ito-core,426,521,60,spectral_entropy,0.7336591325595602,,,
Biological,Ito_core_yeast_interactome_2001_Ito-core,426,521,80,spectral_entropy,0.6829204919452625,,,
Biological,Ito_core_yeast_interactome_2001_Ito-core,426,521,100,spectral_entropy,0.7541659508675486,,,
Biological,Joern_plant-herbivore_webs_Altuda,74,184,100,adamic_adar_entropy,0.7924030636522058,0.375,4.127986806877675,5.20945336562895
Biological,Joern_plant-herbivore_webs_Altuda,74,184,100,seal_entropy,0.4387710403160112,0.9375,2.2857572727147604,5.20945336562895
Biological,Joern_plant-herbivore_webs_Altuda,74,184,20,spectral_entropy,0.6339468302658486,,,
Biological,Joern_plant-herbivore_webs_Altuda,74,184,40,spectral_entropy,0.757396449704142,,,
Biological,Joern_plant-herbivore_webs_Altuda,74,184,60,spectral_entropy,0.8000882612533098,,,
Biological,Joern_plant-herbivore_webs_Altuda,74,184,80,spectral_entropy,0.8031894204589654,,,
Biological,Joern_plant-herbivore_webs_Altuda,74,184,100,spectral_entropy,0.799127233056048,,,
Biological,Joern_plant-herbivore_webs_Marathon,74,184,100,adamic_adar_entropy,0.7696630870964873,0.375,4.009523959475164,5.20945336562895
Biological,Joern_plant-herbivore_webs_Marathon,74,184,100,seal_entropy,0.4387710403160112,0.9375,2.2857572727147604,5.20945336562895
Biological,Joern_plant-herbivore_webs_Marathon,74,184,20,spectral_entropy,0.6300813008130081,,,
Biological,Joern_plant-herbivore_webs_Marathon,74,184,40,spectral_entropy,0.7591933570581257,,,
Biological,Joern_plant-herbivore_webs_Marathon,74,184,60,spectral_entropy,0.8136125654450262,,,
Biological,Joern_plant-herbivore_webs_Marathon,74,184,80,spectral_entropy,0.8035019455252919,,,
Biological,Joern_plant-herbivore_webs_Marathon,74,184,100,spectral_entropy,0.8007652364033889,,,
Biological,Kato_plant-pollinator_web_Kato_plant-pollinator_web,765,1201,100,adamic_adar_entropy,0.8523821181690162,0.475,7.312855491315652,8.579315937580015
Biological,Kato_plant-pollinator_web_Kato_plant-pollinator_web,765,1201,100,seal_entropy,0.3493319370884417,0.9813194444444444,2.9970290553685666,8.579315937580015
Biological,Kato_plant-pollinator_web_Kato_plant-pollinator_web,765,1201,20,spectral_entropy,0.8048743023910706,,,
Biological,Kato_plant-pollinator_web_Kato_plant-pollinator_web,765,1201,40,spectral_entropy,0.6378052648271487,,,
Biological,Kato_plant-pollinator_web_Kato_plant-pollinator_web,765,1201,60,spectral_entropy,0.5785065967998503,,,
Biological,Kato_plant-pollinator_web_Kato_plant-pollinator_web,765,1201,80,spectral_entropy,0.5392113659198674,,,
Biological,Kato_plant-pollinator_web_Kato_plant-pollinator_web,765,1201,100,spectral_entropy,0.5646675037864568,,,
Biological,Kevan_plant-pollinator_web_Kevan_plant-pollinator_web,147,312,100,adamic_adar_entropy,0.8267244741217189,0.3064516129032258,5.125420859011808,6.199672344836364
Biological,Kevan_plant-pollinator_web_Kevan_plant-pollinator_web,147,312,100,seal_entropy,0.5040922612726152,0.9799687825182102,3.1252068514578593,6.199672344836364
Biological,Kevan_plant-pollinator_web_Kevan_plant-pollinator_web,147,312,20,spectral_entropy,0.8256150506512302,,,
Biological,Kevan_plant-pollinator_web_Kevan_plant-pollinator_web,147,312,40,spectral_entropy,0.646112600536193,,,
Biological,Kevan_plant-pollinator_web_Kevan_plant-pollinator_web,147,312,60,spectral_entropy,0.5997857907890038,,,
Biological,Kevan_plant-pollinator_web_Kevan_plant-pollinator_web,147,312,80,spectral_entropy,0.6922394241199092,,,
Biological,Kevan_plant-pollinator_web_Kevan_plant-pollinator_web,147,312,100,spectral_entropy,0.7226811740210893,,,
Biological,Leather_plant-herbivore_webs_Britain,94,116,100,adamic_adar_entropy,0.6929808875463489,0.3043478260869565,3.849223912390624,5.554588851677638
Biological,Leather_plant-herbivore_webs_Britain,94,116,100,seal_entropy,0.2762074857650291,0.9867674858223062,1.5342190211803406,5.554588851677638
Biological,Leather_plant-herbivore_webs_Britain,94,116,20,spectral_entropy,0.7524752475247525,,,
Biological,Leather_plant-herbivore_webs_Britain,94,116,40,spectral_entropy,0.256553262688232,,,
Biological,Leather_plant-herbivore_webs_Britain,94,116,60,spectral_entropy,0.279027902790279,,,
Biological,Leather_plant-herbivore_webs_Britain,94,116,80,spectral_entropy,0.4373401534526854,,,
Biological,Leather_plant-herbivore_webs_Britain,94,116,100,spectral_entropy,0.4903172641120725,,,
Biological,Leather_plant-herbivore_webs_Finland,69,95,100,adamic_adar_entropy,0.6795219473615349,0.2368421052631579,3.471354487013929,5.108524456778169
Biological,Leather_plant-herbivore_webs_Finland,69,95,100,seal_entropy,0.403874451550941,0.9889196675900276,2.063202513215852,5.108524456778169
Biological,Leather_plant-herbivore_webs_Finland,69,95,20,spectral_entropy,0.1806451612903225,,,
Biological,Leather_plant-herbivore_webs_Finland,69,95,40,spectral_entropy,0.2238314680710994,,,
Biological,Leather_plant-herbivore_webs_Finland,69,95,60,spectral_entropy,0.2226588081204977,,,
Biological,Leather_plant-herbivore_webs_Finland,69,95,80,spectral_entropy,0.3861788617886179,,,
Biological,Leather_plant-herbivore_webs_Finland,69,95,100,spectral_entropy,0.4262734584450402,,,
Biological,Macaque_cortical_connectivity_CoCoMac_CoCoMac95,94,1515,100,adamic_adar_entropy,0.5542700985514628,0.9395810868215536,3.078742510232221,5.554588851677638
Biological,Macaque_cortical_connectivity_CoCoMac_CoCoMac95,94,1515,100,seal_entropy,0.5035686187570254,0.9516387282292584,2.79711663580248,5.554588851677638
Biological,Macaque_cortical_connectivity_CoCoMac_CoCoMac95,94,1515,20,spectral_entropy,0.7543520309477756,,,
Biological,Macaque_cortical_connectivity_CoCoMac_CoCoMac95,94,1515,40,spectral_entropy,0.7319794688685561,,,
Biological,Macaque_cortical_connectivity_CoCoMac_CoCoMac95,94,1515,60,spectral_entropy,0.7188712050287548,,,
Biological,Macaque_cortical_connectivity_CoCoMac_CoCoMac95,94,1515,80,spectral_entropy,0.7162162162162162,,,
Biological,Macaque_cortical_connectivity_CoCoMac_CoCoMac95,94,1515,100,spectral_entropy,0.6685540069686411,,,
Biological,Macaque_cortical_connectivity_Young_Macaque_cortical_network,71,438,100,adamic_adar_entropy,0.6679890266799082,0.8759413396749902,3.439974566005594,5.149747119504682
Biological,Macaque_cortical_connectivity_Young_Macaque_cortical_network,71,438,100,seal_entropy,0.6697526015110146,0.8505747126436782,3.449056530412115,5.149747119504682
Biological,Macaque_cortical_connectivity_Young_Macaque_cortical_network,71,438,20,spectral_entropy,0.9851301115241636,,,
Biological,Macaque_cortical_connectivity_Young_Macaque_cortical_network,71,438,40,spectral_entropy,0.8334892422825071,,,
Biological,Macaque_cortical_connectivity_Young_Macaque_cortical_network,71,438,60,spectral_entropy,0.8250244379276638,,,
Biological,Macaque_cortical_connectivity_Young_Macaque_cortical_network,71,438,80,spectral_entropy,0.8729139922978176,,,
Biological,Macaque_cortical_connectivity_Young_Macaque_cortical_network,71,438,100,spectral_entropy,0.7807659814136862,,,
Biological,Macaque_neocortex_visual_sensory_motor_Macaque_neocortex,47,313,100,adamic_adar_entropy,0.6237042841586378,0.8176378772112385,2.840716579372513,4.554588851677638
Biological,Macaque_neocortex_visual_sensory_motor_Macaque_neocortex,47,313,100,seal_entropy,0.6659282264204396,0.798907388137357,3.033029276071996,4.554588851677638
Biological,Macaque_neocortex_visual_sensory_motor_Macaque_neocortex,47,313,20,spectral_entropy,0.9215686274509804,,,
Biological,Macaque_neocortex_visual_sensory_motor_Macaque_neocortex,47,313,40,spectral_entropy,0.8759124087591241,,,
Biological,Macaque_neocortex_visual_sensory_motor_Macaque_neocortex,47,313,60,spectral_entropy,0.8283185840707965,,,
Biological,Macaque_neocortex_visual_sensory_motor_Macaque_neocortex,47,313,80,spectral_entropy,0.8406244638874593,,,
Biological,Macaque_neocortex_visual_sensory_motor_Macaque_neocortex,47,313,100,spectral_entropy,0.8761252694307087,,,
Biological,Macaque_visual_cortex_1991_fve30,30,190,100,adamic_adar_entropy,0.6493447614684938,0.8105955678670361,2.5369189418889153,3.9068905956085183
Biological,Macaque_visual_cortex_1991_fve30,30,190,100,seal_entropy,0.6687393761424829,0.832409972299169,2.6126915795641743,3.9068905956085183
Biological,Macaque_visual_cortex_1991_fve30,30,190,20,spectral_entropy,0.9345794392523366,,,
Biological,Macaque_visual_cortex_1991_fve30,30,190,40,spectral_entropy,0.8086785009861932,,,
Biological,Macaque_visual_cortex_1991_fve30,30,190,60,spectral_entropy,0.7865168539325843,,,
Biological,Macaque_visual_cortex_1991_fve30,30,190,80,spectral_entropy,0.8941755537325676,,,
Biological,Macaque_visual_cortex_1991_fve30,30,190,100,spectral_entropy,0.9142212189616252,,,
Biological,Macaque_visual_cortex_1991_fve32,32,194,100,adamic_adar_entropy,0.5900649754577745,0.8663434903047091,2.360259901831098,4.0
Biological,Macaque_visual_cortex_1991_fve32,32,194,100,seal_entropy,0.5894009972965064,0.7970914127423823,2.3576039891860257,4.0
Biological,Macaque_visual_cortex_1991_fve32,32,194,20,spectral_entropy,0.8208955223880596,,,
Biological,Macaque_visual_cortex_1991_fve32,32,194,40,spectral_entropy,0.8849557522123894,,,
Biological,Macaque_visual_cortex_1991_fve32,32,194,60,spectral_entropy,0.7913209955328654,,,
Biological,Macaque_visual_cortex_1991_fve32,32,194,80,spectral_entropy,0.9104761904761904,,,
Biological,Macaque_visual_cortex_1991_fve32,32,194,100,spectral_entropy,0.9045099521289998,,,
Biological,Malaria_var_DBLa_HVR_networks_HVR_networks_2,112,743,100,adamic_adar_entropy,0.3421746198251941,0.9737034331628928,1.9871294626450304,5.807354922057604
Biological,Malaria_var_DBLa_HVR_networks_HVR_networks_2,112,743,100,seal_entropy,0.2936895211833748,0.983473338203068,1.7055592864010127,5.807354922057604
Biological,Malaria_var_DBLa_HVR_networks_HVR_networks_2,112,743,20,spectral_entropy,0.9181636726546906,,,
Biological,Malaria_var_DBLa_HVR_networks_HVR_networks_2,112,743,40,spectral_entropy,0.7406356413166856,,,
Biological,Malaria_var_DBLa_HVR_networks_HVR_networks_2,112,743,60,spectral_entropy,0.4998611496806442,,,
Biological,Malaria_var_DBLa_HVR_networks_HVR_networks_2,112,743,80,spectral_entropy,0.4672112018669778,,,
Biological,Malaria_var_DBLa_HVR_networks_HVR_networks_2,112,743,100,spectral_entropy,0.4067880327406152,,,
Biological,Malaria_var_DBLa_HVR_networks_HVR_networks_4,183,933,100,adamic_adar_entropy,0.3026710490588203,0.9722655798358192,1.9721137054058169,6.515699838284043
Biological,Malaria_var_DBLa_HVR_networks_HVR_networks_4,183,933,100,seal_entropy,0.3058888386697553,0.9838131575904728,1.9930798566534185,6.515699838284043
Biological,Malaria_var_DBLa_HVR_networks_HVR_networks_4,183,933,20,spectral_entropy,0.8315789473684211,,,
Biological,Malaria_var_DBLa_HVR_networks_HVR_networks_4,183,933,40,spectral_entropy,0.7114267269205939,,,
Biological,Malaria_var_DBLa_HVR_networks_HVR_networks_4,183,933,60,spectral_entropy,0.5769903252127287,,,
Biological,Malaria_var_DBLa_HVR_networks_HVR_networks_4,183,933,80,spectral_entropy,0.54266019554055,,,
Biological,Malaria_var_DBLa_HVR_networks_HVR_networks_4,183,933,100,spectral_entropy,0.4872568821914077,,,
Biological,Malaria_var_DBLa_HVR_networks_HVR_networks_5,298,2684,100,adamic_adar_entropy,0.5741146195748603,0.9281559785030072,4.1446301887719414,7.219168520462162
Biological,Malaria_var_DBLa_HVR_networks_HVR_networks_5,298,2684,100,seal_entropy,0.5625390767111107,0.93645230006683,4.0610643941227,7.219168520462162
Biological,Malaria_var_DBLa_HVR_networks_HVR_networks_5,298,2684,20,spectral_entropy,0.8073440643863179,,,
Biological,Malaria_var_DBLa_HVR_networks_HVR_networks_5,298,2684,40,spectral_entropy,0.714665048175404,,,
Biological,Malaria_var_DBLa_HVR_networks_HVR_networks_5,298,2684,60,spectral_entropy,0.7269322109165332,,,
Biological,Malaria_var_DBLa_HVR_networks_HVR_networks_5,298,2684,80,spectral_entropy,0.7782963827304551,,,
Biological,Malaria_var_DBLa_HVR_networks_HVR_networks_5,298,2684,100,spectral_entropy,0.8231323166680666,,,
Biological,Malaria_var_DBLa_HVR_networks_HVR_networks_6,291,3251,100,adamic_adar_entropy,0.4733339775916396,0.9559005917159764,3.400845624558873,7.184875342908283
Biological,Malaria_var_DBLa_HVR_networks_HVR_networks_6,291,3251,100,seal_entropy,0.408847255920331,0.9744402366863906,2.937516568077699,7.184875342908283
Biological,Malaria_var_DBLa_HVR_networks_HVR_networks_6,291,3251,20,spectral_entropy,0.7597496389022629,,,
Biological,Malaria_var_DBLa_HVR_networks_HVR_networks_6,291,3251,40,spectral_entropy,0.7201162442839437,,,
Biological,Malaria_var_DBLa_HVR_networks_HVR_networks_6,291,3251,60,spectral_entropy,0.6837351794382112,,,
Biological,Malaria_var_DBLa_HVR_networks_HVR_networks_6,291,3251,80,spectral_entropy,0.7301816846285393,,,
Biological,Malaria_var_DBLa_HVR_networks_HVR_networks_6,291,3251,100,spectral_entropy,0.7326650959093752,,,
Biological,Malaria_var_DBLa_HVR_networks_HVR_networks_8,273,3933,100,adamic_adar_entropy,0.4877017849401022,0.9548208470109876,3.4591503177732683,7.092757140919852
Biological,Malaria_var_DBLa_HVR_networks_HVR_networks_8,273,3933,100,seal_entropy,0.4435801625491315,0.9652142454790904,3.1462063654907415,7.092757140919852
Biological,Malaria_var_DBLa_HVR_networks_HVR_networks_8,273,3933,20,spectral_entropy,0.8442074823784564,,,
Biological,Malaria_var_DBLa_HVR_networks_HVR_networks_8,273,3933,40,spectral_entropy,0.7358479959525549,,,
Biological,Malaria_var_DBLa_HVR_networks_HVR_networks_8,273,3933,60,spectral_entropy,0.6477052359405301,,,
Biological,Malaria_var_DBLa_HVR_networks_HVR_networks_8,273,3933,80,spectral_entropy,0.6431872242772264,,,
Biological,Malaria_var_DBLa_HVR_networks_HVR_networks_8,273,3933,100,spectral_entropy,0.6806546370121695,,,
Biological,Malaria_var_DBLa_HVR_networks_HVR_networks_9,297,7562,100,adamic_adar_entropy,0.6048500058626186,0.9457884105288206,4.363580962511145,7.214319120800766
Biological,Malaria_var_DBLa_HVR_networks_HVR_networks_9,297,7562,100,seal_entropy,0.5400380699310727,0.9661626739173036,3.896006973864079,7.214319120800766
Biological,Malaria_var_DBLa_HVR_networks_HVR_networks_9,297,7562,20,spectral_entropy,0.8089381604018708,,,
Biological,Malaria_var_DBLa_HVR_networks_HVR_networks_9,297,7562,40,spectral_entropy,0.7744742229666853,,,
Biological,Malaria_var_DBLa_HVR_networks_HVR_networks_9,297,7562,60,spectral_entropy,0.7160656154898364,,,
Biological,Malaria_var_DBLa_HVR_networks_HVR_networks_9,297,7562,80,spectral_entropy,0.7365534259293192,,,
Biological,Malaria_var_DBLa_HVR_networks_HVR_networks_9,297,7562,100,spectral_entropy,0.6512146102761273,,,
Biological,McCullen_plant-pollinator_web_McCullen_plant-pollinator_web,150,198,100,adamic_adar_entropy,0.7270626335978432,0.3974358974358974,4.528741321315404,6.22881869049588
Biological,McCullen_plant-pollinator_web_McCullen_plant-pollinator_web,150,198,100,seal_entropy,0.4673249080728874,0.9263642340565416,2.9108821219386707,6.22881869049588
Biological,McCullen_plant-pollinator_web_McCullen_plant-pollinator_web,150,198,20,spectral_entropy,0.7985907222548443,,,
Biological,McCullen_plant-pollinator_web_McCullen_plant-pollinator_web,150,198,40,spectral_entropy,0.8125613346418057,,,
Biological,McCullen_plant-pollinator_web_McCullen_plant-pollinator_web,150,198,60,spectral_entropy,0.5674474959612278,,,
Biological,McCullen_plant-pollinator_web_McCullen_plant-pollinator_web,150,198,80,spectral_entropy,0.5598367346938775,,,
Biological,McCullen_plant-pollinator_web_McCullen_plant-pollinator_web,150,198,100,spectral_entropy,0.5349570512123518,,,
Biological,Medan_plant-pollinator_web_RB_web,73,72,100,adamic_adar_entropy,0.6510400217103541,0.2142857142857143,3.378783493486176,5.189824558880018
Biological,Medan_plant-pollinator_web_RB_web,73,72,100,seal_entropy,0.0,1.0,-0.0,5.189824558880018
Biological,Medan_plant-pollinator_web_RB_web,73,72,20,spectral_entropy,0.0589318600368324,,,
Biological,Medan_plant-pollinator_web_RB_web,73,72,40,spectral_entropy,0.057892356399819,,,
Biological,Medan_plant-pollinator_web_RB_web,73,72,60,spectral_entropy,0.0570206699928724,,,
Biological,Medan_plant-pollinator_web_RB_web,73,72,80,spectral_entropy,0.0579710144927536,,,
Biological,Medan_plant-pollinator_web_RB_web,73,72,100,spectral_entropy,0.0591341077085533,,,
Biological,Memmott_plant-pollinator_web_Memmott_plant-pollinator_web,104,299,100,adamic_adar_entropy,0.8245022659349178,0.3559322033898305,4.700025464432734,5.700439718141092
Biological,Memmott_plant-pollinator_web_Memmott_plant-pollinator_web,104,299,100,seal_entropy,0.495941547850961,0.9602125825912096,2.8270848972459888,5.700439718141092
Biological,Memmott_plant-pollinator_web_Memmott_plant-pollinator_web,104,299,20,spectral_entropy,0.7883522727272727,,,
Biological,Memmott_plant-pollinator_web_Memmott_plant-pollinator_web,104,299,40,spectral_entropy,0.8272058823529411,,,
Biological,Memmott_plant-pollinator_web_Memmott_plant-pollinator_web,104,299,60,spectral_entropy,0.6920119607005554,,,
Biological,Memmott_plant-pollinator_web_Memmott_plant-pollinator_web,104,299,80,spectral_entropy,0.7731501993797076,,,
Biological,Memmott_plant-pollinator_web_Memmott_plant-pollinator_web,104,299,100,spectral_entropy,0.761479886162603,,,
Biological,Mosquin_Martin_plant-pollinator_web_Mosquin_Martin_plant-pollinator_web,22,33,100,adamic_adar_entropy,0.6508667942032516,0.3333333333333333,2.251629167387823,3.4594316186372973
Biological,Mosquin_Martin_plant-pollinator_web_Mosquin_Martin_plant-pollinator_web,22,33,100,seal_entropy,0.5545118520972888,0.4583333333333332,1.9182958340544891,3.4594316186372973
Biological,Mosquin_Martin_plant-pollinator_web_Mosquin_Martin_plant-pollinator_web,22,33,20,spectral_entropy,0.75,,,
Biological,Mosquin_Martin_plant-pollinator_web_Mosquin_Martin_plant-pollinator_web,22,33,40,spectral_entropy,0.898876404494382,,,
Biological,Mosquin_Martin_plant-pollinator_web_Mosquin_Martin_plant-pollinator_web,22,33,60,spectral_entropy,0.8353221957040573,,,
Biological,Mosquin_Martin_plant-pollinator_web_Mosquin_Martin_plant-pollinator_web,22,33,80,spectral_entropy,0.9118541033434652,,,
Biological,Mosquin_Martin_plant-pollinator_web_Mosquin_Martin_plant-pollinator_web,22,33,100,spectral_entropy,0.9436008676789588,,,
Biological,Motten_plant-pollinator_web_Motten_plant-pollinator_web,57,143,100,adamic_adar_entropy,0.7359275086001543,0.3214285714285714,3.556656707462823,4.832890014164741
Biological,Motten_plant-pollinator_web_Motten_plant-pollinator_web,57,143,100,seal_entropy,0.4055778163780149,0.9145408163265308,1.9601129787400495,4.832890014164741
Biological,Motten_plant-pollinator_web_Motten_plant-pollinator_web,57,143,20,spectral_entropy,1.0103092783505154,,,
Biological,Motten_plant-pollinator_web_Motten_plant-pollinator_web,57,143,40,spectral_entropy,0.7502206531332745,,,
Biological,Motten_plant-pollinator_web_Motten_plant-pollinator_web,57,143,60,spectral_entropy,0.7723418134377038,,,
Biological,Motten_plant-pollinator_web_Motten_plant-pollinator_web,57,143,80,spectral_entropy,0.8160237388724035,,,
Biological,Motten_plant-pollinator_web_Motten_plant-pollinator_web,57,143,100,spectral_entropy,0.7275512157763738,,,
Biological,Mouse_visual_cortex_2011_Mouse_Mouse_visual_cortex_1,29,44,100,adamic_adar_entropy,0.5587479733446136,0.3359375,2.1556390622295662,3.857980995127572
Biological,Mouse_visual_cortex_2011_Mouse_Mouse_visual_cortex_1,29,44,100,seal_entropy,0.5587479733446136,0.71875,2.1556390622295662,3.857980995127572
Biological,Mouse_visual_cortex_2011_Mouse_Mouse_visual_cortex_1,29,44,20,spectral_entropy,1.1403508771929824,,,
Biological,Mouse_visual_cortex_2011_Mouse_Mouse_visual_cortex_1,29,44,40,spectral_entropy,1.0610079575596816,,,
Biological,Mouse_visual_cortex_2011_Mouse_Mouse_visual_cortex_1,29,44,60,spectral_entropy,0.9442060085836907,,,
Biological,Mouse_visual_cortex_2011_Mouse_Mouse_visual_cortex_1,29,44,80,spectral_entropy,0.9572490706319704,,,
Biological,Mouse_visual_cortex_2011_Mouse_Mouse_visual_cortex_1,29,44,100,spectral_entropy,0.8963997060984571,,,
Biological,Mouse_visual_cortex_2011_Mouse_Mouse_visual_cortex_2,193,214,100,adamic_adar_entropy,0.7818362949574013,0.4685374149659864,5.154222184683523,6.592457037268081
Biological,Mouse_visual_cortex_2011_Mouse_Mouse_visual_cortex_2,193,214,100,seal_entropy,0.3611619319746103,0.9685374149659864,2.3809445200393555,6.592457037268081
Biological,Mouse_visual_cortex_2011_Mouse_Mouse_visual_cortex_2,193,214,20,spectral_entropy,0.7196969696969697,,,
Biological,Mouse_visual_cortex_2011_Mouse_Mouse_visual_cortex_2,193,214,40,spectral_entropy,0.4827984966753397,,,
Biological,Mouse_visual_cortex_2011_Mouse_Mouse_visual_cortex_2,193,214,60,spectral_entropy,0.4328925919217533,,,
Biological,Mouse_visual_cortex_2011_Mouse_Mouse_visual_cortex_2,193,214,80,spectral_entropy,0.4123814995690893,,,
Biological,Mouse_visual_cortex_2011_Mouse_Mouse_visual_cortex_2,193,214,100,spectral_entropy,0.3694433319983981,,,
Biological,Olesen_plant-pollinator_web_Flores,22,30,100,adamic_adar_entropy,0.6508667942032513,0.3333333333333333,2.2516291673878226,3.4594316186372973
Biological,Olesen_plant-pollinator_web_Flores,22,30,100,seal_entropy,0.5545118520972888,0.638888888888889,1.9182958340544891,3.4594316186372973
Biological,Olesen_plant-pollinator_web_Flores,22,30,20,spectral_entropy,0.8247422680412372,,,
Biological,Olesen_plant-pollinator_web_Flores,22,30,40,spectral_entropy,0.4838709677419354,,,
Biological,Olesen_plant-pollinator_web_Flores,22,30,60,spectral_entropy,0.9200968523002422,,,
Biological,Olesen_plant-pollinator_web_Flores,22,30,80,spectral_entropy,1.022222222222222,,,
Biological,Olesen_plant-pollinator_web_Flores,22,30,100,spectral_entropy,0.8745684695051783,,,
Biological,Olesen_plant-pollinator_web_Ile_aux_Aigrettes,27,52,100,adamic_adar_entropy,0.4488750451927542,0.35,1.6854752972273346,3.754887502163468
Biological,Olesen_plant-pollinator_web_Ile_aux_Aigrettes,27,52,100,seal_entropy,0.491742920022809,0.73,1.8464393446710152,3.754887502163468
Biological,Olesen_plant-pollinator_web_Ile_aux_Aigrettes,27,52,20,spectral_entropy,0.8849557522123893,,,
Biological,Olesen_plant-pollinator_web_Ile_aux_Aigrettes,27,52,40,spectral_entropy,0.9577464788732394,,,
Biological,Olesen_plant-pollinator_web_Ile_aux_Aigrettes,27,52,60,spectral_entropy,0.8607198748043818,,,
Biological,Olesen_plant-pollinator_web_Ile_aux_Aigrettes,27,52,80,spectral_entropy,0.8895705521472392,,,
Biological,Olesen_plant-pollinator_web_Ile_aux_Aigrettes,27,52,100,spectral_entropy,0.9025032938076416,,,
Biological,Ollerton_plant-pollinator_web_Ollerton_plant-pollinator_web,65,103,100,adamic_adar_entropy,0.7260398840586382,0.325,3.6464393446710153,5.022367813028454
Biological,Ollerton_plant-pollinator_web_Ollerton_plant-pollinator_web,65,103,100,seal_entropy,0.4909949674638064,0.8200000000000001,2.4659573209491747,5.022367813028454
Biological,Ollerton_plant-pollinator_web_Ollerton_plant-pollinator_web,65,103,20,spectral_entropy,0.9221902017291066,,,
Biological,Ollerton_plant-pollinator_web_Ollerton_plant-pollinator_web,65,103,40,spectral_entropy,0.8656036446469249,,,
Biological,Ollerton_plant-pollinator_web_Ollerton_plant-pollinator_web,65,103,60,spectral_entropy,0.5958230958230958,,,
Biological,Ollerton_plant-pollinator_web_Ollerton_plant-pollinator_web,65,103,80,spectral_entropy,0.7055503292568204,,,
Biological,Ollerton_plant-pollinator_web_Ollerton_plant-pollinator_web,65,103,100,spectral_entropy,0.6256256256256256,,,
Biological,P_pacificus_nematode_2013_Worm_p_pacificus_neural_synaptic_1,54,141,100,adamic_adar_entropy,0.6541852445334055,0.7487244897959183,3.110577243331642,4.754887502163468
Biological,P_pacificus_nematode_2013_Worm_p_pacificus_neural_synaptic_1,54,141,100,seal_entropy,0.5696021638632811,0.8711734693877551,2.7083942101587835,4.754887502163468
Biological,P_pacificus_nematode_2013_Worm_p_pacificus_neural_synaptic_1,54,141,20,spectral_entropy,0.8043875685557587,,,
Biological,P_pacificus_nematode_2013_Worm_p_pacificus_neural_synaptic_1,54,141,40,spectral_entropy,0.7477477477477478,,,
Biological,P_pacificus_nematode_2013_Worm_p_pacificus_neural_synaptic_1,54,141,60,spectral_entropy,0.7212925562608193,,,
Biological,P_pacificus_nematode_2013_Worm_p_pacificus_neural_synaptic_1,54,141,80,spectral_entropy,0.7184115523465704,,,
Biological,P_pacificus_nematode_2013_Worm_p_pacificus_neural_synaptic_1,54,141,100,spectral_entropy,0.8605341246290801,,,
Biological,P_pacificus_nematode_2013_Worm_p_pacificus_neural_synaptic_2,50,141,100,adamic_adar_entropy,0.5077589330746682,0.8826530612244897,2.3579594642722084,4.643856189774724
Biological,P_pacificus_nematode_2013_Worm_p_pacificus_neural_synaptic_2,50,141,100,seal_entropy,0.5192140749970672,0.8647959183673469,2.411155495993288,4.643856189774724
Biological,P_pacificus_nematode_2013_Worm_p_pacificus_neural_synaptic_2,50,141,20,spectral_entropy,0.9803921568627452,,,
Biological,P_pacificus_nematode_2013_Worm_p_pacificus_neural_synaptic_2,50,141,40,spectral_entropy,0.8942202835332606,,,
Biological,P_pacificus_nematode_2013_Worm_p_pacificus_neural_synaptic_2,50,141,60,spectral_entropy,0.7370517928286853,,,
Biological,P_pacificus_nematode_2013_Worm_p_pacificus_neural_synaptic_2,50,141,80,spectral_entropy,0.704383664293743,,,
Biological,P_pacificus_nematode_2013_Worm_p_pacificus_neural_synaptic_2,50,141,100,spectral_entropy,0.8660933660933662,,,
Biological,Parsnip_and_McGregor_host-parasite_webs_McGregor_River,65,114,100,adamic_adar_entropy,0.7362753905621731,0.4318181818181818,3.697845823084412,5.022367813028454
Biological,Parsnip_and_McGregor_host-parasite_webs_McGregor_River,65,114,100,seal_entropy,0.4510986465409035,0.8822314049586777,2.2655833228877333,5.022367813028454
Biological,Parsnip_and_McGregor_host-parasite_webs_McGregor_River,65,114,20,spectral_entropy,0.7317073170731708,,,
Biological,Parsnip_and_McGregor_host-parasite_webs_McGregor_River,65,114,40,spectral_entropy,0.8285714285714286,,,
Biological,Parsnip_and_McGregor_host-parasite_webs_McGregor_River,65,114,60,spectral_entropy,0.8347927612375948,,,
Biological,Parsnip_and_McGregor_host-parasite_webs_McGregor_River,65,114,80,spectral_entropy,0.8412438625204582,,,
Biological,Parsnip_and_McGregor_host-parasite_webs_McGregor_River,65,114,100,spectral_entropy,0.6436314363143631,,,
Biological,Parsnip_and_McGregor_host-parasite_webs_Parsnip_River,70,158,100,adamic_adar_entropy,0.7449992381937567,0.4193548387096774,3.8213119401041737,5.129283016944966
Biological,Parsnip_and_McGregor_host-parasite_webs_Parsnip_River,70,158,100,seal_entropy,0.5540367003039339,0.8668054110301768,2.8418110376331964,5.129283016944966
Biological,Parsnip_and_McGregor_host-parasite_webs_Parsnip_River,70,158,20,spectral_entropy,0.9282700421940928,,,
Biological,Parsnip_and_McGregor_host-parasite_webs_Parsnip_River,70,158,40,spectral_entropy,0.8689138576779026,,,
Biological,Parsnip_and_McGregor_host-parasite_webs_Parsnip_River,70,158,60,spectral_entropy,0.7058287795992714,,,
Biological,Parsnip_and_McGregor_host-parasite_webs_Parsnip_River,70,158,80,spectral_entropy,0.7222739981360671,,,
Biological,Parsnip_and_McGregor_host-parasite_webs_Parsnip_River,70,158,100,spectral_entropy,0.729267505646983,,,
Biological,Poulin_seed-disperser_web_Poulin_seed-disperser_web,24,53,100,adamic_adar_entropy,0.6055713536802567,0.25,2.170950594454669,3.584962500721156
Biological,Poulin_seed-disperser_web_Poulin_seed-disperser_web,24,53,100,seal_entropy,0.591896873247771,0.71,2.121928094887362,3.584962500721156
Biological,Poulin_seed-disperser_web_Poulin_seed-disperser_web,24,53,20,spectral_entropy,1.206896551724138,,,
Biological,Poulin_seed-disperser_web_Poulin_seed-disperser_web,24,53,40,spectral_entropy,0.8132530120481927,,,
Biological,Poulin_seed-disperser_web_Poulin_seed-disperser_web,24,53,60,spectral_entropy,0.7421150278293136,,,
Biological,Poulin_seed-disperser_web_Poulin_seed-disperser_web,24,53,80,spectral_entropy,0.882147024504084,,,
Biological,Poulin_seed-disperser_web_Poulin_seed-disperser_web,24,53,100,spectral_entropy,0.8612099644128114,,,
Biological,Ramirez_Brito_plant-pollinator_web_Ramirez_Brito_plant-pollinator_web,70,101,100,adamic_adar_entropy,0.6840517393896199,0.45,3.5086949695628418,5.129283016944966
Biological,Ramirez_Brito_plant-pollinator_web_Ramirez_Brito_plant-pollinator_web,70,101,100,seal_entropy,0.659777147917026,0.6075,3.3841837197791884,5.129283016944966
Biological,Ramirez_Brito_plant-pollinator_web_Ramirez_Brito_plant-pollinator_web,70,101,20,spectral_entropy,0.9443507588532885,,,
Biological,Ramirez_Brito_plant-pollinator_web_Ramirez_Brito_plant-pollinator_web,70,101,40,spectral_entropy,0.9156452775775056,,,
Biological,Ramirez_Brito_plant-pollinator_web_Ramirez_Brito_plant-pollinator_web,70,101,60,spectral_entropy,0.9438528557599226,,,
Biological,Ramirez_Brito_plant-pollinator_web_Ramirez_Brito_plant-pollinator_web,70,101,80,spectral_entropy,0.8983375959079284,,,
Biological,Ramirez_Brito_plant-pollinator_web_Ramirez_Brito_plant-pollinator_web,70,101,100,spectral_entropy,0.922233300099701,,,
Biological,Reguly_yeast_interactome_2006_LC-multiple,1213,2556,100,adamic_adar_entropy,0.509951951259813,0.7976034099134118,4.714181375875352,9.24436383512051
Biological,Reguly_yeast_interactome_2006_LC-multiple,1213,2556,100,seal_entropy,0.2761466239940306,0.9443763619165062,2.5527998640410385,9.24436383512051
Biological,Reguly_yeast_interactome_2006_LC-multiple,1213,2556,20,spectral_entropy,0.8382872750642674,,,
Biological,Reguly_yeast_interactome_2006_LC-multiple,1213,2556,40,spectral_entropy,0.8218998104318775,,,
Biological,Reguly_yeast_interactome_2006_LC-multiple,1213,2556,60,spectral_entropy,0.733462841203427,,,
Biological,Reguly_yeast_interactome_2006_LC-multiple,1213,2556,80,spectral_entropy,0.6856465912564965,,,
Biological,Reguly_yeast_interactome_2006_LC-multiple,1213,2556,100,spectral_entropy,0.6817599363116368,,,
Biological,Rhesus_brain_2012_Macaque_rhesus_brain_1,242,3054,100,adamic_adar_entropy,0.7199885763735451,0.8841480784735285,4.981502492328593,6.918863237274595
Biological,Rhesus_brain_2012_Macaque_rhesus_brain_1,242,3054,100,seal_entropy,0.6974672246330473,0.8939747379736631,4.8256803397175325,6.918863237274595
Biological,Rhesus_brain_2012_Macaque_rhesus_brain_1,242,3054,20,spectral_entropy,0.882,,,
Biological,Rhesus_brain_2012_Macaque_rhesus_brain_1,242,3054,40,spectral_entropy,0.8501296311783892,,,
Biological,Rhesus_brain_2012_Macaque_rhesus_brain_1,242,3054,60,spectral_entropy,0.8957984164595736,,,
Biological,Rhesus_brain_2012_Macaque_rhesus_brain_1,242,3054,80,spectral_entropy,0.8995347638076712,,,
Biological,Rhesus_brain_2012_Macaque_rhesus_brain_1,242,3054,100,spectral_entropy,0.8879207429572552,,,
Biological,Rhesus_cortex_2014_Macaque_rhesus_cerebral_cortex_1,91,1401,100,adamic_adar_entropy,0.7841855291665788,0.7560714285714285,4.319132854465061,5.507794640198696
Biological,Rhesus_cortex_2014_Macaque_rhesus_cerebral_cortex_1,91,1401,100,seal_entropy,0.5979044839860775,0.934783163265306,3.2931351122492853,5.507794640198696
Biological,Rhesus_cortex_2014_Macaque_rhesus_cerebral_cortex_1,91,1401,20,spectral_entropy,0.4141291108404385,,,
Biological,Rhesus_cortex_2014_Macaque_rhesus_cerebral_cortex_1,91,1401,40,spectral_entropy,0.4487747268969589,,,
Biological,Rhesus_cortex_2014_Macaque_rhesus_cerebral_cortex_1,91,1401,60,spectral_entropy,0.1592193117616846,,,
Biological,Rhesus_cortex_2014_Macaque_rhesus_cerebral_cortex_1,91,1401,80,spectral_entropy,0.6859632741985683,,,
Biological,Rhesus_cortex_2014_Macaque_rhesus_cerebral_cortex_1,91,1401,100,spectral_entropy,0.8837889197485748,,,
Biological,Schemske_plant-pollinator_web_Schemske_plant-pollinator_web,39,59,100,adamic_adar_entropy,0.6215362336540277,0.4545454545454545,2.663532754804255,4.285402218862249
Biological,Schemske_plant-pollinator_web_Schemske_plant-pollinator_web,39,59,100,seal_entropy,0.5102681695279896,0.7148760330578512,2.186704345910025,4.285402218862249
Biological,Schemske_plant-pollinator_web_Schemske_plant-pollinator_web,39,59,20,spectral_entropy,0.7741935483870968,,,
Biological,Schemske_plant-pollinator_web_Schemske_plant-pollinator_web,39,59,40,spectral_entropy,0.748898678414097,,,
Biological,Schemske_plant-pollinator_web_Schemske_plant-pollinator_web,39,59,60,spectral_entropy,0.7649667405764966,,,
Biological,Schemske_plant-pollinator_web_Schemske_plant-pollinator_web,39,59,80,spectral_entropy,0.782122905027933,,,
Biological,Schemske_plant-pollinator_web_Schemske_plant-pollinator_web,39,59,100,spectral_entropy,0.7086223984142715,,,
Biological,Small_plant-pollinator_web_Small_plant-pollinator_web,47,141,100,adamic_adar_entropy,0.7868145933912876,0.2857142857142857,3.583616975397232,4.554588851677638
Biological,Small_plant-pollinator_web_Small_plant-pollinator_web,47,141,100,seal_entropy,0.5839242163645111,0.9158163265306124,2.659534726078403,4.554588851677638
Biological,Small_plant-pollinator_web_Small_plant-pollinator_web,47,141,20,spectral_entropy,1.0408163265306123,,,
Biological,Small_plant-pollinator_web_Small_plant-pollinator_web,47,141,40,spectral_entropy,0.8928571428571428,,,
Biological,Small_plant-pollinator_web_Small_plant-pollinator_web,47,141,60,spectral_entropy,0.8401768793430195,,,
Biological,Small_plant-pollinator_web_Small_plant-pollinator_web,47,141,80,spectral_entropy,0.8476132190942472,,,
Biological,Small_plant-pollinator_web_Small_plant-pollinator_web,47,141,100,spectral_entropy,0.9114031369224248,,,
Biological,Smallwood_Reservoir_host-parasite_web_Smallwood_Reservoir,28,51,100,adamic_adar_entropy,0.8199729625417171,0.3,3.121928094887362,3.807354922057604
Biological,Smallwood_Reservoir_host-parasite_web_Smallwood_Reservoir,28,51,100,seal_entropy,0.3997337064822074,0.98,1.521928094887362,3.807354922057604
Biological,Smallwood_Reservoir_host-parasite_web_Smallwood_Reservoir,28,51,20,spectral_entropy,0.7633587786259542,,,
Biological,Smallwood_Reservoir_host-parasite_web_Smallwood_Reservoir,28,51,40,spectral_entropy,1.0443037974683544,,,
Biological,Smallwood_Reservoir_host-parasite_web_Smallwood_Reservoir,28,51,60,spectral_entropy,0.5882352941176471,,,
Biological,Smallwood_Reservoir_host-parasite_web_Smallwood_Reservoir,28,51,80,spectral_entropy,0.4733727810650888,,,
Biological,Smallwood_Reservoir_host-parasite_web_Smallwood_Reservoir,28,51,100,spectral_entropy,0.8629776021080369,,,
Biological,Snow_seed-disperser_web_Snow_seed-disperser_web,48,211,100,adamic_adar_entropy,0.6757214890115055,0.238095238095238,3.098157688049215,4.584962500721156
Biological,Snow_seed-disperser_web_Snow_seed-disperser_web,48,211,100,seal_entropy,0.3387437733426339,0.9523809523809524,1.5531274981287635,4.584962500721156
Biological,Snow_seed-disperser_web_Snow_seed-disperser_web,48,211,20,spectral_entropy,0.576923076923077,,,
Biological,Snow_seed-disperser_web_Snow_seed-disperser_web,48,211,40,spectral_entropy,0.8695652173913044,,,
Biological,Snow_seed-disperser_web_Snow_seed-disperser_web,48,211,60,spectral_entropy,0.6792452830188679,,,
Biological,Snow_seed-disperser_web_Snow_seed-disperser_web,48,211,80,spectral_entropy,0.6803385416666667,,,
Biological,Snow_seed-disperser_web_Snow_seed-disperser_web,48,211,100,spectral_entropy,0.6106027137898391,,,
Biological,Uetz_screen_yeast_interactome_2000_Uetz-screen,263,281,100,adamic_adar_entropy,0.7774554906778425,0.5,5.4724462166618295,7.038918989292302
Biological,Uetz_screen_yeast_interactome_2000_Uetz-screen,263,281,100,seal_entropy,0.7308662345603884,0.6205357142857143,5.14450821707968,7.038918989292302
Biological,Uetz_screen_yeast_interactome_2000_Uetz-screen,263,281,20,spectral_entropy,1.0031460674157302,,,
Biological,Uetz_screen_yeast_interactome_2000_Uetz-screen,263,281,40,spectral_entropy,0.971118433805001,,,
Biological,Uetz_screen_yeast_interactome_2000_Uetz-screen,263,281,60,spectral_entropy,0.8552971576227391,,,
Biological,Uetz_screen_yeast_interactome_2000_Uetz-screen,263,281,80,spectral_entropy,0.773434605409411,,,
Biological,Uetz_screen_yeast_interactome_2000_Uetz-screen,263,281,100,spectral_entropy,0.7760386190754827,,,
Biological,Vazquez_Simberloff_plant-pollinator_webs_Arroyo_Goye,35,41,100,adamic_adar_entropy,0.665975179883547,0.1875,2.75,4.129283016944966
Biological,Vazquez_Simberloff_plant-pollinator_webs_Arroyo_Goye,35,41,100,seal_entropy,0.4238023871986209,0.734375,1.75,4.129283016944966
Biological,Vazquez_Simberloff_plant-pollinator_webs_Arroyo_Goye,35,41,20,spectral_entropy,0.9022556390977444,,,
Biological,Vazquez_Simberloff_plant-pollinator_webs_Arroyo_Goye,35,41,40,spectral_entropy,0.9444444444444444,,,
Biological,Vazquez_Simberloff_plant-pollinator_webs_Arroyo_Goye,35,41,60,spectral_entropy,0.7879656160458453,,,
Biological,Vazquez_Simberloff_plant-pollinator_webs_Arroyo_Goye,35,41,80,spectral_entropy,0.7197696737044146,,,
Biological,Vazquez_Simberloff_plant-pollinator_webs_Arroyo_Goye,35,41,100,spectral_entropy,0.7116654438738077,,,
Biological,Vazquez_Simberloff_plant-pollinator_webs_Cerro_Lopez,40,44,100,adamic_adar_entropy,0.6362900861893377,0.4375,2.75,4.321928094887363
Biological,Vazquez_Simberloff_plant-pollinator_webs_Cerro_Lopez,40,44,100,seal_entropy,0.5784455328993979,0.53125,2.5,4.321928094887363
Biological,Vazquez_Simberloff_plant-pollinator_webs_Cerro_Lopez,40,44,20,spectral_entropy,1.0303030303030305,,,
Biological,Vazquez_Simberloff_plant-pollinator_webs_Cerro_Lopez,40,44,40,spectral_entropy,0.9292035398230089,,,
Biological,Vazquez_Simberloff_plant-pollinator_webs_Cerro_Lopez,40,44,60,spectral_entropy,0.8481532147742818,,,
Biological,Vazquez_Simberloff_plant-pollinator_webs_Cerro_Lopez,40,44,80,spectral_entropy,0.8003300330033003,,,
Biological,Vazquez_Simberloff_plant-pollinator_webs_Cerro_Lopez,40,44,100,spectral_entropy,0.7443095599393019,,,
Biological,Vazquez_Simberloff_plant-pollinator_webs_Llao_Llao,32,36,100,adamic_adar_entropy,0.5589815876572581,0.4285714285714286,2.235926350629033,4.0
Biological,Vazquez_Simberloff_plant-pollinator_webs_Llao_Llao,32,36,100,seal_entropy,0.4605927482942771,0.6734693877551021,1.8423709931771084,4.0
Biological,Vazquez_Simberloff_plant-pollinator_webs_Llao_Llao,32,36,20,spectral_entropy,0.8620689655172414,,,
Biological,Vazquez_Simberloff_plant-pollinator_webs_Llao_Llao,32,36,40,spectral_entropy,0.4899777282850779,,,
Biological,Vazquez_Simberloff_plant-pollinator_webs_Llao_Llao,32,36,60,spectral_entropy,0.6914893617021277,,,
Biological,Vazquez_Simberloff_plant-pollinator_webs_Llao_Llao,32,36,80,spectral_entropy,0.6373117033603708,,,
Biological,Vazquez_Simberloff_plant-pollinator_webs_Llao_Llao,32,36,100,spectral_entropy,0.6944444444444444,,,
Biological,Vazquez_Simberloff_plant-pollinator_webs_Mascardi_c,30,34,100,adamic_adar_entropy,0.5763225542887565,0.3333333333333333,2.2516291673878226,3.9068905956085183
Biological,Vazquez_Simberloff_plant-pollinator_webs_Mascardi_c,30,34,100,seal_entropy,0.5763225542887565,0.7500000000000001,2.2516291673878226,3.9068905956085183
Biological,Vazquez_Simberloff_plant-pollinator_webs_Mascardi_c,30,34,20,spectral_entropy,1.262135922330097,,,
Biological,Vazquez_Simberloff_plant-pollinator_webs_Mascardi_c,30,34,40,spectral_entropy,0.7308970099667774,,,
Biological,Vazquez_Simberloff_plant-pollinator_webs_Mascardi_c,30,34,60,spectral_entropy,0.6595744680851063,,,
Biological,Vazquez_Simberloff_plant-pollinator_webs_Mascardi_c,30,34,80,spectral_entropy,0.7364787111622554,,,
Biological,Vazquez_Simberloff_plant-pollinator_webs_Mascardi_c,30,34,100,spectral_entropy,0.6959706959706959,,,
Biological,Vazquez_Simberloff_plant-pollinator_webs_Mascardi_nc,39,48,100,adamic_adar_entropy,0.6359917734213215,0.3888888888888889,2.725480556997868,4.285402218862249
Biological,Vazquez_Simberloff_plant-pollinator_webs_Mascardi_nc,39,48,100,seal_entropy,0.4412797248643604,0.8888888888888891,1.8910611120726528,4.285402218862249
Biological,Vazquez_Simberloff_plant-pollinator_webs_Mascardi_nc,39,48,20,spectral_entropy,0.8287292817679557,,,
Biological,Vazquez_Simberloff_plant-pollinator_webs_Mascardi_nc,39,48,40,spectral_entropy,0.7843137254901962,,,
Biological,Vazquez_Simberloff_plant-pollinator_webs_Mascardi_nc,39,48,60,spectral_entropy,0.6828193832599119,,,
Biological,Vazquez_Simberloff_plant-pollinator_webs_Mascardi_nc,39,48,80,spectral_entropy,0.6410256410256411,,,
Biological,Vazquez_Simberloff_plant-pollinator_webs_Mascardi_nc,39,48,100,spectral_entropy,0.7295597484276729,,,
Biological,Vazquez_Simberloff_plant-pollinator_webs_Quetrihue_c,35,47,100,adamic_adar_entropy,0.4447725332878185,0.3888888888888889,1.836591668108979,4.129283016944966
Biological,Vazquez_Simberloff_plant-pollinator_webs_Quetrihue_c,35,47,100,seal_entropy,0.5320923061964663,0.8148148148148149,2.197159723424149,4.129283016944966
Biological,Vazquez_Simberloff_plant-pollinator_webs_Quetrihue_c,35,47,20,spectral_entropy,0.9426229508196722,,,
Biological,Vazquez_Simberloff_plant-pollinator_webs_Quetrihue_c,35,47,40,spectral_entropy,0.9322033898305084,,,
Biological,Vazquez_Simberloff_plant-pollinator_webs_Quetrihue_c,35,47,60,spectral_entropy,0.9269662921348314,,,
Biological,Vazquez_Simberloff_plant-pollinator_webs_Quetrihue_c,35,47,80,spectral_entropy,0.8136696501220504,,,
Biological,Vazquez_Simberloff_plant-pollinator_webs_Quetrihue_c,35,47,100,spectral_entropy,0.7968647942521229,,,
Biological,Vazquez_Simberloff_plant-pollinator_webs_Safariland,31,35,100,adamic_adar_entropy,0.5654565871592429,0.2857142857142857,2.235926350629033,3.954196310386875
Biological,Vazquez_Simberloff_plant-pollinator_webs_Safariland,31,35,100,seal_entropy,0.6377125560811127,0.7244897959183674,2.5216406363433186,3.954196310386875
Biological,Vazquez_Simberloff_plant-pollinator_webs_Safariland,31,35,20,spectral_entropy,0.8771929824561403,,,
Biological,Vazquez_Simberloff_plant-pollinator_webs_Safariland,31,35,40,spectral_entropy,0.9615384615384616,,,
Biological,Vazquez_Simberloff_plant-pollinator_webs_Safariland,31,35,60,spectral_entropy,0.6412478336221836,,,
Biological,Vazquez_Simberloff_plant-pollinator_webs_Safariland,31,35,80,spectral_entropy,0.7314148681055156,,,
Biological,Vazquez_Simberloff_plant-pollinator_webs_Safariland,31,35,100,spectral_entropy,0.8135283363802559,,,
Biological,Yu_yeast_interactomes_2008_CCSB-YI1,964,1487,100,adamic_adar_entropy,0.8508325766585443,0.5342595426770511,7.583376599417,8.912889336229961
Biological,Yu_yeast_interactomes_2008_CCSB-YI1,964,1487,100,seal_entropy,0.5404701825851826,0.8327438243263159,4.817150926913734,8.912889336229961
Biological,Yu_yeast_interactomes_2008_CCSB-YI1,964,1487,20,spectral_entropy,0.8772532844485181,,,
Biological,Yu_yeast_interactomes_2008_CCSB-YI1,964,1487,40,spectral_entropy,0.9184428158407854,,,
Biological,Yu_yeast_interactomes_2008_CCSB-YI1,964,1487,60,spectral_entropy,0.7942684716474022,,,
Biological,Yu_yeast_interactomes_2008_CCSB-YI1,964,1487,80,spectral_entropy,0.734904252826792,,,
Biological,Yu_yeast_interactomes_2008_CCSB-YI1,964,1487,100,spectral_entropy,0.7667374651460094,,,
Biological,Yu_yeast_interactomes_2008_Y2H-union,1647,2518,100,adamic_adar_entropy,0.8430066063601487,0.5441525795525061,8.165045726615274,9.685624839726357
Biological,Yu_yeast_interactomes_2008_Y2H-union,1647,2518,100,seal_entropy,0.434717550154493,0.8406499373540072,4.210511102041345,9.685624839726357
Biological,Yu_yeast_interactomes_2008_Y2H-union,1647,2518,20,spectral_entropy,0.8831643233576225,,,
Biological,Yu_yeast_interactomes_2008_Y2H-union,1647,2518,40,spectral_entropy,0.9185470045869434,,,
Biological,Yu_yeast_interactomes_2008_Y2H-union,1647,2518,60,spectral_entropy,0.8143072613660849,,,
Biological,Yu_yeast_interactomes_2008_Y2H-union,1647,2518,80,spectral_entropy,0.8023097291770442,,,
Biological,Yu_yeast_interactomes_2008_Y2H-union,1647,2518,100,spectral_entropy,0.8235300581877723,,,
Economic,56e9db8da6d70217090cdf2b,183,945,100,adamic_adar_entropy,0.8345994642778614,0.734203969653705,5.43799959442721,6.515699838284043
Economic,56e9db8da6d70217090cdf2b,183,945,100,seal_entropy,0.3570224886832126,0.9870944262478654,2.326251371776975,6.515699838284043
Economic,56e9db8da6d70217090cdf2b,183,945,20,spectral_entropy,0.2437166793602437,,,
Economic,56e9db8da6d70217090cdf2b,183,945,40,spectral_entropy,0.152027027027027,,,
Economic,56e9db8da6d70217090cdf2b,183,945,60,spectral_entropy,0.4092159559834938,,,
Economic,56e9db8da6d70217090cdf2b,183,945,80,spectral_entropy,0.0580640754149873,,,
Economic,56e9db8da6d70217090cdf2b,183,945,100,spectral_entropy,0.535976008478207,,,
Economic,575aa410bd3e93b53c695629,774,1778,100,adamic_adar_entropy,0.5211561872665499,0.8191628645110097,4.479957478331994,8.59618975614441
Economic,575aa410bd3e93b53c695629,774,1778,100,seal_entropy,0.3861412762324533,0.9196032533227534,3.3193436831739445,8.59618975614441
Economic,575aa410bd3e93b53c695629,774,1778,20,spectral_entropy,0.7916913946587537,,,
Economic,575aa410bd3e93b53c695629,774,1778,40,spectral_entropy,0.7901364593827273,,,
Economic,575aa410bd3e93b53c695629,774,1778,60,spectral_entropy,0.7909876102901271,,,
Economic,575aa410bd3e93b53c695629,774,1778,80,spectral_entropy,0.7358593093909006,,,
Economic,575aa410bd3e93b53c695629,774,1778,100,spectral_entropy,0.7782153783742668,,,
Economic,575aa410bd3e93b53c69562a,866,2531,100,adamic_adar_entropy,0.5134411454184785,0.8498277585964473,4.4968321591999985,8.758223214726724
Economic,575aa410bd3e93b53c69562a,866,2531,100,seal_entropy,0.3927736464299086,0.9210794575762784,3.439999268295292,8.758223214726724
Economic,575aa410bd3e93b53c69562a,866,2531,20,spectral_entropy,0.7749747729566094,,,
Economic,575aa410bd3e93b53c69562a,866,2531,40,spectral_entropy,0.7990820606156525,,,
Economic,575aa410bd3e93b53c69562a,866,2531,60,spectral_entropy,0.7799691869832646,,,
Economic,575aa410bd3e93b53c69562a,866,2531,80,spectral_entropy,0.7673735249832516,,,
Economic,575aa410bd3e93b53c69562a,866,2531,100,spectral_entropy,0.7887106350844224,,,
Economic,577ee40d58d31bd664bac0ed,145,2266,100,adamic_adar_entropy,0.812860136278884,0.7779824471636234,5.023401745100654,6.1799090900149345
Economic,577ee40d58d31bd664bac0ed,145,2266,100,seal_entropy,0.7709671862497761,0.8251587406010458,4.7645071224082285,6.1799090900149345
Economic,577ee40d58d31bd664bac0ed,145,2266,20,spectral_entropy,0.8540925266903915,,,
Economic,577ee40d58d31bd664bac0ed,145,2266,40,spectral_entropy,0.7361322188449848,,,
Economic,577ee40d58d31bd664bac0ed,145,2266,60,spectral_entropy,0.7086614173228346,,,
Economic,577ee40d58d31bd664bac0ed,145,2266,80,spectral_entropy,0.754257907542579,,,
Economic,577ee40d58d31bd664bac0ed,145,2266,100,spectral_entropy,0.8967844051982673,,,
Economic,577ee40d58d31bd664bac0ee,113,2944,100,adamic_adar_entropy,0.7722545543903849,0.7836824355592578,4.4946597110922335,5.820178962415188
Economic,577ee40d58d31bd664bac0ee,113,2944,100,seal_entropy,0.7678841152127165,0.8024954879911148,4.469222972933853,5.820178962415188
Economic,577ee40d58d31bd664bac0ee,113,2944,20,spectral_entropy,0.7383863080684596,,,
Economic,577ee40d58d31bd664bac0ee,113,2944,40,spectral_entropy,0.7462101411395713,,,
Economic,577ee40d58d31bd664bac0ee,113,2944,60,spectral_entropy,0.9102915280766972,,,
Economic,577ee40d58d31bd664bac0ee,113,2944,80,spectral_entropy,0.943238054030666,,,
Economic,577ee40d58d31bd664bac0ee,113,2944,100,spectral_entropy,0.9702725020644096,,,
Economic,577ee40d58d31bd664bac0ef,206,2741,100,adamic_adar_entropy,0.8231660105423015,0.7833911636208641,5.504099963450406,6.6865005271832185
Economic,577ee40d58d31bd664bac0ef,206,2741,100,seal_entropy,0.8146398679622748,0.792676754222388,5.447089906594218,6.6865005271832185
Economic,577ee40d58d31bd664bac0ef,206,2741,20,spectral_entropy,0.8468930172966047,,,
Economic,577ee40d58d31bd664bac0ef,206,2741,40,spectral_entropy,0.7886635277073524,,,
Economic,577ee40d58d31bd664bac0ef,206,2741,60,spectral_entropy,0.7600259571706683,,,
Economic,577ee40d58d31bd664bac0ef,206,2741,80,spectral_entropy,0.831478618393109,,,
Economic,577ee40d58d31bd664bac0ef,206,2741,100,spectral_entropy,0.940007820209656,,,
Economic,5847088c8cf714f319c47aae,105,441,100,adamic_adar_entropy,0.6048575611620256,0.8680268595041322,3.456304607696567,5.714245517666122
Economic,5847088c8cf714f319c47aae,105,441,100,seal_entropy,0.620746629791314,0.8883006198347106,3.547098646891368,5.714245517666122
Economic,5847088c8cf714f319c47aae,105,441,20,spectral_entropy,0.8526551982049365,,,
Economic,5847088c8cf714f319c47aae,105,441,40,spectral_entropy,0.8425,,,
Economic,5847088c8cf714f319c47aae,105,441,60,spectral_entropy,0.7800546448087432,,,
Economic,5847088c8cf714f319c47aae,105,441,80,spectral_entropy,0.8153701968134958,,,
Economic,5847088c8cf714f319c47aae,105,441,100,spectral_entropy,0.8618796662274923,,,
Economic,5936021067ec90f1500d6595,137,481,100,adamic_adar_entropy,0.6300056443191038,0.8142903645833335,3.8417946315041127,6.098032082960526
Economic,5936021067ec90f1500d6595,137,481,100,seal_entropy,0.6862684659124699,0.7761501736111113,4.184887122658344,6.098032082960526
Economic,5936021067ec90f1500d6595,137,481,20,spectral_entropy,0.956268221574344,,,
Economic,5936021067ec90f1500d6595,137,481,40,spectral_entropy,0.8913073426091749,,,
Economic,5936021067ec90f1500d6595,137,481,60,spectral_entropy,0.8727472326411125,,,
Economic,5936021067ec90f1500d6595,137,481,80,spectral_entropy,0.8813888551657156,,,
Economic,5936021067ec90f1500d6595,137,481,100,spectral_entropy,0.91682204738733,,,
Economic,5936021067ec90f1500d6597,194,774,100,adamic_adar_entropy,0.6492218006678232,0.8350269860010119,4.284807299655418,6.599912842187128
Economic,5936021067ec90f1500d6597,194,774,100,seal_entropy,0.6826284789521327,0.8507969303423848,4.505288464678847,6.599912842187128
Economic,5936021067ec90f1500d6597,194,774,20,spectral_entropy,0.6978851963746223,,,
Economic,5936021067ec90f1500d6597,194,774,40,spectral_entropy,0.8560670099131638,,,
Economic,5936021067ec90f1500d6597,194,774,60,spectral_entropy,0.8863507645837265,,,
Economic,5936021067ec90f1500d6597,194,774,80,spectral_entropy,0.906417630711562,,,
Economic,5936021067ec90f1500d6597,194,774,100,spectral_entropy,0.916012620270658,,,
Economic,5936021067ec90f1500d6599,180,945,100,adamic_adar_entropy,0.6239702509453533,0.8924862125920326,4.050723205617196,6.491853096329675
Economic,5936021067ec90f1500d6599,180,945,100,seal_entropy,0.6480254013898,0.8702024019484337,4.206885708512654,6.491853096329675
Economic,5936021067ec90f1500d6599,180,945,20,spectral_entropy,0.8742281442963926,,,
Economic,5936021067ec90f1500d6599,180,945,40,spectral_entropy,0.8270996259775586,,,
Economic,5936021067ec90f1500d6599,180,945,60,spectral_entropy,0.8068790222270295,,,
Economic,5936021067ec90f1500d6599,180,945,80,spectral_entropy,0.8424324849426851,,,
Economic,5936021067ec90f1500d6599,180,945,100,spectral_entropy,0.9319069682929044,,,
Economic,Midieval_Russia_trade_network_Medieval_Russian_Trade_Network,39,53,100,adamic_adar_entropy,0.7285029351845105,0.6,3.121928094887362,4.285402218862249
Economic,Midieval_Russia_trade_network_Medieval_Russian_Trade_Network,39,53,100,seal_entropy,0.7285029351845105,0.56,3.121928094887362,4.285402218862249
Economic,Midieval_Russia_trade_network_Medieval_Russian_Trade_Network,39,53,20,spectral_entropy,0.8227848101265822,,,
Economic,Midieval_Russia_trade_network_Medieval_Russian_Trade_Network,39,53,40,spectral_entropy,0.914179104477612,,,
Economic,Midieval_Russia_trade_network_Medieval_Russian_Trade_Network,39,53,60,spectral_entropy,0.9421641791044776,,,
Economic,Midieval_Russia_trade_network_Medieval_Russian_Trade_Network,39,53,80,spectral_entropy,0.9592822636300896,,,
Economic,Midieval_Russia_trade_network_Medieval_Russian_Trade_Network,39,53,100,spectral_entropy,0.9676817899316346,,,
Economic,Norwegian_Board_of_Directors_net2mode_2002-05-01,179,184,100,adamic_adar_entropy,0.7341459379463646,0.4583333333333333,4.760067015271105,6.483815777264256
Economic,Norwegian_Board_of_Directors_net2mode_2002-05-01,179,184,100,seal_entropy,0.5696064596346715,0.7997685185185185,3.6932233498109186,6.483815777264256
Economic,Norwegian_Board_of_Directors_net2mode_2002-05-01,179,184,20,spectral_entropy,1.0112359550561798,,,
Economic,Norwegian_Board_of_Directors_net2mode_2002-05-01,179,184,40,spectral_entropy,0.849785407725322,,,
Economic,Norwegian_Board_of_Directors_net2mode_2002-05-01,179,184,60,spectral_entropy,0.7428201252429281,,,
Economic,Norwegian_Board_of_Directors_net2mode_2002-05-01,179,184,80,spectral_entropy,0.6365565322825099,,,
Economic,Norwegian_Board_of_Directors_net2mode_2002-05-01,179,184,100,spectral_entropy,0.5589415787126505,,,
Economic,Norwegian_Board_of_Directors_net2mode_2002-06-01,166,171,100,adamic_adar_entropy,0.7426654714478269,0.4852941176470588,4.73452166477975,6.3750394313469245
Economic,Norwegian_Board_of_Directors_net2mode_2002-06-01,166,171,100,seal_entropy,0.4802875538368594,0.9316608996539792,3.061852094095138,6.3750394313469245
Economic,Norwegian_Board_of_Directors_net2mode_2002-06-01,166,171,20,spectral_entropy,1.0839445802770986,,,
Economic,Norwegian_Board_of_Directors_net2mode_2002-06-01,166,171,40,spectral_entropy,0.8872810357958872,,,
Economic,Norwegian_Board_of_Directors_net2mode_2002-06-01,166,171,60,spectral_entropy,0.6994114984155726,,,
Economic,Norwegian_Board_of_Directors_net2mode_2002-06-01,166,171,80,spectral_entropy,0.62099223759703,,,
Economic,Norwegian_Board_of_Directors_net2mode_2002-06-01,166,171,100,spectral_entropy,0.5613333333333334,,,
Economic,Norwegian_Board_of_Directors_net2mode_2002-07-01,158,163,100,adamic_adar_entropy,0.7200297641807946,0.5,4.538909765557392,6.303780748177103
Economic,Norwegian_Board_of_Directors_net2mode_2002-07-01,158,163,100,seal_entropy,0.5615228610998376,0.814453125,3.539717001462482,6.303780748177103
Economic,Norwegian_Board_of_Directors_net2mode_2002-07-01,158,163,20,spectral_entropy,1.0609857978279031,,,
Economic,Norwegian_Board_of_Directors_net2mode_2002-07-01,158,163,40,spectral_entropy,0.8428967154728928,,,
Economic,Norwegian_Board_of_Directors_net2mode_2002-07-01,158,163,60,spectral_entropy,0.7217863608931805,,,
Economic,Norwegian_Board_of_Directors_net2mode_2002-07-01,158,163,80,spectral_entropy,0.6446991404011462,,,
Economic,Norwegian_Board_of_Directors_net2mode_2002-07-01,158,163,100,spectral_entropy,0.5434329395413482,,,
Economic,Norwegian_Board_of_Directors_net2mode_2002-08-01,164,167,100,adamic_adar_entropy,0.7553174356176863,0.4848484848484848,4.801969876934212,6.357552004618084
Economic,Norwegian_Board_of_Directors_net2mode_2002-08-01,164,167,100,seal_entropy,0.5173940159008323,0.8480257116620753,3.2893593629677373,6.357552004618084
Economic,Norwegian_Board_of_Directors_net2mode_2002-08-01,164,167,20,spectral_entropy,1.0147299509001635,,,
Economic,Norwegian_Board_of_Directors_net2mode_2002-08-01,164,167,40,spectral_entropy,0.8678955453149002,,,
Economic,Norwegian_Board_of_Directors_net2mode_2002-08-01,164,167,60,spectral_entropy,0.6472950626033546,,,
Economic,Norwegian_Board_of_Directors_net2mode_2002-08-01,164,167,80,spectral_entropy,0.6127586942607212,,,
Economic,Norwegian_Board_of_Directors_net2mode_2002-08-01,164,167,100,spectral_entropy,0.532001080205239,,,
Economic,Norwegian_Board_of_Directors_net2mode_2002-09-01,369,375,100,adamic_adar_entropy,0.7942572948395398,0.5,5.978753523800368,7.527477006060396
Economic,Norwegian_Board_of_Directors_net2mode_2002-09-01,369,375,100,seal_entropy,0.6205856431148072,0.7986666666666666,4.6714441588379145,7.527477006060396
Economic,Norwegian_Board_of_Directors_net2mode_2002-09-01,369,375,20,spectral_entropy,0.9045226130653268,,,
Economic,Norwegian_Board_of_Directors_net2mode_2002-09-01,369,375,40,spectral_entropy,0.7790645209805986,,,
Economic,Norwegian_Board_of_Directors_net2mode_2002-09-01,369,375,60,spectral_entropy,0.654911838790932,,,
Economic,Norwegian_Board_of_Directors_net2mode_2002-09-01,369,375,80,spectral_entropy,0.6280096308186196,,,
Economic,Norwegian_Board_of_Directors_net2mode_2002-09-01,369,375,100,spectral_entropy,0.5216987460653284,,,
Economic,Norwegian_Board_of_Directors_net2mode_2002-10-01,388,394,100,adamic_adar_entropy,0.7705074834939265,0.4807692307692308,5.855789718806777,7.599912842187127
Economic,Norwegian_Board_of_Directors_net2mode_2002-10-01,388,394,100,seal_entropy,0.6401734568746975,0.7951183431952664,4.865262476129341,7.599912842187127
Economic,Norwegian_Board_of_Directors_net2mode_2002-10-01,388,394,20,spectral_entropy,0.9509906152241918,,,
Economic,Norwegian_Board_of_Directors_net2mode_2002-10-01,388,394,40,spectral_entropy,0.7967342342342343,,,
Economic,Norwegian_Board_of_Directors_net2mode_2002-10-01,388,394,60,spectral_entropy,0.673892142295254,,,
Economic,Norwegian_Board_of_Directors_net2mode_2002-10-01,388,394,80,spectral_entropy,0.6437229165358287,,,
Economic,Norwegian_Board_of_Directors_net2mode_2002-10-01,388,394,100,spectral_entropy,0.5574119812097438,,,
Economic,Norwegian_Board_of_Directors_net2mode_2002-11-01,393,399,100,adamic_adar_entropy,0.7809201000220424,0.5,5.949350368430268,7.618385502258606
Economic,Norwegian_Board_of_Directors_net2mode_2002-11-01,393,399,100,seal_entropy,0.6423477808963884,0.785370934145169,4.893653021389033,7.618385502258606
Economic,Norwegian_Board_of_Directors_net2mode_2002-11-01,393,399,20,spectral_entropy,1.0872313527180784,,,
Economic,Norwegian_Board_of_Directors_net2mode_2002-11-01,393,399,40,spectral_entropy,0.8911162982287519,,,
Economic,Norwegian_Board_of_Directors_net2mode_2002-11-01,393,399,60,spectral_entropy,0.7427976397084345,,,
Economic,Norwegian_Board_of_Directors_net2mode_2002-11-01,393,399,80,spectral_entropy,0.7068879460943349,,,
Economic,Norwegian_Board_of_Directors_net2mode_2002-11-01,393,399,100,spectral_entropy,0.6340141322234053,,,
Economic,Norwegian_Board_of_Directors_net2mode_2002-12-01,407,412,100,adamic_adar_entropy,0.7808789370064997,0.4939024390243902,5.988470754538934,7.668884984266247
Economic,Norwegian_Board_of_Directors_net2mode_2002-12-01,407,412,100,seal_entropy,0.6226122375377848,0.8245092207019631,4.774741639473928,7.668884984266247
Economic,Norwegian_Board_of_Directors_net2mode_2002-12-01,407,412,20,spectral_entropy,1.0237537638006022,,,
Economic,Norwegian_Board_of_Directors_net2mode_2002-12-01,407,412,40,spectral_entropy,0.8756788207913111,,,
Economic,Norwegian_Board_of_Directors_net2mode_2002-12-01,407,412,60,spectral_entropy,0.7145831598234363,,,
Economic,Norwegian_Board_of_Directors_net2mode_2002-12-01,407,412,80,spectral_entropy,0.6841180391443981,,,
Economic,Norwegian_Board_of_Directors_net2mode_2002-12-01,407,412,100,spectral_entropy,0.6091277143908723,,,
Economic,Norwegian_Board_of_Directors_net2mode_2003-01-01,399,404,100,adamic_adar_entropy,0.7771337242030965,0.4875,5.9374920011103205,7.640244936222345
Economic,Norwegian_Board_of_Directors_net2mode_2003-01-01,399,404,100,seal_entropy,0.583184874340375,0.88828125,4.455675283060515,7.640244936222345
Economic,Norwegian_Board_of_Directors_net2mode_2003-01-01,399,404,20,spectral_entropy,1.05,,,
Economic,Norwegian_Board_of_Directors_net2mode_2003-01-01,399,404,40,spectral_entropy,0.8533370334397113,,,
Economic,Norwegian_Board_of_Directors_net2mode_2003-01-01,399,404,60,spectral_entropy,0.7148440892903675,,,
Economic,Norwegian_Board_of_Directors_net2mode_2003-01-01,399,404,80,spectral_entropy,0.6535187113370491,,,
Economic,Norwegian_Board_of_Directors_net2mode_2003-01-01,399,404,100,spectral_entropy,0.6030269962518385,,,
Economic,Norwegian_Board_of_Directors_net2mode_2003-02-01,402,404,100,adamic_adar_entropy,0.7793035835824522,0.48125,5.96249200111032,7.651051691178928
Economic,Norwegian_Board_of_Directors_net2mode_2003-02-01,402,404,100,seal_entropy,0.602835574954181,0.88328125,4.6123261452560085,7.651051691178928
Economic,Norwegian_Board_of_Directors_net2mode_2003-02-01,402,404,20,spectral_entropy,0.9542092286016204,,,
Economic,Norwegian_Board_of_Directors_net2mode_2003-02-01,402,404,40,spectral_entropy,0.7788556164768734,,,
Economic,Norwegian_Board_of_Directors_net2mode_2003-02-01,402,404,60,spectral_entropy,0.6290447838467512,,,
Economic,Norwegian_Board_of_Directors_net2mode_2003-02-01,402,404,80,spectral_entropy,0.590331101419006,,,
Economic,Norwegian_Board_of_Directors_net2mode_2003-02-01,402,404,100,spectral_entropy,0.5348352896630064,,,
Economic,Norwegian_Board_of_Directors_net2mode_2003-03-01,401,403,100,adamic_adar_entropy,0.7731316303279511,0.49375,5.912492001110319,7.64745842645492
Economic,Norwegian_Board_of_Directors_net2mode_2003-03-01,401,403,100,seal_entropy,0.5937180718096917,0.896640625,4.540434271199594,7.64745842645492
Economic,Norwegian_Board_of_Directors_net2mode_2003-03-01,401,403,20,spectral_entropy,0.9601629696695336,,,
Economic,Norwegian_Board_of_Directors_net2mode_2003-03-01,401,403,40,spectral_entropy,0.7734189585369259,,,
Economic,Norwegian_Board_of_Directors_net2mode_2003-03-01,401,403,60,spectral_entropy,0.6275933609958506,,,
Economic,Norwegian_Board_of_Directors_net2mode_2003-03-01,401,403,80,spectral_entropy,0.5969412925505674,,,
Economic,Norwegian_Board_of_Directors_net2mode_2003-03-01,401,403,100,spectral_entropy,0.5334217632289544,,,
Economic,Norwegian_Board_of_Directors_net2mode_2003-04-01,404,407,100,adamic_adar_entropy,0.789159939001413,0.4876543209876543,6.043553706588328,7.6582114827517955
Economic,Norwegian_Board_of_Directors_net2mode_2003-04-01,404,407,100,seal_entropy,0.6613887834711032,0.7831123304374333,5.065055176141644,7.6582114827517955
Economic,Norwegian_Board_of_Directors_net2mode_2003-04-01,404,407,20,spectral_entropy,0.9475728155339804,,,
Economic,Norwegian_Board_of_Directors_net2mode_2003-04-01,404,407,40,spectral_entropy,0.7461279461279461,,,
Economic,Norwegian_Board_of_Directors_net2mode_2003-04-01,404,407,60,spectral_entropy,0.6347862886161659,,,
Economic,Norwegian_Board_of_Directors_net2mode_2003-04-01,404,407,80,spectral_entropy,0.6085846303501946,,,
Economic,Norwegian_Board_of_Directors_net2mode_2003-04-01,404,407,100,spectral_entropy,0.5356806627753719,,,
Economic,Norwegian_Board_of_Directors_net2mode_2003-05-01,402,405,100,adamic_adar_entropy,0.7898984284155443,0.4876543209876543,6.043553706588328,7.651051691178928
Economic,Norwegian_Board_of_Directors_net2mode_2003-05-01,402,405,100,seal_entropy,0.5866060552130348,0.812071330589849,4.48815325079349,7.651051691178928
Economic,Norwegian_Board_of_Directors_net2mode_2003-05-01,402,405,20,spectral_entropy,0.9567336989640464,,,
Economic,Norwegian_Board_of_Directors_net2mode_2003-05-01,402,405,40,spectral_entropy,0.7775169175528241,,,
Economic,Norwegian_Board_of_Directors_net2mode_2003-05-01,402,405,60,spectral_entropy,0.6435938965135113,,,
Economic,Norwegian_Board_of_Directors_net2mode_2003-05-01,402,405,80,spectral_entropy,0.6114711997064938,,,
Economic,Norwegian_Board_of_Directors_net2mode_2003-05-01,402,405,100,spectral_entropy,0.5351754055073557,,,
Economic,Norwegian_Board_of_Directors_net2mode_2003-06-01,397,402,100,adamic_adar_entropy,0.7594565364140622,0.49375,5.796928094887362,7.632995197142957
Economic,Norwegian_Board_of_Directors_net2mode_2003-06-01,397,402,100,seal_entropy,0.590532939456703,0.8378125000000001,4.507535090627727,7.632995197142957
Economic,Norwegian_Board_of_Directors_net2mode_2003-06-01,397,402,20,spectral_entropy,1.0239651416122004,,,
Economic,Norwegian_Board_of_Directors_net2mode_2003-06-01,397,402,40,spectral_entropy,0.8251748251748252,,,
Economic,Norwegian_Board_of_Directors_net2mode_2003-06-01,397,402,60,spectral_entropy,0.6635746389978004,,,
Economic,Norwegian_Board_of_Directors_net2mode_2003-06-01,397,402,80,spectral_entropy,0.613569689782161,,,
Economic,Norwegian_Board_of_Directors_net2mode_2003-06-01,397,402,100,spectral_entropy,0.554919362534593,,,
Economic,Norwegian_Board_of_Directors_net2mode_2003-07-01,425,434,100,adamic_adar_entropy,0.7909596521776053,0.4941860465116279,6.115161411653686,7.731319031025064
Economic,Norwegian_Board_of_Directors_net2mode_2003-07-01,425,434,100,seal_entropy,0.6188965490024627,0.8793942671714441,4.784886667538476,7.731319031025064
Economic,Norwegian_Board_of_Directors_net2mode_2003-07-01,425,434,20,spectral_entropy,0.9753279200499688,,,
Economic,Norwegian_Board_of_Directors_net2mode_2003-07-01,425,434,40,spectral_entropy,0.8133789433675409,,,
Economic,Norwegian_Board_of_Directors_net2mode_2003-07-01,425,434,60,spectral_entropy,0.664141128576275,,,
Economic,Norwegian_Board_of_Directors_net2mode_2003-07-01,425,434,80,spectral_entropy,0.6203798476060502,,,
Economic,Norwegian_Board_of_Directors_net2mode_2003-07-01,425,434,100,spectral_entropy,0.553532726484612,,,
Economic,Norwegian_Board_of_Directors_net2mode_2003-08-01,447,456,100,adamic_adar_entropy,0.790584989760476,0.5,6.169828843471627,7.804131021183318
Economic,Norwegian_Board_of_Directors_net2mode_2003-08-01,447,456,100,seal_entropy,0.6193275519676058,0.8768868494143219,4.833313360583916,7.804131021183318
Economic,Norwegian_Board_of_Directors_net2mode_2003-08-01,447,456,20,spectral_entropy,0.9738527214514408,,,
Economic,Norwegian_Board_of_Directors_net2mode_2003-08-01,447,456,40,spectral_entropy,0.831140875388663,,,
Economic,Norwegian_Board_of_Directors_net2mode_2003-08-01,447,456,60,spectral_entropy,0.6654191616766467,,,
Economic,Norwegian_Board_of_Directors_net2mode_2003-08-01,447,456,80,spectral_entropy,0.6081877612260208,,,
Economic,Norwegian_Board_of_Directors_net2mode_2003-08-01,447,456,100,spectral_entropy,0.5605105965141969,,,
Economic,Norwegian_Board_of_Directors_net2mode_2003-09-01,465,481,100,adamic_adar_entropy,0.802212954941049,0.5,6.306265755906954,7.861086905995395
Economic,Norwegian_Board_of_Directors_net2mode_2003-09-01,465,481,100,seal_entropy,0.6075225879995346,0.9190538194444444,4.775787861619577,7.861086905995395
Economic,Norwegian_Board_of_Directors_net2mode_2003-09-01,465,481,20,spectral_entropy,0.9547813194959228,,,
Economic,Norwegian_Board_of_Directors_net2mode_2003-09-01,465,481,40,spectral_entropy,0.8487423911795107,,,
Economic,Norwegian_Board_of_Directors_net2mode_2003-09-01,465,481,60,spectral_entropy,0.6711025255777349,,,
Economic,Norwegian_Board_of_Directors_net2mode_2003-09-01,465,481,80,spectral_entropy,0.6286474864339101,,,
Economic,Norwegian_Board_of_Directors_net2mode_2003-09-01,465,481,100,spectral_entropy,0.575687185443283,,,
Economic,Norwegian_Board_of_Directors_net2mode_2003-10-01,470,486,100,adamic_adar_entropy,0.7757389958973965,0.5,6.11012134729716,7.876516946564999
Economic,Norwegian_Board_of_Directors_net2mode_2003-10-01,470,486,100,seal_entropy,0.5821837468895488,0.8889892655967692,4.585580148390239,7.876516946564999
Economic,Norwegian_Board_of_Directors_net2mode_2003-10-01,470,486,20,spectral_entropy,0.9451013513513512,,,
Economic,Norwegian_Board_of_Directors_net2mode_2003-10-01,470,486,40,spectral_entropy,0.8315774687456103,,,
Economic,Norwegian_Board_of_Directors_net2mode_2003-10-01,470,486,60,spectral_entropy,0.6712357803999153,,,
Economic,Norwegian_Board_of_Directors_net2mode_2003-10-01,470,486,80,spectral_entropy,0.6257431416087673,,,
Economic,Norwegian_Board_of_Directors_net2mode_2003-10-01,470,486,100,spectral_entropy,0.5694665756127172,,,
Economic,Norwegian_Board_of_Directors_net2mode_2003-11-01,480,496,100,adamic_adar_entropy,0.795619209373186,0.4898989898989899,6.290874044278328,7.906890595608518
Economic,Norwegian_Board_of_Directors_net2mode_2003-11-01,480,496,100,seal_entropy,0.6036936292155649,0.8567493112947658,4.773339479473326,7.906890595608518
Economic,Norwegian_Board_of_Directors_net2mode_2003-11-01,480,496,20,spectral_entropy,1.0132596685082873,,,
Economic,Norwegian_Board_of_Directors_net2mode_2003-11-01,480,496,40,spectral_entropy,0.8356985563983362,,,
Economic,Norwegian_Board_of_Directors_net2mode_2003-11-01,480,496,60,spectral_entropy,0.6596467391304348,,,
Economic,Norwegian_Board_of_Directors_net2mode_2003-11-01,480,496,80,spectral_entropy,0.6321584820331319,,,
Economic,Norwegian_Board_of_Directors_net2mode_2003-11-01,480,496,100,spectral_entropy,0.5618721713213379,,,
Economic,Norwegian_Board_of_Directors_net2mode_2003-12-01,463,479,100,adamic_adar_entropy,0.7770864506757871,0.4947368421052631,6.103911792473155,7.854868383260236
Economic,Norwegian_Board_of_Directors_net2mode_2003-12-01,463,479,100,seal_entropy,0.6070976928691457,0.8790581717451523,4.768672473268086,7.854868383260236
Economic,Norwegian_Board_of_Directors_net2mode_2003-12-01,463,479,20,spectral_entropy,0.9830065359477124,,,
Economic,Norwegian_Board_of_Directors_net2mode_2003-12-01,463,479,40,spectral_entropy,0.8239743295897318,,,
Economic,Norwegian_Board_of_Directors_net2mode_2003-12-01,463,479,60,spectral_entropy,0.6706966033390904,,,
Economic,Norwegian_Board_of_Directors_net2mode_2003-12-01,463,479,80,spectral_entropy,0.6286876907426246,,,
Economic,Norwegian_Board_of_Directors_net2mode_2003-12-01,463,479,100,spectral_entropy,0.5572359236854351,,,
Economic,Norwegian_Board_of_Directors_net2mode_2004-01-01,446,466,100,adamic_adar_entropy,0.7975809819740053,0.4946236559139785,6.221849402459356,7.800899899920305
Economic,Norwegian_Board_of_Directors_net2mode_2004-01-01,446,466,100,seal_entropy,0.6293990227739797,0.8384206266620418,4.909878773767476,7.800899899920305
Economic,Norwegian_Board_of_Directors_net2mode_2004-01-01,446,466,20,spectral_entropy,0.9666666666666668,,,
Economic,Norwegian_Board_of_Directors_net2mode_2004-01-01,446,466,40,spectral_entropy,0.8532219570405728,,,
Economic,Norwegian_Board_of_Directors_net2mode_2004-01-01,446,466,60,spectral_entropy,0.6754966887417219,,,
Economic,Norwegian_Board_of_Directors_net2mode_2004-01-01,446,466,80,spectral_entropy,0.6359938724842851,,,
Economic,Norwegian_Board_of_Directors_net2mode_2004-01-01,446,466,100,spectral_entropy,0.5646768151749422,,,
Economic,Norwegian_Board_of_Directors_net2mode_2004-02-01,457,476,100,adamic_adar_entropy,0.7826532922069197,0.5,6.132910608285401,7.83605035505807
Economic,Norwegian_Board_of_Directors_net2mode_2004-02-01,457,476,100,seal_entropy,0.6175808274565979,0.8499722991689752,4.839394462268331,7.83605035505807
Economic,Norwegian_Board_of_Directors_net2mode_2004-02-01,457,476,20,spectral_entropy,0.9514118544899516,,,
Economic,Norwegian_Board_of_Directors_net2mode_2004-02-01,457,476,40,spectral_entropy,0.8388003748828491,,,
Economic,Norwegian_Board_of_Directors_net2mode_2004-02-01,457,476,60,spectral_entropy,0.6619626100240052,,,
Economic,Norwegian_Board_of_Directors_net2mode_2004-02-01,457,476,80,spectral_entropy,0.6251937583961972,,,
Economic,Norwegian_Board_of_Directors_net2mode_2004-02-01,457,476,100,spectral_entropy,0.5610624951599164,,,
Economic,Norwegian_Board_of_Directors_net2mode_2004-03-01,470,489,100,adamic_adar_entropy,0.8029042916550285,0.4948453608247423,6.324089259690599,7.876516946564999
Economic,Norwegian_Board_of_Directors_net2mode_2004-03-01,470,489,100,seal_entropy,0.6133523199647373,0.8515782761186097,4.831079942417211,7.876516946564999
Economic,Norwegian_Board_of_Directors_net2mode_2004-03-01,470,489,20,spectral_entropy,0.9862306368330466,,,
Economic,Norwegian_Board_of_Directors_net2mode_2004-03-01,470,489,40,spectral_entropy,0.8237700261333939,,,
Economic,Norwegian_Board_of_Directors_net2mode_2004-03-01,470,489,60,spectral_entropy,0.6599269868014602,,,
Economic,Norwegian_Board_of_Directors_net2mode_2004-03-01,470,489,80,spectral_entropy,0.6338134950720242,,,
Economic,Norwegian_Board_of_Directors_net2mode_2004-03-01,470,489,100,spectral_entropy,0.5619205547599306,,,
Economic,Norwegian_Board_of_Directors_net2mode_2004-04-01,529,551,100,adamic_adar_entropy,0.7909942151933558,0.4863636363636364,6.3652284634263205,8.047123912114026
Economic,Norwegian_Board_of_Directors_net2mode_2004-04-01,529,551,100,seal_entropy,0.5608681193644834,0.9061570247933886,4.5133752548803585,8.047123912114026
Economic,Norwegian_Board_of_Directors_net2mode_2004-04-01,529,551,20,spectral_entropy,0.957102823884458,,,
Economic,Norwegian_Board_of_Directors_net2mode_2004-04-01,529,551,40,spectral_entropy,0.834703549666312,,,
Economic,Norwegian_Board_of_Directors_net2mode_2004-04-01,529,551,60,spectral_entropy,0.7066988533494267,,,
Economic,Norwegian_Board_of_Directors_net2mode_2004-04-01,529,551,80,spectral_entropy,0.6448794127927298,,,
Economic,Norwegian_Board_of_Directors_net2mode_2004-04-01,529,551,100,spectral_entropy,0.5738998881799645,,,
Economic,Norwegian_Board_of_Directors_net2mode_2004-05-01,541,564,100,adamic_adar_entropy,0.7927974153680262,0.5,6.405394654123195,8.079484783826816
Economic,Norwegian_Board_of_Directors_net2mode_2004-05-01,541,564,100,seal_entropy,0.5881031886054972,0.8557876275510203,4.751570763658147,8.079484783826816
Economic,Norwegian_Board_of_Directors_net2mode_2004-05-01,541,564,20,spectral_entropy,0.9778837814397224,,,
Economic,Norwegian_Board_of_Directors_net2mode_2004-05-01,541,564,40,spectral_entropy,0.7816005983545251,,,
Economic,Norwegian_Board_of_Directors_net2mode_2004-05-01,541,564,60,spectral_entropy,0.6666274763388396,,,
Economic,Norwegian_Board_of_Directors_net2mode_2004-05-01,541,564,80,spectral_entropy,0.5996041938607941,,,
Economic,Norwegian_Board_of_Directors_net2mode_2004-05-01,541,564,100,spectral_entropy,0.5606031316450802,,,
Economic,Norwegian_Board_of_Directors_net2mode_2004-06-01,507,530,100,adamic_adar_entropy,0.7896104862172693,0.4952830188679245,6.3057045347314675,7.985841937003341
Economic,Norwegian_Board_of_Directors_net2mode_2004-06-01,507,530,100,seal_entropy,0.6269186687244918,0.8385991456034175,5.006473395790351,7.985841937003341
Economic,Norwegian_Board_of_Directors_net2mode_2004-06-01,507,530,20,spectral_entropy,0.9495219034912163,,,
Economic,Norwegian_Board_of_Directors_net2mode_2004-06-01,507,530,40,spectral_entropy,0.811458229364208,,,
Economic,Norwegian_Board_of_Directors_net2mode_2004-06-01,507,530,60,spectral_entropy,0.6848117860041201,,,
Economic,Norwegian_Board_of_Directors_net2mode_2004-06-01,507,530,80,spectral_entropy,0.6401547528003958,,,
Economic,Norwegian_Board_of_Directors_net2mode_2004-06-01,507,530,100,spectral_entropy,0.5645877450645536,,,
Economic,Norwegian_Board_of_Directors_net2mode_2004-07-01,536,558,100,adamic_adar_entropy,0.7906702931793923,0.5,6.377617105030374,8.066089190457772
Economic,Norwegian_Board_of_Directors_net2mode_2004-07-01,536,558,100,seal_entropy,0.5725890566639082,0.8577631685739795,4.618554400531163,8.066089190457772
Economic,Norwegian_Board_of_Directors_net2mode_2004-07-01,536,558,20,spectral_entropy,0.8963238331268071,,,
Economic,Norwegian_Board_of_Directors_net2mode_2004-07-01,536,558,40,spectral_entropy,0.7938016921760623,,,
Economic,Norwegian_Board_of_Directors_net2mode_2004-07-01,536,558,60,spectral_entropy,0.659074817087562,,,
Economic,Norwegian_Board_of_Directors_net2mode_2004-07-01,536,558,80,spectral_entropy,0.614618635203548,,,
Economic,Norwegian_Board_of_Directors_net2mode_2004-07-01,536,558,100,spectral_entropy,0.5482029323991177,,,
Economic,Norwegian_Board_of_Directors_net2mode_2004-08-01,541,565,100,adamic_adar_entropy,0.7948249222336952,0.495575221238938,6.421775864993473,8.079484783826816
Economic,Norwegian_Board_of_Directors_net2mode_2004-08-01,541,565,100,seal_entropy,0.5988135448857115,0.887540136267523,4.838104924253502,8.079484783826816
Economic,Norwegian_Board_of_Directors_net2mode_2004-08-01,541,565,20,spectral_entropy,0.8845014807502468,,,
Economic,Norwegian_Board_of_Directors_net2mode_2004-08-01,541,565,40,spectral_entropy,0.8070736525256327,,,
Economic,Norwegian_Board_of_Directors_net2mode_2004-08-01,541,565,60,spectral_entropy,0.6687711913948322,,,
Economic,Norwegian_Board_of_Directors_net2mode_2004-08-01,541,565,80,spectral_entropy,0.6180645701603785,,,
Economic,Norwegian_Board_of_Directors_net2mode_2004-08-01,541,565,100,spectral_entropy,0.5568319611972684,,,
Economic,Norwegian_Board_of_Directors_net2mode_2004-09-01,522,545,100,adamic_adar_entropy,0.7987929730232922,0.481651376146789,6.412634898151574,8.027905996569885
Economic,Norwegian_Board_of_Directors_net2mode_2004-09-01,522,545,100,seal_entropy,0.5951450492648026,0.8797660129618718,4.777768509821788,8.027905996569885
Economic,Norwegian_Board_of_Directors_net2mode_2004-09-01,522,545,20,spectral_entropy,0.8873505349276275,,,
Economic,Norwegian_Board_of_Directors_net2mode_2004-09-01,522,545,40,spectral_entropy,0.7742934572202864,,,
Economic,Norwegian_Board_of_Directors_net2mode_2004-09-01,522,545,60,spectral_entropy,0.6640936102432151,,,
Economic,Norwegian_Board_of_Directors_net2mode_2004-09-01,522,545,80,spectral_entropy,0.6126819035965564,,,
Economic,Norwegian_Board_of_Directors_net2mode_2004-09-01,522,545,100,spectral_entropy,0.5514305514305514,,,
Economic,Norwegian_Board_of_Directors_net2mode_2004-10-01,542,567,100,adamic_adar_entropy,0.7992325071098971,0.4911504424778761,6.459516241157106,8.08214904135387
Economic,Norwegian_Board_of_Directors_net2mode_2004-10-01,542,567,100,seal_entropy,0.5539074730978153,0.8984650325005873,4.476762752696253,8.08214904135387
Economic,Norwegian_Board_of_Directors_net2mode_2004-10-01,542,567,20,spectral_entropy,0.869309262166405,,,
Economic,Norwegian_Board_of_Directors_net2mode_2004-10-01,542,567,40,spectral_entropy,0.779423944050796,,,
Economic,Norwegian_Board_of_Directors_net2mode_2004-10-01,542,567,60,spectral_entropy,0.6686591654946085,,,
Economic,Norwegian_Board_of_Directors_net2mode_2004-10-01,542,567,80,spectral_entropy,0.6207637626053893,,,
Economic,Norwegian_Board_of_Directors_net2mode_2004-10-01,542,567,100,spectral_entropy,0.5593322161444336,,,
Economic,Norwegian_Board_of_Directors_net2mode_2004-11-01,554,579,100,adamic_adar_entropy,0.7927737215462912,0.4956521739130435,6.432361572645881,8.113742166049189
Economic,Norwegian_Board_of_Directors_net2mode_2004-11-01,554,579,100,seal_entropy,0.6069607579051621,0.9068809073724008,4.924723094552287,8.113742166049189
Economic,Norwegian_Board_of_Directors_net2mode_2004-11-01,554,579,20,spectral_entropy,0.8529980657640233,,,
Economic,Norwegian_Board_of_Directors_net2mode_2004-11-01,554,579,40,spectral_entropy,0.751779359430605,,,
Economic,Norwegian_Board_of_Directors_net2mode_2004-11-01,554,579,60,spectral_entropy,0.6632827649138816,,,
Economic,Norwegian_Board_of_Directors_net2mode_2004-11-01,554,579,80,spectral_entropy,0.6294782010282152,,,
Economic,Norwegian_Board_of_Directors_net2mode_2004-11-01,554,579,100,spectral_entropy,0.5562210141589115,,,
Economic,Norwegian_Board_of_Directors_net2mode_2004-12-01,531,559,100,adamic_adar_entropy,0.8057193083138094,0.5,6.488109560043803,8.052568050804153
Economic,Norwegian_Board_of_Directors_net2mode_2004-12-01,531,559,100,seal_entropy,0.6030805685884509,0.8557746936125316,4.856347318676162,8.052568050804153
Economic,Norwegian_Board_of_Directors_net2mode_2004-12-01,531,559,20,spectral_entropy,0.8376442499005172,,,
Economic,Norwegian_Board_of_Directors_net2mode_2004-12-01,531,559,40,spectral_entropy,0.7729423772849586,,,
Economic,Norwegian_Board_of_Directors_net2mode_2004-12-01,531,559,60,spectral_entropy,0.6596957058097868,,,
Economic,Norwegian_Board_of_Directors_net2mode_2004-12-01,531,559,80,spectral_entropy,0.6206925891261805,,,
Economic,Norwegian_Board_of_Directors_net2mode_2004-12-01,531,559,100,spectral_entropy,0.5651365559687139,,,
Economic,Norwegian_Board_of_Directors_net2mode_2005-01-01,558,589,100,adamic_adar_entropy,0.8041084179059572,0.5,6.532674334931038,8.124121311829187
Economic,Norwegian_Board_of_Directors_net2mode_2005-01-01,558,589,100,seal_entropy,0.5923769367222579,0.8862225144276427,4.812542096261385,8.124121311829187
Economic,Norwegian_Board_of_Directors_net2mode_2005-01-01,558,589,20,spectral_entropy,0.8707853403141361,,,
Economic,Norwegian_Board_of_Directors_net2mode_2005-01-01,558,589,40,spectral_entropy,0.7806559985854479,,,
Economic,Norwegian_Board_of_Directors_net2mode_2005-01-01,558,589,60,spectral_entropy,0.6579165974414355,,,
Economic,Norwegian_Board_of_Directors_net2mode_2005-01-01,558,589,80,spectral_entropy,0.631163708086785,,,
Economic,Norwegian_Board_of_Directors_net2mode_2005-01-01,558,589,100,spectral_entropy,0.5690414704542002,,,
Economic,Norwegian_Board_of_Directors_net2mode_2005-02-01,549,582,100,adamic_adar_entropy,0.8045489632481025,0.4956896551724138,6.517379486469582,8.100662339005199
Economic,Norwegian_Board_of_Directors_net2mode_2005-02-01,549,582,100,seal_entropy,0.6190780078783684,0.8673082639714627,5.014941903326663,8.100662339005199
Economic,Norwegian_Board_of_Directors_net2mode_2005-02-01,549,582,20,spectral_entropy,0.873900293255132,,,
Economic,Norwegian_Board_of_Directors_net2mode_2005-02-01,549,582,40,spectral_entropy,0.7747424988804299,,,
Economic,Norwegian_Board_of_Directors_net2mode_2005-02-01,549,582,60,spectral_entropy,0.6723826714801444,,,
Economic,Norwegian_Board_of_Directors_net2mode_2005-02-01,549,582,80,spectral_entropy,0.6369143780290791,,,
Economic,Norwegian_Board_of_Directors_net2mode_2005-02-01,549,582,100,spectral_entropy,0.5770950926868388,,,
Economic,Norwegian_Board_of_Directors_net2mode_2005-03-01,549,579,100,adamic_adar_entropy,0.7851820846214607,0.4956521739130435,6.360494942154659,8.100662339005199
Economic,Norwegian_Board_of_Directors_net2mode_2005-03-01,549,579,100,seal_entropy,0.6181086122440775,0.8648393194706994,5.007089156620367,8.100662339005199
Economic,Norwegian_Board_of_Directors_net2mode_2005-03-01,549,579,20,spectral_entropy,0.8687978034908806,,,
Economic,Norwegian_Board_of_Directors_net2mode_2005-03-01,549,579,40,spectral_entropy,0.7644333570919458,,,
Economic,Norwegian_Board_of_Directors_net2mode_2005-03-01,549,579,60,spectral_entropy,0.6497784846075202,,,
Economic,Norwegian_Board_of_Directors_net2mode_2005-03-01,549,579,80,spectral_entropy,0.619824547019759,,,
Economic,Norwegian_Board_of_Directors_net2mode_2005-03-01,549,579,100,spectral_entropy,0.5719453626894531,,,
Economic,Norwegian_Board_of_Directors_net2mode_2005-04-01,548,578,100,adamic_adar_entropy,0.8007544819850486,0.4913043478260869,6.484535485689361,8.098032082960527
Economic,Norwegian_Board_of_Directors_net2mode_2005-04-01,548,578,100,seal_entropy,0.6131210797973015,0.8068431001890359,4.965074174937949,8.098032082960527
Economic,Norwegian_Board_of_Directors_net2mode_2005-04-01,548,578,20,spectral_entropy,0.8601116028477968,,,
Economic,Norwegian_Board_of_Directors_net2mode_2005-04-01,548,578,40,spectral_entropy,0.7763334827431645,,,
Economic,Norwegian_Board_of_Directors_net2mode_2005-04-01,548,578,60,spectral_entropy,0.6601058931860038,,,
Economic,Norwegian_Board_of_Directors_net2mode_2005-04-01,548,578,80,spectral_entropy,0.6169852407452213,,,
Economic,Norwegian_Board_of_Directors_net2mode_2005-04-01,548,578,100,spectral_entropy,0.5723404914629234,,,
Economic,Norwegian_Board_of_Directors_net2mode_2005-05-01,568,594,100,adamic_adar_entropy,0.7984933391685128,0.4915254237288136,6.507518790832262,8.149747119504681
Economic,Norwegian_Board_of_Directors_net2mode_2005-05-01,568,594,100,seal_entropy,0.6007187582909373,0.8525926457914392,4.895705970013996,8.149747119504681
Economic,Norwegian_Board_of_Directors_net2mode_2005-05-01,568,594,20,spectral_entropy,0.8684259779150291,,,
Economic,Norwegian_Board_of_Directors_net2mode_2005-05-01,568,594,40,spectral_entropy,0.7755875010760093,,,
Economic,Norwegian_Board_of_Directors_net2mode_2005-05-01,568,594,60,spectral_entropy,0.6651578714948112,,,
Economic,Norwegian_Board_of_Directors_net2mode_2005-05-01,568,594,80,spectral_entropy,0.6167890454455249,,,
Economic,Norwegian_Board_of_Directors_net2mode_2005-05-01,568,594,100,spectral_entropy,0.5708631907174767,,,
Economic,Norwegian_Board_of_Directors_net2mode_2005-06-01,576,596,100,adamic_adar_entropy,0.8032880162482035,0.5,6.562802847305195,8.169925001442312
Economic,Norwegian_Board_of_Directors_net2mode_2005-06-01,576,596,100,seal_entropy,0.6087155495503602,0.833662876915472,4.973160387038185,8.169925001442312
Economic,Norwegian_Board_of_Directors_net2mode_2005-06-01,576,596,20,spectral_entropy,0.9543719323759317,,,
Economic,Norwegian_Board_of_Directors_net2mode_2005-06-01,576,596,40,spectral_entropy,0.7951403435274403,,,
Economic,Norwegian_Board_of_Directors_net2mode_2005-06-01,576,596,60,spectral_entropy,0.7030401737242128,,,
Economic,Norwegian_Board_of_Directors_net2mode_2005-06-01,576,596,80,spectral_entropy,0.6562328390993959,,,
Economic,Norwegian_Board_of_Directors_net2mode_2005-06-01,576,596,100,spectral_entropy,0.6078160643534638,,,
Economic,Norwegian_Board_of_Directors_net2mode_2005-07-01,564,592,100,adamic_adar_entropy,0.781263068657057,0.4957627118644068,6.35913086706678,8.139551352398794
Economic,Norwegian_Board_of_Directors_net2mode_2005-07-01,564,592,100,seal_entropy,0.6008131139731465,0.8515512783682849,4.890349194379056,8.139551352398794
Economic,Norwegian_Board_of_Directors_net2mode_2005-07-01,564,592,20,spectral_entropy,0.924822149586618,,,
Economic,Norwegian_Board_of_Directors_net2mode_2005-07-01,564,592,40,spectral_entropy,0.823219893066282,,,
Economic,Norwegian_Board_of_Directors_net2mode_2005-07-01,564,592,60,spectral_entropy,0.7054057054057055,,,
Economic,Norwegian_Board_of_Directors_net2mode_2005-07-01,564,592,80,spectral_entropy,0.6463026300271258,,,
Economic,Norwegian_Board_of_Directors_net2mode_2005-07-01,564,592,100,spectral_entropy,0.5910928730915455,,,
Economic,Norwegian_Board_of_Directors_net2mode_2005-09-01,479,512,100,adamic_adar_entropy,0.7837207551571225,0.4901960784313725,6.19443624881303,7.90388184573618
Economic,Norwegian_Board_of_Directors_net2mode_2005-09-01,479,512,100,seal_entropy,0.6581205444588594,0.8291522491349481,5.201707023654389,7.90388184573618
Economic,Norwegian_Board_of_Directors_net2mode_2005-09-01,479,512,20,spectral_entropy,0.9941782355575458,,,
Economic,Norwegian_Board_of_Directors_net2mode_2005-09-01,479,512,40,spectral_entropy,0.8661337650510978,,,
Economic,Norwegian_Board_of_Directors_net2mode_2005-09-01,479,512,60,spectral_entropy,0.7091275779064472,,,
Economic,Norwegian_Board_of_Directors_net2mode_2005-09-01,479,512,80,spectral_entropy,0.6640733537093637,,,
Economic,Norwegian_Board_of_Directors_net2mode_2005-09-01,479,512,100,spectral_entropy,0.6288104352757692,,,
Economic,Norwegian_Board_of_Directors_net2mode_2005-10-01,492,531,100,adamic_adar_entropy,0.7760779867108372,0.4952830188679245,6.164010666725298,7.94251450533924
Economic,Norwegian_Board_of_Directors_net2mode_2005-10-01,492,531,100,seal_entropy,0.6120988437914308,0.8713955144179424,4.861603945514816,7.94251450533924
Economic,Norwegian_Board_of_Directors_net2mode_2005-10-01,492,531,20,spectral_entropy,0.985342019543974,,,
Economic,Norwegian_Board_of_Directors_net2mode_2005-10-01,492,531,40,spectral_entropy,0.8950019372336303,,,
Economic,Norwegian_Board_of_Directors_net2mode_2005-10-01,492,531,60,spectral_entropy,0.732295142751205,,,
Economic,Norwegian_Board_of_Directors_net2mode_2005-10-01,492,531,80,spectral_entropy,0.6892213685582065,,,
Economic,Norwegian_Board_of_Directors_net2mode_2005-10-01,492,531,100,spectral_entropy,0.648663505806363,,,
Economic,Norwegian_Board_of_Directors_net2mode_2005-11-01,491,530,100,adamic_adar_entropy,0.795690893499823,0.4858490566037736,6.31745087905068,7.939579214314692
Economic,Norwegian_Board_of_Directors_net2mode_2005-11-01,491,530,100,seal_entropy,0.5973147734360339,0.8335261658953363,4.742427959575824,7.939579214314692
Economic,Norwegian_Board_of_Directors_net2mode_2005-11-01,491,530,20,spectral_entropy,1.004932182490752,,,
Economic,Norwegian_Board_of_Directors_net2mode_2005-11-01,491,530,40,spectral_entropy,0.9024507448342144,,,
Economic,Norwegian_Board_of_Directors_net2mode_2005-11-01,491,530,60,spectral_entropy,0.738423796381478,,,
Economic,Norwegian_Board_of_Directors_net2mode_2005-11-01,491,530,80,spectral_entropy,0.7144805017725662,,,
Economic,Norwegian_Board_of_Directors_net2mode_2005-11-01,491,530,100,spectral_entropy,0.6444991789819376,,,
Economic,Norwegian_Board_of_Directors_net2mode_2005-12-01,496,536,100,adamic_adar_entropy,0.8137503108357363,0.4906542056074766,6.472729720025787,7.954196310386875
Economic,Norwegian_Board_of_Directors_net2mode_2005-12-01,496,536,100,seal_entropy,0.6145805041308059,0.8381081317145602,4.888493978392962,7.954196310386875
Economic,Norwegian_Board_of_Directors_net2mode_2005-12-01,496,536,20,spectral_entropy,1.017391304347826,,,
Economic,Norwegian_Board_of_Directors_net2mode_2005-12-01,496,536,40,spectral_entropy,0.9070581372739648,,,
Economic,Norwegian_Board_of_Directors_net2mode_2005-12-01,496,536,60,spectral_entropy,0.7610741623792195,,,
Economic,Norwegian_Board_of_Directors_net2mode_2005-12-01,496,536,80,spectral_entropy,0.7305507090770813,,,
Economic,Norwegian_Board_of_Directors_net2mode_2005-12-01,496,536,100,spectral_entropy,0.6290236051502146,,,
Economic,Norwegian_Board_of_Directors_net2mode_2006-01-01,580,623,100,adamic_adar_entropy,0.8025718976699526,0.4959677419354839,6.564965161140981,8.179909090014934
Economic,Norwegian_Board_of_Directors_net2mode_2006-01-01,580,623,100,seal_entropy,0.5537969868966925,0.8640088449531738,4.530009007139137,8.179909090014934
Economic,Norwegian_Board_of_Directors_net2mode_2006-01-01,580,623,20,spectral_entropy,0.9886547811993518,,,
Economic,Norwegian_Board_of_Directors_net2mode_2006-01-01,580,623,40,spectral_entropy,0.8905365542533684,,,
Economic,Norwegian_Board_of_Directors_net2mode_2006-01-01,580,623,60,spectral_entropy,0.7656540607563547,,,
Economic,Norwegian_Board_of_Directors_net2mode_2006-01-01,580,623,80,spectral_entropy,0.706908506988796,,,
Economic,Norwegian_Board_of_Directors_net2mode_2006-01-01,580,623,100,spectral_entropy,0.616358958409907,,,
Economic,Norwegian_Board_of_Directors_net2mode_2006-02-01,603,649,100,adamic_adar_entropy,0.7884575422090584,0.4961240310077519,6.493747507344465,8.236014191900084
Economic,Norwegian_Board_of_Directors_net2mode_2006-02-01,603,649,100,seal_entropy,0.606136776255779,0.8364280992728803,4.9921510914751615,8.236014191900084
Economic,Norwegian_Board_of_Directors_net2mode_2006-02-01,603,649,20,spectral_entropy,0.931783210805266,,,
Economic,Norwegian_Board_of_Directors_net2mode_2006-02-01,603,649,40,spectral_entropy,0.8267330466923135,,,
Economic,Norwegian_Board_of_Directors_net2mode_2006-02-01,603,649,60,spectral_entropy,0.7241948001552193,,,
Economic,Norwegian_Board_of_Directors_net2mode_2006-02-01,603,649,80,spectral_entropy,0.6921912939437661,,,
Economic,Norwegian_Board_of_Directors_net2mode_2006-02-01,603,649,100,spectral_entropy,0.6210912227733448,,,
Economic,Norwegian_Board_of_Directors_net2mode_2006-03-01,604,649,100,adamic_adar_entropy,0.8089296840676151,0.4922480620155038,6.664290143003379,8.238404739325079
Economic,Norwegian_Board_of_Directors_net2mode_2006-03-01,604,649,100,seal_entropy,0.5823741767033755,0.8547262784688421,4.7978341774136295,8.238404739325079
Economic,Norwegian_Board_of_Directors_net2mode_2006-03-01,604,649,20,spectral_entropy,0.9374610430085186,,,
Economic,Norwegian_Board_of_Directors_net2mode_2006-03-01,604,649,40,spectral_entropy,0.8293875057278142,,,
Economic,Norwegian_Board_of_Directors_net2mode_2006-03-01,604,649,60,spectral_entropy,0.7306807615132384,,,
Economic,Norwegian_Board_of_Directors_net2mode_2006-03-01,604,649,80,spectral_entropy,0.6967832659518369,,,
Economic,Norwegian_Board_of_Directors_net2mode_2006-03-01,604,649,100,spectral_entropy,0.6163736055965211,,,
Economic,Norwegian_Board_of_Directors_net2mode_2006-04-01,596,642,100,adamic_adar_entropy,0.8027064862283315,0.49609375,6.597579882778696,8.219168520462162
Economic,Norwegian_Board_of_Directors_net2mode_2006-04-01,596,642,100,seal_entropy,0.5868927549134866,0.829071044921875,4.823770456072244,8.219168520462162
Economic,Norwegian_Board_of_Directors_net2mode_2006-04-01,596,642,20,spectral_entropy,0.936706425548288,,,
Economic,Norwegian_Board_of_Directors_net2mode_2006-04-01,596,642,40,spectral_entropy,0.8677131813520549,,,
Economic,Norwegian_Board_of_Directors_net2mode_2006-04-01,596,642,60,spectral_entropy,0.7142857142857143,,,
Economic,Norwegian_Board_of_Directors_net2mode_2006-04-01,596,642,80,spectral_entropy,0.6802575870779521,,,
Economic,Norwegian_Board_of_Directors_net2mode_2006-04-01,596,642,100,spectral_entropy,0.5959274664926733,,,
Economic,Norwegian_Board_of_Directors_net2mode_2006-05-01,610,658,100,adamic_adar_entropy,0.8064649951267833,0.4961832061068702,6.655485787763962,8.252665432450248
Economic,Norwegian_Board_of_Directors_net2mode_2006-05-01,610,658,100,seal_entropy,0.6035923975050522,0.8368976166890041,4.981246114179714,8.252665432450248
Economic,Norwegian_Board_of_Directors_net2mode_2006-05-01,610,658,20,spectral_entropy,0.927766732935719,,,
Economic,Norwegian_Board_of_Directors_net2mode_2006-05-01,610,658,40,spectral_entropy,0.8513597033374536,,,
Economic,Norwegian_Board_of_Directors_net2mode_2006-05-01,610,658,60,spectral_entropy,0.706708574796189,,,
Economic,Norwegian_Board_of_Directors_net2mode_2006-05-01,610,658,80,spectral_entropy,0.6697411894273128,,,
Economic,Norwegian_Board_of_Directors_net2mode_2006-05-01,610,658,100,spectral_entropy,0.5963485609503308,,,
Economic,Norwegian_Board_of_Directors_net2mode_2006-06-01,643,690,100,adamic_adar_entropy,0.799326580554302,0.4963768115942029,6.657331250209397,8.328674927327947
Economic,Norwegian_Board_of_Directors_net2mode_2006-06-01,643,690,100,seal_entropy,0.5665283253403351,0.8252467968914093,4.7184302588831395,8.328674927327947
Economic,Norwegian_Board_of_Directors_net2mode_2006-06-01,643,690,20,spectral_entropy,0.9551262075412902,,,
Economic,Norwegian_Board_of_Directors_net2mode_2006-06-01,643,690,40,spectral_entropy,0.8511849690413494,,,
Economic,Norwegian_Board_of_Directors_net2mode_2006-06-01,643,690,60,spectral_entropy,0.712884834663626,,,
Economic,Norwegian_Board_of_Directors_net2mode_2006-06-01,643,690,80,spectral_entropy,0.6787954418574103,,,
Economic,Norwegian_Board_of_Directors_net2mode_2006-06-01,643,690,100,spectral_entropy,0.5913008618961716,,,
Economic,Norwegian_Board_of_Directors_net2mode_2006-07-01,671,719,100,adamic_adar_entropy,0.8114699758624174,0.4965034965034965,6.8083702003693665,8.390168956200183
Economic,Norwegian_Board_of_Directors_net2mode_2006-07-01,671,719,100,seal_entropy,0.5681211373689136,0.8146364125385104,4.766632330113798,8.390168956200183
Economic,Norwegian_Board_of_Directors_net2mode_2006-07-01,671,719,20,spectral_entropy,0.9348398080792448,,,
Economic,Norwegian_Board_of_Directors_net2mode_2006-07-01,671,719,40,spectral_entropy,0.8459640465280226,,,
Economic,Norwegian_Board_of_Directors_net2mode_2006-07-01,671,719,60,spectral_entropy,0.7085837294824647,,,
Economic,Norwegian_Board_of_Directors_net2mode_2006-07-01,671,719,80,spectral_entropy,0.6750317662007624,,,
Economic,Norwegian_Board_of_Directors_net2mode_2006-07-01,671,719,100,spectral_entropy,0.5848825184579495,,,
Economic,Norwegian_Board_of_Directors_net2mode_2006-08-01,693,745,100,adamic_adar_entropy,0.8135080333237485,0.4932885906040268,6.863332614363815,8.436711542137214
Economic,Norwegian_Board_of_Directors_net2mode_2006-08-01,693,745,100,seal_entropy,0.5890900126506117,0.7786360974730868,4.969982509087173,8.436711542137214
Economic,Norwegian_Board_of_Directors_net2mode_2006-08-01,693,745,20,spectral_entropy,0.8581713462922966,,,
Economic,Norwegian_Board_of_Directors_net2mode_2006-08-01,693,745,40,spectral_entropy,0.7991120976692564,,,
Economic,Norwegian_Board_of_Directors_net2mode_2006-08-01,693,745,60,spectral_entropy,0.6881067442158832,,,
Economic,Norwegian_Board_of_Directors_net2mode_2006-08-01,693,745,80,spectral_entropy,0.6365619676638474,,,
Economic,Norwegian_Board_of_Directors_net2mode_2006-08-01,693,745,100,spectral_entropy,0.5862045156390251,,,
Economic,Norwegian_Board_of_Directors_net2mode_2006-09-01,695,753,100,adamic_adar_entropy,0.806424528710184,0.5,6.8069239403949195,8.44086916761087
Economic,Norwegian_Board_of_Directors_net2mode_2006-09-01,695,753,100,seal_entropy,0.5676073665520509,0.8104888888888888,4.791099519638008,8.44086916761087
Economic,Norwegian_Board_of_Directors_net2mode_2006-09-01,695,753,20,spectral_entropy,0.9079099307159354,,,
Economic,Norwegian_Board_of_Directors_net2mode_2006-09-01,695,753,40,spectral_entropy,0.8147664162038549,,,
Economic,Norwegian_Board_of_Directors_net2mode_2006-09-01,695,753,60,spectral_entropy,0.7055018935364453,,,
Economic,Norwegian_Board_of_Directors_net2mode_2006-09-01,695,753,80,spectral_entropy,0.6696887277122998,,,
Economic,Norwegian_Board_of_Directors_net2mode_2006-09-01,695,753,100,spectral_entropy,0.5913039533670531,,,
Economic,Norwegian_Board_of_Directors_net2mode_2006-10-01,730,790,100,adamic_adar_entropy,0.8132706758713393,0.4968354430379746,6.922358833579063,8.51175265376738
Economic,Norwegian_Board_of_Directors_net2mode_2006-10-01,730,790,100,seal_entropy,0.5749695290443517,0.840249959942317,4.893998414678641,8.51175265376738
Economic,Norwegian_Board_of_Directors_net2mode_2006-10-01,730,790,20,spectral_entropy,0.9085802555820812,,,
Economic,Norwegian_Board_of_Directors_net2mode_2006-10-01,730,790,40,spectral_entropy,0.8057890412690387,,,
Economic,Norwegian_Board_of_Directors_net2mode_2006-10-01,730,790,60,spectral_entropy,0.6971703792895846,,,
Economic,Norwegian_Board_of_Directors_net2mode_2006-10-01,730,790,80,spectral_entropy,0.6483598125500057,,,
Economic,Norwegian_Board_of_Directors_net2mode_2006-10-01,730,790,100,spectral_entropy,0.5826241666845298,,,
Economic,Norwegian_Board_of_Directors_net2mode_2006-11-01,749,811,100,adamic_adar_entropy,0.8130758260447987,0.5,6.950840434929971,8.54882190845875
Economic,Norwegian_Board_of_Directors_net2mode_2006-11-01,749,811,100,seal_entropy,0.5644662657993766,0.7840268251790885,4.825521579651611,8.54882190845875
Economic,Norwegian_Board_of_Directors_net2mode_2006-11-01,749,811,20,spectral_entropy,0.8906059373729157,,,
Economic,Norwegian_Board_of_Directors_net2mode_2006-11-01,749,811,40,spectral_entropy,0.8432575484181403,,,
Economic,Norwegian_Board_of_Directors_net2mode_2006-11-01,749,811,60,spectral_entropy,0.695,,,
Economic,Norwegian_Board_of_Directors_net2mode_2006-11-01,749,811,80,spectral_entropy,0.6678446205240054,,,
Economic,Norwegian_Board_of_Directors_net2mode_2006-11-01,749,811,100,spectral_entropy,0.5832436459971851,,,
Economic,Norwegian_Board_of_Directors_net2mode_2006-12-01,776,840,100,adamic_adar_entropy,0.8114697079027524,0.494047619047619,6.978568762038718,8.599912842187127
Economic,Norwegian_Board_of_Directors_net2mode_2006-12-01,776,840,100,seal_entropy,0.5598717936980437,0.7985579648526078,4.814848628602148,8.599912842187127
Economic,Norwegian_Board_of_Directors_net2mode_2006-12-01,776,840,20,spectral_entropy,0.9020651209932852,,,
Economic,Norwegian_Board_of_Directors_net2mode_2006-12-01,776,840,40,spectral_entropy,0.8301865201968189,,,
Economic,Norwegian_Board_of_Directors_net2mode_2006-12-01,776,840,60,spectral_entropy,0.6959057850629454,,,
Economic,Norwegian_Board_of_Directors_net2mode_2006-12-01,776,840,80,spectral_entropy,0.6724055220937051,,,
Economic,Norwegian_Board_of_Directors_net2mode_2006-12-01,776,840,100,spectral_entropy,0.5979760809567618,,,
Economic,Norwegian_Board_of_Directors_net2mode_2007-01-01,795,859,100,adamic_adar_entropy,0.8119879591853326,0.4941520467836257,7.011362602579893,8.634811050171718
Economic,Norwegian_Board_of_Directors_net2mode_2007-01-01,795,859,100,seal_entropy,0.5376584383606641,0.8408399165555214,4.642579024774732,8.634811050171718
Economic,Norwegian_Board_of_Directors_net2mode_2007-01-01,795,859,20,spectral_entropy,0.8692971639950678,,,
Economic,Norwegian_Board_of_Directors_net2mode_2007-01-01,795,859,40,spectral_entropy,0.7747666704149331,,,
Economic,Norwegian_Board_of_Directors_net2mode_2007-01-01,795,859,60,spectral_entropy,0.6762422077211914,,,
Economic,Norwegian_Board_of_Directors_net2mode_2007-01-01,795,859,80,spectral_entropy,0.6459807657412449,,,
Economic,Norwegian_Board_of_Directors_net2mode_2007-01-01,795,859,100,spectral_entropy,0.5734455081713568,,,
Economic,Norwegian_Board_of_Directors_net2mode_2007-02-01,803,867,100,adamic_adar_entropy,0.813442352356135,0.4971098265895953,7.035671291170517,8.649256177517314
Economic,Norwegian_Board_of_Directors_net2mode_2007-02-01,803,867,100,seal_entropy,0.5528370599292766,0.792224932339871,4.781629355753805,8.649256177517314
Economic,Norwegian_Board_of_Directors_net2mode_2007-02-01,803,867,20,spectral_entropy,0.8577599506325209,,,
Economic,Norwegian_Board_of_Directors_net2mode_2007-02-01,803,867,40,spectral_entropy,0.7832941965783294,,,
Economic,Norwegian_Board_of_Directors_net2mode_2007-02-01,803,867,60,spectral_entropy,0.6790101477657112,,,
Economic,Norwegian_Board_of_Directors_net2mode_2007-02-01,803,867,80,spectral_entropy,0.6425857465598686,,,
Economic,Norwegian_Board_of_Directors_net2mode_2007-02-01,803,867,100,spectral_entropy,0.5705079971445659,,,
Economic,Norwegian_Board_of_Directors_net2mode_2007-03-01,805,871,100,adamic_adar_entropy,0.8183160793996457,0.5,7.080762173959913,8.65284497300198
Economic,Norwegian_Board_of_Directors_net2mode_2007-03-01,805,871,100,seal_entropy,0.5642955339907954,0.78264962346413,4.882761774579721,8.65284497300198
Economic,Norwegian_Board_of_Directors_net2mode_2007-03-01,805,871,20,spectral_entropy,0.8940717838419142,,,
Economic,Norwegian_Board_of_Directors_net2mode_2007-03-01,805,871,40,spectral_entropy,0.7861322733797063,,,
Economic,Norwegian_Board_of_Directors_net2mode_2007-03-01,805,871,60,spectral_entropy,0.6928258312840799,,,
Economic,Norwegian_Board_of_Directors_net2mode_2007-03-01,805,871,80,spectral_entropy,0.6484171891726563,,,
Economic,Norwegian_Board_of_Directors_net2mode_2007-03-01,805,871,100,spectral_entropy,0.5656829258932341,,,
Economic,Norwegian_Board_of_Directors_net2mode_2007-04-01,829,894,100,adamic_adar_entropy,0.8166209943025676,0.5,7.100705973089076,8.69522829149575
Economic,Norwegian_Board_of_Directors_net2mode_2007-04-01,829,894,100,seal_entropy,0.546639869600683,0.793129024113117,4.753158459411407,8.69522829149575
Economic,Norwegian_Board_of_Directors_net2mode_2007-04-01,829,894,20,spectral_entropy,0.9077179060540126,,,
Economic,Norwegian_Board_of_Directors_net2mode_2007-04-01,829,894,40,spectral_entropy,0.7978413840537538,,,
Economic,Norwegian_Board_of_Directors_net2mode_2007-04-01,829,894,60,spectral_entropy,0.6958939851689095,,,
Economic,Norwegian_Board_of_Directors_net2mode_2007-04-01,829,894,80,spectral_entropy,0.6648851406016327,,,
Economic,Norwegian_Board_of_Directors_net2mode_2007-04-01,829,894,100,spectral_entropy,0.5817195108352228,,,
Economic,Norwegian_Board_of_Directors_net2mode_2007-05-01,842,906,100,adamic_adar_entropy,0.8159405339673638,0.5,7.113105555591492,8.717676423066395
Economic,Norwegian_Board_of_Directors_net2mode_2007-05-01,842,906,100,seal_entropy,0.5361924919205626,0.8190836665547452,4.6743526450411075,8.717676423066395
Economic,Norwegian_Board_of_Directors_net2mode_2007-05-01,842,906,20,spectral_entropy,0.8821462043111528,,,
Economic,Norwegian_Board_of_Directors_net2mode_2007-05-01,842,906,40,spectral_entropy,0.8153514989237151,,,
Economic,Norwegian_Board_of_Directors_net2mode_2007-05-01,842,906,60,spectral_entropy,0.728898523235334,,,
Economic,Norwegian_Board_of_Directors_net2mode_2007-05-01,842,906,80,spectral_entropy,0.6701905824159837,,,
Economic,Norwegian_Board_of_Directors_net2mode_2007-05-01,842,906,100,spectral_entropy,0.5889251291823946,,,
Economic,Norwegian_Board_of_Directors_net2mode_2007-06-01,876,942,100,adamic_adar_entropy,0.8130421909790163,0.4973404255319149,7.134272096312459,8.774787059601174
Economic,Norwegian_Board_of_Directors_net2mode_2007-06-01,876,942,100,seal_entropy,0.5309747219305194,0.8126273200543231,4.659190118971253,8.774787059601174
Economic,Norwegian_Board_of_Directors_net2mode_2007-06-01,876,942,20,spectral_entropy,0.8896139206090267,,,
Economic,Norwegian_Board_of_Directors_net2mode_2007-06-01,876,942,40,spectral_entropy,0.8247784065301217,,,
Economic,Norwegian_Board_of_Directors_net2mode_2007-06-01,876,942,60,spectral_entropy,0.6990891242074093,,,
Economic,Norwegian_Board_of_Directors_net2mode_2007-06-01,876,942,80,spectral_entropy,0.6683690202876821,,,
Economic,Norwegian_Board_of_Directors_net2mode_2007-06-01,876,942,100,spectral_entropy,0.592593880994208,,,
Economic,Norwegian_Board_of_Directors_net2mode_2007-07-01,1024,1104,100,adamic_adar_entropy,0.8232448656537869,0.5,7.4092037908840815,9.0
Economic,Norwegian_Board_of_Directors_net2mode_2007-07-01,1024,1104,100,seal_entropy,0.521295680884551,0.7416735537190083,4.691661127960959,9.0
Economic,Norwegian_Board_of_Directors_net2mode_2007-07-01,1024,1104,20,spectral_entropy,0.9528049866429208,,,
Economic,Norwegian_Board_of_Directors_net2mode_2007-07-01,1024,1104,40,spectral_entropy,0.8796581617979374,,,
Economic,Norwegian_Board_of_Directors_net2mode_2007-07-01,1024,1104,60,spectral_entropy,0.7386078457271166,,,
Economic,Norwegian_Board_of_Directors_net2mode_2007-07-01,1024,1104,80,spectral_entropy,0.7030557589302917,,,
Economic,Norwegian_Board_of_Directors_net2mode_2007-07-01,1024,1104,100,spectral_entropy,0.6171354015656713,,,
Economic,Norwegian_Board_of_Directors_net2mode_2007-08-01,975,1055,100,adamic_adar_entropy,0.8183691859575571,0.5,7.307429935080911,8.929258408636972
Economic,Norwegian_Board_of_Directors_net2mode_2007-08-01,975,1055,100,seal_entropy,0.5130424937937458,0.8378405696188316,4.5810890016958865,8.929258408636972
Economic,Norwegian_Board_of_Directors_net2mode_2007-08-01,975,1055,20,spectral_entropy,0.969401819351282,,,
Economic,Norwegian_Board_of_Directors_net2mode_2007-08-01,975,1055,40,spectral_entropy,0.8700364140801109,,,
Economic,Norwegian_Board_of_Directors_net2mode_2007-08-01,975,1055,60,spectral_entropy,0.7521219081766997,,,
Economic,Norwegian_Board_of_Directors_net2mode_2007-08-01,975,1055,80,spectral_entropy,0.7110921432345648,,,
Economic,Norwegian_Board_of_Directors_net2mode_2007-08-01,975,1055,100,spectral_entropy,0.6191894026857871,,,
Economic,Norwegian_Board_of_Directors_net2mode_2007-09-01,1001,1086,100,adamic_adar_entropy,0.815687741204964,0.4953917050691244,7.314456531943771,8.967226258835993
Economic,Norwegian_Board_of_Directors_net2mode_2007-09-01,1001,1086,100,seal_entropy,0.514472170053192,0.8048270296672259,4.613388352741319,8.967226258835993
Economic,Norwegian_Board_of_Directors_net2mode_2007-09-01,1001,1086,20,spectral_entropy,0.958641706573792,,,
Economic,Norwegian_Board_of_Directors_net2mode_2007-09-01,1001,1086,40,spectral_entropy,0.8968515235924707,,,
Economic,Norwegian_Board_of_Directors_net2mode_2007-09-01,1001,1086,60,spectral_entropy,0.7720368051396527,,,
Economic,Norwegian_Board_of_Directors_net2mode_2007-09-01,1001,1086,80,spectral_entropy,0.6978464893492737,,,
Economic,Norwegian_Board_of_Directors_net2mode_2007-09-01,1001,1086,100,spectral_entropy,0.620415377817057,,,
Economic,Norwegian_Board_of_Directors_net2mode_2007-10-01,1033,1117,100,adamic_adar_entropy,0.824113782049882,0.4977578475336323,7.427428094919658,9.01262453886506
Economic,Norwegian_Board_of_Directors_net2mode_2007-10-01,1033,1117,100,seal_entropy,0.5012116992720127,0.8321603088740975,4.517232860025197,9.01262453886506
Economic,Norwegian_Board_of_Directors_net2mode_2007-10-01,1033,1117,20,spectral_entropy,0.9482009386407092,,,
Economic,Norwegian_Board_of_Directors_net2mode_2007-10-01,1033,1117,40,spectral_entropy,0.8781616661930088,,,
Economic,Norwegian_Board_of_Directors_net2mode_2007-10-01,1033,1117,60,spectral_entropy,0.7512009713350578,,,
Economic,Norwegian_Board_of_Directors_net2mode_2007-10-01,1033,1117,80,spectral_entropy,0.6983303676220043,,,
Economic,Norwegian_Board_of_Directors_net2mode_2007-10-01,1033,1117,100,spectral_entropy,0.6176247622044541,,,
Economic,Norwegian_Board_of_Directors_net2mode_2007-11-01,1014,1098,100,adamic_adar_entropy,0.8187250852259679,0.5,7.356934205700137,8.985841937003341
Economic,Norwegian_Board_of_Directors_net2mode_2007-11-01,1014,1098,100,seal_entropy,0.5090696090539534,0.8091782906945226,4.57441904189091,8.985841937003341
Economic,Norwegian_Board_of_Directors_net2mode_2007-11-01,1014,1098,20,spectral_entropy,0.9059139784946236,,,
Economic,Norwegian_Board_of_Directors_net2mode_2007-11-01,1014,1098,40,spectral_entropy,0.9148854799643054,,,
Economic,Norwegian_Board_of_Directors_net2mode_2007-11-01,1014,1098,60,spectral_entropy,0.7657826927206356,,,
Economic,Norwegian_Board_of_Directors_net2mode_2007-11-01,1014,1098,80,spectral_entropy,0.7079299892441576,,,
Economic,Norwegian_Board_of_Directors_net2mode_2007-11-01,1014,1098,100,spectral_entropy,0.6213835014974848,,,
Economic,Norwegian_Board_of_Directors_net2mode_2007-12-01,1028,1122,100,adamic_adar_entropy,0.816490262772146,0.4933035714285714,7.353004754598599,9.005624549193879
Economic,Norwegian_Board_of_Directors_net2mode_2007-12-01,1028,1122,100,seal_entropy,0.4993551982966545,0.8699876434948981,4.49700543254793,9.005624549193879
Economic,Norwegian_Board_of_Directors_net2mode_2007-12-01,1028,1122,20,spectral_entropy,0.9123526396719632,,,
Economic,Norwegian_Board_of_Directors_net2mode_2007-12-01,1028,1122,40,spectral_entropy,0.9164652382317996,,,
Economic,Norwegian_Board_of_Directors_net2mode_2007-12-01,1028,1122,60,spectral_entropy,0.7789468201468827,,,
Economic,Norwegian_Board_of_Directors_net2mode_2007-12-01,1028,1122,80,spectral_entropy,0.7122331691297209,,,
Economic,Norwegian_Board_of_Directors_net2mode_2007-12-01,1028,1122,100,spectral_entropy,0.6359056104295352,,,
Economic,Norwegian_Board_of_Directors_net2mode_2008-01-01,1066,1164,100,adamic_adar_entropy,0.824798966638666,0.5,7.471022212753359,9.057991722759176
Economic,Norwegian_Board_of_Directors_net2mode_2008-01-01,1066,1164,100,seal_entropy,0.5061299200378946,0.8032754904875149,4.5845206263440135,9.057991722759176
Economic,Norwegian_Board_of_Directors_net2mode_2008-01-01,1066,1164,20,spectral_entropy,0.9838846480067854,,,
Economic,Norwegian_Board_of_Directors_net2mode_2008-01-01,1066,1164,40,spectral_entropy,0.8942619157797317,,,
Economic,Norwegian_Board_of_Directors_net2mode_2008-01-01,1066,1164,60,spectral_entropy,0.7870197687430064,,,
Economic,Norwegian_Board_of_Directors_net2mode_2008-01-01,1066,1164,80,spectral_entropy,0.7153190805336763,,,
Economic,Norwegian_Board_of_Directors_net2mode_2008-01-01,1066,1164,100,spectral_entropy,0.6354899837574445,,,
Economic,Norwegian_Board_of_Directors_net2mode_2008-02-01,1100,1198,100,adamic_adar_entropy,0.8221583757282136,0.497907949790795,7.484344318350477,9.103287808412022
Economic,Norwegian_Board_of_Directors_net2mode_2008-02-01,1100,1198,100,seal_entropy,0.5076619425518195,0.8302725792615676,4.621392772426742,9.103287808412022
Economic,Norwegian_Board_of_Directors_net2mode_2008-02-01,1100,1198,20,spectral_entropy,0.993351274339085,,,
Economic,Norwegian_Board_of_Directors_net2mode_2008-02-01,1100,1198,40,spectral_entropy,0.9180437945312792,,,
Economic,Norwegian_Board_of_Directors_net2mode_2008-02-01,1100,1198,60,spectral_entropy,0.7964371165280837,,,
Economic,Norwegian_Board_of_Directors_net2mode_2008-02-01,1100,1198,80,spectral_entropy,0.7173067162916597,,,
Economic,Norwegian_Board_of_Directors_net2mode_2008-02-01,1100,1198,100,spectral_entropy,0.6546045675618525,,,
Economic,Norwegian_Board_of_Directors_net2mode_2008-03-01,1052,1146,100,adamic_adar_entropy,0.8176112381670789,0.4978165938864629,7.390321746527201,9.038918989292302
Economic,Norwegian_Board_of_Directors_net2mode_2008-03-01,1052,1146,100,seal_entropy,0.5402643744240758,0.7751663774527564,4.883405913219906,9.038918989292302
Economic,Norwegian_Board_of_Directors_net2mode_2008-03-01,1052,1146,20,spectral_entropy,0.965642250968114,,,
Economic,Norwegian_Board_of_Directors_net2mode_2008-03-01,1052,1146,40,spectral_entropy,0.9187224499265332,,,
Economic,Norwegian_Board_of_Directors_net2mode_2008-03-01,1052,1146,60,spectral_entropy,0.7720615294031059,,,
Economic,Norwegian_Board_of_Directors_net2mode_2008-03-01,1052,1146,80,spectral_entropy,0.7254561251086012,,,
Economic,Norwegian_Board_of_Directors_net2mode_2008-03-01,1052,1146,100,spectral_entropy,0.6528144544822794,,,
Economic,Norwegian_Board_of_Directors_net2mode_2008-04-01,1072,1159,100,adamic_adar_entropy,0.8305959535296817,0.4978354978354978,7.530256995933414,9.066089190457772
Economic,Norwegian_Board_of_Directors_net2mode_2008-04-01,1072,1159,100,seal_entropy,0.4942579534705783,0.8404827495736586,4.48098668925739,9.066089190457772
Economic,Norwegian_Board_of_Directors_net2mode_2008-04-01,1072,1159,20,spectral_entropy,0.936067350170876,,,
Economic,Norwegian_Board_of_Directors_net2mode_2008-04-01,1072,1159,40,spectral_entropy,0.9080660835762876,,,
Economic,Norwegian_Board_of_Directors_net2mode_2008-04-01,1072,1159,60,spectral_entropy,0.7702201335641851,,,
Economic,Norwegian_Board_of_Directors_net2mode_2008-04-01,1072,1159,80,spectral_entropy,0.7277046385957276,,,
Economic,Norwegian_Board_of_Directors_net2mode_2008-04-01,1072,1159,100,spectral_entropy,0.6450329854205812,,,
Economic,Norwegian_Board_of_Directors_net2mode_2008-05-01,1088,1177,100,adamic_adar_entropy,0.8174447753721499,0.4957446808510638,7.428499020968642,9.08746284125034
Economic,Norwegian_Board_of_Directors_net2mode_2008-05-01,1088,1177,100,seal_entropy,0.5036433950362936,0.8406066093254866,4.576840637633484,9.08746284125034
Economic,Norwegian_Board_of_Directors_net2mode_2008-05-01,1088,1177,20,spectral_entropy,0.97284318595794,,,
Economic,Norwegian_Board_of_Directors_net2mode_2008-05-01,1088,1177,40,spectral_entropy,0.9147334936767786,,,
Economic,Norwegian_Board_of_Directors_net2mode_2008-05-01,1088,1177,60,spectral_entropy,0.7695308690139472,,,
Economic,Norwegian_Board_of_Directors_net2mode_2008-05-01,1088,1177,80,spectral_entropy,0.7281588188919946,,,
Economic,Norwegian_Board_of_Directors_net2mode_2008-05-01,1088,1177,100,spectral_entropy,0.6413080197283967,,,
Economic,Norwegian_Board_of_Directors_net2mode_2008-06-01,1063,1148,100,adamic_adar_entropy,0.8137262687524196,0.5,7.367417325139268,9.053925881531104
Economic,Norwegian_Board_of_Directors_net2mode_2008-06-01,1063,1148,100,seal_entropy,0.5160544837152161,0.8570488739726551,4.672319046389368,9.053925881531104
Economic,Norwegian_Board_of_Directors_net2mode_2008-06-01,1063,1148,20,spectral_entropy,0.9921925829538062,,,
Economic,Norwegian_Board_of_Directors_net2mode_2008-06-01,1063,1148,40,spectral_entropy,0.9357245004444787,,,
Economic,Norwegian_Board_of_Directors_net2mode_2008-06-01,1063,1148,60,spectral_entropy,0.7856858252814025,,,
Economic,Norwegian_Board_of_Directors_net2mode_2008-06-01,1063,1148,80,spectral_entropy,0.7486223897911832,,,
Economic,Norwegian_Board_of_Directors_net2mode_2008-06-01,1063,1148,100,spectral_entropy,0.6656346749226005,,,
Economic,Norwegian_Board_of_Directors_net2mode_2008-07-01,1052,1132,100,adamic_adar_entropy,0.8155863260618159,0.5,7.372018730047291,9.038918989292302
Economic,Norwegian_Board_of_Directors_net2mode_2008-07-01,1052,1132,100,seal_entropy,0.5212251827371638,0.7976153183491268,4.7113122019403,9.038918989292302
Economic,Norwegian_Board_of_Directors_net2mode_2008-07-01,1052,1132,20,spectral_entropy,0.943089430894309,,,
Economic,Norwegian_Board_of_Directors_net2mode_2008-07-01,1052,1132,40,spectral_entropy,0.9509261765729532,,,
Economic,Norwegian_Board_of_Directors_net2mode_2008-07-01,1052,1132,60,spectral_entropy,0.7895332746257391,,,
Economic,Norwegian_Board_of_Directors_net2mode_2008-07-01,1052,1132,80,spectral_entropy,0.7425472281876752,,,
Economic,Norwegian_Board_of_Directors_net2mode_2008-07-01,1052,1132,100,spectral_entropy,0.670957452867802,,,
Economic,Norwegian_Board_of_Directors_net2mode_2008-08-01,1043,1120,100,adamic_adar_entropy,0.8272163392998031,0.5,7.466887678725057,9.026523442519766
Economic,Norwegian_Board_of_Directors_net2mode_2008-08-01,1043,1120,100,seal_entropy,0.51724045018107,0.81103515625,4.6688830489789055,9.026523442519766
Economic,Norwegian_Board_of_Directors_net2mode_2008-08-01,1043,1120,20,spectral_entropy,0.99477308553887,,,
Economic,Norwegian_Board_of_Directors_net2mode_2008-08-01,1043,1120,40,spectral_entropy,0.9355003336866484,,,
Economic,Norwegian_Board_of_Directors_net2mode_2008-08-01,1043,1120,60,spectral_entropy,0.7943273206991908,,,
Economic,Norwegian_Board_of_Directors_net2mode_2008-08-01,1043,1120,80,spectral_entropy,0.7529101119416861,,,
Economic,Norwegian_Board_of_Directors_net2mode_2008-08-01,1043,1120,100,spectral_entropy,0.670739633432991,,,
Economic,Norwegian_Board_of_Directors_net2mode_2008-09-01,1049,1126,100,adamic_adar_entropy,0.818352559747151,0.5,7.393650857826012,9.034798962577268
Economic,Norwegian_Board_of_Directors_net2mode_2008-09-01,1049,1126,100,seal_entropy,0.5007638571368913,0.8010074074074074,4.524300776956577,9.034798962577268
Economic,Norwegian_Board_of_Directors_net2mode_2008-09-01,1049,1126,20,spectral_entropy,0.97631426920855,,,
Economic,Norwegian_Board_of_Directors_net2mode_2008-09-01,1049,1126,40,spectral_entropy,0.9524743926847457,,,
Economic,Norwegian_Board_of_Directors_net2mode_2008-09-01,1049,1126,60,spectral_entropy,0.804919937364247,,,
Economic,Norwegian_Board_of_Directors_net2mode_2008-09-01,1049,1126,80,spectral_entropy,0.7422404631902965,,,
Economic,Norwegian_Board_of_Directors_net2mode_2008-09-01,1049,1126,100,spectral_entropy,0.6604294348275325,,,
Economic,Norwegian_Board_of_Directors_net2mode_2008-10-01,1066,1142,100,adamic_adar_entropy,0.816517154408047,0.5,7.396005626118966,9.057991722759176
Economic,Norwegian_Board_of_Directors_net2mode_2008-10-01,1066,1142,100,seal_entropy,0.5197308091869629,0.7705255463219451,4.7077173676784385,9.057991722759176
Economic,Norwegian_Board_of_Directors_net2mode_2008-10-01,1066,1142,20,spectral_entropy,0.9420930045779456,,,
Economic,Norwegian_Board_of_Directors_net2mode_2008-10-01,1066,1142,40,spectral_entropy,0.9298292936688376,,,
Economic,Norwegian_Board_of_Directors_net2mode_2008-10-01,1066,1142,60,spectral_entropy,0.8226631723449395,,,
Economic,Norwegian_Board_of_Directors_net2mode_2008-10-01,1066,1142,80,spectral_entropy,0.7632855487981465,,,
Economic,Norwegian_Board_of_Directors_net2mode_2008-10-01,1066,1142,100,spectral_entropy,0.6640689999445337,,,
Economic,Norwegian_Board_of_Directors_net2mode_2008-11-01,1056,1136,100,adamic_adar_entropy,0.8186988059054852,0.5,7.404634665657358,9.044394119358454
Economic,Norwegian_Board_of_Directors_net2mode_2008-11-01,1056,1136,100,seal_entropy,0.4956327829719523,0.8086514389955171,4.482698227672791,9.044394119358454
Economic,Norwegian_Board_of_Directors_net2mode_2008-11-01,1056,1136,20,spectral_entropy,0.9980318189273412,,,
Economic,Norwegian_Board_of_Directors_net2mode_2008-11-01,1056,1136,40,spectral_entropy,0.945951159291694,,,
Economic,Norwegian_Board_of_Directors_net2mode_2008-11-01,1056,1136,60,spectral_entropy,0.8264235076028958,,,
Economic,Norwegian_Board_of_Directors_net2mode_2008-11-01,1056,1136,80,spectral_entropy,0.7709154621112572,,,
Economic,Norwegian_Board_of_Directors_net2mode_2008-11-01,1056,1136,100,spectral_entropy,0.6704813856709031,,,
Economic,Norwegian_Board_of_Directors_net2mode_2008-12-01,1052,1131,100,adamic_adar_entropy,0.829422591050523,0.5,7.497083608394595,9.038918989292302
Economic,Norwegian_Board_of_Directors_net2mode_2008-12-01,1052,1131,100,seal_entropy,0.4978609274071657,0.8754209413423134,4.500124590767307,9.038918989292302
Economic,Norwegian_Board_of_Directors_net2mode_2008-12-01,1052,1131,20,spectral_entropy,1.009043711271144,,,
Economic,Norwegian_Board_of_Directors_net2mode_2008-12-01,1052,1131,40,spectral_entropy,0.9472572188747164,,,
Economic,Norwegian_Board_of_Directors_net2mode_2008-12-01,1052,1131,60,spectral_entropy,0.8179709132636516,,,
Economic,Norwegian_Board_of_Directors_net2mode_2008-12-01,1052,1131,80,spectral_entropy,0.7641493897418069,,,
Economic,Norwegian_Board_of_Directors_net2mode_2008-12-01,1052,1131,100,spectral_entropy,0.663141567963903,,,
Economic,Norwegian_Board_of_Directors_net2mode_2009-01-01,1030,1104,100,adamic_adar_entropy,0.8227723536727528,0.4954545454545455,7.411886020274005,9.00842862207058
Economic,Norwegian_Board_of_Directors_net2mode_2009-01-01,1030,1104,100,seal_entropy,0.5222461174146427,0.83301652892562,4.7046168718833,9.00842862207058
Economic,Norwegian_Board_of_Directors_net2mode_2009-01-01,1030,1104,20,spectral_entropy,0.9924580047994516,,,
Economic,Norwegian_Board_of_Directors_net2mode_2009-01-01,1030,1104,40,spectral_entropy,0.9182979064088708,,,
Economic,Norwegian_Board_of_Directors_net2mode_2009-01-01,1030,1104,60,spectral_entropy,0.8080413016270338,,,
Economic,Norwegian_Board_of_Directors_net2mode_2009-01-01,1030,1104,80,spectral_entropy,0.7544740081431682,,,
Economic,Norwegian_Board_of_Directors_net2mode_2009-01-01,1030,1104,100,spectral_entropy,0.6561954624781849,,,
Economic,Norwegian_Board_of_Directors_net2mode_2009-02-01,1039,1119,100,adamic_adar_entropy,0.8254704247727775,0.4955156950672645,7.446552142033965,9.020979938904212
Economic,Norwegian_Board_of_Directors_net2mode_2009-02-01,1039,1119,100,seal_entropy,0.496749867060742,0.9053168171489472,4.481170585408288,9.020979938904212
Economic,Norwegian_Board_of_Directors_net2mode_2009-02-01,1039,1119,20,spectral_entropy,0.9970080957409362,,,
Economic,Norwegian_Board_of_Directors_net2mode_2009-02-01,1039,1119,40,spectral_entropy,0.9171040506430546,,,
Economic,Norwegian_Board_of_Directors_net2mode_2009-02-01,1039,1119,60,spectral_entropy,0.814492602625547,,,
Economic,Norwegian_Board_of_Directors_net2mode_2009-02-01,1039,1119,80,spectral_entropy,0.7465436073016877,,,
Economic,Norwegian_Board_of_Directors_net2mode_2009-02-01,1039,1119,100,spectral_entropy,0.6551709297488058,,,
Economic,Norwegian_Board_of_Directors_net2mode_2009-03-01,1047,1129,100,adamic_adar_entropy,0.8240244636329295,0.4977777777777777,7.442626635642252,9.032045726930807
Economic,Norwegian_Board_of_Directors_net2mode_2009-03-01,1047,1129,100,seal_entropy,0.5026583240423094,0.8020345679012346,4.540032967772542,9.032045726930807
Economic,Norwegian_Board_of_Directors_net2mode_2009-03-01,1047,1129,20,spectral_entropy,0.9822565582816876,,,
Economic,Norwegian_Board_of_Directors_net2mode_2009-03-01,1047,1129,40,spectral_entropy,0.9088383537722744,,,
Economic,Norwegian_Board_of_Directors_net2mode_2009-03-01,1047,1129,60,spectral_entropy,0.8039110566490516,,,
Economic,Norwegian_Board_of_Directors_net2mode_2009-03-01,1047,1129,80,spectral_entropy,0.7402042575038047,,,
Economic,Norwegian_Board_of_Directors_net2mode_2009-03-01,1047,1129,100,spectral_entropy,0.6502327281931574,,,
Economic,Norwegian_Board_of_Directors_net2mode_2009-04-01,1018,1102,100,adamic_adar_entropy,0.8204089943375983,0.4954545454545455,7.376725395303507,8.991521846075695
Economic,Norwegian_Board_of_Directors_net2mode_2009-04-01,1018,1102,100,seal_entropy,0.509414213442668,0.8466632231404959,4.580409028871217,8.991521846075695
Economic,Norwegian_Board_of_Directors_net2mode_2009-04-01,1018,1102,20,spectral_entropy,0.9787457360272894,,,
Economic,Norwegian_Board_of_Directors_net2mode_2009-04-01,1018,1102,40,spectral_entropy,0.9370669275291432,,,
Economic,Norwegian_Board_of_Directors_net2mode_2009-04-01,1018,1102,60,spectral_entropy,0.8214766517963202,,,
Economic,Norwegian_Board_of_Directors_net2mode_2009-04-01,1018,1102,80,spectral_entropy,0.7482800867024786,,,
Economic,Norwegian_Board_of_Directors_net2mode_2009-04-01,1018,1102,100,spectral_entropy,0.6602588448391714,,,
Economic,Norwegian_Board_of_Directors_net2mode_2009-05-01,1017,1101,100,adamic_adar_entropy,0.8178864231625413,0.4977272727272727,7.352883974858796,8.9901039638575
Economic,Norwegian_Board_of_Directors_net2mode_2009-05-01,1017,1101,100,seal_entropy,0.4986512140561523,0.8408780991735538,4.48292625606857,8.9901039638575
Economic,Norwegian_Board_of_Directors_net2mode_2009-05-01,1017,1101,20,spectral_entropy,0.9752903169475248,,,
Economic,Norwegian_Board_of_Directors_net2mode_2009-05-01,1017,1101,40,spectral_entropy,0.9366006085025904,,,
Economic,Norwegian_Board_of_Directors_net2mode_2009-05-01,1017,1101,60,spectral_entropy,0.8161706610481959,,,
Economic,Norwegian_Board_of_Directors_net2mode_2009-05-01,1017,1101,80,spectral_entropy,0.7506808896958693,,,
Economic,Norwegian_Board_of_Directors_net2mode_2009-05-01,1017,1101,100,spectral_entropy,0.6574592108731948,,,
Economic,Norwegian_Board_of_Directors_net2mode_2009-06-01,1008,1089,100,adamic_adar_entropy,0.820546690048274,0.5,7.366277326864678,8.977279923499916
Economic,Norwegian_Board_of_Directors_net2mode_2009-06-01,1008,1089,100,seal_entropy,0.5069642301050211,0.8393255325022829,4.5511598048543975,8.977279923499916
Economic,Norwegian_Board_of_Directors_net2mode_2009-06-01,1008,1089,20,spectral_entropy,0.97841857091041,,,
Economic,Norwegian_Board_of_Directors_net2mode_2009-06-01,1008,1089,40,spectral_entropy,0.9312409663431758,,,
Economic,Norwegian_Board_of_Directors_net2mode_2009-06-01,1008,1089,60,spectral_entropy,0.8200559801916245,,,
Economic,Norwegian_Board_of_Directors_net2mode_2009-06-01,1008,1089,80,spectral_entropy,0.7584708617601098,,,
Economic,Norwegian_Board_of_Directors_net2mode_2009-06-01,1008,1089,100,spectral_entropy,0.661227615457116,,,
Economic,Norwegian_Board_of_Directors_net2mode_2009-07-01,1042,1125,100,adamic_adar_entropy,0.8285946316502001,0.5,7.478182191197808,9.025139562278508
Economic,Norwegian_Board_of_Directors_net2mode_2009-07-01,1042,1125,100,seal_entropy,0.5137556906796155,0.8128098765432099,4.636716809298317,9.025139562278508
Economic,Norwegian_Board_of_Directors_net2mode_2009-07-01,1042,1125,20,spectral_entropy,1.002828490614554,,,
Economic,Norwegian_Board_of_Directors_net2mode_2009-07-01,1042,1125,40,spectral_entropy,0.9409044595971472,,,
Economic,Norwegian_Board_of_Directors_net2mode_2009-07-01,1042,1125,60,spectral_entropy,0.8129731372002937,,,
Economic,Norwegian_Board_of_Directors_net2mode_2009-07-01,1042,1125,80,spectral_entropy,0.7758924432081595,,,
Economic,Norwegian_Board_of_Directors_net2mode_2009-07-01,1042,1125,100,spectral_entropy,0.6659283239620605,,,
Economic,Norwegian_Board_of_Directors_net2mode_2009-08-01,1025,1106,100,adamic_adar_entropy,0.8228284212646816,0.497737556561086,7.406614493751203,9.001408194392809
Economic,Norwegian_Board_of_Directors_net2mode_2009-08-01,1025,1106,100,seal_entropy,0.5157875429683121,0.7867672652075102,4.642814215840698,9.001408194392809
Economic,Norwegian_Board_of_Directors_net2mode_2009-08-01,1025,1106,20,spectral_entropy,0.989888238424694,,,
Economic,Norwegian_Board_of_Directors_net2mode_2009-08-01,1025,1106,40,spectral_entropy,0.9392986896354656,,,
Economic,Norwegian_Board_of_Directors_net2mode_2009-08-01,1025,1106,60,spectral_entropy,0.8209573091849935,,,
Economic,Norwegian_Board_of_Directors_net2mode_2009-08-01,1025,1106,80,spectral_entropy,0.7725645374034295,,,
Economic,Norwegian_Board_of_Directors_net2mode_2009-08-01,1025,1106,100,spectral_entropy,0.6622247972190035,,,
Economic,Norwegian_Board_of_Directors_net2mode_2009-09-01,1021,1102,100,adamic_adar_entropy,0.825703846980537,0.4954545454545455,7.427839543020946,8.995767150877802
Economic,Norwegian_Board_of_Directors_net2mode_2009-09-01,1021,1102,100,seal_entropy,0.5069113965485238,0.8502169421487604,4.560056889476802,8.995767150877802
Economic,Norwegian_Board_of_Directors_net2mode_2009-09-01,1021,1102,20,spectral_entropy,0.9514476614699332,,,
Economic,Norwegian_Board_of_Directors_net2mode_2009-09-01,1021,1102,40,spectral_entropy,0.9186179793679384,,,
Economic,Norwegian_Board_of_Directors_net2mode_2009-09-01,1021,1102,60,spectral_entropy,0.8125327739905611,,,
Economic,Norwegian_Board_of_Directors_net2mode_2009-09-01,1021,1102,80,spectral_entropy,0.7686180804460374,,,
Economic,Norwegian_Board_of_Directors_net2mode_2009-09-01,1021,1102,100,spectral_entropy,0.6644813519813519,,,
Economic,Norwegian_Board_of_Directors_net2mode_2009-10-01,1015,1090,100,adamic_adar_entropy,0.8199394239595118,0.4977064220183486,7.369012077030808,8.987264012072538
Economic,Norwegian_Board_of_Directors_net2mode_2009-10-01,1015,1090,100,seal_entropy,0.5191259466775268,0.8077182055382544,4.665521938308024,8.987264012072538
Economic,Norwegian_Board_of_Directors_net2mode_2009-10-01,1015,1090,20,spectral_entropy,0.9410150891632372,,,
Economic,Norwegian_Board_of_Directors_net2mode_2009-10-01,1015,1090,40,spectral_entropy,0.9047221061429168,,,
Economic,Norwegian_Board_of_Directors_net2mode_2009-10-01,1015,1090,60,spectral_entropy,0.776259335769903,,,
Economic,Norwegian_Board_of_Directors_net2mode_2009-10-01,1015,1090,80,spectral_entropy,0.7419274856478038,,,
Economic,Norwegian_Board_of_Directors_net2mode_2009-10-01,1015,1090,100,spectral_entropy,0.6434603804068444,,,
Economic,Norwegian_Board_of_Directors_net2mode_2009-11-01,983,1057,100,adamic_adar_entropy,0.8110696353634083,0.5,7.251812221841529,8.94104760634058
Economic,Norwegian_Board_of_Directors_net2mode_2009-11-01,983,1057,100,seal_entropy,0.5264608330329095,0.82911435053121,4.7071113710209636,8.94104760634058
Economic,Norwegian_Board_of_Directors_net2mode_2009-11-01,983,1057,20,spectral_entropy,0.9336840127747512,,,
Economic,Norwegian_Board_of_Directors_net2mode_2009-11-01,983,1057,40,spectral_entropy,0.9090523458047,,,
Economic,Norwegian_Board_of_Directors_net2mode_2009-11-01,983,1057,60,spectral_entropy,0.783522696086503,,,
Economic,Norwegian_Board_of_Directors_net2mode_2009-11-01,983,1057,80,spectral_entropy,0.7521097663178,,,
Economic,Norwegian_Board_of_Directors_net2mode_2009-11-01,983,1057,100,spectral_entropy,0.6571450510635031,,,
Economic,Norwegian_Board_of_Directors_net2mode_2009-12-01,977,1052,100,adamic_adar_entropy,0.8121817787267901,0.5,7.254582065223357,8.932214751968385
Economic,Norwegian_Board_of_Directors_net2mode_2009-12-01,977,1052,100,seal_entropy,0.540739848163178,0.7937868480725624,4.830004448740283,8.932214751968385
Economic,Norwegian_Board_of_Directors_net2mode_2009-12-01,977,1052,20,spectral_entropy,0.9360030657214026,,,
Economic,Norwegian_Board_of_Directors_net2mode_2009-12-01,977,1052,40,spectral_entropy,0.9113152472527472,,,
Economic,Norwegian_Board_of_Directors_net2mode_2009-12-01,977,1052,60,spectral_entropy,0.7680470445989394,,,
Economic,Norwegian_Board_of_Directors_net2mode_2009-12-01,977,1052,80,spectral_entropy,0.7444616177228233,,,
Economic,Norwegian_Board_of_Directors_net2mode_2009-12-01,977,1052,100,spectral_entropy,0.6551771722964167,,,
Economic,Norwegian_Board_of_Directors_net2mode_2010-01-01,964,1045,100,adamic_adar_entropy,0.8179749067381386,0.5,7.290519823570052,8.912889336229961
Economic,Norwegian_Board_of_Directors_net2mode_2010-01-01,964,1045,100,seal_entropy,0.4959190019075236,0.8367367963187656,4.420071183735373,8.912889336229961
Economic,Norwegian_Board_of_Directors_net2mode_2010-01-01,964,1045,20,spectral_entropy,0.941686746987952,,,
Economic,Norwegian_Board_of_Directors_net2mode_2010-01-01,964,1045,40,spectral_entropy,0.914857808656626,,,
Economic,Norwegian_Board_of_Directors_net2mode_2010-01-01,964,1045,60,spectral_entropy,0.773365511189118,,,
Economic,Norwegian_Board_of_Directors_net2mode_2010-01-01,964,1045,80,spectral_entropy,0.7591518303660733,,,
Economic,Norwegian_Board_of_Directors_net2mode_2010-01-01,964,1045,100,spectral_entropy,0.6713495368931435,,,
Economic,Norwegian_Board_of_Directors_net2mode_2010-02-01,971,1052,100,adamic_adar_entropy,0.8045935665159055,0.4952380952380952,7.1796518866828345,8.923327485419192
Economic,Norwegian_Board_of_Directors_net2mode_2010-02-01,971,1052,100,seal_entropy,0.5286601666784668,0.8147732426303855,4.717407795768254,8.923327485419192
Economic,Norwegian_Board_of_Directors_net2mode_2010-02-01,971,1052,20,spectral_entropy,0.963186140664721,,,
Economic,Norwegian_Board_of_Directors_net2mode_2010-02-01,971,1052,40,spectral_entropy,0.8993729220150667,,,
Economic,Norwegian_Board_of_Directors_net2mode_2010-02-01,971,1052,60,spectral_entropy,0.7675563899545615,,,
Economic,Norwegian_Board_of_Directors_net2mode_2010-02-01,971,1052,80,spectral_entropy,0.7472742131595209,,,
Economic,Norwegian_Board_of_Directors_net2mode_2010-02-01,971,1052,100,spectral_entropy,0.6615620214395099,,,
Economic,Norwegian_Board_of_Directors_net2mode_2010-03-01,969,1045,100,adamic_adar_entropy,0.8158664221957599,0.5,7.277816368871232,8.92035285541508
Economic,Norwegian_Board_of_Directors_net2mode_2010-03-01,969,1045,100,seal_entropy,0.5082014986000027,0.8457452897140633,4.533336689162757,8.92035285541508
Economic,Norwegian_Board_of_Directors_net2mode_2010-03-01,969,1045,20,spectral_entropy,0.9176722460101208,,,
Economic,Norwegian_Board_of_Directors_net2mode_2010-03-01,969,1045,40,spectral_entropy,0.9050047540841905,,,
Economic,Norwegian_Board_of_Directors_net2mode_2010-03-01,969,1045,60,spectral_entropy,0.77065692622724,,,
Economic,Norwegian_Board_of_Directors_net2mode_2010-03-01,969,1045,80,spectral_entropy,0.7448849104859335,,,
Economic,Norwegian_Board_of_Directors_net2mode_2010-03-01,969,1045,100,spectral_entropy,0.6606708350016941,,,
Economic,Norwegian_Board_of_Directors_net2mode_2010-04-01,977,1053,100,adamic_adar_entropy,0.8197864956086419,0.5,7.322509029539977,8.932214751968385
Economic,Norwegian_Board_of_Directors_net2mode_2010-04-01,977,1053,100,seal_entropy,0.498482625761864,0.8764172335600907,4.452553863430057,8.932214751968385
Economic,Norwegian_Board_of_Directors_net2mode_2010-04-01,977,1053,20,spectral_entropy,0.9054928081861184,,,
Economic,Norwegian_Board_of_Directors_net2mode_2010-04-01,977,1053,40,spectral_entropy,0.8861141011840689,,,
Economic,Norwegian_Board_of_Directors_net2mode_2010-04-01,977,1053,60,spectral_entropy,0.7548728113643871,,,
Economic,Norwegian_Board_of_Directors_net2mode_2010-04-01,977,1053,80,spectral_entropy,0.7284661539081061,,,
Economic,Norwegian_Board_of_Directors_net2mode_2010-04-01,977,1053,100,spectral_entropy,0.6446989195937303,,,
Economic,Norwegian_Board_of_Directors_net2mode_2010-05-01,971,1046,100,adamic_adar_entropy,0.821098362531008,0.4976076555023923,7.326929586605635,8.923327485419192
Economic,Norwegian_Board_of_Directors_net2mode_2010-05-01,971,1046,100,seal_entropy,0.4996953714400504,0.8260342025136787,4.458945442307754,8.923327485419192
Economic,Norwegian_Board_of_Directors_net2mode_2010-05-01,971,1046,20,spectral_entropy,0.9090039230695628,,,
Economic,Norwegian_Board_of_Directors_net2mode_2010-05-01,971,1046,40,spectral_entropy,0.8824168658987177,,,
Economic,Norwegian_Board_of_Directors_net2mode_2010-05-01,971,1046,60,spectral_entropy,0.7417244464325654,,,
Economic,Norwegian_Board_of_Directors_net2mode_2010-05-01,971,1046,80,spectral_entropy,0.7182996828964797,,,
Economic,Norwegian_Board_of_Directors_net2mode_2010-05-01,971,1046,100,spectral_entropy,0.6371143924017291,,,
Economic,Norwegian_Board_of_Directors_net2mode_2010-06-01,937,1014,100,adamic_adar_entropy,0.8175681931192738,0.4975247524752475,7.253387534678442,8.871905237659186
Economic,Norwegian_Board_of_Directors_net2mode_2010-06-01,937,1014,100,seal_entropy,0.5374326540493559,0.7228825605332811,4.768051578349558,8.871905237659186
Economic,Norwegian_Board_of_Directors_net2mode_2010-06-01,937,1014,20,spectral_entropy,0.9061802658387504,,,
Economic,Norwegian_Board_of_Directors_net2mode_2010-06-01,937,1014,40,spectral_entropy,0.8542668804560841,,,
Economic,Norwegian_Board_of_Directors_net2mode_2010-06-01,937,1014,60,spectral_entropy,0.7408481754365609,,,
Economic,Norwegian_Board_of_Directors_net2mode_2010-06-01,937,1014,80,spectral_entropy,0.701440329218107,,,
Economic,Norwegian_Board_of_Directors_net2mode_2010-06-01,937,1014,100,spectral_entropy,0.6291767496273979,,,
Economic,Norwegian_Board_of_Directors_net2mode_2010-07-01,934,1014,100,adamic_adar_entropy,0.808640706751793,0.4975247524752475,7.170442547043969,8.867278739709661
Economic,Norwegian_Board_of_Directors_net2mode_2010-07-01,934,1014,100,seal_entropy,0.4884796734794645,0.8775732771296931,4.331485423424773,8.867278739709661
Economic,Norwegian_Board_of_Directors_net2mode_2010-07-01,934,1014,20,spectral_entropy,0.9417775207248892,,,
Economic,Norwegian_Board_of_Directors_net2mode_2010-07-01,934,1014,40,spectral_entropy,0.9102211171299176,,,
Economic,Norwegian_Board_of_Directors_net2mode_2010-07-01,934,1014,60,spectral_entropy,0.768454149479332,,,
Economic,Norwegian_Board_of_Directors_net2mode_2010-07-01,934,1014,80,spectral_entropy,0.7277121374865736,,,
Economic,Norwegian_Board_of_Directors_net2mode_2010-07-01,934,1014,100,spectral_entropy,0.6412367508113379,,,
Economic,Norwegian_Board_of_Directors_net2mode_2010-08-01,935,1024,100,adamic_adar_entropy,0.8251587801058079,0.4975490196078431,7.318186800273013,8.868822554774999
Economic,Norwegian_Board_of_Directors_net2mode_2010-08-01,935,1024,100,seal_entropy,0.5024134200543344,0.8479791426374472,4.455815471599527,8.868822554774999
Economic,Norwegian_Board_of_Directors_net2mode_2010-08-01,935,1024,20,spectral_entropy,0.987505784359093,,,
Economic,Norwegian_Board_of_Directors_net2mode_2010-08-01,935,1024,40,spectral_entropy,0.9129231985245684,,,
Economic,Norwegian_Board_of_Directors_net2mode_2010-08-01,935,1024,60,spectral_entropy,0.7968297255837737,,,
Economic,Norwegian_Board_of_Directors_net2mode_2010-08-01,935,1024,80,spectral_entropy,0.7684546484093483,,,
Economic,Norwegian_Board_of_Directors_net2mode_2010-08-01,935,1024,100,spectral_entropy,0.6704327266379981,,,
Economic,Norwegian_Board_of_Directors_net2mode_2010-09-01,1002,1090,100,adamic_adar_entropy,0.8250945174072465,0.5,7.399997799517797,8.968666793195208
Economic,Norwegian_Board_of_Directors_net2mode_2010-09-01,1002,1090,100,seal_entropy,0.5094892872441523,0.8064556855483545,4.5694396519953235,8.968666793195208
Economic,Norwegian_Board_of_Directors_net2mode_2010-09-01,1002,1090,20,spectral_entropy,0.9433209911706067,,,
Economic,Norwegian_Board_of_Directors_net2mode_2010-09-01,1002,1090,40,spectral_entropy,0.903066790577397,,,
Economic,Norwegian_Board_of_Directors_net2mode_2010-09-01,1002,1090,60,spectral_entropy,0.8016068896707452,,,
Economic,Norwegian_Board_of_Directors_net2mode_2010-09-01,1002,1090,80,spectral_entropy,0.7611498424219272,,,
Economic,Norwegian_Board_of_Directors_net2mode_2010-09-01,1002,1090,100,spectral_entropy,0.6658453683226218,,,
Economic,Norwegian_Board_of_Directors_net2mode_2010-10-01,990,1073,100,adamic_adar_entropy,0.8212490862491918,0.5,7.351234392922983,8.951284714966972
Economic,Norwegian_Board_of_Directors_net2mode_2010-10-01,990,1073,100,seal_entropy,0.5291379091046873,0.8100925845051969,4.73646407787837,8.951284714966972
Economic,Norwegian_Board_of_Directors_net2mode_2010-10-01,990,1073,20,spectral_entropy,0.9573810994441012,,,
Economic,Norwegian_Board_of_Directors_net2mode_2010-10-01,990,1073,40,spectral_entropy,0.8971207133630568,,,
Economic,Norwegian_Board_of_Directors_net2mode_2010-10-01,990,1073,60,spectral_entropy,0.7937151820001082,,,
Economic,Norwegian_Board_of_Directors_net2mode_2010-10-01,990,1073,80,spectral_entropy,0.756711669770329,,,
Economic,Norwegian_Board_of_Directors_net2mode_2010-10-01,990,1073,100,spectral_entropy,0.6562794383719366,,,
Economic,Norwegian_Board_of_Directors_net2mode_2010-11-01,987,1070,100,adamic_adar_entropy,0.8279184929461196,0.5,7.407309159278123,8.946906274456397
Economic,Norwegian_Board_of_Directors_net2mode_2010-11-01,987,1070,100,seal_entropy,0.5314187903168681,0.7811599266311469,4.754554109450016,8.946906274456397
Economic,Norwegian_Board_of_Directors_net2mode_2010-11-01,987,1070,20,spectral_entropy,0.955379632961497,,,
Economic,Norwegian_Board_of_Directors_net2mode_2010-11-01,987,1070,40,spectral_entropy,0.908977969189995,,,
Economic,Norwegian_Board_of_Directors_net2mode_2010-11-01,987,1070,60,spectral_entropy,0.8040871934604905,,,
Economic,Norwegian_Board_of_Directors_net2mode_2010-11-01,987,1070,80,spectral_entropy,0.766684400307383,,,
Economic,Norwegian_Board_of_Directors_net2mode_2010-11-01,987,1070,100,spectral_entropy,0.6621509746368631,,,
Economic,Norwegian_Board_of_Directors_net2mode_2010-12-01,979,1062,100,adamic_adar_entropy,0.821320159716528,0.5,7.338631185634046,8.935165049603695
Economic,Norwegian_Board_of_Directors_net2mode_2010-12-01,979,1062,100,seal_entropy,0.5086622032520068,0.8001512993948025,4.544980740551742,8.935165049603695
Economic,Norwegian_Board_of_Directors_net2mode_2010-12-01,979,1062,20,spectral_entropy,0.9506978430306324,,,
Economic,Norwegian_Board_of_Directors_net2mode_2010-12-01,979,1062,40,spectral_entropy,0.9183326244151424,,,
Economic,Norwegian_Board_of_Directors_net2mode_2010-12-01,979,1062,60,spectral_entropy,0.7970365545876414,,,
Economic,Norwegian_Board_of_Directors_net2mode_2010-12-01,979,1062,80,spectral_entropy,0.7587110911118502,,,
Economic,Norwegian_Board_of_Directors_net2mode_2010-12-01,979,1062,100,spectral_entropy,0.6641296902351778,,,
Economic,Norwegian_Board_of_Directors_net2mode_2011-01-01,993,1080,100,adamic_adar_entropy,0.8214432689282036,0.5,7.356558335416672,8.955649907528374
Economic,Norwegian_Board_of_Directors_net2mode_2011-01-01,993,1080,100,seal_entropy,0.5191753322322485,0.8294753086419753,4.649552516096749,8.955649907528374
Economic,Norwegian_Board_of_Directors_net2mode_2011-01-01,993,1080,20,spectral_entropy,0.9716671107558396,,,
Economic,Norwegian_Board_of_Directors_net2mode_2011-01-01,993,1080,40,spectral_entropy,0.906899791658156,,,
Economic,Norwegian_Board_of_Directors_net2mode_2011-01-01,993,1080,60,spectral_entropy,0.7813326282390269,,,
Economic,Norwegian_Board_of_Directors_net2mode_2011-01-01,993,1080,80,spectral_entropy,0.7432301553480803,,,
Economic,Norwegian_Board_of_Directors_net2mode_2011-01-01,993,1080,100,spectral_entropy,0.6608905005350136,,,
Economic,Norwegian_Board_of_Directors_net2mode_2011-02-01,991,1078,100,adamic_adar_entropy,0.8250491191279533,0.5,7.386451279771706,8.952741247186488
Economic,Norwegian_Board_of_Directors_net2mode_2011-02-01,991,1078,100,seal_entropy,0.5451454598979765,0.8144402379664684,4.880546244545061,8.952741247186488
Economic,Norwegian_Board_of_Directors_net2mode_2011-02-01,991,1078,20,spectral_entropy,0.9370529327610873,,,
Economic,Norwegian_Board_of_Directors_net2mode_2011-02-01,991,1078,40,spectral_entropy,0.9074799093344325,,,
Economic,Norwegian_Board_of_Directors_net2mode_2011-02-01,991,1078,60,spectral_entropy,0.7731087930063555,,,
Economic,Norwegian_Board_of_Directors_net2mode_2011-02-01,991,1078,80,spectral_entropy,0.7308377896613191,,,
Economic,Norwegian_Board_of_Directors_net2mode_2011-02-01,991,1078,100,spectral_entropy,0.661565820344606,,,
Economic,Norwegian_Board_of_Directors_net2mode_2011-03-01,987,1072,100,adamic_adar_entropy,0.820810287174847,0.4976635514018692,7.343712708462997,8.946906274456397
Economic,Norwegian_Board_of_Directors_net2mode_2011-03-01,987,1072,100,seal_entropy,0.5315903218367749,0.8152895449384225,4.756088785881737,8.946906274456397
Economic,Norwegian_Board_of_Directors_net2mode_2011-03-01,987,1072,20,spectral_entropy,0.9411337209302326,,,
Economic,Norwegian_Board_of_Directors_net2mode_2011-03-01,987,1072,40,spectral_entropy,0.8975327291037262,,,
Economic,Norwegian_Board_of_Directors_net2mode_2011-03-01,987,1072,60,spectral_entropy,0.7696047975364002,,,
Economic,Norwegian_Board_of_Directors_net2mode_2011-03-01,987,1072,80,spectral_entropy,0.7324703765984905,,,
Economic,Norwegian_Board_of_Directors_net2mode_2011-03-01,987,1072,100,spectral_entropy,0.6630442985435061,,,
Economic,Norwegian_Board_of_Directors_net2mode_2011-04-01,985,1070,100,adamic_adar_entropy,0.8213871465391298,0.4953271028037383,7.346470140546095,8.943979914343739
Economic,Norwegian_Board_of_Directors_net2mode_2011-04-01,985,1070,100,seal_entropy,0.5197620530643329,0.8318412088392,4.648741362845458,8.943979914343739
Economic,Norwegian_Board_of_Directors_net2mode_2011-04-01,985,1070,20,spectral_entropy,0.9170266378689704,,,
Economic,Norwegian_Board_of_Directors_net2mode_2011-04-01,985,1070,40,spectral_entropy,0.8983122362869198,,,
Economic,Norwegian_Board_of_Directors_net2mode_2011-04-01,985,1070,60,spectral_entropy,0.7562323137043525,,,
Economic,Norwegian_Board_of_Directors_net2mode_2011-04-01,985,1070,80,spectral_entropy,0.7297344821522771,,,
Economic,Norwegian_Board_of_Directors_net2mode_2011-04-01,985,1070,100,spectral_entropy,0.6585292796165942,,,
Economic,Norwegian_Board_of_Directors_net2mode_2011-05-01,981,1060,100,adamic_adar_entropy,0.8258095715155976,0.5,7.381176232844677,8.938109326219239
Economic,Norwegian_Board_of_Directors_net2mode_2011-05-01,981,1060,100,seal_entropy,0.5107137093254559,0.8146359914560343,4.564814968349879,8.938109326219239
Economic,Norwegian_Board_of_Directors_net2mode_2011-05-01,981,1060,20,spectral_entropy,0.9712460063897764,,,
Economic,Norwegian_Board_of_Directors_net2mode_2011-05-01,981,1060,40,spectral_entropy,0.9048263037782098,,,
Economic,Norwegian_Board_of_Directors_net2mode_2011-05-01,981,1060,60,spectral_entropy,0.7687508476875085,,,
Economic,Norwegian_Board_of_Directors_net2mode_2011-05-01,981,1060,80,spectral_entropy,0.7433152968126703,,,
Economic,Norwegian_Board_of_Directors_net2mode_2011-05-01,981,1060,100,spectral_entropy,0.6568654308586734,,,
Economic,Norwegian_Board_of_Directors_net2mode_2011-06-01,1016,1095,100,adamic_adar_entropy,0.8220121924453869,0.497716894977169,7.388808406573864,8.988684686772165
Economic,Norwegian_Board_of_Directors_net2mode_2011-06-01,1016,1095,100,seal_entropy,0.5145574294346944,0.8075936698567585,4.625194486424487,8.988684686772165
Economic,Norwegian_Board_of_Directors_net2mode_2011-06-01,1016,1095,20,spectral_entropy,0.9503508304467536,,,
Economic,Norwegian_Board_of_Directors_net2mode_2011-06-01,1016,1095,40,spectral_entropy,0.9430400525279052,,,
Economic,Norwegian_Board_of_Directors_net2mode_2011-06-01,1016,1095,60,spectral_entropy,0.7891740155186568,,,
Economic,Norwegian_Board_of_Directors_net2mode_2011-06-01,1016,1095,80,spectral_entropy,0.7446238616361828,,,
Economic,Norwegian_Board_of_Directors_net2mode_2011-06-01,1016,1095,100,spectral_entropy,0.6580737662945677,,,
Economic,Norwegian_Board_of_Directors_net2mode_2011-07-01,1059,1141,100,adamic_adar_entropy,0.8346964158397037,0.4978070175438596,7.552739562494008,9.048486873992337
Economic,Norwegian_Board_of_Directors_net2mode_2011-07-01,1059,1141,100,seal_entropy,0.5260221403186788,0.7965335487842413,4.75970443210292,9.048486873992337
Economic,Norwegian_Board_of_Directors_net2mode_2011-07-01,1059,1141,20,spectral_entropy,0.9416968234821068,,,
Economic,Norwegian_Board_of_Directors_net2mode_2011-07-01,1059,1141,40,spectral_entropy,0.9269533055940824,,,
Economic,Norwegian_Board_of_Directors_net2mode_2011-07-01,1059,1141,60,spectral_entropy,0.7788154214942069,,,
Economic,Norwegian_Board_of_Directors_net2mode_2011-07-01,1059,1141,80,spectral_entropy,0.74812016419049,,,
Economic,Norwegian_Board_of_Directors_net2mode_2011-07-01,1059,1141,100,spectral_entropy,0.6523316495967404,,,
Economic,Norwegian_Board_of_Directors_net2mode_2011-08-01,1066,1148,100,adamic_adar_entropy,0.82735119221973,0.5,7.494140250941251,9.057991722759176
Economic,Norwegian_Board_of_Directors_net2mode_2011-08-01,1066,1148,100,seal_entropy,0.492012516180321,0.8095860109456341,4.456645299055263,9.057991722759176
Economic,Norwegian_Board_of_Directors_net2mode_2011-08-01,1066,1148,20,spectral_entropy,0.9380419359924328,,,
Economic,Norwegian_Board_of_Directors_net2mode_2011-08-01,1066,1148,40,spectral_entropy,0.9157481215912124,,,
Economic,Norwegian_Board_of_Directors_net2mode_2011-08-01,1066,1148,60,spectral_entropy,0.7843573760759869,,,
Economic,Norwegian_Board_of_Directors_net2mode_2011-08-01,1066,1148,80,spectral_entropy,0.7612275178228929,,,
Economic,Norwegian_Board_of_Directors_net2mode_2011-08-01,1066,1148,100,spectral_entropy,0.6545504802708866,,,
Informational,56a85c8e26855e083a2f7954,994,3640,100,adamic_adar_entropy,0.7336553190860681,0.7596295359859919,6.571425556388851,8.957102041562287
Informational,56a85c8e26855e083a2f7954,994,3640,100,seal_entropy,0.4979147912304223,0.8890645755343558,4.459873593054076,8.957102041562287
Informational,56a85c8e26855e083a2f7954,994,3640,20,spectral_entropy,0.8672235073902065,,,
Informational,56a85c8e26855e083a2f7954,994,3640,40,spectral_entropy,0.9384683488269144,,,
Informational,56a85c8e26855e083a2f7954,994,3640,60,spectral_entropy,0.9343962597776246,,,
Informational,56a85c8e26855e083a2f7954,994,3640,80,spectral_entropy,0.9437661527493092,,,
Informational,56a85c8e26855e083a2f7954,994,3640,100,spectral_entropy,0.9579373624830296,,,
Informational,57574842bd3e93b53c695556,280,553,100,adamic_adar_entropy,0.6832881388394412,0.6899173553719009,4.8713545239079625,7.129283016944967
Informational,57574842bd3e93b53c695556,280,553,100,seal_entropy,0.6270052126260369,0.8239256198347107,4.470097613910773,7.129283016944967
Informational,57574842bd3e93b53c695556,280,553,20,spectral_entropy,0.9277238403451996,,,
Informational,57574842bd3e93b53c695556,280,553,40,spectral_entropy,0.8738593666129898,,,
Informational,57574842bd3e93b53c695556,280,553,60,spectral_entropy,0.8010967837557432,,,
Informational,57574842bd3e93b53c695556,280,553,80,spectral_entropy,0.8077433041633519,,,
Informational,57574842bd3e93b53c695556,280,553,100,spectral_entropy,0.7273381059788827,,,
Informational,57574842bd3e93b53c695557,433,954,100,adamic_adar_entropy,0.8145981030293906,0.6368282548476454,6.31983391359497,7.7582232147267245
Informational,57574842bd3e93b53c695557,433,954,100,seal_entropy,0.621499958549395,0.861218836565097,4.821735406369613,7.7582232147267245
Informational,57574842bd3e93b53c695557,433,954,20,spectral_entropy,0.839112343966713,,,
Informational,57574842bd3e93b53c695557,433,954,40,spectral_entropy,0.7262517982272959,,,
Informational,57574842bd3e93b53c695557,433,954,60,spectral_entropy,0.6512244831936851,,,
Informational,57574842bd3e93b53c695557,433,954,80,spectral_entropy,0.6676493330755848,,,
Informational,57574842bd3e93b53c695557,433,954,100,spectral_entropy,0.7110893581317298,,,
Informational,57574842bd3e93b53c695558,269,484,100,adamic_adar_entropy,0.7222453571507645,0.6214192708333333,5.1073308596228975,7.071462362556623
Informational,57574842bd3e93b53c695558,269,484,100,seal_entropy,0.6662172579436297,0.7642144097222221,4.711130264834055,7.071462362556623
Informational,57574842bd3e93b53c695558,269,484,20,spectral_entropy,0.8189068274654736,,,
Informational,57574842bd3e93b53c695558,269,484,40,spectral_entropy,0.7782376097708691,,,
Informational,57574842bd3e93b53c695558,269,484,60,spectral_entropy,0.7247488839285715,,,
Informational,57574842bd3e93b53c695558,269,484,80,spectral_entropy,0.7206297941057731,,,
Informational,57574842bd3e93b53c695558,269,484,100,spectral_entropy,0.7361164304864036,,,
Informational,57574842bd3e93b53c695559,343,693,100,adamic_adar_entropy,0.775349322643332,0.6101921865154379,5.754692889067031,7.422064766172813
Informational,57574842bd3e93b53c695559,343,693,100,seal_entropy,0.629768234534438,0.8691976475530351,4.674180624392909,7.422064766172813
Informational,57574842bd3e93b53c695559,343,693,20,spectral_entropy,0.8430349257326375,,,
Informational,57574842bd3e93b53c695559,343,693,40,spectral_entropy,0.754881567469637,,,
Informational,57574842bd3e93b53c695559,343,693,60,spectral_entropy,0.7123151372619964,,,
Informational,57574842bd3e93b53c695559,343,693,80,spectral_entropy,0.7091167432177906,,,
Informational,57574842bd3e93b53c695559,343,693,100,spectral_entropy,0.7633049695382912,,,
Informational,583d15578cf714f319c44aca,134,282,100,adamic_adar_entropy,0.6983549063551306,0.6996173469387755,4.236283148544008,6.066089190457772
Informational,583d15578cf714f319c44aca,134,282,100,seal_entropy,0.4344586685470855,0.9438775510204082,2.6354650329741514,6.066089190457772
Informational,583d15578cf714f319c44aca,134,282,20,spectral_entropy,0.2649769585253456,,,
Informational,583d15578cf714f319c44aca,134,282,40,spectral_entropy,0.2908745247148289,,,
Informational,583d15578cf714f319c44aca,134,282,60,spectral_entropy,0.192465970243748,,,
Informational,583d15578cf714f319c44aca,134,282,80,spectral_entropy,0.1732480099890744,,,
Informational,583d15578cf714f319c44aca,134,282,100,spectral_entropy,0.4688683532798061,,,
Informational,583d15578cf714f319c44acb,247,415,100,adamic_adar_entropy,0.6554221121620236,0.6876905211206271,4.554113527002622,6.948367231584678
Informational,583d15578cf714f319c44acb,247,415,100,seal_entropy,0.4957644963903825,0.9609522427057628,3.444753781302014,6.948367231584678
Informational,583d15578cf714f319c44acb,247,415,20,spectral_entropy,0.3141062250142775,,,
Informational,583d15578cf714f319c44acb,247,415,40,spectral_entropy,0.1949217748140549,,,
Informational,583d15578cf714f319c44acb,247,415,60,spectral_entropy,0.4724266375942582,,,
Informational,583d15578cf714f319c44acb,247,415,80,spectral_entropy,0.322652031512791,,,
Informational,583d15578cf714f319c44acb,247,415,100,spectral_entropy,0.4721284554328985,,,
Informational,5886685ba411221d0e7c677e,2879,3886,100,adamic_adar_entropy,0.7456276798540178,0.6147153772636399,7.822642505142743,10.491352073563435
Informational,5886685ba411221d0e7c677e,2879,3886,100,seal_entropy,0.0,0.9996041270172544,-0.0,10.491352073563435
Informational,5886685ba411221d0e7c677e,2879,3886,20,spectral_entropy,0.1203119814138732,,,
Informational,5886685ba411221d0e7c677e,2879,3886,40,spectral_entropy,0.0851811081406929,,,
Informational,5886685ba411221d0e7c677e,2879,3886,60,spectral_entropy,0.0694392281562716,,,
Informational,5886685ba411221d0e7c677e,2879,3886,80,spectral_entropy,0.0695277613582494,,,
Informational,5886685ba411221d0e7c677e,2879,3886,100,spectral_entropy,0.0946293961423934,,,
Informational,58b0173aa411221d0e7c680c,1024,4916,100,adamic_adar_entropy,0.7137908746698811,0.8177424145364379,6.42411787202893,9.0
Informational,58b0173aa411221d0e7c680c,1024,4916,100,seal_entropy,0.437631877422747,0.923740723530952,3.938686896804723,9.0
Informational,58b0173aa411221d0e7c680c,1024,4916,20,spectral_entropy,0.8597601211039088,,,
Informational,58b0173aa411221d0e7c680c,1024,4916,40,spectral_entropy,0.8282257513272118,,,
Informational,58b0173aa411221d0e7c680c,1024,4916,60,spectral_entropy,0.8060768040512027,,,
Informational,58b0173aa411221d0e7c680c,1024,4916,80,spectral_entropy,0.8135552805653653,,,
Informational,58b0173aa411221d0e7c680c,1024,4916,100,spectral_entropy,0.8472091898287107,,,
Informational,58b0173aa411221d0e7c680d,207,777,100,adamic_adar_entropy,0.7182161817732607,0.7874297606659729,4.807370645364285,6.693486957499325
Informational,58b0173aa411221d0e7c680d,207,777,100,seal_entropy,0.5758982626564018,0.9094901144641,3.8547675099371457,6.693486957499325
Informational,58b0173aa411221d0e7c680d,207,777,20,spectral_entropy,0.606473594548552,,,
Informational,58b0173aa411221d0e7c680d,207,777,40,spectral_entropy,0.6176836861768369,,,
Informational,58b0173aa411221d0e7c680d,207,777,60,spectral_entropy,0.6145251396648045,,,
Informational,58b0173aa411221d0e7c680d,207,777,80,spectral_entropy,0.5928617422500231,,,
Informational,58b0173aa411221d0e7c680d,207,777,100,spectral_entropy,0.6895850801636304,,,
Informational,5902c73762da632511870ff0,118,613,100,adamic_adar_entropy,0.7627386258108251,0.7862133834990593,4.486919075605853,5.882643049361842
Informational,5902c73762da632511870ff0,118,613,100,seal_entropy,0.7294797338651996,0.7852391830153185,4.291268886072443,5.882643049361842
Informational,5902c73762da632511870ff0,118,613,20,spectral_entropy,0.810126582278481,,,
Informational,5902c73762da632511870ff0,118,613,40,spectral_entropy,0.8366260092767566,,,
Informational,5902c73762da632511870ff0,118,613,60,spectral_entropy,0.7587604981175788,,,
Informational,5902c73762da632511870ff0,118,613,80,spectral_entropy,0.8311921891058582,,,
Informational,5902c73762da632511870ff0,118,613,100,spectral_entropy,0.881572170054281,,,
Informational,5922400c62da63251188d3ea,146,180,100,adamic_adar_entropy,0.7779901554589449,0.5327932098765432,4.81562257082666,6.189824558880018
Informational,5922400c62da63251188d3ea,146,180,100,seal_entropy,0.5011442884823083,0.9266975308641976,3.101995224390244,6.189824558880018
Informational,5922400c62da63251188d3ea,146,180,20,spectral_entropy,0.5540661304736372,,,
Informational,5922400c62da63251188d3ea,146,180,40,spectral_entropy,0.4195501730103806,,,
Informational,5922400c62da63251188d3ea,146,180,60,spectral_entropy,0.387373343725643,,,
Informational,5922400c62da63251188d3ea,146,180,80,spectral_entropy,0.3247763516141579,,,
Informational,5922400c62da63251188d3ea,146,180,100,spectral_entropy,0.4508114606291324,,,
Informational,59a5da04549f067e0266d625,1350,4055,100,adamic_adar_entropy,0.6490241654427423,0.7863949911892733,6.100011780870425,9.398743691938192
Informational,59a5da04549f067e0266d625,1350,4055,100,seal_entropy,0.3886258461330931,0.9109652877131794,3.652594719867552,9.398743691938192
Informational,59a5da04549f067e0266d625,1350,4055,20,spectral_entropy,0.9001536098310292,,,
Informational,59a5da04549f067e0266d625,1350,4055,40,spectral_entropy,0.9007618032478524,,,
Informational,59a5da04549f067e0266d625,1350,4055,60,spectral_entropy,0.877084943094343,,,
Informational,59a5da04549f067e0266d625,1350,4055,80,spectral_entropy,0.8699770514813203,,,
Informational,59a5da04549f067e0266d625,1350,4055,100,spectral_entropy,0.8713449127559557,,,
Informational,59a5da04549f067e0266d626,69,84,100,adamic_adar_entropy,0.6514248016762092,0.5,3.327819531114783,5.108524456778169
Informational,59a5da04549f067e0266d626,69,84,100,seal_entropy,0.7585360572872494,0.537109375,3.875,5.108524456778169
Informational,59a5da04549f067e0266d626,69,84,20,spectral_entropy,1.07981220657277,,,
Informational,59a5da04549f067e0266d626,69,84,40,spectral_entropy,1.045172719220549,,,
Informational,59a5da04549f067e0266d626,69,84,60,spectral_entropy,1.0182207931404073,,,
Informational,59a5da04549f067e0266d626,69,84,80,spectral_entropy,1.0296953335904355,,,
Informational,59a5da04549f067e0266d626,69,84,100,spectral_entropy,0.9962756052141528,,,
Informational,59a5da04549f067e0266d628,36,38,100,adamic_adar_entropy,0.5103413797982751,0.5,2.128085278891394,4.169925001442312
Informational,59a5da04549f067e0266d628,36,38,100,seal_entropy,0.5362030132090291,0.2857142857142857,2.235926350629033,4.169925001442312
Informational,59a5da04549f067e0266d628,36,38,20,spectral_entropy,1.043956043956044,,,
Informational,59a5da04549f067e0266d628,36,38,40,spectral_entropy,1.0421836228287842,,,
Informational,59a5da04549f067e0266d628,36,38,60,spectral_entropy,0.9078771695594124,,,
Informational,59a5da04549f067e0266d628,36,38,80,spectral_entropy,0.933852140077821,,,
Informational,59a5da04549f067e0266d628,36,38,100,spectral_entropy,0.8988764044943821,,,
Informational,59a5da04549f067e0266d629,122,314,100,adamic_adar_entropy,0.6596497349407088,0.7947450572320499,3.912209312726323,5.930737337562887
Informational,59a5da04549f067e0266d629,122,314,100,seal_entropy,0.6628588660596539,0.8272632674297606,3.931241826474586,5.930737337562887
Informational,59a5da04549f067e0266d629,122,314,20,spectral_entropy,0.9349890430971513,,,
Informational,59a5da04549f067e0266d629,122,314,40,spectral_entropy,0.927054866512508,,,
Informational,59a5da04549f067e0266d629,122,314,60,spectral_entropy,0.8914728682170543,,,
Informational,59a5da04549f067e0266d629,122,314,80,spectral_entropy,0.8682360134515439,,,
Informational,59a5da04549f067e0266d629,122,314,100,spectral_entropy,0.882414588136659,,,
Informational,59a5da04549f067e0266d62a,63,80,100,adamic_adar_entropy,0.6340087579423478,0.505859375,3.1556390622295662,4.977279923499917
Informational,59a5da04549f067e0266d62a,63,80,100,seal_entropy,0.7188302820225825,0.669921875,3.577819531114783,4.977279923499917
Informational,59a5da04549f067e0266d62a,63,80,20,spectral_entropy,1.0230179028132993,,,
Informational,59a5da04549f067e0266d62a,63,80,40,spectral_entropy,0.9264305177111716,,,
Informational,59a5da04549f067e0266d62a,63,80,60,spectral_entropy,0.8195754716981133,,,
Informational,59a5da04549f067e0266d62a,63,80,80,spectral_entropy,0.8727569331158238,,,
Informational,59a5da04549f067e0266d62a,63,80,100,spectral_entropy,0.8816705336426914,,,
Informational,Political_books_network_2004_Krebs_political_books,105,441,100,adamic_adar_entropy,0.5926527700262755,0.875,3.3865634346550557,5.714245517666122
Informational,Political_books_network_2004_Krebs_political_books,105,441,100,seal_entropy,0.6353582777060306,0.9363378099173552,3.630593190493753,5.714245517666122
Informational,Political_books_network_2004_Krebs_political_books,105,441,20,spectral_entropy,0.8743570903747245,,,
Informational,Political_books_network_2004_Krebs_political_books,105,441,40,spectral_entropy,0.8466933867735471,,,
Informational,Political_books_network_2004_Krebs_political_books,105,441,60,spectral_entropy,0.7839361848439004,,,
Informational,Political_books_network_2004_Krebs_political_books,105,441,80,spectral_entropy,0.7598290598290598,,,
Informational,Political_books_network_2004_Krebs_political_books,105,441,100,spectral_entropy,0.8023223666021565,,,
Informational,Word_adjacencies_of_David_Copperfield_Word_adjacencies,112,425,100,adamic_adar_entropy,0.857119467120888,0.628235294117647,4.97759695617588,5.807354922057604
Informational,Word_adjacencies_of_David_Copperfield_Word_adjacencies,112,425,100,seal_entropy,0.7899645533169182,0.7153633217993081,4.587604536956041,5.807354922057604
Informational,Word_adjacencies_of_David_Copperfield_Word_adjacencies,112,425,20,spectral_entropy,0.7671957671957672,,,
Informational,Word_adjacencies_of_David_Copperfield_Word_adjacencies,112,425,40,spectral_entropy,0.9245152354570636,,,
Informational,Word_adjacencies_of_David_Copperfield_Word_adjacencies,112,425,60,spectral_entropy,0.899098703011651,,,
Informational,Word_adjacencies_of_David_Copperfield_Word_adjacencies,112,425,80,spectral_entropy,0.8852435833981476,,,
Informational,Word_adjacencies_of_David_Copperfield_Word_adjacencies,112,425,100,spectral_entropy,0.9222820710124215,,,
Social,Dolphin_social_network_Dolphins,62,159,100,adamic_adar_entropy,0.6987587139366384,0.7336108220603539,3.4617878424355712,4.954196310386875
Social,Dolphin_social_network_Dolphins,62,159,100,seal_entropy,0.7478250139244977,0.7648283038501561,3.70487192479976,4.954196310386875
Social,Dolphin_social_network_Dolphins,62,159,20,spectral_entropy,0.933852140077821,,,
Social,Dolphin_social_network_Dolphins,62,159,40,spectral_entropy,0.902439024390244,,,
Social,Dolphin_social_network_Dolphins,62,159,60,spectral_entropy,0.8433268858800773,,,
Social,Dolphin_social_network_Dolphins,62,159,80,spectral_entropy,0.9028374892519346,,,
Social,Dolphin_social_network_Dolphins,62,159,100,spectral_entropy,0.9093965372331484,,,
Social,Email_network_Uni_R-V_Spain_Email_network_Uni_R-V_Spain,1133,5451,100,adamic_adar_entropy,0.6735405831563732,0.8232804477737564,6.160156471004569,9.145932145820517
Social,Email_network_Uni_R-V_Spain_Email_network_Uni_R-V_Spain,1133,5451,100,seal_entropy,0.4264750918541194,0.9176504502987964,3.900512251980348,9.145932145820517
Social,Email_network_Uni_R-V_Spain_Email_network_Uni_R-V_Spain,1133,5451,20,spectral_entropy,0.9147859325413212,,,
Social,Email_network_Uni_R-V_Spain_Email_network_Uni_R-V_Spain,1133,5451,40,spectral_entropy,0.9484406653921876,,,
Social,Email_network_Uni_R-V_Spain_Email_network_Uni_R-V_Spain,1133,5451,60,spectral_entropy,0.9455626912633076,,,
Social,Email_network_Uni_R-V_Spain_Email_network_Uni_R-V_Spain,1133,5451,80,spectral_entropy,0.9398155018480876,,,
Social,Email_network_Uni_R-V_Spain_Email_network_Uni_R-V_Spain,1133,5451,100,spectral_entropy,0.9473681492612848,,,
Social,Family_planning_in_Korea1,33,68,100,adamic_adar_entropy,0.5295279001330007,0.8579881656804733,2.1416195253341384,4.044394119358453
Social,Family_planning_in_Korea1,33,68,100,seal_entropy,0.648679768537042,0.8698224852071006,2.6235166412180155,4.044394119358453
Social,Family_planning_in_Korea1,33,68,20,spectral_entropy,0.9558823529411764,,,
Social,Family_planning_in_Korea1,33,68,40,spectral_entropy,0.874439461883408,,,
Social,Family_planning_in_Korea1,33,68,60,spectral_entropy,0.8923512747875355,,,
Social,Family_planning_in_Korea1,33,68,80,spectral_entropy,0.8823529411764706,,,
Social,Family_planning_in_Korea1,33,68,100,spectral_entropy,0.7980884109916367,,,
Social,Family_planning_in_Korea2,35,84,100,adamic_adar_entropy,0.5711545039819639,0.849609375,2.35845859334435,4.129283016944966
Social,Family_planning_in_Korea2,35,84,100,seal_entropy,0.5696429602451326,0.87890625,2.3522170014624826,4.129283016944966
Social,Family_planning_in_Korea2,35,84,20,spectral_entropy,1.162790697674419,,,
Social,Family_planning_in_Korea2,35,84,40,spectral_entropy,0.9859154929577464,,,
Social,Family_planning_in_Korea2,35,84,60,spectral_entropy,0.8658922914466737,,,
Social,Family_planning_in_Korea2,35,84,80,spectral_entropy,0.7927601809954752,,,
Social,Family_planning_in_Korea2,35,84,100,spectral_entropy,0.8440265486725664,,,
Social,"High_school_dynamic_contact_networks_contact_list,_2011",126,1709,100,adamic_adar_entropy,0.6541169685582778,0.9038836955306544,3.9098402237840206,5.977279923499917
Social,"High_school_dynamic_contact_networks_contact_list,_2011",126,1709,100,seal_entropy,0.6454664839860664,0.9196773333562664,3.858133856021995,5.977279923499917
Social,"High_school_dynamic_contact_networks_contact_list,_2011",126,1709,20,spectral_entropy,0.7658749394086282,,,
Social,"High_school_dynamic_contact_networks_contact_list,_2011",126,1709,40,spectral_entropy,0.8272394881170018,,,
Social,"High_school_dynamic_contact_networks_contact_list,_2011",126,1709,60,spectral_entropy,0.8422041327489042,,,
Social,"High_school_dynamic_contact_networks_contact_list,_2011",126,1709,80,spectral_entropy,0.8763928179666302,,,
Social,"High_school_dynamic_contact_networks_contact_list,_2011",126,1709,100,spectral_entropy,0.9089051149136984,,,
Social,"High_school_dynamic_contact_networks_contact_list,_2012",180,2220,100,adamic_adar_entropy,0.6692158109360287,0.8969772137001867,4.344450734337832,6.491853096329675
Social,"High_school_dynamic_contact_networks_contact_list,_2012",180,2220,100,seal_entropy,0.6776434256298925,0.8981566025484945,4.399161570882866,6.491853096329675
Social,"High_school_dynamic_contact_networks_contact_list,_2012",180,2220,20,spectral_entropy,0.9255363904080774,,,
Social,"High_school_dynamic_contact_networks_contact_list,_2012",180,2220,40,spectral_entropy,0.9161181230750648,,,
Social,"High_school_dynamic_contact_networks_contact_list,_2012",180,2220,60,spectral_entropy,0.9387490851770536,,,
Social,"High_school_dynamic_contact_networks_contact_list,_2012",180,2220,80,spectral_entropy,0.9335733206547578,,,
Social,"High_school_dynamic_contact_networks_contact_list,_2012",180,2220,100,spectral_entropy,0.9162148725111864,,,
Social,Hollywood_film_music_Hollywood_film_music,101,192,100,adamic_adar_entropy,0.7867307611248491,0.4736842105263158,4.45148902643068,5.658211482751795
Social,Hollywood_film_music_Hollywood_film_music,101,192,100,seal_entropy,0.6955282368019254,0.8410664819944599,3.935445856050764,5.658211482751795
Social,Hollywood_film_music_Hollywood_film_music,101,192,20,spectral_entropy,1.0602678571428572,,,
Social,Hollywood_film_music_Hollywood_film_music,101,192,40,spectral_entropy,0.9812782440284054,,,
Social,Hollywood_film_music_Hollywood_film_music,101,192,60,spectral_entropy,0.9464207290294248,,,
Social,Hollywood_film_music_Hollywood_film_music,101,192,80,spectral_entropy,0.8935449083346171,,,
Social,Hollywood_film_music_Hollywood_film_music,101,192,100,spectral_entropy,0.9592954058557486,,,
Social,Kapferer_tailor_shop_Kapferer_tailor_shop_1,39,169,100,adamic_adar_entropy,0.7032008923892394,0.7892561983471075,3.01349866455076,4.285402218862249
Social,Kapferer_tailor_shop_Kapferer_tailor_shop_1,39,169,100,seal_entropy,0.7739131120489279,0.6547291092745638,3.3165289675810636,4.285402218862249
Social,Kapferer_tailor_shop_Kapferer_tailor_shop_1,39,169,20,spectral_entropy,1.1682242990654206,,,
Social,Kapferer_tailor_shop_Kapferer_tailor_shop_1,39,169,40,spectral_entropy,0.8129032258064516,,,
Social,Kapferer_tailor_shop_Kapferer_tailor_shop_1,39,169,60,spectral_entropy,0.8141493542953397,,,
Social,Kapferer_tailor_shop_Kapferer_tailor_shop_1,39,169,80,spectral_entropy,0.881782945736434,,,
Social,Kapferer_tailor_shop_Kapferer_tailor_shop_1,39,169,100,spectral_entropy,0.919862128392934,,,
Social,Kapferer_tailor_shop_Kapferer_tailor_shop_2,39,248,100,adamic_adar_entropy,0.7209060720410894,0.7111620158267388,3.0893724807161527,4.285402218862249
Social,Kapferer_tailor_shop_Kapferer_tailor_shop_2,39,248,100,seal_entropy,0.720796123147932,0.7317784256559766,3.088901305485454,4.285402218862249
Social,Kapferer_tailor_shop_Kapferer_tailor_shop_2,39,248,20,spectral_entropy,0.9049773755656108,,,
Social,Kapferer_tailor_shop_Kapferer_tailor_shop_2,39,248,40,spectral_entropy,0.647130647130647,,,
Social,Kapferer_tailor_shop_Kapferer_tailor_shop_2,39,248,60,spectral_entropy,0.7464212678936606,,,
Social,Kapferer_tailor_shop_Kapferer_tailor_shop_2,39,248,80,spectral_entropy,0.8833063209076175,,,
Social,Kapferer_tailor_shop_Kapferer_tailor_shop_2,39,248,100,spectral_entropy,0.9566596194503172,,,
Social,Les_Miserables_coappearances_Les_Miserables,77,254,100,adamic_adar_entropy,0.4166783776106094,0.9004,2.194556070998145,5.266786540694901
Social,Les_Miserables_coappearances_Les_Miserables,77,254,100,seal_entropy,0.4171721618703952,0.9012,2.1971567272915924,5.266786540694901
Social,Les_Miserables_coappearances_Les_Miserables,77,254,20,spectral_entropy,0.8813160987074031,,,
Social,Les_Miserables_coappearances_Les_Miserables,77,254,40,spectral_entropy,0.705765407554672,,,
Social,Les_Miserables_coappearances_Les_Miserables,77,254,60,spectral_entropy,0.6655710764174199,,,
Social,Les_Miserables_coappearances_Les_Miserables,77,254,80,spectral_entropy,0.6003904978848031,,,
Social,Les_Miserables_coappearances_Les_Miserables,77,254,100,spectral_entropy,0.608135320177205,,,
Social,NCAA_college_football_2000_American_College_Football,115,613,100,adamic_adar_entropy,0.6066892089782498,0.8362671324912658,3.546395735097672,5.845490050944375
Social,NCAA_college_football_2000_American_College_Football,115,613,100,seal_entropy,0.5625133552999836,0.8871943026068261,3.288166221929392,5.845490050944375
Social,NCAA_college_football_2000_American_College_Football,115,613,20,spectral_entropy,0.9792284866468844,,,
Social,NCAA_college_football_2000_American_College_Football,115,613,40,spectral_entropy,0.9840702694655352,,,
Social,NCAA_college_football_2000_American_College_Football,115,613,60,spectral_entropy,0.9078404401650618,,,
Social,NCAA_college_football_2000_American_College_Football,115,613,80,spectral_entropy,0.8979763912310287,,,
Social,NCAA_college_football_2000_American_College_Football,115,613,100,spectral_entropy,0.8991474987936303,,,
Social,Norwegian_Board_of_Directors_net1mode_2002-05-01,154,848,100,adamic_adar_entropy,0.0739887602029849,0.9998599488813416,0.4636717666027685,6.266786540694901
Social,Norwegian_Board_of_Directors_net1mode_2002-05-01,154,848,100,seal_entropy,0.143046501574621,0.9894261405412976,0.8964418907613272,6.266786540694901
Social,Norwegian_Board_of_Directors_net1mode_2002-05-01,154,848,20,spectral_entropy,0.7125662012518055,,,
Social,Norwegian_Board_of_Directors_net1mode_2002-05-01,154,848,40,spectral_entropy,0.5894437420986094,,,
Social,Norwegian_Board_of_Directors_net1mode_2002-05-01,154,848,60,spectral_entropy,0.4674753493651131,,,
Social,Norwegian_Board_of_Directors_net1mode_2002-05-01,154,848,80,spectral_entropy,0.4335583068877665,,,
Social,Norwegian_Board_of_Directors_net1mode_2002-05-01,154,848,100,spectral_entropy,0.3544,,,
Social,Norwegian_Board_of_Directors_net1mode_2002-06-01,144,824,100,adamic_adar_entropy,0.0867018154956592,0.9999256395002974,0.5349436990971066,6.169925001442312
Social,Norwegian_Board_of_Directors_net1mode_2002-06-01,144,824,100,seal_entropy,0.0921730599325166,0.9997025580011898,0.5687008669370752,6.169925001442312
Social,Norwegian_Board_of_Directors_net1mode_2002-06-01,144,824,20,spectral_entropy,0.6747572815533981,,,
Social,Norwegian_Board_of_Directors_net1mode_2002-06-01,144,824,40,spectral_entropy,0.572933816266052,,,
Social,Norwegian_Board_of_Directors_net1mode_2002-06-01,144,824,60,spectral_entropy,0.4610174709458939,,,
Social,Norwegian_Board_of_Directors_net1mode_2002-06-01,144,824,80,spectral_entropy,0.4225487371554787,,,
Social,Norwegian_Board_of_Directors_net1mode_2002-06-01,144,824,100,spectral_entropy,0.3517048504195034,,,
Social,Norwegian_Board_of_Directors_net1mode_2002-07-01,137,790,100,adamic_adar_entropy,0.1055163500695803,0.999599423169364,0.6434420880011953,6.098032082960526
Social,Norwegian_Board_of_Directors_net1mode_2002-07-01,137,790,100,seal_entropy,0.1478691377243008,0.9952331357154304,0.901710745922495,6.098032082960526
Social,Norwegian_Board_of_Directors_net1mode_2002-07-01,137,790,20,spectral_entropy,0.7197191339964891,,,
Social,Norwegian_Board_of_Directors_net1mode_2002-07-01,137,790,40,spectral_entropy,0.5559345156889496,,,
Social,Norwegian_Board_of_Directors_net1mode_2002-07-01,137,790,60,spectral_entropy,0.5333090644339279,,,
Social,Norwegian_Board_of_Directors_net1mode_2002-07-01,137,790,80,spectral_entropy,0.4387136545772115,,,
Social,Norwegian_Board_of_Directors_net1mode_2002-07-01,137,790,100,spectral_entropy,0.348621103117506,,,
Social,Norwegian_Board_of_Directors_net1mode_2002-08-01,142,779,100,adamic_adar_entropy,0.0832092026294745,0.9926534859521332,0.5117155541868926,6.149747119504682
Social,Norwegian_Board_of_Directors_net1mode_2002-08-01,142,779,100,seal_entropy,0.0945863779972446,0.9992924037460978,0.5816823056329361,6.149747119504682
Social,Norwegian_Board_of_Directors_net1mode_2002-08-01,142,779,20,spectral_entropy,0.7222653219550039,,,
Social,Norwegian_Board_of_Directors_net1mode_2002-08-01,142,779,40,spectral_entropy,0.5821975433282854,,,
Social,Norwegian_Board_of_Directors_net1mode_2002-08-01,142,779,60,spectral_entropy,0.4898456539398862,,,
Social,Norwegian_Board_of_Directors_net1mode_2002-08-01,142,779,80,spectral_entropy,0.4436788808852698,,,
Social,Norwegian_Board_of_Directors_net1mode_2002-08-01,142,779,100,spectral_entropy,0.3559100107130103,,,
Social,Norwegian_Board_of_Directors_net1mode_2002-09-01,311,1343,100,adamic_adar_entropy,0.0565388977467287,0.9921335486745376,0.4116467540897853,7.280770770130603
Social,Norwegian_Board_of_Directors_net1mode_2002-09-01,311,1343,100,seal_entropy,0.1175645300079761,0.99167409222544,0.8559603936862152,7.280770770130603
Social,Norwegian_Board_of_Directors_net1mode_2002-09-01,311,1343,20,spectral_entropy,0.6125053168864313,,,
Social,Norwegian_Board_of_Directors_net1mode_2002-09-01,311,1343,40,spectral_entropy,0.4447244094488189,,,
Social,Norwegian_Board_of_Directors_net1mode_2002-09-01,311,1343,60,spectral_entropy,0.4061390686991021,,,
Social,Norwegian_Board_of_Directors_net1mode_2002-09-01,311,1343,80,spectral_entropy,0.3135964119072594,,,
Social,Norwegian_Board_of_Directors_net1mode_2002-09-01,311,1343,100,spectral_entropy,0.3142248803178865,,,
Social,Norwegian_Board_of_Directors_net1mode_2002-10-01,325,1330,100,adamic_adar_entropy,0.014572934891249,0.9998233365368308,0.1070279460881236,7.344295907915816
Social,Norwegian_Board_of_Directors_net1mode_2002-10-01,325,1330,100,seal_entropy,0.0387061556114256,0.9999152015376788,0.284269460268146,7.344295907915816
Social,Norwegian_Board_of_Directors_net1mode_2002-10-01,325,1330,20,spectral_entropy,0.7085916740478299,,,
Social,Norwegian_Board_of_Directors_net1mode_2002-10-01,325,1330,40,spectral_entropy,0.4828264137851277,,,
Social,Norwegian_Board_of_Directors_net1mode_2002-10-01,325,1330,60,spectral_entropy,0.4297683902003886,,,
Social,Norwegian_Board_of_Directors_net1mode_2002-10-01,325,1330,80,spectral_entropy,0.3356633795354719,,,
Social,Norwegian_Board_of_Directors_net1mode_2002-10-01,325,1330,100,spectral_entropy,0.3458000402873833,,,
Social,Norwegian_Board_of_Directors_net1mode_2002-11-01,328,1179,100,adamic_adar_entropy,0.0276478493254682,0.9955545495699412,0.2034204892279777,7.357552004618084
Social,Norwegian_Board_of_Directors_net1mode_2002-11-01,328,1179,100,seal_entropy,0.0096158895448828,0.9999637845178814,0.0707494073971389,7.357552004618084
Social,Norwegian_Board_of_Directors_net1mode_2002-11-01,328,1179,20,spectral_entropy,0.7397793640493187,,,
Social,Norwegian_Board_of_Directors_net1mode_2002-11-01,328,1179,40,spectral_entropy,0.4741664826672555,,,
Social,Norwegian_Board_of_Directors_net1mode_2002-11-01,328,1179,60,spectral_entropy,0.4006154860691323,,,
Social,Norwegian_Board_of_Directors_net1mode_2002-11-01,328,1179,80,spectral_entropy,0.3935773678677243,,,
Social,Norwegian_Board_of_Directors_net1mode_2002-11-01,328,1179,100,spectral_entropy,0.4014986886474335,,,
Social,Norwegian_Board_of_Directors_net1mode_2002-12-01,342,1324,100,adamic_adar_entropy,0.0393626348544518,0.9978549701561064,0.2919862199476312,7.417852514885897
Social,Norwegian_Board_of_Directors_net1mode_2002-12-01,342,1324,100,seal_entropy,0.0446534869216314,0.9996843434343434,0.3312329802600482,7.417852514885897
Social,Norwegian_Board_of_Directors_net1mode_2002-12-01,342,1324,20,spectral_entropy,0.7109190887666929,,,
Social,Norwegian_Board_of_Directors_net1mode_2002-12-01,342,1324,40,spectral_entropy,0.4746291959406714,,,
Social,Norwegian_Board_of_Directors_net1mode_2002-12-01,342,1324,60,spectral_entropy,0.3904555314533622,,,
Social,Norwegian_Board_of_Directors_net1mode_2002-12-01,342,1324,80,spectral_entropy,0.3996765835461879,,,
Social,Norwegian_Board_of_Directors_net1mode_2002-12-01,342,1324,100,spectral_entropy,0.3759228466910542,,,
Social,Norwegian_Board_of_Directors_net1mode_2003-01-01,337,1397,100,adamic_adar_entropy,0.0254656503793046,0.9980216081499466,0.18835935135147,7.396604781181859
Social,Norwegian_Board_of_Directors_net1mode_2003-01-01,337,1397,100,seal_entropy,0.1025125756913865,0.9975462802379208,0.7582450074901768,7.396604781181859
Social,Norwegian_Board_of_Directors_net1mode_2003-01-01,337,1397,20,spectral_entropy,0.6846673095467696,,,
Social,Norwegian_Board_of_Directors_net1mode_2003-01-01,337,1397,40,spectral_entropy,0.4720776782361461,,,
Social,Norwegian_Board_of_Directors_net1mode_2003-01-01,337,1397,60,spectral_entropy,0.396641343462615,,,
Social,Norwegian_Board_of_Directors_net1mode_2003-01-01,337,1397,80,spectral_entropy,0.3710088959382112,,,
Social,Norwegian_Board_of_Directors_net1mode_2003-01-01,337,1397,100,spectral_entropy,0.3546593370403678,,,
Social,Norwegian_Board_of_Directors_net1mode_2003-02-01,339,1377,100,adamic_adar_entropy,0.025744218413845,0.9943735537190084,0.1906395792124025,7.405141463136344
Social,Norwegian_Board_of_Directors_net1mode_2003-02-01,339,1377,100,seal_entropy,0.0437408422840268,0.9960462809917356,0.3239071248299546,7.405141463136344
Social,Norwegian_Board_of_Directors_net1mode_2003-02-01,339,1377,20,spectral_entropy,0.657712818487063,,,
Social,Norwegian_Board_of_Directors_net1mode_2003-02-01,339,1377,40,spectral_entropy,0.473225404732254,,,
Social,Norwegian_Board_of_Directors_net1mode_2003-02-01,339,1377,60,spectral_entropy,0.3927061168421903,,,
Social,Norwegian_Board_of_Directors_net1mode_2003-02-01,339,1377,80,spectral_entropy,0.3629751372521593,,,
Social,Norwegian_Board_of_Directors_net1mode_2003-02-01,339,1377,100,spectral_entropy,0.353691559399905,,,
Social,Norwegian_Board_of_Directors_net1mode_2003-03-01,338,1371,100,adamic_adar_entropy,0.0445587431228614,0.9960972880814108,0.3297738856845651,7.400879436282184
Social,Norwegian_Board_of_Directors_net1mode_2003-03-01,338,1371,100,seal_entropy,0.0458852553995155,0.9933933613937876,0.3395912431148309,7.400879436282184
Social,Norwegian_Board_of_Directors_net1mode_2003-03-01,338,1371,20,spectral_entropy,0.6704248037044493,,,
Social,Norwegian_Board_of_Directors_net1mode_2003-03-01,338,1371,40,spectral_entropy,0.4703355704697987,,,
Social,Norwegian_Board_of_Directors_net1mode_2003-03-01,338,1371,60,spectral_entropy,0.3947007515497284,,,
Social,Norwegian_Board_of_Directors_net1mode_2003-03-01,338,1371,80,spectral_entropy,0.3631999165057663,,,
Social,Norwegian_Board_of_Directors_net1mode_2003-03-01,338,1371,100,spectral_entropy,0.3546759798214978,,,
Social,Norwegian_Board_of_Directors_net1mode_2003-04-01,340,1366,100,adamic_adar_entropy,0.0313224651815632,0.997973943028888,0.2320803896137635,7.409390936137703
Social,Norwegian_Board_of_Directors_net1mode_2003-04-01,340,1366,100,seal_entropy,0.0282155183159361,0.9997853184666372,0.2090598056685245,7.409390936137703
Social,Norwegian_Board_of_Directors_net1mode_2003-04-01,340,1366,20,spectral_entropy,0.70902210714997,,,
Social,Norwegian_Board_of_Directors_net1mode_2003-04-01,340,1366,40,spectral_entropy,0.472831478011683,,,
Social,Norwegian_Board_of_Directors_net1mode_2003-04-01,340,1366,60,spectral_entropy,0.3921728274439559,,,
Social,Norwegian_Board_of_Directors_net1mode_2003-04-01,340,1366,80,spectral_entropy,0.3655300993151913,,,
Social,Norwegian_Board_of_Directors_net1mode_2003-04-01,340,1366,100,spectral_entropy,0.3529244893748711,,,
Social,Norwegian_Board_of_Directors_net1mode_2003-05-01,338,1356,100,adamic_adar_entropy,0.0530556819056898,0.9976443675875872,0.3926587051937484,7.400879436282184
Social,Norwegian_Board_of_Directors_net1mode_2003-05-01,338,1356,100,seal_entropy,0.025940218291906,0.9999591508830218,0.1919804281292387,7.400879436282184
Social,Norwegian_Board_of_Directors_net1mode_2003-05-01,338,1356,20,spectral_entropy,0.7058359621451105,,,
Social,Norwegian_Board_of_Directors_net1mode_2003-05-01,338,1356,40,spectral_entropy,0.4829281617044523,,,
Social,Norwegian_Board_of_Directors_net1mode_2003-05-01,338,1356,60,spectral_entropy,0.3974889662545574,,,
Social,Norwegian_Board_of_Directors_net1mode_2003-05-01,338,1356,80,spectral_entropy,0.3587579137775098,,,
Social,Norwegian_Board_of_Directors_net1mode_2003-05-01,338,1356,100,spectral_entropy,0.3564036811892271,,,
Social,Norwegian_Board_of_Directors_net1mode_2003-06-01,336,1394,100,adamic_adar_entropy,0.0300926079970625,0.9980396977382122,0.2224541103935366,7.39231742277876
Social,Norwegian_Board_of_Directors_net1mode_2003-06-01,336,1394,100,seal_entropy,0.0527862739790175,0.9997023963562962,0.3902128928186645,7.39231742277876
Social,Norwegian_Board_of_Directors_net1mode_2003-06-01,336,1394,20,spectral_entropy,0.6900389538119087,,,
Social,Norwegian_Board_of_Directors_net1mode_2003-06-01,336,1394,40,spectral_entropy,0.4967811158798283,,,
Social,Norwegian_Board_of_Directors_net1mode_2003-06-01,336,1394,60,spectral_entropy,0.4086135850059816,,,
Social,Norwegian_Board_of_Directors_net1mode_2003-06-01,336,1394,80,spectral_entropy,0.3888343886560242,,,
Social,Norwegian_Board_of_Directors_net1mode_2003-06-01,336,1394,100,spectral_entropy,0.3685124199024789,,,
Social,Norwegian_Board_of_Directors_net1mode_2003-07-01,358,1548,100,adamic_adar_entropy,0.0368590281348544,0.989783307673778,0.2758461762902507,7.483815777264256
Social,Norwegian_Board_of_Directors_net1mode_2003-07-01,358,1548,100,seal_entropy,0.0842116507740615,0.992972423833014,0.6302244806923892,7.483815777264256
Social,Norwegian_Board_of_Directors_net1mode_2003-07-01,358,1548,20,spectral_entropy,0.7429577464788732,,,
Social,Norwegian_Board_of_Directors_net1mode_2003-07-01,358,1548,40,spectral_entropy,0.5173023490780501,,,
Social,Norwegian_Board_of_Directors_net1mode_2003-07-01,358,1548,60,spectral_entropy,0.4101851851851852,,,
Social,Norwegian_Board_of_Directors_net1mode_2003-07-01,358,1548,80,spectral_entropy,0.3857233301677746,,,
Social,Norwegian_Board_of_Directors_net1mode_2003-07-01,358,1548,100,spectral_entropy,0.3712565344098336,,,
Social,Norwegian_Board_of_Directors_net1mode_2003-08-01,377,1665,100,adamic_adar_entropy,0.0578807200890055,0.9918837756675594,0.4374868336196451,7.558420713268664
Social,Norwegian_Board_of_Directors_net1mode_2003-08-01,377,1665,100,seal_entropy,0.0827878406060655,0.9986472959445932,0.6257453292436701,7.558420713268664
Social,Norwegian_Board_of_Directors_net1mode_2003-08-01,377,1665,20,spectral_entropy,0.7361859838274932,,,
Social,Norwegian_Board_of_Directors_net1mode_2003-08-01,377,1665,40,spectral_entropy,0.4991896272285251,,,
Social,Norwegian_Board_of_Directors_net1mode_2003-08-01,377,1665,60,spectral_entropy,0.4401722090261283,,,
Social,Norwegian_Board_of_Directors_net1mode_2003-08-01,377,1665,80,spectral_entropy,0.3691237674925282,,,
Social,Norwegian_Board_of_Directors_net1mode_2003-08-01,377,1665,100,spectral_entropy,0.3614457831325301,,,
Social,Norwegian_Board_of_Directors_net1mode_2003-09-01,389,1628,100,adamic_adar_entropy,0.0743794204573154,0.9902816568047338,0.5655533209140485,7.603626344986193
Social,Norwegian_Board_of_Directors_net1mode_2003-09-01,389,1628,100,seal_entropy,0.0602456442363857,0.9996307692307692,0.4580853676864483,7.603626344986193
Social,Norwegian_Board_of_Directors_net1mode_2003-09-01,389,1628,20,spectral_entropy,0.7759078830823738,,,
Social,Norwegian_Board_of_Directors_net1mode_2003-09-01,389,1628,40,spectral_entropy,0.4926064493140923,,,
Social,Norwegian_Board_of_Directors_net1mode_2003-09-01,389,1628,60,spectral_entropy,0.4287168571560779,,,
Social,Norwegian_Board_of_Directors_net1mode_2003-09-01,389,1628,80,spectral_entropy,0.396332009273342,,,
Social,Norwegian_Board_of_Directors_net1mode_2003-09-01,389,1628,100,spectral_entropy,0.3712106023994682,,,
Social,Norwegian_Board_of_Directors_net1mode_2003-10-01,393,1638,100,adamic_adar_entropy,0.0524227687897559,0.9949779760401762,0.3993768617361317,7.618385502258606
Social,Norwegian_Board_of_Directors_net1mode_2003-10-01,393,1638,100,seal_entropy,0.0611298145804315,0.999195728006434,0.4657104931553164,7.618385502258606
Social,Norwegian_Board_of_Directors_net1mode_2003-10-01,393,1638,20,spectral_entropy,0.7790393013100436,,,
Social,Norwegian_Board_of_Directors_net1mode_2003-10-01,393,1638,40,spectral_entropy,0.4917817225509533,,,
Social,Norwegian_Board_of_Directors_net1mode_2003-10-01,393,1638,60,spectral_entropy,0.4286786957609957,,,
Social,Norwegian_Board_of_Directors_net1mode_2003-10-01,393,1638,80,spectral_entropy,0.3958699472759227,,,
Social,Norwegian_Board_of_Directors_net1mode_2003-10-01,393,1638,100,spectral_entropy,0.3734949885482549,,,
Social,Norwegian_Board_of_Directors_net1mode_2003-11-01,402,1684,100,adamic_adar_entropy,0.059401857179497,0.9931529903628118,0.45448667983236,7.651051691178928
Social,Norwegian_Board_of_Directors_net1mode_2003-11-01,402,1684,100,seal_entropy,0.0870478282954542,0.9932149943310656,0.6660074338933878,7.651051691178928
Social,Norwegian_Board_of_Directors_net1mode_2003-11-01,402,1684,20,spectral_entropy,0.7475743597900429,,,
Social,Norwegian_Board_of_Directors_net1mode_2003-11-01,402,1684,40,spectral_entropy,0.4864637985309549,,,
Social,Norwegian_Board_of_Directors_net1mode_2003-11-01,402,1684,60,spectral_entropy,0.4278336746505209,,,
Social,Norwegian_Board_of_Directors_net1mode_2003-11-01,402,1684,80,spectral_entropy,0.3952058393331345,,,
Social,Norwegian_Board_of_Directors_net1mode_2003-11-01,402,1684,100,spectral_entropy,0.3704905071310553,,,
Social,Norwegian_Board_of_Directors_net1mode_2003-12-01,389,1660,100,adamic_adar_entropy,0.0743749476389885,0.9876206633763972,0.5655193112747818,7.603626344986193
Social,Norwegian_Board_of_Directors_net1mode_2003-12-01,389,1660,100,seal_entropy,0.0922912811435946,0.9910817970677892,0.7017484167159633,7.603626344986193
Social,Norwegian_Board_of_Directors_net1mode_2003-12-01,389,1660,20,spectral_entropy,0.746191135734072,,,
Social,Norwegian_Board_of_Directors_net1mode_2003-12-01,389,1660,40,spectral_entropy,0.4717062263501892,,,
Social,Norwegian_Board_of_Directors_net1mode_2003-12-01,389,1660,60,spectral_entropy,0.4329781529063397,,,
Social,Norwegian_Board_of_Directors_net1mode_2003-12-01,389,1660,80,spectral_entropy,0.364308057383238,,,
Social,Norwegian_Board_of_Directors_net1mode_2003-12-01,389,1660,100,spectral_entropy,0.3675363642970607,,,
Social,Norwegian_Board_of_Directors_net1mode_2004-01-01,374,1610,100,adamic_adar_entropy,0.0692689210970044,0.9931522703599398,0.5227652368693766,7.546894459887637
Social,Norwegian_Board_of_Directors_net1mode_2004-01-01,374,1610,100,seal_entropy,0.0753664853138755,0.998640098761622,0.5687829104764907,7.546894459887637
Social,Norwegian_Board_of_Directors_net1mode_2004-01-01,374,1610,20,spectral_entropy,0.7369146005509642,,,
Social,Norwegian_Board_of_Directors_net1mode_2004-01-01,374,1610,40,spectral_entropy,0.4734308131241084,,,
Social,Norwegian_Board_of_Directors_net1mode_2004-01-01,374,1610,60,spectral_entropy,0.4291538516558186,,,
Social,Norwegian_Board_of_Directors_net1mode_2004-01-01,374,1610,80,spectral_entropy,0.3990728456623511,,,
Social,Norwegian_Board_of_Directors_net1mode_2004-01-01,374,1610,100,spectral_entropy,0.3681564125250869,,,
Social,Norwegian_Board_of_Directors_net1mode_2004-02-01,384,1653,100,adamic_adar_entropy,0.0891421103556352,0.982979797979798,0.67613956428264,7.584962500721156
Social,Norwegian_Board_of_Directors_net1mode_2004-02-01,384,1653,100,seal_entropy,0.0905157710888023,0.9947842056932966,0.6865587294324259,7.584962500721156
Social,Norwegian_Board_of_Directors_net1mode_2004-02-01,384,1653,20,spectral_entropy,0.7142857142857143,,,
Social,Norwegian_Board_of_Directors_net1mode_2004-02-01,384,1653,40,spectral_entropy,0.4752145510439349,,,
Social,Norwegian_Board_of_Directors_net1mode_2004-02-01,384,1653,60,spectral_entropy,0.4214227011231851,,,
Social,Norwegian_Board_of_Directors_net1mode_2004-02-01,384,1653,80,spectral_entropy,0.3904161484467698,,,
Social,Norwegian_Board_of_Directors_net1mode_2004-02-01,384,1653,100,spectral_entropy,0.3718847964436616,,,
Social,Norwegian_Board_of_Directors_net1mode_2004-03-01,395,1695,100,adamic_adar_entropy,0.0490244955624276,0.995327224789203,0.3738465293371789,7.625708843064466
Social,Norwegian_Board_of_Directors_net1mode_2004-03-01,395,1695,100,seal_entropy,0.0489159514118376,0.9994692005812688,0.3730188032481624,7.625708843064466
Social,Norwegian_Board_of_Directors_net1mode_2004-03-01,395,1695,20,spectral_entropy,0.7311399135925557,,,
Social,Norwegian_Board_of_Directors_net1mode_2004-03-01,395,1695,40,spectral_entropy,0.4762905666722717,,,
Social,Norwegian_Board_of_Directors_net1mode_2004-03-01,395,1695,60,spectral_entropy,0.4269308714253546,,,
Social,Norwegian_Board_of_Directors_net1mode_2004-03-01,395,1695,80,spectral_entropy,0.3925938384772797,,,
Social,Norwegian_Board_of_Directors_net1mode_2004-03-01,395,1695,100,spectral_entropy,0.3719612502284775,,,
Social,Norwegian_Board_of_Directors_net1mode_2004-04-01,441,1797,100,adamic_adar_entropy,0.0579463220516535,0.9885941294682692,0.4510909578152001,7.784634845557521
Social,Norwegian_Board_of_Directors_net1mode_2004-04-01,441,1797,100,seal_entropy,0.094938677448242,0.995041937911717,0.7390629366547307,7.784634845557521
Social,Norwegian_Board_of_Directors_net1mode_2004-04-01,441,1797,20,spectral_entropy,0.7056338028169014,,,
Social,Norwegian_Board_of_Directors_net1mode_2004-04-01,441,1797,40,spectral_entropy,0.4737516005121638,,,
Social,Norwegian_Board_of_Directors_net1mode_2004-04-01,441,1797,60,spectral_entropy,0.4290244729441331,,,
Social,Norwegian_Board_of_Directors_net1mode_2004-04-01,441,1797,80,spectral_entropy,0.4216924943097409,,,
Social,Norwegian_Board_of_Directors_net1mode_2004-04-01,441,1797,100,spectral_entropy,0.3787949295460044,,,
Social,Norwegian_Board_of_Directors_net1mode_2004-05-01,450,1818,100,adamic_adar_entropy,0.079596289372287,0.9843551973529432,0.6219479887878449,7.813781191217037
Social,Norwegian_Board_of_Directors_net1mode_2004-05-01,450,1818,100,seal_entropy,0.0895319539110403,0.9971806722370208,0.6995830974829976,7.813781191217037
Social,Norwegian_Board_of_Directors_net1mode_2004-05-01,450,1818,20,spectral_entropy,0.6868942267172355,,,
Social,Norwegian_Board_of_Directors_net1mode_2004-05-01,450,1818,40,spectral_entropy,0.4095926667097024,,,
Social,Norwegian_Board_of_Directors_net1mode_2004-05-01,450,1818,60,spectral_entropy,0.3958164798335837,,,
Social,Norwegian_Board_of_Directors_net1mode_2004-05-01,450,1818,80,spectral_entropy,0.3754019492983025,,,
Social,Norwegian_Board_of_Directors_net1mode_2004-05-01,450,1818,100,spectral_entropy,0.3589162102105946,,,
Social,Norwegian_Board_of_Directors_net1mode_2004-06-01,423,1747,100,adamic_adar_entropy,0.0459500963069424,0.9912069687440992,0.3549421554751724,7.72451385311995
Social,Norwegian_Board_of_Directors_net1mode_2004-06-01,423,1747,100,seal_entropy,0.0841979717593275,0.9985550200737268,0.650388399259528,7.72451385311995
Social,Norwegian_Board_of_Directors_net1mode_2004-06-01,423,1747,20,spectral_entropy,0.7598870056497176,,,
Social,Norwegian_Board_of_Directors_net1mode_2004-06-01,423,1747,40,spectral_entropy,0.4997719671632715,,,
Social,Norwegian_Board_of_Directors_net1mode_2004-06-01,423,1747,60,spectral_entropy,0.4404404404404404,,,
Social,Norwegian_Board_of_Directors_net1mode_2004-06-01,423,1747,80,spectral_entropy,0.3904611147574739,,,
Social,Norwegian_Board_of_Directors_net1mode_2004-06-01,423,1747,100,spectral_entropy,0.3838031224987704,,,
Social,Norwegian_Board_of_Directors_net1mode_2004-07-01,449,1909,100,adamic_adar_entropy,0.047553037617181,0.9944888778666444,0.3714164067585331,7.810571634741146
Social,Norwegian_Board_of_Directors_net1mode_2004-07-01,449,1909,100,seal_entropy,0.0680434560043808,0.999662443769332,0.5314582873975743,7.810571634741146
Social,Norwegian_Board_of_Directors_net1mode_2004-07-01,449,1909,20,spectral_entropy,0.7401954222995583,,,
Social,Norwegian_Board_of_Directors_net1mode_2004-07-01,449,1909,40,spectral_entropy,0.4363903065122391,,,
Social,Norwegian_Board_of_Directors_net1mode_2004-07-01,449,1909,60,spectral_entropy,0.3928902367113133,,,
Social,Norwegian_Board_of_Directors_net1mode_2004-07-01,449,1909,80,spectral_entropy,0.3678098286959779,,,
Social,Norwegian_Board_of_Directors_net1mode_2004-07-01,449,1909,100,spectral_entropy,0.369452107413486,,,
Social,Norwegian_Board_of_Directors_net1mode_2004-08-01,453,1929,100,adamic_adar_entropy,0.0479213687088842,0.9944476302917862,0.3749064660552614,7.823367240046235
Social,Norwegian_Board_of_Directors_net1mode_2004-08-01,453,1929,100,seal_entropy,0.1026258841945173,0.999129701467364,0.8028799803881659,7.823367240046235
Social,Norwegian_Board_of_Directors_net1mode_2004-08-01,453,1929,20,spectral_entropy,0.7293841336116911,,,
Social,Norwegian_Board_of_Directors_net1mode_2004-08-01,453,1929,40,spectral_entropy,0.4555198285101822,,,
Social,Norwegian_Board_of_Directors_net1mode_2004-08-01,453,1929,60,spectral_entropy,0.3972209636006645,,,
Social,Norwegian_Board_of_Directors_net1mode_2004-08-01,453,1929,80,spectral_entropy,0.3710668591960777,,,
Social,Norwegian_Board_of_Directors_net1mode_2004-08-01,453,1929,100,spectral_entropy,0.3754195356562056,,,
Social,Norwegian_Board_of_Directors_net1mode_2004-09-01,437,1852,100,adamic_adar_entropy,0.0581264627987513,0.9873484295105918,0.4517291935398147,7.771489469500599
Social,Norwegian_Board_of_Directors_net1mode_2004-09-01,437,1852,100,seal_entropy,0.0726780996156561,0.993718042366691,0.5648170858263871,7.771489469500599
Social,Norwegian_Board_of_Directors_net1mode_2004-09-01,437,1852,20,spectral_entropy,0.7201218667774546,,,
Social,Norwegian_Board_of_Directors_net1mode_2004-09-01,437,1852,40,spectral_entropy,0.5037404608849292,,,
Social,Norwegian_Board_of_Directors_net1mode_2004-09-01,437,1852,60,spectral_entropy,0.3883991747796286,,,
Social,Norwegian_Board_of_Directors_net1mode_2004-09-01,437,1852,80,spectral_entropy,0.371294084586202,,,
Social,Norwegian_Board_of_Directors_net1mode_2004-09-01,437,1852,100,spectral_entropy,0.3766148060424708,,,
Social,Norwegian_Board_of_Directors_net1mode_2004-10-01,452,1886,100,adamic_adar_entropy,0.0712288273627309,0.9861886033110766,0.5570221772595318,7.820178962415188
Social,Norwegian_Board_of_Directors_net1mode_2004-10-01,452,1886,100,seal_entropy,0.0816743825035448,0.9973052649353756,0.6387082878224726,7.820178962415188
Social,Norwegian_Board_of_Directors_net1mode_2004-10-01,452,1886,20,spectral_entropy,0.7098804279421019,,,
Social,Norwegian_Board_of_Directors_net1mode_2004-10-01,452,1886,40,spectral_entropy,0.4862609187679033,,,
Social,Norwegian_Board_of_Directors_net1mode_2004-10-01,452,1886,60,spectral_entropy,0.4038890437691664,,,
Social,Norwegian_Board_of_Directors_net1mode_2004-10-01,452,1886,80,spectral_entropy,0.3751576657370656,,,
Social,Norwegian_Board_of_Directors_net1mode_2004-10-01,452,1886,100,spectral_entropy,0.3748953974895397,,,
Social,Norwegian_Board_of_Directors_net1mode_2004-12-01,443,1892,100,adamic_adar_entropy,0.0778571320954684,0.980827104504353,0.6065975981915396,7.791162888555018
Social,Norwegian_Board_of_Directors_net1mode_2004-12-01,443,1892,100,seal_entropy,0.0936190279280908,0.9991251644690798,0.7294010960559371,7.791162888555018
Social,Norwegian_Board_of_Directors_net1mode_2004-12-01,443,1892,20,spectral_entropy,0.7446270543615676,,,
Social,Norwegian_Board_of_Directors_net1mode_2004-12-01,443,1892,40,spectral_entropy,0.480924611817607,,,
Social,Norwegian_Board_of_Directors_net1mode_2004-12-01,443,1892,60,spectral_entropy,0.4481198756007916,,,
Social,Norwegian_Board_of_Directors_net1mode_2004-12-01,443,1892,80,spectral_entropy,0.3913705044881397,,,
Social,Norwegian_Board_of_Directors_net1mode_2004-12-01,443,1892,100,spectral_entropy,0.3818673017791443,,,
Social,Norwegian_Board_of_Directors_net1mode_2005-01-01,465,1995,100,adamic_adar_entropy,0.0836686274893822,0.985392679694223,0.6577263519993889,7.861086905995395
Social,Norwegian_Board_of_Directors_net1mode_2005-01-01,465,1995,100,seal_entropy,0.1173184791224132,0.9966960006532622,0.9222507600604972,7.861086905995395
Social,Norwegian_Board_of_Directors_net1mode_2005-01-01,465,1995,20,spectral_entropy,0.7597535934291582,,,
Social,Norwegian_Board_of_Directors_net1mode_2005-01-01,465,1995,40,spectral_entropy,0.4864556792275714,,,
Social,Norwegian_Board_of_Directors_net1mode_2005-01-01,465,1995,60,spectral_entropy,0.4513618677042801,,,
Social,Norwegian_Board_of_Directors_net1mode_2005-01-01,465,1995,80,spectral_entropy,0.3902384666815244,,,
Social,Norwegian_Board_of_Directors_net1mode_2005-01-01,465,1995,100,spectral_entropy,0.3822915887539787,,,
Social,Norwegian_Board_of_Directors_net1mode_2005-02-01,455,1893,100,adamic_adar_entropy,0.0604592807878084,0.9928578427255677,0.4733794053312551,7.829722735086058
Social,Norwegian_Board_of_Directors_net1mode_2005-02-01,455,1893,100,seal_entropy,0.0802994161399324,0.9988802105204222,0.6287221641649652,7.829722735086058
Social,Norwegian_Board_of_Directors_net1mode_2005-02-01,455,1893,20,spectral_entropy,0.7529428251121076,,,
Social,Norwegian_Board_of_Directors_net1mode_2005-02-01,455,1893,40,spectral_entropy,0.4876366520674552,,,
Social,Norwegian_Board_of_Directors_net1mode_2005-02-01,455,1893,60,spectral_entropy,0.4592720970537261,,,
Social,Norwegian_Board_of_Directors_net1mode_2005-02-01,455,1893,80,spectral_entropy,0.4036712537498214,,,
Social,Norwegian_Board_of_Directors_net1mode_2005-02-01,455,1893,100,spectral_entropy,0.3915466708862985,,,
Social,Norwegian_Board_of_Directors_net1mode_2005-03-01,455,1882,100,adamic_adar_entropy,0.0773060322525562,0.9898992756903576,0.6052847982871359,7.829722735086058
Social,Norwegian_Board_of_Directors_net1mode_2005-03-01,455,1882,100,seal_entropy,0.0557277542800929,0.9947515844273428,0.436332864662133,7.829722735086058
Social,Norwegian_Board_of_Directors_net1mode_2005-03-01,455,1882,20,spectral_entropy,0.7463239836896084,,,
Social,Norwegian_Board_of_Directors_net1mode_2005-03-01,455,1882,40,spectral_entropy,0.4935192665706558,,,
Social,Norwegian_Board_of_Directors_net1mode_2005-03-01,455,1882,60,spectral_entropy,0.4462004167158077,,,
Social,Norwegian_Board_of_Directors_net1mode_2005-03-01,455,1882,80,spectral_entropy,0.3963727478821143,,,
Social,Norwegian_Board_of_Directors_net1mode_2005-03-01,455,1882,100,spectral_entropy,0.3854297157577148,,,
Social,Norwegian_Board_of_Directors_net1mode_2005-04-01,454,1870,100,adamic_adar_entropy,0.0509439972063733,0.9939589350567646,0.3987156642720942,7.826548487290914
Social,Norwegian_Board_of_Directors_net1mode_2005-04-01,454,1870,100,seal_entropy,0.1052893605285949,0.9980339729474678,0.8240522853729023,7.826548487290914
Social,Norwegian_Board_of_Directors_net1mode_2005-04-01,454,1870,20,spectral_entropy,0.7463051178697936,,,
Social,Norwegian_Board_of_Directors_net1mode_2005-04-01,454,1870,40,spectral_entropy,0.5003326214068134,,,
Social,Norwegian_Board_of_Directors_net1mode_2005-04-01,454,1870,60,spectral_entropy,0.453105196451204,,,
Social,Norwegian_Board_of_Directors_net1mode_2005-04-01,454,1870,80,spectral_entropy,0.397374787420058,,,
Social,Norwegian_Board_of_Directors_net1mode_2005-04-01,454,1870,100,spectral_entropy,0.3880139670776028,,,
Social,Norwegian_Board_of_Directors_net1mode_2005-05-01,470,1840,100,adamic_adar_entropy,0.0838399537826401,0.9815210007088846,0.6603668167681913,7.876516946564999
Social,Norwegian_Board_of_Directors_net1mode_2005-05-01,470,1840,100,seal_entropy,0.050759366168013,0.9997600129962192,0.399807007819253,7.876516946564999
Social,Norwegian_Board_of_Directors_net1mode_2005-05-01,470,1840,20,spectral_entropy,0.7446939025886394,,,
Social,Norwegian_Board_of_Directors_net1mode_2005-05-01,470,1840,40,spectral_entropy,0.4963066344419103,,,
Social,Norwegian_Board_of_Directors_net1mode_2005-05-01,470,1840,60,spectral_entropy,0.4264481430336507,,,
Social,Norwegian_Board_of_Directors_net1mode_2005-05-01,470,1840,80,spectral_entropy,0.3945886328436664,,,
Social,Norwegian_Board_of_Directors_net1mode_2005-05-01,470,1840,100,spectral_entropy,0.3977043808364147,,,
Social,Norwegian_Board_of_Directors_net1mode_2005-06-01,476,1836,100,adamic_adar_entropy,0.0620360340211839,0.9981438721796136,0.4897631833556187,7.894817763307943
Social,Norwegian_Board_of_Directors_net1mode_2005-06-01,476,1836,100,seal_entropy,0.0802609751432892,0.9984557016534386,0.6336457722616569,7.894817763307943
Social,Norwegian_Board_of_Directors_net1mode_2005-06-01,476,1836,20,spectral_entropy,0.7985166872682324,,,
Social,Norwegian_Board_of_Directors_net1mode_2005-06-01,476,1836,40,spectral_entropy,0.5102006520350889,,,
Social,Norwegian_Board_of_Directors_net1mode_2005-06-01,476,1836,60,spectral_entropy,0.4529911387285362,,,
Social,Norwegian_Board_of_Directors_net1mode_2005-06-01,476,1836,80,spectral_entropy,0.4122083844939484,,,
Social,Norwegian_Board_of_Directors_net1mode_2005-06-01,476,1836,100,spectral_entropy,0.4092181011282015,,,
Social,Norwegian_Board_of_Directors_net1mode_2005-07-01,466,1779,100,adamic_adar_entropy,0.051415500868069,0.992521325133902,0.404341069547129,7.86418614465428
Social,Norwegian_Board_of_Directors_net1mode_2005-07-01,466,1779,100,seal_entropy,0.0497273186847428,0.9980162666137672,0.3910648906113627,7.86418614465428
Social,Norwegian_Board_of_Directors_net1mode_2005-07-01,466,1779,20,spectral_entropy,0.7511737089201878,,,
Social,Norwegian_Board_of_Directors_net1mode_2005-07-01,466,1779,40,spectral_entropy,0.5163934426229508,,,
Social,Norwegian_Board_of_Directors_net1mode_2005-07-01,466,1779,60,spectral_entropy,0.4504701908153017,,,
Social,Norwegian_Board_of_Directors_net1mode_2005-07-01,466,1779,80,spectral_entropy,0.4256879865597122,,,
Social,Norwegian_Board_of_Directors_net1mode_2005-07-01,466,1779,100,spectral_entropy,0.4246900309505718,,,
Social,Norwegian_Board_of_Directors_net1mode_2005-08-01,437,1658,100,adamic_adar_entropy,0.0667552133390182,0.9921185458329148,0.5187874374984462,7.771489469500599
Social,Norwegian_Board_of_Directors_net1mode_2005-08-01,437,1658,100,seal_entropy,0.0658421503111872,0.9986765363587408,0.5116915777926672,7.771489469500599
Social,Norwegian_Board_of_Directors_net1mode_2005-08-01,437,1658,20,spectral_entropy,0.7712935768101137,,,
Social,Norwegian_Board_of_Directors_net1mode_2005-08-01,437,1658,40,spectral_entropy,0.5221838087006626,,,
Social,Norwegian_Board_of_Directors_net1mode_2005-08-01,437,1658,60,spectral_entropy,0.4887394272903291,,,
Social,Norwegian_Board_of_Directors_net1mode_2005-08-01,437,1658,80,spectral_entropy,0.4408121568126676,,,
Social,Norwegian_Board_of_Directors_net1mode_2005-08-01,437,1658,100,spectral_entropy,0.4393041598270409,,,
Social,Norwegian_Board_of_Directors_net1mode_2005-09-01,393,1490,100,adamic_adar_entropy,0.1087291216788419,0.9797137516328094,0.8283403642714016,7.618385502258606
Social,Norwegian_Board_of_Directors_net1mode_2005-09-01,393,1490,100,seal_entropy,0.1187802205406665,0.9851695869555426,0.9049135101220938,7.618385502258606
Social,Norwegian_Board_of_Directors_net1mode_2005-09-01,393,1490,20,spectral_entropy,0.8055915838017006,,,
Social,Norwegian_Board_of_Directors_net1mode_2005-09-01,393,1490,40,spectral_entropy,0.5462320477650475,,,
Social,Norwegian_Board_of_Directors_net1mode_2005-09-01,393,1490,60,spectral_entropy,0.5093560145808019,,,
Social,Norwegian_Board_of_Directors_net1mode_2005-09-01,393,1490,80,spectral_entropy,0.4708273219466033,,,
Social,Norwegian_Board_of_Directors_net1mode_2005-09-01,393,1490,100,spectral_entropy,0.4491038445751813,,,
Social,Norwegian_Board_of_Directors_net1mode_2005-10-01,403,1533,100,adamic_adar_entropy,0.0530044924313316,0.9962621214062968,0.4057300974387092,7.654636028527968
Social,Norwegian_Board_of_Directors_net1mode_2005-10-01,403,1533,100,seal_entropy,0.0868037526600762,0.9986330044000172,0.6644511325232503,7.654636028527968
Social,Norwegian_Board_of_Directors_net1mode_2005-10-01,403,1533,20,spectral_entropy,0.7962496501539322,,,
Social,Norwegian_Board_of_Directors_net1mode_2005-10-01,403,1533,40,spectral_entropy,0.5811088295687885,,,
Social,Norwegian_Board_of_Directors_net1mode_2005-10-01,403,1533,60,spectral_entropy,0.5291505244259662,,,
Social,Norwegian_Board_of_Directors_net1mode_2005-10-01,403,1533,80,spectral_entropy,0.4957785046018103,,,
Social,Norwegian_Board_of_Directors_net1mode_2005-10-01,403,1533,100,spectral_entropy,0.4675546107771171,,,
Social,Norwegian_Board_of_Directors_net1mode_2005-11-01,401,1520,100,adamic_adar_entropy,0.061128292164425,0.9972569684903048,0.4674760730076306,7.64745842645492
Social,Norwegian_Board_of_Directors_net1mode_2005-11-01,401,1520,100,seal_entropy,0.1242395324850612,0.9987231648199446,0.9501166596017012,7.64745842645492
Social,Norwegian_Board_of_Directors_net1mode_2005-11-01,401,1520,20,spectral_entropy,0.8335841107433042,,,
Social,Norwegian_Board_of_Directors_net1mode_2005-11-01,401,1520,40,spectral_entropy,0.5882608318138404,,,
Social,Norwegian_Board_of_Directors_net1mode_2005-11-01,401,1520,60,spectral_entropy,0.5286343612334802,,,
Social,Norwegian_Board_of_Directors_net1mode_2005-11-01,401,1520,80,spectral_entropy,0.4894952421000171,,,
Social,Norwegian_Board_of_Directors_net1mode_2005-11-01,401,1520,100,spectral_entropy,0.4648027012269186,,,
Social,Norwegian_Board_of_Directors_net1mode_2005-12-01,405,1521,100,adamic_adar_entropy,0.0625443779667604,0.9897853185595568,0.4792011452444977,7.661778097771988
Social,Norwegian_Board_of_Directors_net1mode_2005-12-01,405,1521,100,seal_entropy,0.1210589181012701,0.9924039127423824,0.9275265672482846,7.661778097771988
Social,Norwegian_Board_of_Directors_net1mode_2005-12-01,405,1521,20,spectral_entropy,0.8821304282039644,,,
Social,Norwegian_Board_of_Directors_net1mode_2005-12-01,405,1521,40,spectral_entropy,0.5953104646113765,,,
Social,Norwegian_Board_of_Directors_net1mode_2005-12-01,405,1521,60,spectral_entropy,0.5225110671564472,,,
Social,Norwegian_Board_of_Directors_net1mode_2005-12-01,405,1521,80,spectral_entropy,0.4891194919848215,,,
Social,Norwegian_Board_of_Directors_net1mode_2005-12-01,405,1521,100,spectral_entropy,0.4692771017268061,,,
Social,Norwegian_Board_of_Directors_net1mode_2006-01-01,473,1743,100,adamic_adar_entropy,0.0559745175444289,0.992345422116528,0.4413980499995258,7.885696373339394
Social,Norwegian_Board_of_Directors_net1mode_2006-01-01,473,1743,100,seal_entropy,0.1022338170218477,0.9945418813581716,0.8061848401218276,7.885696373339394
Social,Norwegian_Board_of_Directors_net1mode_2006-01-01,473,1743,20,spectral_entropy,0.821209570758687,,,
Social,Norwegian_Board_of_Directors_net1mode_2006-01-01,473,1743,40,spectral_entropy,0.5623992039254709,,,
Social,Norwegian_Board_of_Directors_net1mode_2006-01-01,473,1743,60,spectral_entropy,0.5018396995789554,,,
Social,Norwegian_Board_of_Directors_net1mode_2006-01-01,473,1743,80,spectral_entropy,0.4639993996773265,,,
Social,Norwegian_Board_of_Directors_net1mode_2006-01-01,473,1743,100,spectral_entropy,0.4540315438391528,,,
Social,Norwegian_Board_of_Directors_net1mode_2006-02-01,490,1785,100,adamic_adar_entropy,0.0873012057187038,0.9880187369065272,0.692878061427733,7.936637939002571
Social,Norwegian_Board_of_Directors_net1mode_2006-02-01,490,1785,100,seal_entropy,0.1048807357648193,0.9980227385071676,0.8324004265415694,7.936637939002571
Social,Norwegian_Board_of_Directors_net1mode_2006-02-01,490,1785,20,spectral_entropy,0.7977715877437326,,,
Social,Norwegian_Board_of_Directors_net1mode_2006-02-01,490,1785,40,spectral_entropy,0.5285528877352369,,,
Social,Norwegian_Board_of_Directors_net1mode_2006-02-01,490,1785,60,spectral_entropy,0.490738382037192,,,
Social,Norwegian_Board_of_Directors_net1mode_2006-02-01,490,1785,80,spectral_entropy,0.4694788834285429,,,
Social,Norwegian_Board_of_Directors_net1mode_2006-02-01,490,1785,100,spectral_entropy,0.4500533822442443,,,
Social,Norwegian_Board_of_Directors_net1mode_2006-03-01,492,1805,100,adamic_adar_entropy,0.0839687078692542,0.983939656693856,0.6669226802461448,7.94251450533924
Social,Norwegian_Board_of_Directors_net1mode_2006-03-01,492,1805,100,seal_entropy,0.143363632864537,0.992633574021071,1.1386677335647148,7.94251450533924
Social,Norwegian_Board_of_Directors_net1mode_2006-03-01,492,1805,20,spectral_entropy,0.8023857753769975,,,
Social,Norwegian_Board_of_Directors_net1mode_2006-03-01,492,1805,40,spectral_entropy,0.5381473615422316,,,
Social,Norwegian_Board_of_Directors_net1mode_2006-03-01,492,1805,60,spectral_entropy,0.4892643435410067,,,
Social,Norwegian_Board_of_Directors_net1mode_2006-03-01,492,1805,80,spectral_entropy,0.4702985458599272,,,
Social,Norwegian_Board_of_Directors_net1mode_2006-03-01,492,1805,100,spectral_entropy,0.4500657622110516,,,
Social,Norwegian_Board_of_Directors_net1mode_2006-04-01,484,1769,100,adamic_adar_entropy,0.0594263396149994,0.9934635539969024,0.4705890561030137,7.918863237274595
Social,Norwegian_Board_of_Directors_net1mode_2006-04-01,484,1769,100,seal_entropy,0.1203053220875277,0.9939972233145276,0.9526813923274028,7.918863237274595
Social,Norwegian_Board_of_Directors_net1mode_2006-04-01,484,1769,20,spectral_entropy,0.8257539492580181,,,
Social,Norwegian_Board_of_Directors_net1mode_2006-04-01,484,1769,40,spectral_entropy,0.5594286104845876,,,
Social,Norwegian_Board_of_Directors_net1mode_2006-04-01,484,1769,60,spectral_entropy,0.5007807062099066,,,
Social,Norwegian_Board_of_Directors_net1mode_2006-04-01,484,1769,80,spectral_entropy,0.4634140370633308,,,
Social,Norwegian_Board_of_Directors_net1mode_2006-04-01,484,1769,100,spectral_entropy,0.4435243245228281,,,
Social,Norwegian_Board_of_Directors_net1mode_2006-05-01,494,1789,100,adamic_adar_entropy,0.0832471924590256,0.9797683779394112,0.6616792566627427,7.948367231584678
Social,Norwegian_Board_of_Directors_net1mode_2006-05-01,494,1789,100,seal_entropy,0.1048125197017059,0.9940211378669116,0.8330883970568626,7.948367231584678
Social,Norwegian_Board_of_Directors_net1mode_2006-05-01,494,1789,20,spectral_entropy,0.8164427237531313,,,
Social,Norwegian_Board_of_Directors_net1mode_2006-05-01,494,1789,40,spectral_entropy,0.5601323757217294,,,
Social,Norwegian_Board_of_Directors_net1mode_2006-05-01,494,1789,60,spectral_entropy,0.4836123643685446,,,
Social,Norwegian_Board_of_Directors_net1mode_2006-05-01,494,1789,80,spectral_entropy,0.4288957260229774,,,
Social,Norwegian_Board_of_Directors_net1mode_2006-05-01,494,1789,100,spectral_entropy,0.43045968172401,,,
Social,Norwegian_Board_of_Directors_net1mode_2006-06-01,520,1814,100,adamic_adar_entropy,0.0833349684171694,0.9857795854827386,0.6685437683296427,8.022367813028454
Social,Norwegian_Board_of_Directors_net1mode_2006-06-01,520,1814,100,seal_entropy,0.075966434892724,0.9976801684930252,0.609430682153911,8.022367813028454
Social,Norwegian_Board_of_Directors_net1mode_2006-06-01,520,1814,20,spectral_entropy,0.8313099780321425,,,
Social,Norwegian_Board_of_Directors_net1mode_2006-06-01,520,1814,40,spectral_entropy,0.5769422725004159,,,
Social,Norwegian_Board_of_Directors_net1mode_2006-06-01,520,1814,60,spectral_entropy,0.4939642259229888,,,
Social,Norwegian_Board_of_Directors_net1mode_2006-06-01,520,1814,80,spectral_entropy,0.447314431776141,,,
Social,Norwegian_Board_of_Directors_net1mode_2006-06-01,520,1814,100,spectral_entropy,0.4412400229307228,,,
Social,Norwegian_Board_of_Directors_net1mode_2006-07-01,542,1841,100,adamic_adar_entropy,0.0764166765743383,0.9784713197069944,0.6176109693187377,8.08214904135387
Social,Norwegian_Board_of_Directors_net1mode_2006-07-01,542,1841,100,seal_entropy,0.0818200108841088,0.9905998936672968,0.6612815225305634,8.08214904135387
Social,Norwegian_Board_of_Directors_net1mode_2006-07-01,542,1841,20,spectral_entropy,0.8316900591578703,,,
Social,Norwegian_Board_of_Directors_net1mode_2006-07-01,542,1841,40,spectral_entropy,0.516951037397134,,,
Social,Norwegian_Board_of_Directors_net1mode_2006-07-01,542,1841,60,spectral_entropy,0.4759534516494456,,,
Social,Norwegian_Board_of_Directors_net1mode_2006-07-01,542,1841,80,spectral_entropy,0.4315461657823062,,,
Social,Norwegian_Board_of_Directors_net1mode_2006-07-01,542,1841,100,spectral_entropy,0.4273224232181966,,,
Social,Norwegian_Board_of_Directors_net1mode_2006-08-01,560,1919,100,adamic_adar_entropy,0.0889483714857532,0.983250277798608,0.723086485704046,8.129283016944967
Social,Norwegian_Board_of_Directors_net1mode_2006-08-01,560,1919,100,seal_entropy,0.0637907916531911,0.9988751712807368,0.5185733992237612,8.129283016944967
Social,Norwegian_Board_of_Directors_net1mode_2006-08-01,560,1919,20,spectral_entropy,0.7673509286412512,,,
Social,Norwegian_Board_of_Directors_net1mode_2006-08-01,560,1919,40,spectral_entropy,0.529771406198235,,,
Social,Norwegian_Board_of_Directors_net1mode_2006-08-01,560,1919,60,spectral_entropy,0.4906125576823762,,,
Social,Norwegian_Board_of_Directors_net1mode_2006-08-01,560,1919,80,spectral_entropy,0.4370742276202579,,,
Social,Norwegian_Board_of_Directors_net1mode_2006-08-01,560,1919,100,spectral_entropy,0.4400852737518798,,,
Social,Norwegian_Board_of_Directors_net1mode_2006-09-01,561,1935,100,adamic_adar_entropy,0.0860692836218962,0.9866027014936336,0.6999031031153294,8.131856960608793
Social,Norwegian_Board_of_Directors_net1mode_2006-09-01,561,1935,100,seal_entropy,0.0854608203170439,0.9968418030433536,0.6949551665544914,8.131856960608793
Social,Norwegian_Board_of_Directors_net1mode_2006-09-01,561,1935,20,spectral_entropy,0.7895258877206903,,,
Social,Norwegian_Board_of_Directors_net1mode_2006-09-01,561,1935,40,spectral_entropy,0.5443853761397048,,,
Social,Norwegian_Board_of_Directors_net1mode_2006-09-01,561,1935,60,spectral_entropy,0.4921787437259393,,,
Social,Norwegian_Board_of_Directors_net1mode_2006-09-01,561,1935,80,spectral_entropy,0.449597336944723,,,
Social,Norwegian_Board_of_Directors_net1mode_2006-09-01,561,1935,100,spectral_entropy,0.4485702890352198,,,
Social,Norwegian_Board_of_Directors_net1mode_2006-10-01,592,2122,100,adamic_adar_entropy,0.0408020383315554,0.9938367746529012,0.334962430905509,8.20945336562895
Social,Norwegian_Board_of_Directors_net1mode_2006-10-01,592,2122,100,seal_entropy,0.0570808443895572,0.9997107511569954,0.468602530086793,8.20945336562895
Social,Norwegian_Board_of_Directors_net1mode_2006-10-01,592,2122,20,spectral_entropy,0.7821552723059096,,,
Social,Norwegian_Board_of_Directors_net1mode_2006-10-01,592,2122,40,spectral_entropy,0.5353412020078687,,,
Social,Norwegian_Board_of_Directors_net1mode_2006-10-01,592,2122,60,spectral_entropy,0.4471280726237685,,,
Social,Norwegian_Board_of_Directors_net1mode_2006-10-01,592,2122,80,spectral_entropy,0.4166399589769886,,,
Social,Norwegian_Board_of_Directors_net1mode_2006-10-01,592,2122,100,spectral_entropy,0.4231826647352706,,,
Social,Norwegian_Board_of_Directors_net1mode_2006-11-01,609,2189,100,adamic_adar_entropy,0.0851142824137377,0.986948143415947,0.7022182295392929,8.250298417906333
Social,Norwegian_Board_of_Directors_net1mode_2006-11-01,609,2189,100,seal_entropy,0.0634737051926515,0.9981305866397164,0.5236770095295858,8.250298417906333
Social,Norwegian_Board_of_Directors_net1mode_2006-11-01,609,2189,20,spectral_entropy,0.7948482060717571,,,
Social,Norwegian_Board_of_Directors_net1mode_2006-11-01,609,2189,40,spectral_entropy,0.5499344692005242,,,
Social,Norwegian_Board_of_Directors_net1mode_2006-11-01,609,2189,60,spectral_entropy,0.4715385552112791,,,
Social,Norwegian_Board_of_Directors_net1mode_2006-11-01,609,2189,80,spectral_entropy,0.4188647952432203,,,
Social,Norwegian_Board_of_Directors_net1mode_2006-11-01,609,2189,100,spectral_entropy,0.423746889441877,,,
Social,Norwegian_Board_of_Directors_net1mode_2006-12-01,631,2226,100,adamic_adar_entropy,0.0638081417964211,0.9892538820855952,0.529703046331897,8.30149619498255
Social,Norwegian_Board_of_Directors_net1mode_2006-12-01,631,2226,100,seal_entropy,0.0718116444909269,0.9963287463704078,0.5961440934968698,8.30149619498255
Social,Norwegian_Board_of_Directors_net1mode_2006-12-01,631,2226,20,spectral_entropy,0.8012960854715824,,,
Social,Norwegian_Board_of_Directors_net1mode_2006-12-01,631,2226,40,spectral_entropy,0.5375409673254544,,,
Social,Norwegian_Board_of_Directors_net1mode_2006-12-01,631,2226,60,spectral_entropy,0.4549642491013612,,,
Social,Norwegian_Board_of_Directors_net1mode_2006-12-01,631,2226,80,spectral_entropy,0.4295199889334624,,,
Social,Norwegian_Board_of_Directors_net1mode_2006-12-01,631,2226,100,spectral_entropy,0.4332285911361625,,,
Social,Norwegian_Board_of_Directors_net1mode_2007-01-01,646,2284,100,adamic_adar_entropy,0.0550058226650404,0.9928487611572792,0.4584950036941824,8.335390354693924
Social,Norwegian_Board_of_Directors_net1mode_2007-01-01,646,2284,100,seal_entropy,0.0871074141388423,0.9989131271160356,0.7260742996352361,8.335390354693924
Social,Norwegian_Board_of_Directors_net1mode_2007-01-01,646,2284,20,spectral_entropy,0.7831067795161152,,,
Social,Norwegian_Board_of_Directors_net1mode_2007-01-01,646,2284,40,spectral_entropy,0.5298997746127655,,,
Social,Norwegian_Board_of_Directors_net1mode_2007-01-01,646,2284,60,spectral_entropy,0.4753683241252302,,,
Social,Norwegian_Board_of_Directors_net1mode_2007-01-01,646,2284,80,spectral_entropy,0.4389014353743222,,,
Social,Norwegian_Board_of_Directors_net1mode_2007-01-01,646,2284,100,spectral_entropy,0.4418465750850608,,,
Social,Norwegian_Board_of_Directors_net1mode_2007-02-01,652,2296,100,adamic_adar_entropy,0.0917093778724508,0.976635292219042,0.7656566650507467,8.348728154231077
Social,Norwegian_Board_of_Directors_net1mode_2007-02-01,652,2296,100,seal_entropy,0.0686404763327896,0.997275501825034,0.5730606772793928,8.348728154231077
Social,Norwegian_Board_of_Directors_net1mode_2007-02-01,652,2296,20,spectral_entropy,0.7816711590296497,,,
Social,Norwegian_Board_of_Directors_net1mode_2007-02-01,652,2296,40,spectral_entropy,0.5400331035845747,,,
Social,Norwegian_Board_of_Directors_net1mode_2007-02-01,652,2296,60,spectral_entropy,0.4753808846011914,,,
Social,Norwegian_Board_of_Directors_net1mode_2007-02-01,652,2296,80,spectral_entropy,0.4443431296906782,,,
Social,Norwegian_Board_of_Directors_net1mode_2007-02-01,652,2296,100,spectral_entropy,0.4321326303958038,,,
Social,Norwegian_Board_of_Directors_net1mode_2007-03-01,653,2300,100,adamic_adar_entropy,0.0463808894266545,0.9976370510396976,0.3873239867880218,8.350939181546432
Social,Norwegian_Board_of_Directors_net1mode_2007-03-01,653,2300,100,seal_entropy,0.1200961968134832,0.9981616257088848,1.0029160355244289,8.350939181546432
Social,Norwegian_Board_of_Directors_net1mode_2007-03-01,653,2300,20,spectral_entropy,0.8028325228222849,,,
Social,Norwegian_Board_of_Directors_net1mode_2007-03-01,653,2300,40,spectral_entropy,0.5540084284200409,,,
Social,Norwegian_Board_of_Directors_net1mode_2007-03-01,653,2300,60,spectral_entropy,0.4805599363945622,,,
Social,Norwegian_Board_of_Directors_net1mode_2007-03-01,653,2300,80,spectral_entropy,0.4427092350843173,,,
Social,Norwegian_Board_of_Directors_net1mode_2007-03-01,653,2300,100,spectral_entropy,0.4340229149160364,,,
Social,Norwegian_Board_of_Directors_net1mode_2007-04-01,672,2350,100,adamic_adar_entropy,0.0491233039053755,0.9888524219103666,0.4122583592295387,8.39231742277876
Social,Norwegian_Board_of_Directors_net1mode_2007-04-01,672,2350,100,seal_entropy,0.0461285276130802,0.9994703485740154,0.3871252459743841,8.39231742277876
Social,Norwegian_Board_of_Directors_net1mode_2007-04-01,672,2350,20,spectral_entropy,0.7938968668407311,,,
Social,Norwegian_Board_of_Directors_net1mode_2007-04-01,672,2350,40,spectral_entropy,0.5465102500296244,,,
Social,Norwegian_Board_of_Directors_net1mode_2007-04-01,672,2350,60,spectral_entropy,0.4783783447262585,,,
Social,Norwegian_Board_of_Directors_net1mode_2007-04-01,672,2350,80,spectral_entropy,0.4455617051839959,,,
Social,Norwegian_Board_of_Directors_net1mode_2007-04-01,672,2350,100,spectral_entropy,0.4366044613957591,,,
Social,Norwegian_Board_of_Directors_net1mode_2007-05-01,682,2351,100,adamic_adar_entropy,0.0918441993446204,0.9790425531914894,0.7727429207247625,8.413627929024173
Social,Norwegian_Board_of_Directors_net1mode_2007-05-01,682,2351,100,seal_entropy,0.0934505377505156,0.99350837483024,0.7862580544000665,8.413627929024173
Social,Norwegian_Board_of_Directors_net1mode_2007-05-01,682,2351,20,spectral_entropy,0.7756728189283681,,,
Social,Norwegian_Board_of_Directors_net1mode_2007-05-01,682,2351,40,spectral_entropy,0.5235626991297732,,,
Social,Norwegian_Board_of_Directors_net1mode_2007-05-01,682,2351,60,spectral_entropy,0.4568860941252197,,,
Social,Norwegian_Board_of_Directors_net1mode_2007-05-01,682,2351,80,spectral_entropy,0.4243060912955698,,,
Social,Norwegian_Board_of_Directors_net1mode_2007-05-01,682,2351,100,spectral_entropy,0.4303283999896322,,,
Social,Norwegian_Board_of_Directors_net1mode_2007-06-01,708,2414,100,adamic_adar_entropy,0.0772893387923719,0.9882448649300116,0.6544556341205334,8.467605550082997
Social,Norwegian_Board_of_Directors_net1mode_2007-06-01,708,2414,100,seal_entropy,0.0786712416246349,0.9984762659045128,0.666157042212679,8.467605550082997
Social,Norwegian_Board_of_Directors_net1mode_2007-06-01,708,2414,20,spectral_entropy,0.767590618336887,,,
Social,Norwegian_Board_of_Directors_net1mode_2007-06-01,708,2414,40,spectral_entropy,0.5326613082286069,,,
Social,Norwegian_Board_of_Directors_net1mode_2007-06-01,708,2414,60,spectral_entropy,0.4492836408994998,,,
Social,Norwegian_Board_of_Directors_net1mode_2007-06-01,708,2414,80,spectral_entropy,0.4256698016280724,,,
Social,Norwegian_Board_of_Directors_net1mode_2007-06-01,708,2414,100,spectral_entropy,0.4336581709145427,,,
Social,Norwegian_Board_of_Directors_net1mode_2007-07-01,828,2835,100,adamic_adar_entropy,0.0618424581245647,0.9873712630914276,0.537626603125602,8.693486957499326
Social,Norwegian_Board_of_Directors_net1mode_2007-07-01,828,2835,100,seal_entropy,0.0356908049954442,0.9993561210492428,0.3102775477305461,8.693486957499326
Social,Norwegian_Board_of_Directors_net1mode_2007-07-01,828,2835,20,spectral_entropy,0.7689070578333533,,,
Social,Norwegian_Board_of_Directors_net1mode_2007-07-01,828,2835,40,spectral_entropy,0.5441082981189933,,,
Social,Norwegian_Board_of_Directors_net1mode_2007-07-01,828,2835,60,spectral_entropy,0.4577993813521873,,,
Social,Norwegian_Board_of_Directors_net1mode_2007-07-01,828,2835,80,spectral_entropy,0.4345438962986769,,,
Social,Norwegian_Board_of_Directors_net1mode_2007-07-01,828,2835,100,spectral_entropy,0.4395223101462485,,,
Social,Norwegian_Board_of_Directors_net1mode_2007-08-01,789,2716,100,adamic_adar_entropy,0.1029709562160787,0.9783414561351744,0.8880093233208275,8.623881490013458
Social,Norwegian_Board_of_Directors_net1mode_2007-08-01,789,2716,100,seal_entropy,0.0636434915940569,0.9971171684489348,0.548853929117815,8.623881490013458
Social,Norwegian_Board_of_Directors_net1mode_2007-08-01,789,2716,20,spectral_entropy,0.76347771891555,,,
Social,Norwegian_Board_of_Directors_net1mode_2007-08-01,789,2716,40,spectral_entropy,0.5573257746065878,,,
Social,Norwegian_Board_of_Directors_net1mode_2007-08-01,789,2716,60,spectral_entropy,0.4621027142582142,,,
Social,Norwegian_Board_of_Directors_net1mode_2007-08-01,789,2716,80,spectral_entropy,0.4392911804765716,,,
Social,Norwegian_Board_of_Directors_net1mode_2007-08-01,789,2716,100,spectral_entropy,0.446213966873232,,,
Social,Norwegian_Board_of_Directors_net1mode_2007-09-01,808,2760,100,adamic_adar_entropy,0.0969634086673234,0.97600786336904,0.8395296983301745,8.658211482751796
Social,Norwegian_Board_of_Directors_net1mode_2007-09-01,808,2760,100,seal_entropy,0.077422413619237,0.9921038122243224,0.6703396306204369,8.658211482751796
Social,Norwegian_Board_of_Directors_net1mode_2007-09-01,808,2760,20,spectral_entropy,0.7762968299711815,,,
Social,Norwegian_Board_of_Directors_net1mode_2007-09-01,808,2760,40,spectral_entropy,0.5509804294490196,,,
Social,Norwegian_Board_of_Directors_net1mode_2007-09-01,808,2760,60,spectral_entropy,0.4713976043394632,,,
Social,Norwegian_Board_of_Directors_net1mode_2007-09-01,808,2760,80,spectral_entropy,0.4457723416038233,,,
Social,Norwegian_Board_of_Directors_net1mode_2007-09-01,808,2760,100,spectral_entropy,0.4489325239841761,,,
Social,Norwegian_Board_of_Directors_net1mode_2007-10-01,834,2854,100,adamic_adar_entropy,0.0707596800633398,0.9882440751000308,0.615885432159105,8.703903573444663
Social,Norwegian_Board_of_Directors_net1mode_2007-10-01,834,2854,100,seal_entropy,0.0723311981458042,0.9982733148661126,0.6295637740127992,8.703903573444663
Social,Norwegian_Board_of_Directors_net1mode_2007-10-01,834,2854,20,spectral_entropy,0.7747148288973383,,,
Social,Norwegian_Board_of_Directors_net1mode_2007-10-01,834,2854,40,spectral_entropy,0.5529508346255587,,,
Social,Norwegian_Board_of_Directors_net1mode_2007-10-01,834,2854,60,spectral_entropy,0.4814964153299962,,,
Social,Norwegian_Board_of_Directors_net1mode_2007-10-01,834,2854,80,spectral_entropy,0.4488386275653603,,,
Social,Norwegian_Board_of_Directors_net1mode_2007-10-01,834,2854,100,spectral_entropy,0.4487123392032615,,,
Social,Norwegian_Board_of_Directors_net1mode_2007-11-01,816,2746,100,adamic_adar_entropy,0.078212118414011,0.9843381408820806,0.6782887577829444,8.672425341971495
Social,Norwegian_Board_of_Directors_net1mode_2007-11-01,816,2746,100,seal_entropy,0.0541352716873218,0.9966722074578384,0.4694841020756417,8.672425341971495
Social,Norwegian_Board_of_Directors_net1mode_2007-11-01,816,2746,20,spectral_entropy,0.7926496452180241,,,
Social,Norwegian_Board_of_Directors_net1mode_2007-11-01,816,2746,40,spectral_entropy,0.5521782233777894,,,
Social,Norwegian_Board_of_Directors_net1mode_2007-11-01,816,2746,60,spectral_entropy,0.4741105463786531,,,
Social,Norwegian_Board_of_Directors_net1mode_2007-11-01,816,2746,80,spectral_entropy,0.4563219896190194,,,
Social,Norwegian_Board_of_Directors_net1mode_2007-11-01,816,2746,100,spectral_entropy,0.4564986765824751,,,
Social,Norwegian_Board_of_Directors_net1mode_2007-12-01,825,2819,100,adamic_adar_entropy,0.0604525191657933,0.9880650789193896,0.525226618330083,8.688250309133178
Social,Norwegian_Board_of_Directors_net1mode_2007-12-01,825,2819,100,seal_entropy,0.055624462664092,0.9982111815351028,0.4832792549366649,8.688250309133178
Social,Norwegian_Board_of_Directors_net1mode_2007-12-01,825,2819,20,spectral_entropy,0.7663760603204525,,,
Social,Norwegian_Board_of_Directors_net1mode_2007-12-01,825,2819,40,spectral_entropy,0.5427239210583388,,,
Social,Norwegian_Board_of_Directors_net1mode_2007-12-01,825,2819,60,spectral_entropy,0.5082469866779445,,,
Social,Norwegian_Board_of_Directors_net1mode_2007-12-01,825,2819,80,spectral_entropy,0.4628683802733709,,,
Social,Norwegian_Board_of_Directors_net1mode_2007-12-01,825,2819,100,spectral_entropy,0.4561016472938801,,,
Social,Norwegian_Board_of_Directors_net1mode_2008-01-01,856,2861,100,adamic_adar_entropy,0.0994358686038373,0.9863639420020538,0.8692153626645661,8.741466986401146
Social,Norwegian_Board_of_Directors_net1mode_2008-01-01,856,2861,100,seal_entropy,0.1133476296504995,0.9932423345884884,0.9908245625766656,8.741466986401146
Social,Norwegian_Board_of_Directors_net1mode_2008-01-01,856,2861,20,spectral_entropy,0.7292898575209776,,,
Social,Norwegian_Board_of_Directors_net1mode_2008-01-01,856,2861,40,spectral_entropy,0.5452045873883,,,
Social,Norwegian_Board_of_Directors_net1mode_2008-01-01,856,2861,60,spectral_entropy,0.4889528434811284,,,
Social,Norwegian_Board_of_Directors_net1mode_2008-01-01,856,2861,80,spectral_entropy,0.4617418697678811,,,
Social,Norwegian_Board_of_Directors_net1mode_2008-01-01,856,2861,100,spectral_entropy,0.4562795821772482,,,
Social,Norwegian_Board_of_Directors_net1mode_2008-02-01,882,2937,100,adamic_adar_entropy,0.1070616101768704,0.9738818640098208,0.940497151381232,8.784634845557521
Social,Norwegian_Board_of_Directors_net1mode_2008-02-01,882,2937,100,seal_entropy,0.063505345780548,0.9974954218168204,0.5578712734229818,8.784634845557521
Social,Norwegian_Board_of_Directors_net1mode_2008-02-01,882,2937,20,spectral_entropy,0.7904802379940501,,,
Social,Norwegian_Board_of_Directors_net1mode_2008-02-01,882,2937,40,spectral_entropy,0.5809937420921246,,,
Social,Norwegian_Board_of_Directors_net1mode_2008-02-01,882,2937,60,spectral_entropy,0.5052556026707716,,,
Social,Norwegian_Board_of_Directors_net1mode_2008-02-01,882,2937,80,spectral_entropy,0.4912124671463084,,,
Social,Norwegian_Board_of_Directors_net1mode_2008-02-01,882,2937,100,spectral_entropy,0.4776920064055845,,,
Social,Norwegian_Board_of_Directors_net1mode_2008-03-01,841,2776,100,adamic_adar_entropy,0.0728749709003334,0.990216703189676,0.6351754764082557,8.715961990255144
Social,Norwegian_Board_of_Directors_net1mode_2008-03-01,841,2776,100,seal_entropy,0.040599866928999,0.9993734274815356,0.3538668969625726,8.715961990255144
Social,Norwegian_Board_of_Directors_net1mode_2008-03-01,841,2776,20,spectral_entropy,0.8093101514301738,,,
Social,Norwegian_Board_of_Directors_net1mode_2008-03-01,841,2776,40,spectral_entropy,0.5785427255545974,,,
Social,Norwegian_Board_of_Directors_net1mode_2008-03-01,841,2776,60,spectral_entropy,0.4908777969018933,,,
Social,Norwegian_Board_of_Directors_net1mode_2008-03-01,841,2776,80,spectral_entropy,0.4830035306675425,,,
Social,Norwegian_Board_of_Directors_net1mode_2008-03-01,841,2776,100,spectral_entropy,0.4774942848884568,,,
Social,Norwegian_Board_of_Directors_net1mode_2008-04-01,859,2813,100,adamic_adar_entropy,0.0939487430230012,0.9807294107217488,0.8217240263036377,8.746514321138463
Social,Norwegian_Board_of_Directors_net1mode_2008-04-01,859,2813,100,seal_entropy,0.1002466226220822,0.9940350299514952,0.8768085204098053,8.746514321138463
Social,Norwegian_Board_of_Directors_net1mode_2008-04-01,859,2813,20,spectral_entropy,0.7821478382147838,,,
Social,Norwegian_Board_of_Directors_net1mode_2008-04-01,859,2813,40,spectral_entropy,0.5444934825002565,,,
Social,Norwegian_Board_of_Directors_net1mode_2008-04-01,859,2813,60,spectral_entropy,0.4858482408777357,,,
Social,Norwegian_Board_of_Directors_net1mode_2008-04-01,859,2813,80,spectral_entropy,0.474257782491349,,,
Social,Norwegian_Board_of_Directors_net1mode_2008-04-01,859,2813,100,spectral_entropy,0.4723079069334862,,,
Social,Norwegian_Board_of_Directors_net1mode_2008-05-01,870,2832,100,adamic_adar_entropy,0.0882121247085313,0.9820652648928068,0.7731679458162751,8.76487159073609
Social,Norwegian_Board_of_Directors_net1mode_2008-05-01,870,2832,100,seal_entropy,0.0703842825717572,0.9969221740813344,0.6169091987475368,8.76487159073609
Social,Norwegian_Board_of_Directors_net1mode_2008-05-01,870,2832,20,spectral_entropy,0.7852051411573217,,,
Social,Norwegian_Board_of_Directors_net1mode_2008-05-01,870,2832,40,spectral_entropy,0.5563725066173035,,,
Social,Norwegian_Board_of_Directors_net1mode_2008-05-01,870,2832,60,spectral_entropy,0.4940363242071021,,,
Social,Norwegian_Board_of_Directors_net1mode_2008-05-01,870,2832,80,spectral_entropy,0.4802189599402837,,,
Social,Norwegian_Board_of_Directors_net1mode_2008-05-01,870,2832,100,spectral_entropy,0.4744948149362626,,,
Social,Norwegian_Board_of_Directors_net1mode_2008-06-01,852,2798,100,adamic_adar_entropy,0.0746700764618341,0.9838422176068304,0.6522214352141814,8.734709620225837
Social,Norwegian_Board_of_Directors_net1mode_2008-06-01,852,2798,100,seal_entropy,0.0655400651587119,0.99849590855124,0.5724734376520292,8.734709620225837
Social,Norwegian_Board_of_Directors_net1mode_2008-06-01,852,2798,20,spectral_entropy,0.7988496564946477,,,
Social,Norwegian_Board_of_Directors_net1mode_2008-06-01,852,2798,40,spectral_entropy,0.5653122726800374,,,
Social,Norwegian_Board_of_Directors_net1mode_2008-06-01,852,2798,60,spectral_entropy,0.5062458908612755,,,
Social,Norwegian_Board_of_Directors_net1mode_2008-06-01,852,2798,80,spectral_entropy,0.49215847421364,,,
Social,Norwegian_Board_of_Directors_net1mode_2008-06-01,852,2798,100,spectral_entropy,0.4893219017926734,,,
Social,Norwegian_Board_of_Directors_net1mode_2008-07-01,840,2700,100,adamic_adar_entropy,0.0900129513538919,0.9856395747599452,0.7843949578675515,8.714245517666123
Social,Norwegian_Board_of_Directors_net1mode_2008-07-01,840,2700,100,seal_entropy,0.0889412180761904,0.993758573388203,0.7750556109562079,8.714245517666123
Social,Norwegian_Board_of_Directors_net1mode_2008-07-01,840,2700,20,spectral_entropy,0.7472680522819799,,,
Social,Norwegian_Board_of_Directors_net1mode_2008-07-01,840,2700,40,spectral_entropy,0.5870013111069489,,,
Social,Norwegian_Board_of_Directors_net1mode_2008-07-01,840,2700,60,spectral_entropy,0.4962552396845263,,,
Social,Norwegian_Board_of_Directors_net1mode_2008-07-01,840,2700,80,spectral_entropy,0.4768241605849641,,,
Social,Norwegian_Board_of_Directors_net1mode_2008-07-01,840,2700,100,spectral_entropy,0.4830394075584011,,,
Social,Norwegian_Board_of_Directors_net1mode_2008-08-01,833,2632,100,adamic_adar_entropy,0.0835607405969238,0.9826511876707774,0.7271599943914666,8.702172685365548
Social,Norwegian_Board_of_Directors_net1mode_2008-08-01,833,2632,100,seal_entropy,0.0407254698405191,0.999638566409808,0.3544000712448444,8.702172685365548
Social,Norwegian_Board_of_Directors_net1mode_2008-08-01,833,2632,20,spectral_entropy,0.7856730213749278,,,
Social,Norwegian_Board_of_Directors_net1mode_2008-08-01,833,2632,40,spectral_entropy,0.5826296088678323,,,
Social,Norwegian_Board_of_Directors_net1mode_2008-08-01,833,2632,60,spectral_entropy,0.5217435740201339,,,
Social,Norwegian_Board_of_Directors_net1mode_2008-08-01,833,2632,80,spectral_entropy,0.4982142342809412,,,
Social,Norwegian_Board_of_Directors_net1mode_2008-08-01,833,2632,100,spectral_entropy,0.4986442952275864,,,
Social,Norwegian_Board_of_Directors_net1mode_2008-09-01,837,2632,100,adamic_adar_entropy,0.1068145197292308,0.9713310876259597,0.9302566047191834,8.709083812550343
Social,Norwegian_Board_of_Directors_net1mode_2008-09-01,837,2632,100,seal_entropy,0.099693944420178,0.9935773251022856,0.8682429175590666,8.709083812550343
Social,Norwegian_Board_of_Directors_net1mode_2008-09-01,837,2632,20,spectral_entropy,0.7799040594212616,,,
Social,Norwegian_Board_of_Directors_net1mode_2008-09-01,837,2632,40,spectral_entropy,0.5918525631555621,,,
Social,Norwegian_Board_of_Directors_net1mode_2008-09-01,837,2632,60,spectral_entropy,0.520793125165065,,,
Social,Norwegian_Board_of_Directors_net1mode_2008-09-01,837,2632,80,spectral_entropy,0.4946060455014776,,,
Social,Norwegian_Board_of_Directors_net1mode_2008-09-01,837,2632,100,spectral_entropy,0.5015888182747433,,,
Social,Norwegian_Board_of_Directors_net1mode_2008-10-01,851,2664,100,adamic_adar_entropy,0.0758175907867359,0.9826233817626772,0.6621161819938814,8.733015321685963
Social,Norwegian_Board_of_Directors_net1mode_2008-10-01,851,2664,100,seal_entropy,0.0539230125805109,0.9953254847645427,0.4709104950570668,8.733015321685963
Social,Norwegian_Board_of_Directors_net1mode_2008-10-01,851,2664,20,spectral_entropy,0.7950594218693238,,,
Social,Norwegian_Board_of_Directors_net1mode_2008-10-01,851,2664,40,spectral_entropy,0.5758509520332009,,,
Social,Norwegian_Board_of_Directors_net1mode_2008-10-01,851,2664,60,spectral_entropy,0.5164924054045956,,,
Social,Norwegian_Board_of_Directors_net1mode_2008-10-01,851,2664,80,spectral_entropy,0.5018899471958043,,,
Social,Norwegian_Board_of_Directors_net1mode_2008-10-01,851,2664,100,spectral_entropy,0.5016966648729972,,,
Social,Norwegian_Board_of_Directors_net1mode_2008-11-01,842,2629,100,adamic_adar_entropy,0.091477651894448,0.982875283446712,0.7974725691577043,8.717676423066395
Social,Norwegian_Board_of_Directors_net1mode_2008-11-01,842,2629,100,seal_entropy,0.1058486348928352,0.9969197278911563,0.922754148819033,8.717676423066395
Social,Norwegian_Board_of_Directors_net1mode_2008-11-01,842,2629,20,spectral_entropy,0.7731985893994421,,,
Social,Norwegian_Board_of_Directors_net1mode_2008-11-01,842,2629,40,spectral_entropy,0.5878825325288943,,,
Social,Norwegian_Board_of_Directors_net1mode_2008-11-01,842,2629,60,spectral_entropy,0.5158076690975667,,,
Social,Norwegian_Board_of_Directors_net1mode_2008-11-01,842,2629,80,spectral_entropy,0.5056134810858793,,,
Social,Norwegian_Board_of_Directors_net1mode_2008-11-01,842,2629,100,spectral_entropy,0.5037515782213793,,,
Social,Norwegian_Board_of_Directors_net1mode_2008-12-01,839,2615,100,adamic_adar_entropy,0.100532745228187,0.9786329785872796,0.8758942572289176,8.712527000439824
Social,Norwegian_Board_of_Directors_net1mode_2008-12-01,839,2615,100,seal_entropy,0.1095185448904535,0.993295043669958,0.9541832794069574,8.712527000439824
Social,Norwegian_Board_of_Directors_net1mode_2008-12-01,839,2615,20,spectral_entropy,0.7813252045563933,,,
Social,Norwegian_Board_of_Directors_net1mode_2008-12-01,839,2615,40,spectral_entropy,0.5728243169893251,,,
Social,Norwegian_Board_of_Directors_net1mode_2008-12-01,839,2615,60,spectral_entropy,0.5116954609626537,,,
Social,Norwegian_Board_of_Directors_net1mode_2008-12-01,839,2615,80,spectral_entropy,0.5042188549239438,,,
Social,Norwegian_Board_of_Directors_net1mode_2008-12-01,839,2615,100,spectral_entropy,0.5022032828635418,,,
Social,Norwegian_Board_of_Directors_net1mode_2009-01-01,822,2555,100,adamic_adar_entropy,0.1097037872412876,0.9739239662838302,0.9525573904254684,8.682994583681683
Social,Norwegian_Board_of_Directors_net1mode_2009-01-01,822,2555,100,seal_entropy,0.1152415623385454,0.9885034141260182,1.000641861600605,8.682994583681683
Social,Norwegian_Board_of_Directors_net1mode_2009-01-01,822,2555,20,spectral_entropy,0.7888040712468194,,,
Social,Norwegian_Board_of_Directors_net1mode_2009-01-01,822,2555,40,spectral_entropy,0.5702455324713062,,,
Social,Norwegian_Board_of_Directors_net1mode_2009-01-01,822,2555,60,spectral_entropy,0.5159524060229547,,,
Social,Norwegian_Board_of_Directors_net1mode_2009-01-01,822,2555,80,spectral_entropy,0.5059411157868174,,,
Social,Norwegian_Board_of_Directors_net1mode_2009-01-01,822,2555,100,spectral_entropy,0.505822668050271,,,
Social,Norwegian_Board_of_Directors_net1mode_2009-02-01,827,2556,100,adamic_adar_entropy,0.0872970399049273,0.98672454532573,0.7587634808364884,8.691743519171276
Social,Norwegian_Board_of_Directors_net1mode_2009-02-01,827,2556,100,seal_entropy,0.0650517726003715,0.9992379012028906,0.5654133229098831,8.691743519171276
Social,Norwegian_Board_of_Directors_net1mode_2009-02-01,827,2556,20,spectral_entropy,0.7658038684937687,,,
Social,Norwegian_Board_of_Directors_net1mode_2009-02-01,827,2556,40,spectral_entropy,0.569121068260483,,,
Social,Norwegian_Board_of_Directors_net1mode_2009-02-01,827,2556,60,spectral_entropy,0.521413264701765,,,
Social,Norwegian_Board_of_Directors_net1mode_2009-02-01,827,2556,80,spectral_entropy,0.5122516355706325,,,
Social,Norwegian_Board_of_Directors_net1mode_2009-02-01,827,2556,100,spectral_entropy,0.508934682210579,,,
Social,Norwegian_Board_of_Directors_net1mode_2009-03-01,834,2591,100,adamic_adar_entropy,0.0899002997122891,0.979705505284656,0.7824835399195397,8.703903573444663
Social,Norwegian_Board_of_Directors_net1mode_2009-03-01,834,2591,100,seal_entropy,0.0612067971554472,0.9985987090234194,0.5327380604803997,8.703903573444663
Social,Norwegian_Board_of_Directors_net1mode_2009-03-01,834,2591,20,spectral_entropy,0.7948632790877893,,,
Social,Norwegian_Board_of_Directors_net1mode_2009-03-01,834,2591,40,spectral_entropy,0.5861622959116727,,,
Social,Norwegian_Board_of_Directors_net1mode_2009-03-01,834,2591,60,spectral_entropy,0.5207337031605348,,,
Social,Norwegian_Board_of_Directors_net1mode_2009-03-01,834,2591,80,spectral_entropy,0.5030495636665223,,,
Social,Norwegian_Board_of_Directors_net1mode_2009-03-01,834,2591,100,spectral_entropy,0.5056046865318538,,,
Social,Norwegian_Board_of_Directors_net1mode_2009-04-01,809,2512,100,adamic_adar_entropy,0.1071384077990991,0.9714389454135648,0.9278181714616864,8.659995892429977
Social,Norwegian_Board_of_Directors_net1mode_2009-04-01,809,2512,100,seal_entropy,0.1099295807940991,0.98525817050523,0.9519897181334476,8.659995892429977
Social,Norwegian_Board_of_Directors_net1mode_2009-04-01,809,2512,20,spectral_entropy,0.7733014680778423,,,
Social,Norwegian_Board_of_Directors_net1mode_2009-04-01,809,2512,40,spectral_entropy,0.5983967702490246,,,
Social,Norwegian_Board_of_Directors_net1mode_2009-04-01,809,2512,60,spectral_entropy,0.5329109083956957,,,
Social,Norwegian_Board_of_Directors_net1mode_2009-04-01,809,2512,80,spectral_entropy,0.5125469214176601,,,
Social,Norwegian_Board_of_Directors_net1mode_2009-04-01,809,2512,100,spectral_entropy,0.5119135058906484,,,
Social,Norwegian_Board_of_Directors_net1mode_2009-05-01,809,2506,100,adamic_adar_entropy,0.1158083519745053,0.9800259759921276,1.002899852408301,8.659995892429977
Social,Norwegian_Board_of_Directors_net1mode_2009-05-01,809,2506,100,seal_entropy,0.0939628585076504,0.9953147597021526,0.8137179687172323,8.659995892429977
Social,Norwegian_Board_of_Directors_net1mode_2009-05-01,809,2506,20,spectral_entropy,0.8039451803429095,,,
Social,Norwegian_Board_of_Directors_net1mode_2009-05-01,809,2506,40,spectral_entropy,0.5807025688641287,,,
Social,Norwegian_Board_of_Directors_net1mode_2009-05-01,809,2506,60,spectral_entropy,0.5214332820400088,,,
Social,Norwegian_Board_of_Directors_net1mode_2009-05-01,809,2506,80,spectral_entropy,0.5106346997916875,,,
Social,Norwegian_Board_of_Directors_net1mode_2009-05-01,809,2506,100,spectral_entropy,0.5077739097708991,,,
Social,Norwegian_Board_of_Directors_net1mode_2009-06-01,802,2469,100,adamic_adar_entropy,0.0881217708643126,0.9869655913005196,0.7620293500147296,8.64745842645492
Social,Norwegian_Board_of_Directors_net1mode_2009-06-01,802,2469,100,seal_entropy,0.0505628603005052,0.99851058839987,0.4372402323712672,8.64745842645492
Social,Norwegian_Board_of_Directors_net1mode_2009-06-01,802,2469,20,spectral_entropy,0.8120009394081729,,,
Social,Norwegian_Board_of_Directors_net1mode_2009-06-01,802,2469,40,spectral_entropy,0.5842692186017083,,,
Social,Norwegian_Board_of_Directors_net1mode_2009-06-01,802,2469,60,spectral_entropy,0.5133006126812839,,,
Social,Norwegian_Board_of_Directors_net1mode_2009-06-01,802,2469,80,spectral_entropy,0.4970349742621958,,,
Social,Norwegian_Board_of_Directors_net1mode_2009-06-01,802,2469,100,spectral_entropy,0.5018304299270814,,,
Social,Norwegian_Board_of_Directors_net1mode_2009-07-01,831,2601,100,adamic_adar_entropy,0.0764269343274157,0.9871708579881658,0.6648153303008422,8.698704666770345
Social,Norwegian_Board_of_Directors_net1mode_2009-07-01,831,2601,100,seal_entropy,0.1090859999995332,0.994326923076923,0.9489068972752496,8.698704666770345
Social,Norwegian_Board_of_Directors_net1mode_2009-07-01,831,2601,20,spectral_entropy,0.7518180326972497,,,
Social,Norwegian_Board_of_Directors_net1mode_2009-07-01,831,2601,40,spectral_entropy,0.5808379856764225,,,
Social,Norwegian_Board_of_Directors_net1mode_2009-07-01,831,2601,60,spectral_entropy,0.4999235123145173,,,
Social,Norwegian_Board_of_Directors_net1mode_2009-07-01,831,2601,80,spectral_entropy,0.4922047359905868,,,
Social,Norwegian_Board_of_Directors_net1mode_2009-07-01,831,2601,100,spectral_entropy,0.4910900463249963,,,
Social,Norwegian_Board_of_Directors_net1mode_2009-08-01,818,2577,100,adamic_adar_entropy,0.0840521996866289,0.9831388443774154,0.7292332730054327,8.67595703294175
Social,Norwegian_Board_of_Directors_net1mode_2009-08-01,818,2577,100,seal_entropy,0.1080834617672077,0.9955396361579792,0.9377274702638968,8.67595703294175
Social,Norwegian_Board_of_Directors_net1mode_2009-08-01,818,2577,20,spectral_entropy,0.7672398918732386,,,
Social,Norwegian_Board_of_Directors_net1mode_2009-08-01,818,2577,40,spectral_entropy,0.5670162278015921,,,
Social,Norwegian_Board_of_Directors_net1mode_2009-08-01,818,2577,60,spectral_entropy,0.50459357868321,,,
Social,Norwegian_Board_of_Directors_net1mode_2009-08-01,818,2577,80,spectral_entropy,0.4780043596973507,,,
Social,Norwegian_Board_of_Directors_net1mode_2009-08-01,818,2577,100,spectral_entropy,0.479583712465878,,,
Social,Norwegian_Board_of_Directors_net1mode_2009-09-01,814,2550,100,adamic_adar_entropy,0.1023546072358862,0.975920799692426,0.8873003177376433,8.668884984266247
Social,Norwegian_Board_of_Directors_net1mode_2009-09-01,814,2550,100,seal_entropy,0.1026985053562986,0.9950903498654364,0.890281530989804,8.668884984266247
Social,Norwegian_Board_of_Directors_net1mode_2009-09-01,814,2550,20,spectral_entropy,0.72048908696149,,,
Social,Norwegian_Board_of_Directors_net1mode_2009-09-01,814,2550,40,spectral_entropy,0.5449601642866649,,,
Social,Norwegian_Board_of_Directors_net1mode_2009-09-01,814,2550,60,spectral_entropy,0.4987854427415226,,,
Social,Norwegian_Board_of_Directors_net1mode_2009-09-01,814,2550,80,spectral_entropy,0.484354219851109,,,
Social,Norwegian_Board_of_Directors_net1mode_2009-09-01,814,2550,100,spectral_entropy,0.4849921831282486,,,
Social,Norwegian_Board_of_Directors_net1mode_2009-10-01,814,2644,100,adamic_adar_entropy,0.0934062160052549,0.9810785410927456,0.809727743365084,8.668884984266247
Social,Norwegian_Board_of_Directors_net1mode_2009-10-01,814,2644,100,seal_entropy,0.0619721141446535,0.998045081496786,0.5372291297518208,8.668884984266247
Social,Norwegian_Board_of_Directors_net1mode_2009-10-01,814,2644,20,spectral_entropy,0.7388077012294131,,,
Social,Norwegian_Board_of_Directors_net1mode_2009-10-01,814,2644,40,spectral_entropy,0.5427841634738186,,,
Social,Norwegian_Board_of_Directors_net1mode_2009-10-01,814,2644,60,spectral_entropy,0.4811242597498235,,,
Social,Norwegian_Board_of_Directors_net1mode_2009-10-01,814,2644,80,spectral_entropy,0.4705662331683738,,,
Social,Norwegian_Board_of_Directors_net1mode_2009-10-01,814,2644,100,spectral_entropy,0.4791770920211287,,,
Social,Norwegian_Board_of_Directors_net1mode_2009-11-01,786,2536,100,adamic_adar_entropy,0.0938787935728681,0.9819548023917618,0.8090836334979354,8.618385502258606
Social,Norwegian_Board_of_Directors_net1mode_2009-11-01,786,2536,100,seal_entropy,0.0890636529179729,0.9928223801687616,0.7675848950864504,8.618385502258606
Social,Norwegian_Board_of_Directors_net1mode_2009-11-01,786,2536,20,spectral_entropy,0.732771683132311,,,
Social,Norwegian_Board_of_Directors_net1mode_2009-11-01,786,2536,40,spectral_entropy,0.5440262633368508,,,
Social,Norwegian_Board_of_Directors_net1mode_2009-11-01,786,2536,60,spectral_entropy,0.4823474596014148,,,
Social,Norwegian_Board_of_Directors_net1mode_2009-11-01,786,2536,80,spectral_entropy,0.4716364046464418,,,
Social,Norwegian_Board_of_Directors_net1mode_2009-11-01,786,2536,100,spectral_entropy,0.4839246216785624,,,
Social,Norwegian_Board_of_Directors_net1mode_2009-12-01,781,2533,100,adamic_adar_entropy,0.09948703404176,0.9816881219828462,0.8565016581931276,8.60917873814198
Social,Norwegian_Board_of_Directors_net1mode_2009-12-01,781,2533,100,seal_entropy,0.073394144685741,0.996844193785249,0.6318633099325978,8.60917873814198
Social,Norwegian_Board_of_Directors_net1mode_2009-12-01,781,2533,20,spectral_entropy,0.732493764068869,,,
Social,Norwegian_Board_of_Directors_net1mode_2009-12-01,781,2533,40,spectral_entropy,0.5509674144360491,,,
Social,Norwegian_Board_of_Directors_net1mode_2009-12-01,781,2533,60,spectral_entropy,0.4799257759784076,,,
Social,Norwegian_Board_of_Directors_net1mode_2009-12-01,781,2533,80,spectral_entropy,0.4722594640194025,,,
Social,Norwegian_Board_of_Directors_net1mode_2009-12-01,781,2533,100,spectral_entropy,0.4792721214839495,,,
Social,Norwegian_Board_of_Directors_net1mode_2010-01-01,770,2511,100,adamic_adar_entropy,0.0924752654068556,0.98214314058507,0.794243665429215,8.588714635582264
Social,Norwegian_Board_of_Directors_net1mode_2010-01-01,770,2511,100,seal_entropy,0.0708837653815352,0.998305582451072,0.6088004331575707,8.588714635582264
Social,Norwegian_Board_of_Directors_net1mode_2010-01-01,770,2511,20,spectral_entropy,0.7149240393208222,,,
Social,Norwegian_Board_of_Directors_net1mode_2010-01-01,770,2511,40,spectral_entropy,0.5260092037047824,,,
Social,Norwegian_Board_of_Directors_net1mode_2010-01-01,770,2511,60,spectral_entropy,0.4689370828865034,,,
Social,Norwegian_Board_of_Directors_net1mode_2010-01-01,770,2511,80,spectral_entropy,0.4637565259377735,,,
Social,Norwegian_Board_of_Directors_net1mode_2010-01-01,770,2511,100,spectral_entropy,0.4719921314894474,,,
Social,Norwegian_Board_of_Directors_net1mode_2010-02-01,776,2525,100,adamic_adar_entropy,0.0813686433533008,0.9806077835506324,0.6997632409253962,8.599912842187127
Social,Norwegian_Board_of_Directors_net1mode_2010-02-01,776,2525,100,seal_entropy,0.1046700366411137,0.9965336731692972,0.9001531923021114,8.599912842187127
Social,Norwegian_Board_of_Directors_net1mode_2010-02-01,776,2525,20,spectral_entropy,0.728078698081127,,,
Social,Norwegian_Board_of_Directors_net1mode_2010-02-01,776,2525,40,spectral_entropy,0.5243445692883895,,,
Social,Norwegian_Board_of_Directors_net1mode_2010-02-01,776,2525,60,spectral_entropy,0.4623717514712775,,,
Social,Norwegian_Board_of_Directors_net1mode_2010-02-01,776,2525,80,spectral_entropy,0.4557652775182209,,,
Social,Norwegian_Board_of_Directors_net1mode_2010-02-01,776,2525,100,spectral_entropy,0.468373900689234,,,
Social,Norwegian_Board_of_Directors_net1mode_2010-03-01,775,2504,100,adamic_adar_entropy,0.0929617213015877,0.987824,0.799289760256442,8.5980525001616
Social,Norwegian_Board_of_Directors_net1mode_2010-03-01,775,2504,100,seal_entropy,0.1189435386223688,0.996796,1.0226827896301265,8.5980525001616
Social,Norwegian_Board_of_Directors_net1mode_2010-03-01,775,2504,20,spectral_entropy,0.7147749206151548,,,
Social,Norwegian_Board_of_Directors_net1mode_2010-03-01,775,2504,40,spectral_entropy,0.5154458226070676,,,
Social,Norwegian_Board_of_Directors_net1mode_2010-03-01,775,2504,60,spectral_entropy,0.4562773761148345,,,
Social,Norwegian_Board_of_Directors_net1mode_2010-03-01,775,2504,80,spectral_entropy,0.4539307609087631,,,
Social,Norwegian_Board_of_Directors_net1mode_2010-03-01,775,2504,100,spectral_entropy,0.4679226039053836,,,
Social,Norwegian_Board_of_Directors_net1mode_2010-04-01,781,2514,100,adamic_adar_entropy,0.0921990781983061,0.9784666116410852,0.7937583437011468,8.60917873814198
Social,Norwegian_Board_of_Directors_net1mode_2010-04-01,781,2514,100,seal_entropy,0.0725499660879006,0.9961945048491292,0.6245956254968759,8.60917873814198
Social,Norwegian_Board_of_Directors_net1mode_2010-04-01,781,2514,20,spectral_entropy,0.7248733504284195,,,
Social,Norwegian_Board_of_Directors_net1mode_2010-04-01,781,2514,40,spectral_entropy,0.5286909161641704,,,
Social,Norwegian_Board_of_Directors_net1mode_2010-04-01,781,2514,60,spectral_entropy,0.4402056620540815,,,
Social,Norwegian_Board_of_Directors_net1mode_2010-04-01,781,2514,80,spectral_entropy,0.4403022516838216,,,
Social,Norwegian_Board_of_Directors_net1mode_2010-04-01,781,2514,100,spectral_entropy,0.4517873553738483,,,
Social,Norwegian_Board_of_Directors_net1mode_2010-05-01,777,2519,100,adamic_adar_entropy,0.0877160828156806,0.9804433834369528,0.754513638837473,8.60177078840771
Social,Norwegian_Board_of_Directors_net1mode_2010-05-01,777,2519,100,seal_entropy,0.0881122340564835,0.998031690572272,0.7579212410084033,8.60177078840771
Social,Norwegian_Board_of_Directors_net1mode_2010-05-01,777,2519,20,spectral_entropy,0.701842651405572,,,
Social,Norwegian_Board_of_Directors_net1mode_2010-05-01,777,2519,40,spectral_entropy,0.5200147466868463,,,
Social,Norwegian_Board_of_Directors_net1mode_2010-05-01,777,2519,60,spectral_entropy,0.450187265917603,,,
Social,Norwegian_Board_of_Directors_net1mode_2010-05-01,777,2519,80,spectral_entropy,0.4484649372970424,,,
Social,Norwegian_Board_of_Directors_net1mode_2010-05-01,777,2519,100,spectral_entropy,0.4573942246292836,,,
Social,Norwegian_Board_of_Directors_net1mode_2010-06-01,750,2452,100,adamic_adar_entropy,0.0832976358607456,0.9821532694710536,0.7122569920662949,8.550746785383243
Social,Norwegian_Board_of_Directors_net1mode_2010-06-01,750,2452,100,seal_entropy,0.1068415302262244,0.9933527696793004,0.9135748711273156,8.550746785383243
Social,Norwegian_Board_of_Directors_net1mode_2010-06-01,750,2452,20,spectral_entropy,0.7217762817193164,,,
Social,Norwegian_Board_of_Directors_net1mode_2010-06-01,750,2452,40,spectral_entropy,0.5277066644644479,,,
Social,Norwegian_Board_of_Directors_net1mode_2010-06-01,750,2452,60,spectral_entropy,0.4447170679343659,,,
Social,Norwegian_Board_of_Directors_net1mode_2010-06-01,750,2452,80,spectral_entropy,0.4521735005297364,,,
Social,Norwegian_Board_of_Directors_net1mode_2010-06-01,750,2452,100,spectral_entropy,0.4541313379169602,,,
Social,Norwegian_Board_of_Directors_net1mode_2010-07-01,747,2463,100,adamic_adar_entropy,0.1017803724056791,0.9683038370017848,0.8697096621625715,8.544964432789238
Social,Norwegian_Board_of_Directors_net1mode_2010-07-01,747,2463,100,seal_entropy,0.0920183981525346,0.996054762376892,0.7862939393756472,8.544964432789238
Social,Norwegian_Board_of_Directors_net1mode_2010-07-01,747,2463,20,spectral_entropy,0.7756653992395437,,,
Social,Norwegian_Board_of_Directors_net1mode_2010-07-01,747,2463,40,spectral_entropy,0.5792420327304049,,,
Social,Norwegian_Board_of_Directors_net1mode_2010-07-01,747,2463,60,spectral_entropy,0.4918294686872375,,,
Social,Norwegian_Board_of_Directors_net1mode_2010-07-01,747,2463,80,spectral_entropy,0.466937354988399,,,
Social,Norwegian_Board_of_Directors_net1mode_2010-07-01,747,2463,100,spectral_entropy,0.4730616012436844,,,
Social,Norwegian_Board_of_Directors_net1mode_2010-08-01,747,2447,100,adamic_adar_entropy,0.1025572332586699,0.9822893012324304,0.8763479105206043,8.544964432789238
Social,Norwegian_Board_of_Directors_net1mode_2010-08-01,747,2447,100,seal_entropy,0.1356221963745182,0.98685184488188,1.1588868443170155,8.544964432789238
Social,Norwegian_Board_of_Directors_net1mode_2010-08-01,747,2447,20,spectral_entropy,0.7340711935387376,,,
Social,Norwegian_Board_of_Directors_net1mode_2010-08-01,747,2447,40,spectral_entropy,0.5532500657908055,,,
Social,Norwegian_Board_of_Directors_net1mode_2010-08-01,747,2447,60,spectral_entropy,0.4958096662240127,,,
Social,Norwegian_Board_of_Directors_net1mode_2010-08-01,747,2447,80,spectral_entropy,0.4866041394594166,,,
Social,Norwegian_Board_of_Directors_net1mode_2010-08-01,747,2447,100,spectral_entropy,0.4926102349926927,,,
Social,Norwegian_Board_of_Directors_net1mode_2010-09-01,802,2613,100,adamic_adar_entropy,0.0813591951247477,0.9881791224438868,0.7035502574510899,8.64745842645492
Social,Norwegian_Board_of_Directors_net1mode_2010-09-01,802,2613,100,seal_entropy,0.0538474892048288,0.998572393241438,0.4656439242677374,8.64745842645492
Social,Norwegian_Board_of_Directors_net1mode_2010-09-01,802,2613,20,spectral_entropy,0.7681308625028597,,,
Social,Norwegian_Board_of_Directors_net1mode_2010-09-01,802,2613,40,spectral_entropy,0.5611320754716981,,,
Social,Norwegian_Board_of_Directors_net1mode_2010-09-01,802,2613,60,spectral_entropy,0.5051164357603066,,,
Social,Norwegian_Board_of_Directors_net1mode_2010-09-01,802,2613,80,spectral_entropy,0.4943866515604078,,,
Social,Norwegian_Board_of_Directors_net1mode_2010-09-01,802,2613,100,spectral_entropy,0.497376574620621,,,
Social,Norwegian_Board_of_Directors_net1mode_2010-10-01,792,2550,100,adamic_adar_entropy,0.0976145242513412,0.9805382545174932,0.8423505410642333,8.62935662007961
Social,Norwegian_Board_of_Directors_net1mode_2010-10-01,792,2550,100,seal_entropy,0.1221271322204278,0.9931410995770856,1.0538785769176868,8.62935662007961
Social,Norwegian_Board_of_Directors_net1mode_2010-10-01,792,2550,20,spectral_entropy,0.7716733568989276,,,
Social,Norwegian_Board_of_Directors_net1mode_2010-10-01,792,2550,40,spectral_entropy,0.5634293680297398,,,
Social,Norwegian_Board_of_Directors_net1mode_2010-10-01,792,2550,60,spectral_entropy,0.5047468696611233,,,
Social,Norwegian_Board_of_Directors_net1mode_2010-10-01,792,2550,80,spectral_entropy,0.4965902468192036,,,
Social,Norwegian_Board_of_Directors_net1mode_2010-10-01,792,2550,100,spectral_entropy,0.4987574610400167,,,
Social,Norwegian_Board_of_Directors_net1mode_2010-11-01,789,2536,100,adamic_adar_entropy,0.0884239962845393,0.9837054413749906,0.7625580648312574,8.623881490013458
Social,Norwegian_Board_of_Directors_net1mode_2010-11-01,789,2536,100,seal_entropy,0.0928994774991999,0.9945963610051004,0.8011540844372721,8.623881490013458
Social,Norwegian_Board_of_Directors_net1mode_2010-11-01,789,2536,20,spectral_entropy,0.7824900793650794,,,
Social,Norwegian_Board_of_Directors_net1mode_2010-11-01,789,2536,40,spectral_entropy,0.5412670173267327,,,
Social,Norwegian_Board_of_Directors_net1mode_2010-11-01,789,2536,60,spectral_entropy,0.4934221463641703,,,
Social,Norwegian_Board_of_Directors_net1mode_2010-11-01,789,2536,80,spectral_entropy,0.4880098101553274,,,
Social,Norwegian_Board_of_Directors_net1mode_2010-11-01,789,2536,100,spectral_entropy,0.4899425455481576,,,
Social,Norwegian_Board_of_Directors_net1mode_2010-12-01,783,2520,100,adamic_adar_entropy,0.1047162361974907,0.9750566893424036,0.9019071719002554,8.612868497291041
Social,Norwegian_Board_of_Directors_net1mode_2010-12-01,783,2520,100,seal_entropy,0.0757611360852639,0.9937011841773749,0.6525207023077492,8.612868497291041
Social,Norwegian_Board_of_Directors_net1mode_2010-12-01,783,2520,20,spectral_entropy,0.7619164468437519,,,
Social,Norwegian_Board_of_Directors_net1mode_2010-12-01,783,2520,40,spectral_entropy,0.5480654790939067,,,
Social,Norwegian_Board_of_Directors_net1mode_2010-12-01,783,2520,60,spectral_entropy,0.4962466398224265,,,
Social,Norwegian_Board_of_Directors_net1mode_2010-12-01,783,2520,80,spectral_entropy,0.4915522824530916,,,
Social,Norwegian_Board_of_Directors_net1mode_2010-12-01,783,2520,100,spectral_entropy,0.4901159268560943,,,
Social,Norwegian_Board_of_Directors_net1mode_2011-01-01,794,2577,100,adamic_adar_entropy,0.0866023880077986,0.9828447544537656,0.7476379997324365,8.632995197142957
Social,Norwegian_Board_of_Directors_net1mode_2011-01-01,794,2577,100,seal_entropy,0.0491609032700714,0.9967197662362146,0.4244058418177359,8.632995197142957
Social,Norwegian_Board_of_Directors_net1mode_2011-01-01,794,2577,20,spectral_entropy,0.7931161195492406,,,
Social,Norwegian_Board_of_Directors_net1mode_2011-01-01,794,2577,40,spectral_entropy,0.5646803312067328,,,
Social,Norwegian_Board_of_Directors_net1mode_2011-01-01,794,2577,60,spectral_entropy,0.5041348600508906,,,
Social,Norwegian_Board_of_Directors_net1mode_2011-01-01,794,2577,80,spectral_entropy,0.4939745381738506,,,
Social,Norwegian_Board_of_Directors_net1mode_2011-01-01,794,2577,100,spectral_entropy,0.4927247541527859,,,
Social,Norwegian_Board_of_Directors_net1mode_2011-02-01,791,2555,100,adamic_adar_entropy,0.0860106289355654,0.98342530857342,0.7420596155664066,8.627533884472792
Social,Norwegian_Board_of_Directors_net1mode_2011-02-01,791,2555,100,seal_entropy,0.1513115261803138,0.9897786849774626,1.3054453192319495,8.627533884472792
Social,Norwegian_Board_of_Directors_net1mode_2011-02-01,791,2555,20,spectral_entropy,0.7801865389463071,,,
Social,Norwegian_Board_of_Directors_net1mode_2011-02-01,791,2555,40,spectral_entropy,0.5550409140033966,,,
Social,Norwegian_Board_of_Directors_net1mode_2011-02-01,791,2555,60,spectral_entropy,0.4907955506407337,,,
Social,Norwegian_Board_of_Directors_net1mode_2011-02-01,791,2555,80,spectral_entropy,0.4870302551400307,,,
Social,Norwegian_Board_of_Directors_net1mode_2011-02-01,791,2555,100,spectral_entropy,0.4845424184795213,,,
Social,Norwegian_Board_of_Directors_net1mode_2011-03-01,788,2543,100,adamic_adar_entropy,0.0788368624511005,0.9846956568913138,0.6797355133367438,8.622051819456376
Social,Norwegian_Board_of_Directors_net1mode_2011-03-01,788,2543,100,seal_entropy,0.0761270572886689,0.9941099882199764,0.6563714328056282,8.622051819456376
Social,Norwegian_Board_of_Directors_net1mode_2011-03-01,788,2543,20,spectral_entropy,0.7917774463394074,,,
Social,Norwegian_Board_of_Directors_net1mode_2011-03-01,788,2543,40,spectral_entropy,0.566898392526343,,,
Social,Norwegian_Board_of_Directors_net1mode_2011-03-01,788,2543,60,spectral_entropy,0.4918407062328089,,,
Social,Norwegian_Board_of_Directors_net1mode_2011-03-01,788,2543,80,spectral_entropy,0.4865345820773024,,,
Social,Norwegian_Board_of_Directors_net1mode_2011-03-01,788,2543,100,spectral_entropy,0.4822696685413843,,,
Social,Norwegian_Board_of_Directors_net1mode_2011-04-01,786,2538,100,adamic_adar_entropy,0.105785168886098,0.9779964131352388,0.9116973658819252,8.618385502258606
Social,Norwegian_Board_of_Directors_net1mode_2011-04-01,786,2538,100,seal_entropy,0.1119268512210395,0.9961680457811546,0.9646287518768636,8.618385502258606
Social,Norwegian_Board_of_Directors_net1mode_2011-04-01,786,2538,20,spectral_entropy,0.7850048061518744,,,
Social,Norwegian_Board_of_Directors_net1mode_2011-04-01,786,2538,40,spectral_entropy,0.5624377614021111,,,
Social,Norwegian_Board_of_Directors_net1mode_2011-04-01,786,2538,60,spectral_entropy,0.4918676571652976,,,
Social,Norwegian_Board_of_Directors_net1mode_2011-04-01,786,2538,80,spectral_entropy,0.4784277948834911,,,
Social,Norwegian_Board_of_Directors_net1mode_2011-04-01,786,2538,100,spectral_entropy,0.4811616542011876,,,
Social,Norwegian_Board_of_Directors_net1mode_2011-05-01,784,2522,100,adamic_adar_entropy,0.1006051075482714,0.9805563429075336,0.8666838103643634,8.614709844115207
Social,Norwegian_Board_of_Directors_net1mode_2011-05-01,784,2522,100,seal_entropy,0.1023249982553651,0.9955593348450492,0.8815001697695657,8.614709844115207
Social,Norwegian_Board_of_Directors_net1mode_2011-05-01,784,2522,20,spectral_entropy,0.7665832290362954,,,
Social,Norwegian_Board_of_Directors_net1mode_2011-05-01,784,2522,40,spectral_entropy,0.5502592740327085,,,
Social,Norwegian_Board_of_Directors_net1mode_2011-05-01,784,2522,60,spectral_entropy,0.4882367821907412,,,
Social,Norwegian_Board_of_Directors_net1mode_2011-05-01,784,2522,80,spectral_entropy,0.4768039272483344,,,
Social,Norwegian_Board_of_Directors_net1mode_2011-05-01,784,2522,100,spectral_entropy,0.4835047179800927,,,
Social,Norwegian_Board_of_Directors_net1mode_2011-06-01,812,2590,100,adamic_adar_entropy,0.0955743662940399,0.9811403378005696,0.8281839890099568,8.665335917185176
Social,Norwegian_Board_of_Directors_net1mode_2011-06-01,812,2590,100,seal_entropy,0.0635791299938656,0.9965862166634368,0.5509345187192295,8.665335917185176
Social,Norwegian_Board_of_Directors_net1mode_2011-06-01,812,2590,20,spectral_entropy,0.7638726293608054,,,
Social,Norwegian_Board_of_Directors_net1mode_2011-06-01,812,2590,40,spectral_entropy,0.572358605723586,,,
Social,Norwegian_Board_of_Directors_net1mode_2011-06-01,812,2590,60,spectral_entropy,0.5063579550386251,,,
Social,Norwegian_Board_of_Directors_net1mode_2011-06-01,812,2590,80,spectral_entropy,0.4753164786535601,,,
Social,Norwegian_Board_of_Directors_net1mode_2011-06-01,812,2590,100,spectral_entropy,0.4829719953591009,,,
Social,Norwegian_Board_of_Directors_net1mode_2011-07-01,848,2721,100,adamic_adar_entropy,0.1181860971932708,0.9710866538711072,1.031518855138143,8.727920454563199
Social,Norwegian_Board_of_Directors_net1mode_2011-07-01,848,2721,100,seal_entropy,0.0720667353199964,0.9950597426470588,0.6289927332929894,8.727920454563199
Social,Norwegian_Board_of_Directors_net1mode_2011-07-01,848,2721,20,spectral_entropy,0.7798519827681432,,,
Social,Norwegian_Board_of_Directors_net1mode_2011-07-01,848,2721,40,spectral_entropy,0.5790674331599599,,,
Social,Norwegian_Board_of_Directors_net1mode_2011-07-01,848,2721,60,spectral_entropy,0.5020548150666441,,,
Social,Norwegian_Board_of_Directors_net1mode_2011-07-01,848,2721,80,spectral_entropy,0.4829664985963484,,,
Social,Norwegian_Board_of_Directors_net1mode_2011-07-01,848,2721,100,spectral_entropy,0.4845038323855391,,,
Social,Norwegian_Board_of_Directors_net1mode_2011-08-01,854,2745,100,adamic_adar_entropy,0.0847885201147821,0.9840926207942244,0.740889911319654,8.73809225962049
Social,Norwegian_Board_of_Directors_net1mode_2011-08-01,854,2745,100,seal_entropy,0.057859828465472,0.9975713418336368,0.5055845192571108,8.73809225962049
Social,Norwegian_Board_of_Directors_net1mode_2011-08-01,854,2745,20,spectral_entropy,0.8134259006177227,,,
Social,Norwegian_Board_of_Directors_net1mode_2011-08-01,854,2745,40,spectral_entropy,0.5703320718511806,,,
Social,Norwegian_Board_of_Directors_net1mode_2011-08-01,854,2745,60,spectral_entropy,0.4914440835716709,,,
Social,Norwegian_Board_of_Directors_net1mode_2011-08-01,854,2745,80,spectral_entropy,0.4773907414294175,,,
Social,Norwegian_Board_of_Directors_net1mode_2011-08-01,854,2745,100,spectral_entropy,0.478706176562724,,,
Social,Zachary_Karate_Club_Zachary_karate_club_77,34,76,100,adamic_adar_entropy,0.5251340212422523,0.7977777777777778,2.1464657985040723,4.087462841250339
Social,Zachary_Karate_Club_Zachary_karate_club_77,34,76,100,seal_entropy,0.6376177667846764,0.8888888888888888,2.6062389286533896,4.087462841250339
Social,Zachary_Karate_Club_Zachary_karate_club_77,34,76,20,spectral_entropy,0.78125,,,
Social,Zachary_Karate_Club_Zachary_karate_club_77,34,76,40,spectral_entropy,0.8981001727115717,,,
Social,Zachary_Karate_Club_Zachary_karate_club_77,34,76,60,spectral_entropy,0.6990291262135923,,,
Social,Zachary_Karate_Club_Zachary_karate_club_77,34,76,80,spectral_entropy,0.7329192546583851,,,
Social,Zachary_Karate_Club_Zachary_karate_club_77,34,76,100,spectral_entropy,0.7721518987341772,,,
Social,Zachary_Karate_Club_Zachary_karate_club_78,34,78,100,adamic_adar_entropy,0.617309936945084,0.68,2.5232314287976205,4.087462841250339
Social,Zachary_Karate_Club_Zachary_karate_club_78,34,78,100,seal_entropy,0.6376177667846764,0.7422222222222222,2.6062389286533896,4.087462841250339
Social,Zachary_Karate_Club_Zachary_karate_club_78,34,78,20,spectral_entropy,0.9022556390977444,,,
Social,Zachary_Karate_Club_Zachary_karate_club_78,34,78,40,spectral_entropy,0.8016032064128257,,,
Social,Zachary_Karate_Club_Zachary_karate_club_78,34,78,60,spectral_entropy,0.7190160832544938,,,
Social,Zachary_Karate_Club_Zachary_karate_club_78,34,78,80,spectral_entropy,0.720658888126287,,,
Social,Zachary_Karate_Club_Zachary_karate_club_78,34,78,100,spectral_entropy,0.7493175614194723,,,
Technological,57222842461efe0c7a6758dd,512,1181,100,adamic_adar_entropy,0.7328651022778495,0.6841873743177248,5.862920818222796,8.0
Technological,57222842461efe0c7a6758dd,512,1181,100,seal_entropy,0.5811855623110845,0.8820471847170352,4.649484498488676,8.0
Technological,57222842461efe0c7a6758dd,512,1181,20,spectral_entropy,0.7581481718639943,,,
Technological,57222842461efe0c7a6758dd,512,1181,40,spectral_entropy,0.7617528441581894,,,
Technological,57222842461efe0c7a6758dd,512,1181,60,spectral_entropy,0.7041087924131607,,,
Technological,57222842461efe0c7a6758dd,512,1181,80,spectral_entropy,0.7089363424754579,,,
Technological,57222842461efe0c7a6758dd,512,1181,100,spectral_entropy,0.7429842153371806,,,
Technological,57222842461efe0c7a6758de,522,1198,100,adamic_adar_entropy,0.7484554545981442,0.6849932599219201,6.008530032133881,8.027905996569885
Technological,57222842461efe0c7a6758de,522,1198,100,seal_entropy,0.5637289726754853,0.8878608567777174,4.525563200181709,8.027905996569885
Technological,57222842461efe0c7a6758de,522,1198,20,spectral_entropy,0.7957474226804123,,,
Technological,57222842461efe0c7a6758de,522,1198,40,spectral_entropy,0.7458982892508904,,,
Technological,57222842461efe0c7a6758de,522,1198,60,spectral_entropy,0.6979991708668805,,,
Technological,57222842461efe0c7a6758de,522,1198,80,spectral_entropy,0.6833259619637329,,,
Technological,57222842461efe0c7a6758de,522,1198,100,spectral_entropy,0.7203094881130864,,,
Technological,57222842461efe0c7a6758df,493,1145,100,adamic_adar_entropy,0.7429875098763576,0.6828149730172955,5.903365530852879,7.945443836377912
Technological,57222842461efe0c7a6758df,493,1145,100,seal_entropy,0.6372085256304567,0.8172517686542973,5.062904552457969,7.945443836377912
Technological,57222842461efe0c7a6758df,493,1145,20,spectral_entropy,0.7579708427166054,,,
Technological,57222842461efe0c7a6758df,493,1145,40,spectral_entropy,0.7576122277048983,,,
Technological,57222842461efe0c7a6758df,493,1145,60,spectral_entropy,0.7190376990793629,,,
Technological,57222842461efe0c7a6758df,493,1145,80,spectral_entropy,0.6952104246768386,,,
Technological,57222842461efe0c7a6758df,493,1145,100,spectral_entropy,0.7346678927636698,,,
Technological,57222854461efe0c7a675a78,2132,4347,100,adamic_adar_entropy,0.7457956287561712,0.7042021502699425,7.501206260899546,10.057991722759176
Technological,57222854461efe0c7a675a78,2132,4347,100,seal_entropy,0.2257181196737347,0.9416773376803091,2.2702709793551894,10.057991722759176
Technological,57222854461efe0c7a675a78,2132,4347,20,spectral_entropy,0.7395037249504303,,,
Technological,57222854461efe0c7a675a78,2132,4347,40,spectral_entropy,0.6685129625355797,,,
Technological,57222854461efe0c7a675a78,2132,4347,60,spectral_entropy,0.5982776720103908,,,
Technological,57222854461efe0c7a675a78,2132,4347,80,spectral_entropy,0.5613782901163927,,,
Technological,57222854461efe0c7a675a78,2132,4347,100,spectral_entropy,0.6055308140290362,,,
Technological,57222854461efe0c7a675a82,2067,4218,100,adamic_adar_entropy,0.7688990000953096,0.6979950721101416,7.69923379122852,10.013322673425447
Technological,57222854461efe0c7a675a82,2067,4218,100,seal_entropy,0.2867943616526174,0.9174529197958484,2.871764484146732,10.013322673425447
Technological,57222854461efe0c7a675a82,2067,4218,20,spectral_entropy,0.727598963741016,,,
Technological,57222854461efe0c7a675a82,2067,4218,40,spectral_entropy,0.6552803179133417,,,
Technological,57222854461efe0c7a675a82,2067,4218,60,spectral_entropy,0.5703863053385886,,,
Technological,57222854461efe0c7a675a82,2067,4218,80,spectral_entropy,0.5548811235829146,,,
Technological,57222854461efe0c7a675a82,2067,4218,100,spectral_entropy,0.6096146646008298,,,
Technological,57222854461efe0c7a675ad3,103,239,100,adamic_adar_entropy,0.6550252830944776,0.7535083748302398,3.724801617635084,5.6865005271832185
Technological,57222854461efe0c7a675ad3,103,239,100,seal_entropy,0.6210612825853322,0.8196016296966953,3.5316653108345775,5.6865005271832185
Technological,57222854461efe0c7a675ad3,103,239,20,spectral_entropy,0.813953488372093,,,
Technological,57222854461efe0c7a675ad3,103,239,40,spectral_entropy,0.7728026533996684,,,
Technological,57222854461efe0c7a675ad3,103,239,60,spectral_entropy,0.709437267352748,,,
Technological,57222854461efe0c7a675ad3,103,239,80,spectral_entropy,0.6991164160595257,,,
Technological,57222854461efe0c7a675ad3,103,239,100,spectral_entropy,0.771943200228724,,,
Technological,57222854461efe0c7a675baf,549,1249,100,adamic_adar_entropy,0.7388629045510091,0.7024806051515298,5.985278904584352,8.100662339005199
Technological,57222854461efe0c7a675baf,549,1249,100,seal_entropy,0.5969874664651297,0.888138900985468,4.835993886452205,8.100662339005199
Technological,57222854461efe0c7a675baf,549,1249,20,spectral_entropy,0.7641687496811713,,,
Technological,57222854461efe0c7a675baf,549,1249,40,spectral_entropy,0.7377115775220041,,,
Technological,57222854461efe0c7a675baf,549,1249,60,spectral_entropy,0.7061410653200847,,,
Technological,57222854461efe0c7a675baf,549,1249,80,spectral_entropy,0.6845931147334634,,,
Technological,57222854461efe0c7a675baf,549,1249,100,spectral_entropy,0.7072355933490243,,,
Technological,57222854461efe0c7a675bb0,561,1280,100,adamic_adar_entropy,0.7311731677385563,0.718048095703125,5.94579561348516,8.131856960608793
Technological,57222854461efe0c7a675bb0,561,1280,100,seal_entropy,0.5454135080962594,0.884429931640625,4.435224632222628,8.131856960608793
Technological,57222854461efe0c7a675bb0,561,1280,20,spectral_entropy,0.8096774193548387,,,
Technological,57222854461efe0c7a675bb0,561,1280,40,spectral_entropy,0.7502279920605118,,,
Technological,57222854461efe0c7a675bb0,561,1280,60,spectral_entropy,0.6818320300599168,,,
Technological,57222854461efe0c7a675bb0,561,1280,80,spectral_entropy,0.6609107579462102,,,
Technological,57222854461efe0c7a675bb0,561,1280,100,spectral_entropy,0.7002832300594907,,,
Technological,57222854461efe0c7a675bb1,553,1264,100,adamic_adar_entropy,0.7400159923175268,0.7147974930713026,6.002370111830825,8.111135670234708
Technological,57222854461efe0c7a675bb1,553,1264,100,seal_entropy,0.5346588728412205,0.8898966994205089,4.336690654909907,8.111135670234708
Technological,57222854461efe0c7a675bb1,553,1264,20,spectral_entropy,0.7231243147287632,,,
Technological,57222854461efe0c7a675bb1,553,1264,40,spectral_entropy,0.7313026924122926,,,
Technological,57222854461efe0c7a675bb1,553,1264,60,spectral_entropy,0.6875741787531934,,,
Technological,57222854461efe0c7a675bb1,553,1264,80,spectral_entropy,0.6638030221676766,,,
Technological,57222854461efe0c7a675bb1,553,1264,100,spectral_entropy,0.7089444743665219,,,
Technological,57222854461efe0c7a675bb2,557,1278,100,adamic_adar_entropy,0.732274181406955,0.7147327950788159,5.947189308179319,8.121533517340032
Technological,57222854461efe0c7a675bb2,557,1278,100,seal_entropy,0.5467334302066109,0.8906958861976164,4.440313878473278,8.121533517340032
Technological,57222854461efe0c7a675bb2,557,1278,20,spectral_entropy,0.7427607534439135,,,
Technological,57222854461efe0c7a675bb2,557,1278,40,spectral_entropy,0.7292118975249674,,,
Technological,57222854461efe0c7a675bb2,557,1278,60,spectral_entropy,0.6997390107067261,,,
Technological,57222854461efe0c7a675bb2,557,1278,80,spectral_entropy,0.6681599901808866,,,
Technological,57222854461efe0c7a675bb2,557,1278,100,spectral_entropy,0.7260488338011376,,,
Technological,57222854461efe0c7a675bb3,538,1225,100,adamic_adar_entropy,0.7116591781047226,0.7215160349854228,5.744130271040249,8.071462362556623
Technological,57222854461efe0c7a675bb3,538,1225,100,seal_entropy,0.5411379177992393,0.8920283215326946,4.36777433646882,8.071462362556623
Technological,57222854461efe0c7a675bb3,538,1225,20,spectral_entropy,0.8040260509177027,,,
Technological,57222854461efe0c7a675bb3,538,1225,40,spectral_entropy,0.7358220717433817,,,
Technological,57222854461efe0c7a675bb3,538,1225,60,spectral_entropy,0.67860198775752,,,
Technological,57222854461efe0c7a675bb3,538,1225,80,spectral_entropy,0.6808658065793382,,,
Technological,57222854461efe0c7a675bb3,538,1225,100,spectral_entropy,0.7228399231048994,,,
Technological,57222854461efe0c7a675bb4,544,1240,100,adamic_adar_entropy,0.738838919847217,0.6915241285119667,5.975332309933905,8.087462841250339
Technological,57222854461efe0c7a675bb4,544,1240,100,seal_entropy,0.584058239966861,0.8558549037460979,4.723549312858062,8.087462841250339
Technological,57222854461efe0c7a675bb4,544,1240,20,spectral_entropy,0.8364724130290272,,,
Technological,57222854461efe0c7a675bb4,544,1240,40,spectral_entropy,0.7854369722802921,,,
Technological,57222854461efe0c7a675bb4,544,1240,60,spectral_entropy,0.7075821190417386,,,
Technological,57222854461efe0c7a675bb4,544,1240,80,spectral_entropy,0.6829074750039676,,,
Technological,57222854461efe0c7a675bb4,544,1240,100,spectral_entropy,0.732457940090275,,,
Technological,57222854461efe0c7a675bb5,545,1246,100,adamic_adar_entropy,0.738958441711834,0.6850615312656247,5.978256866908677,8.090112419664289
Technological,57222854461efe0c7a675bb5,545,1246,100,seal_entropy,0.5440596908445103,0.8983242205770874,4.401504061939886,8.090112419664289
Technological,57222854461efe0c7a675bb5,545,1246,20,spectral_entropy,0.7788836001730852,,,
Technological,57222854461efe0c7a675bb5,545,1246,40,spectral_entropy,0.7914623906389664,,,
Technological,57222854461efe0c7a675bb5,545,1246,60,spectral_entropy,0.7258720221156191,,,
Technological,57222854461efe0c7a675bb5,545,1246,80,spectral_entropy,0.6940833280487031,,,
Technological,57222854461efe0c7a675bb5,545,1246,100,spectral_entropy,0.7173824339487912,,,
Technological,57222854461efe0c7a675bb6,530,1198,100,adamic_adar_entropy,0.7283191295177025,0.6898426148001612,5.862858688285174,8.049848549450562
Technological,57222854461efe0c7a675bb6,530,1198,100,seal_entropy,0.5660710211003226,0.9006319917368394,4.5567859880904305,8.049848549450562
Technological,57222854461efe0c7a675bb6,530,1198,20,spectral_entropy,0.7687400318979266,,,
Technological,57222854461efe0c7a675bb6,530,1198,40,spectral_entropy,0.7311797353066742,,,
Technological,57222854461efe0c7a675bb6,530,1198,60,spectral_entropy,0.6895354639935777,,,
Technological,57222854461efe0c7a675bb6,530,1198,80,spectral_entropy,0.673892631821701,,,
Technological,57222854461efe0c7a675bb6,530,1198,100,spectral_entropy,0.7127665231030998,,,
Technological,57222854461efe0c7a675bb7,527,1198,100,adamic_adar_entropy,0.7075596070760635,0.7030164037744437,5.689953189572057,8.041659151637214
Technological,57222854461efe0c7a675bb7,527,1198,100,seal_entropy,0.5794857860960945,0.8657236392920292,4.660027175003343,8.041659151637214
Technological,57222854461efe0c7a675bb7,527,1198,20,spectral_entropy,0.7526590339407899,,,
Technological,57222854461efe0c7a675bb7,527,1198,40,spectral_entropy,0.7460553395838098,,,
Technological,57222854461efe0c7a675bb7,527,1198,60,spectral_entropy,0.6976142197678933,,,
Technological,57222854461efe0c7a675bb7,527,1198,80,spectral_entropy,0.6760311708939296,,,
Technological,57222854461efe0c7a675bb7,527,1198,100,spectral_entropy,0.7279402961248354,,,
Technological,57222854461efe0c7a675bb8,541,1233,100,adamic_adar_entropy,0.7180928491662206,0.7206523894507237,5.801820248213324,8.079484783826816
Technological,57222854461efe0c7a675bb8,541,1233,100,seal_entropy,0.5810929755292992,0.8678200806398308,4.694931853777621,8.079484783826816
Technological,57222854461efe0c7a675bb8,541,1233,20,spectral_entropy,0.7279264411175292,,,
Technological,57222854461efe0c7a675bb8,541,1233,40,spectral_entropy,0.7393920202659912,,,
Technological,57222854461efe0c7a675bb8,541,1233,60,spectral_entropy,0.710246778949069,,,
Technological,57222854461efe0c7a675bb8,541,1233,80,spectral_entropy,0.6738788171657495,,,
Technological,57222854461efe0c7a675bb8,541,1233,100,spectral_entropy,0.7201006702791546,,,
Technological,5728dc4b461efe0c7a675f37,362,617,100,adamic_adar_entropy,0.8018989393727857,0.557340207548417,6.014118462311371,7.499845887083206
Technological,5728dc4b461efe0c7a675f37,362,617,100,seal_entropy,0.7130362261773993,0.8740498380593562,5.347661808237898,7.499845887083206
Technological,5728dc4b461efe0c7a675f37,362,617,20,spectral_entropy,0.6712062256809339,,,
Technological,5728dc4b461efe0c7a675f37,362,617,40,spectral_entropy,0.694609985432393,,,
Technological,5728dc4b461efe0c7a675f37,362,617,60,spectral_entropy,0.7393119724062812,,,
Technological,5728dc4b461efe0c7a675f37,362,617,80,spectral_entropy,0.771388985105646,,,
Technological,5728dc4b461efe0c7a675f37,362,617,100,spectral_entropy,0.7952150384505838,,,
Technological,5728dc4b461efe0c7a675f38,1036,2022,100,adamic_adar_entropy,0.8535589463991907,0.5424284383883933,7.696377381921226,9.016808287686557
Technological,5728dc4b461efe0c7a675f38,1036,2022,100,seal_entropy,0.5337125331478797,0.8668175914126067,4.8123835921299865,9.016808287686557
Technological,5728dc4b461efe0c7a675f38,1036,2022,20,spectral_entropy,0.7550033730604903,,,
Technological,5728dc4b461efe0c7a675f38,1036,2022,40,spectral_entropy,0.8044398351879363,,,
Technological,5728dc4b461efe0c7a675f38,1036,2022,60,spectral_entropy,0.8484444303301681,,,
Technological,5728dc4b461efe0c7a675f38,1036,2022,80,spectral_entropy,0.8587892788746426,,,
Technological,5728dc4b461efe0c7a675f38,1036,2022,100,spectral_entropy,0.8805761750751564,,,
Technological,5728dc4b461efe0c7a675f39,770,1415,100,adamic_adar_entropy,0.8687606136338144,0.5142591367104097,7.461536997134171,8.588714635582264
Technological,5728dc4b461efe0c7a675f39,770,1415,100,seal_entropy,0.6511153733284307,0.8192073817877611,5.592244136358502,8.588714635582264
Technological,5728dc4b461efe0c7a675f39,770,1415,20,spectral_entropy,0.9513665594855304,,,
Technological,5728dc4b461efe0c7a675f39,770,1415,40,spectral_entropy,0.9178178412549752,,,
Technological,5728dc4b461efe0c7a675f39,770,1415,60,spectral_entropy,0.910328668228738,,,
Technological,5728dc4b461efe0c7a675f39,770,1415,80,spectral_entropy,0.9006996221019303,,,
Technological,5728dc4b461efe0c7a675f39,770,1415,100,spectral_entropy,0.9230835560920928,,,
Technological,5728dc4b461efe0c7a675f3a,189,361,100,adamic_adar_entropy,0.8322338291029011,0.5139853395061729,5.461320140211008,6.562242424221073
Technological,5728dc4b461efe0c7a675f3a,189,361,100,seal_entropy,0.7833019286940676,0.5513117283950617,5.1402171474504,6.562242424221073
Technological,5728dc4b461efe0c7a675f3a,189,361,20,spectral_entropy,0.927906976744186,,,
Technological,5728dc4b461efe0c7a675f3a,189,361,40,spectral_entropy,0.9295808966861598,,,
Technological,5728dc4b461efe0c7a675f3a,189,361,60,spectral_entropy,0.8806448816850134,,,
Technological,5728dc4b461efe0c7a675f3a,189,361,80,spectral_entropy,0.9193946263084204,,,
Technological,5728dc4b461efe0c7a675f3a,189,361,100,spectral_entropy,0.9392721466718054,,,
Technological,5728dc4b461efe0c7a675f3b,159,293,100,adamic_adar_entropy,0.7885990626545711,0.5692627824019025,4.978333581185262,6.312882955284356
Technological,5728dc4b461efe0c7a675f3b,159,293,100,seal_entropy,0.75097911886774,0.7167063020214032,4.74084327927462,6.312882955284356
Technological,5728dc4b461efe0c7a675f3b,159,293,20,spectral_entropy,0.965065502183406,,,
Technological,5728dc4b461efe0c7a675f3b,159,293,40,spectral_entropy,0.9367088607594936,,,
Technological,5728dc4b461efe0c7a675f3b,159,293,60,spectral_entropy,0.8663812528165841,,,
Technological,5728dc4b461efe0c7a675f3b,159,293,80,spectral_entropy,0.8843827213086819,,,
Technological,5728dc4b461efe0c7a675f3b,159,293,100,spectral_entropy,0.9484942302279764,,,
Technological,5728dc4b461efe0c7a675f3c,167,309,100,adamic_adar_entropy,0.8275815836601472,0.5491803278688525,5.283036107983755,6.383704292474052
Technological,5728dc4b461efe0c7a675f3c,167,309,100,seal_entropy,0.8198273366671661,0.7041117979037893,5.233535288169758,6.383704292474052
Technological,5728dc4b461efe0c7a675f3c,167,309,20,spectral_entropy,0.8576051779935275,,,
Technological,5728dc4b461efe0c7a675f3c,167,309,40,spectral_entropy,0.9289930848372406,,,
Technological,5728dc4b461efe0c7a675f3c,167,309,60,spectral_entropy,0.954623287671233,,,
Technological,5728dc4b461efe0c7a675f3c,167,309,80,spectral_entropy,0.9607022725408154,,,
Technological,5728dc4b461efe0c7a675f3c,167,309,100,spectral_entropy,0.9903079053207622,,,
Technological,5728dc4b461efe0c7a675f3d,441,802,100,adamic_adar_entropy,0.8352776719080178,0.55380859375,6.502331670451318,7.784634845557521
Technological,5728dc4b461efe0c7a675f3d,441,802,100,seal_entropy,0.790091966304874,0.72193359375,6.150577452091981,7.784634845557521
Technological,5728dc4b461efe0c7a675f3d,441,802,20,spectral_entropy,0.8538511567406857,,,
Technological,5728dc4b461efe0c7a675f3d,441,802,40,spectral_entropy,0.8430416328005058,,,
Technological,5728dc4b461efe0c7a675f3d,441,802,60,spectral_entropy,0.8731623496467893,,,
Technological,5728dc4b461efe0c7a675f3d,441,802,80,spectral_entropy,0.8881805431595053,,,
Technological,5728dc4b461efe0c7a675f3d,441,802,100,spectral_entropy,0.9428984232677932,,,
Technological,5728dc4b461efe0c7a675f3f,998,1928,100,adamic_adar_entropy,0.8762960464606739,0.5142148760330578,7.854150334315209,8.96289600533726
Technological,5728dc4b461efe0c7a675f3f,998,1928,100,seal_entropy,0.541103334207283,0.8809276437847866,4.849852912641129,8.96289600533726
Technological,5728dc4b461efe0c7a675f3f,998,1928,20,spectral_entropy,0.8266427865612648,,,
Technological,5728dc4b461efe0c7a675f3f,998,1928,40,spectral_entropy,0.7969472710453284,,,
Technological,5728dc4b461efe0c7a675f3f,998,1928,60,spectral_entropy,0.812585745451274,,,
Technological,5728dc4b461efe0c7a675f3f,998,1928,80,spectral_entropy,0.8516665177374676,,,
Technological,5728dc4b461efe0c7a675f3f,998,1928,100,spectral_entropy,0.8575242409016941,,,
Technological,5728dc4b461efe0c7a675f40,737,1341,100,adamic_adar_entropy,0.826871695581563,0.5451381153931832,7.04951184713234,8.52552080909507
Technological,5728dc4b461efe0c7a675f40,737,1341,100,seal_entropy,0.6707571511848811,0.8177489418578748,5.7185540502760315,8.52552080909507
Technological,5728dc4b461efe0c7a675f40,737,1341,20,spectral_entropy,0.7406894002402736,,,
Technological,5728dc4b461efe0c7a675f40,737,1341,40,spectral_entropy,0.8494426414561874,,,
Technological,5728dc4b461efe0c7a675f40,737,1341,60,spectral_entropy,0.875075023578839,,,
Technological,5728dc4b461efe0c7a675f40,737,1341,80,spectral_entropy,0.907184487172504,,,
Technological,5728dc4b461efe0c7a675f40,737,1341,100,spectral_entropy,0.9233465441799728,,,
Technological,5728dc4b461efe0c7a675f41,149,273,100,adamic_adar_entropy,0.7205022271994037,0.5600137174211248,4.4809247703214075,6.219168520462161
Technological,5728dc4b461efe0c7a675f41,149,273,100,seal_entropy,0.7401939689203271,0.6430041152263375,4.603391030545246,6.219168520462161
Technological,5728dc4b461efe0c7a675f41,149,273,20,spectral_entropy,0.8536585365853658,,,
Technological,5728dc4b461efe0c7a675f41,149,273,40,spectral_entropy,0.909657320872274,,,
Technological,5728dc4b461efe0c7a675f41,149,273,60,spectral_entropy,0.9113924050632912,,,
Technological,5728dc4b461efe0c7a675f41,149,273,80,spectral_entropy,0.8588201874822461,,,
Technological,5728dc4b461efe0c7a675f41,149,273,100,spectral_entropy,0.8533210332103321,,,
Technological,58866954a411221d0e7c6780,1031,4408,100,adamic_adar_entropy,0.6426634067740205,0.8573987871073141,5.790287153687851,9.00982861736811
Technological,58866954a411221d0e7c6780,1031,4408,100,seal_entropy,0.3613680405540114,0.9587083092296572,3.2558641131857717,9.00982861736811
Technological,58866954a411221d0e7c6780,1031,4408,20,spectral_entropy,0.7677473157510685,,,
Technological,58866954a411221d0e7c6780,1031,4408,40,spectral_entropy,0.7826032885327744,,,
Technological,58866954a411221d0e7c6780,1031,4408,60,spectral_entropy,0.7661959256064235,,,
Technological,58866954a411221d0e7c6780,1031,4408,80,spectral_entropy,0.7405616611999006,,,
Technological,58866954a411221d0e7c6780,1031,4408,100,spectral_entropy,0.7265359544548966,,,
Technological,58866954a411221d0e7c6781,435,1303,100,adamic_adar_entropy,0.6389315573344799,0.8028032544378698,4.9612214979712705,7.764871590736091
Technological,58866954a411221d0e7c6781,435,1303,100,seal_entropy,0.5828228758225948,0.9316124260355032,4.525544790905975,7.764871590736091
Technological,58866954a411221d0e7c6781,435,1303,20,spectral_entropy,0.8214386993099536,,,
Technological,58866954a411221d0e7c6781,435,1303,40,spectral_entropy,0.7627810981639936,,,
Technological,58866954a411221d0e7c6781,435,1303,60,spectral_entropy,0.7409965213832618,,,
Technological,58866954a411221d0e7c6781,435,1303,80,spectral_entropy,0.728595829478329,,,
Technological,58866954a411221d0e7c6781,435,1303,100,spectral_entropy,0.7407454200884397,,,
Technological,58866954a411221d0e7c6782,96,179,100,adamic_adar_entropy,0.6803758718826031,0.7195918367346938,3.7998737308598,5.584962500721156
Technological,58866954a411221d0e7c6782,96,179,100,seal_entropy,0.7119136052442071,0.8489795918367348,3.9760107890421006,5.584962500721156
Technological,58866954a411221d0e7c6782,96,179,20,spectral_entropy,0.8971291866028709,,,
Technological,58866954a411221d0e7c6782,96,179,40,spectral_entropy,0.9226430298146656,,,
Technological,58866954a411221d0e7c6782,96,179,60,spectral_entropy,0.8200618017589731,,,
Technological,58866954a411221d0e7c6782,96,179,80,spectral_entropy,0.8532423208191127,,,
Technological,58866954a411221d0e7c6782,96,179,100,spectral_entropy,0.8662752772341813,,,
Technological,588f93d5a411221d0e7c6791,486,2717,100,adamic_adar_entropy,0.7255210792028189,0.8083324006525373,5.7496185200960594,7.92481250360578
Technological,588f93d5a411221d0e7c6791,486,2717,100,seal_entropy,0.3919731092312945,0.9573629213597468,3.1063133971133974,7.92481250360578
Technological,588f93d5a411221d0e7c6791,486,2717,20,spectral_entropy,0.6105387603445364,,,
Technological,588f93d5a411221d0e7c6791,486,2717,40,spectral_entropy,0.4691820951488165,,,
Technological,588f93d5a411221d0e7c6791,486,2717,60,spectral_entropy,0.4809504113240498,,,
Technological,588f93d5a411221d0e7c6791,486,2717,80,spectral_entropy,0.4184242993948651,,,
Technological,588f93d5a411221d0e7c6791,486,2717,100,spectral_entropy,0.4150746463385085,,,
Technological,588f93d5a411221d0e7c6792,504,1139,100,adamic_adar_entropy,0.6592014610790881,0.7919035882706826,5.25863458100802,7.977279923499916
Technological,588f93d5a411221d0e7c6792,504,1139,100,seal_entropy,0.5409837657486519,0.9399367346542724,4.315578933446102,7.977279923499916
Technological,588f93d5a411221d0e7c6792,504,1139,20,spectral_entropy,0.7449160035366932,,,
Technological,588f93d5a411221d0e7c6792,504,1139,40,spectral_entropy,0.571698707847463,,,
Technological,588f93d5a411221d0e7c6792,504,1139,60,spectral_entropy,0.5135054912436925,,,
Technological,588f93d5a411221d0e7c6792,504,1139,80,spectral_entropy,0.5259220468317498,,,
Technological,588f93d5a411221d0e7c6792,504,1139,100,spectral_entropy,0.5279929752007592,,,
Technological,588f93d5a411221d0e7c6793,398,943,100,adamic_adar_entropy,0.5926327799553317,0.8052710502489814,4.525714078348114,7.63662462054365
Technological,588f93d5a411221d0e7c6793,398,943,100,seal_entropy,0.5278941879896857,0.9433142824807604,4.031329753043932,7.63662462054365
Technological,588f93d5a411221d0e7c6793,398,943,20,spectral_entropy,0.7395451210564931,,,
Technological,588f93d5a411221d0e7c6793,398,943,40,spectral_entropy,0.6535597259457849,,,
Technological,588f93d5a411221d0e7c6793,398,943,60,spectral_entropy,0.6197680093096587,,,
Technological,588f93d5a411221d0e7c6793,398,943,80,spectral_entropy,0.6388874634371632,,,
Technological,588f93d5a411221d0e7c6793,398,943,100,spectral_entropy,0.6349178047997718,,,
Technological,588f93d5a411221d0e7c6794,228,491,100,adamic_adar_entropy,0.6917412471499961,0.7074135776759684,4.726591860037073,6.832890014164741
Technological,588f93d5a411221d0e7c6794,228,491,100,seal_entropy,0.5658832601848955,0.9379425239483548,3.8666180777003607,6.832890014164741
Technological,588f93d5a411221d0e7c6794,228,491,20,spectral_entropy,0.8164642375168691,,,
Technological,588f93d5a411221d0e7c6794,228,491,40,spectral_entropy,0.8430942687128092,,,
Technological,588f93d5a411221d0e7c6794,228,491,60,spectral_entropy,0.7175733796121633,,,
Technological,588f93d5a411221d0e7c6794,228,491,80,spectral_entropy,0.7030876335228783,,,
Technological,588f93d5a411221d0e7c6794,228,491,100,spectral_entropy,0.6723335512904343,,,
Technological,588f93d5a411221d0e7c6795,192,488,100,adamic_adar_entropy,0.6602266168571251,0.7786693591242426,4.347567513982163,6.584962500721156
Technological,588f93d5a411221d0e7c6795,192,488,100,seal_entropy,0.5802566111935444,0.8982888723562547,3.8209680255050262,6.584962500721156
Technological,588f93d5a411221d0e7c6795,192,488,20,spectral_entropy,0.8059459459459459,,,
Technological,588f93d5a411221d0e7c6795,192,488,40,spectral_entropy,0.7910216718266254,,,
Technological,588f93d5a411221d0e7c6795,192,488,60,spectral_entropy,0.6778361804643013,,,
Technological,588f93d5a411221d0e7c6795,192,488,80,spectral_entropy,0.6179606095283985,,,
Technological,588f93d5a411221d0e7c6795,192,488,100,spectral_entropy,0.634370465903595,,,
Technological,588f93d5a411221d0e7c6796,105,292,100,adamic_adar_entropy,0.691539911474947,0.7774970273483948,3.951628839432942,5.714245517666122
Technological,588f93d5a411221d0e7c6796,105,292,100,seal_entropy,0.5202680476272912,0.9335612366230678,2.9729393591391533,5.714245517666122
Technological,588f93d5a411221d0e7c6796,105,292,20,spectral_entropy,0.792079207920792,,,
Technological,588f93d5a411221d0e7c6796,105,292,40,spectral_entropy,0.731364275668073,,,
Technological,588f93d5a411221d0e7c6796,105,292,60,spectral_entropy,0.6795580110497238,,,
Technological,588f93d5a411221d0e7c6796,105,292,80,spectral_entropy,0.581896551724138,,,
Technological,588f93d5a411221d0e7c6796,105,292,100,spectral_entropy,0.5589135724939163,,,
Technological,588f9554a411221d0e7c679b,457,926,100,adamic_adar_entropy,0.6583788576922557,0.746062819576333,5.159089881582127,7.83605035505807
Technological,588f9554a411221d0e7c679b,457,926,100,seal_entropy,0.5115627193126693,0.8986121256391526,4.008631228304514,7.83605035505807
Technological,588f9554a411221d0e7c679b,457,926,20,spectral_entropy,0.8040739748056821,,,
Technological,588f9554a411221d0e7c679b,457,926,40,spectral_entropy,0.7366342648845686,,,
Technological,588f9554a411221d0e7c679b,457,926,60,spectral_entropy,0.5877078943829291,,,
Technological,588f9554a411221d0e7c679b,457,926,80,spectral_entropy,0.5472422964296269,,,
Technological,588f9554a411221d0e7c679b,457,926,100,spectral_entropy,0.5158200238591243,,,
Technological,588f9892a411221d0e7c67a0,249,802,100,adamic_adar_entropy,0.6114720539275185,0.86419921875,4.255846676741166,6.960001932068081
Technological,588f9892a411221d0e7c67a0,249,802,100,seal_entropy,0.5153341977734993,0.9371875,3.5867270121643093,6.960001932068081
Technological,588f9892a411221d0e7c67a0,249,802,20,spectral_entropy,0.8861028474288143,,,
Technological,588f9892a411221d0e7c67a0,249,802,40,spectral_entropy,0.8549931600547196,,,
Technological,588f9892a411221d0e7c67a0,249,802,60,spectral_entropy,0.7766013763896241,,,
Technological,588f9892a411221d0e7c67a0,249,802,80,spectral_entropy,0.7332715985869603,,,
Technological,588f9892a411221d0e7c67a0,249,802,100,spectral_entropy,0.7315934450721322,,,
Technological,ISCAS89_Benchmark_Circuits__s1196_benc,588,1038,100,adamic_adar_entropy,0.8606313978367451,0.5,7.056895471939821,8.199672344836364
Technological,ISCAS89_Benchmark_Circuits__s1196_benc,588,1038,100,seal_entropy,0.8002174170210569,0.6497817918737894,6.561520624203948,8.199672344836364
Technological,ISCAS89_Benchmark_Circuits__s1196_benc,588,1038,20,spectral_entropy,0.9124767225325884,,,
Technological,ISCAS89_Benchmark_Circuits__s1196_benc,588,1038,40,spectral_entropy,0.9324206315670864,,,
Technological,ISCAS89_Benchmark_Circuits__s1196_benc,588,1038,60,spectral_entropy,0.9342087868505706,,,
Technological,ISCAS89_Benchmark_Circuits__s1196_benc,588,1038,80,spectral_entropy,0.9506155064430208,,,
Technological,ISCAS89_Benchmark_Circuits__s1196_benc,588,1038,100,spectral_entropy,0.980789144243698,,,
Technological,ISCAS89_Benchmark_Circuits__s1238_benc,567,1070,100,adamic_adar_entropy,0.8609827725034952,0.4953271028037383,7.01460308443089,8.147204924942228
Technological,ISCAS89_Benchmark_Circuits__s1238_benc,567,1070,100,seal_entropy,0.7921629793679765,0.6555703554895623,6.453914126863687,8.147204924942228
Technological,ISCAS89_Benchmark_Circuits__s1238_benc,567,1070,20,spectral_entropy,0.909141927156406,,,
Technological,ISCAS89_Benchmark_Circuits__s1238_benc,567,1070,40,spectral_entropy,0.9508532607230474,,,
Technological,ISCAS89_Benchmark_Circuits__s1238_benc,567,1070,60,spectral_entropy,0.9541608046532136,,,
Technological,ISCAS89_Benchmark_Circuits__s1238_benc,567,1070,80,spectral_entropy,0.9537958956715148,,,
Technological,ISCAS89_Benchmark_Circuits__s1238_benc,567,1070,100,spectral_entropy,0.9646834329670986,,,
Technological,ISCAS89_Benchmark_Circuits__s1423_benc,819,1237,100,adamic_adar_entropy,0.8590139016064988,0.4979757085020243,7.454281806413391,8.677719641641009
Technological,ISCAS89_Benchmark_Circuits__s1423_benc,819,1237,100,seal_entropy,0.5775707512959801,0.8029061286039765,5.01199705295848,8.677719641641009
Technological,ISCAS89_Benchmark_Circuits__s1423_benc,819,1237,20,spectral_entropy,0.8375447163704504,,,
Technological,ISCAS89_Benchmark_Circuits__s1423_benc,819,1237,40,spectral_entropy,0.8701901482257823,,,
Technological,ISCAS89_Benchmark_Circuits__s1423_benc,819,1237,60,spectral_entropy,0.8949107449364916,,,
Technological,ISCAS89_Benchmark_Circuits__s1423_benc,819,1237,80,spectral_entropy,0.9057448941235434,,,
Technological,ISCAS89_Benchmark_Circuits__s1423_benc,819,1237,100,spectral_entropy,0.892859367796758,,,
Technological,ISCAS89_Benchmark_Circuits__s1488_benc,692,1412,100,adamic_adar_entropy,0.880581465201163,0.4769503546099291,7.427377283119436,8.434628227636725
Technological,ISCAS89_Benchmark_Circuits__s1488_benc,692,1412,100,seal_entropy,0.6858328509285048,0.7683592374629042,5.784745123882137,8.434628227636725
Technological,ISCAS89_Benchmark_Circuits__s1488_benc,692,1412,20,spectral_entropy,0.8199148621136406,,,
Technological,ISCAS89_Benchmark_Circuits__s1488_benc,692,1412,40,spectral_entropy,0.9056851537154336,,,
Technological,ISCAS89_Benchmark_Circuits__s1488_benc,692,1412,60,spectral_entropy,0.8626188515385191,,,
Technological,ISCAS89_Benchmark_Circuits__s1488_benc,692,1412,80,spectral_entropy,0.9007719826774618,,,
Technological,ISCAS89_Benchmark_Circuits__s1488_benc,692,1412,100,spectral_entropy,0.9036144578313252,,,
Technological,ISCAS89_Benchmark_Circuits__s1494_benc,686,1418,100,adamic_adar_entropy,0.8769427797924222,0.4840989399293286,7.385668887639403,8.422064766172813
Technological,ISCAS89_Benchmark_Circuits__s1494_benc,686,1418,100,seal_entropy,0.6710331904710958,0.7944786425102073,5.651484990399146,8.422064766172813
Technological,ISCAS89_Benchmark_Circuits__s1494_benc,686,1418,20,spectral_entropy,0.8781226343679032,,,
Technological,ISCAS89_Benchmark_Circuits__s1494_benc,686,1418,40,spectral_entropy,0.908777771399047,,,
Technological,ISCAS89_Benchmark_Circuits__s1494_benc,686,1418,60,spectral_entropy,0.8886675191055339,,,
Technological,ISCAS89_Benchmark_Circuits__s1494_benc,686,1418,80,spectral_entropy,0.904624133286776,,,
Technological,ISCAS89_Benchmark_Circuits__s1494_benc,686,1418,100,spectral_entropy,0.9076393339343712,,,
Technological,ISCAS89_Benchmark_Circuits__s208_1_benc,131,190,100,adamic_adar_entropy,0.7792833789688779,0.4473684210526316,4.701746263386654,6.03342300153745
Technological,ISCAS89_Benchmark_Circuits__s208_1_benc,131,190,100,seal_entropy,0.7378048953796779,0.7693905817174516,4.45148902643068,6.03342300153745
Technological,ISCAS89_Benchmark_Circuits__s208_1_benc,131,190,20,spectral_entropy,0.950191570881226,,,
Technological,ISCAS89_Benchmark_Circuits__s208_1_benc,131,190,40,spectral_entropy,0.9611111111111112,,,
Technological,ISCAS89_Benchmark_Circuits__s208_1_benc,131,190,60,spectral_entropy,0.973638637675582,,,
Technological,ISCAS89_Benchmark_Circuits__s208_1_benc,131,190,80,spectral_entropy,0.9578321982321404,,,
Technological,ISCAS89_Benchmark_Circuits__s208_1_benc,131,190,100,spectral_entropy,1.0051993067590987,,,
Technological,ISCAS89_Benchmark_Circuits__s208_benc,125,176,100,adamic_adar_entropy,0.7603838849539982,0.4714285714285714,4.536286231168867,5.965784284662087
Technological,ISCAS89_Benchmark_Circuits__s208_benc,125,176,100,seal_entropy,0.7124917265920453,0.7081632653061224,4.25057194545458,5.965784284662087
Technological,ISCAS89_Benchmark_Circuits__s208_benc,125,176,20,spectral_entropy,0.9908256880733946,,,
Technological,ISCAS89_Benchmark_Circuits__s208_benc,125,176,40,spectral_entropy,0.8573159648591335,,,
Technological,ISCAS89_Benchmark_Circuits__s208_benc,125,176,60,spectral_entropy,0.9355509355509356,,,
Technological,ISCAS89_Benchmark_Circuits__s208_benc,125,176,80,spectral_entropy,0.969122592479364,,,
Technological,ISCAS89_Benchmark_Circuits__s208_benc,125,176,100,spectral_entropy,0.986908358509567,,,
Technological,ISCAS89_Benchmark_Circuits__s298_benc,156,264,100,adamic_adar_entropy,0.8288836482523626,0.4711538461538461,5.209867121904035,6.285402218862249
Technological,ISCAS89_Benchmark_Circuits__s298_benc,156,264,100,seal_entropy,0.7898588906350326,0.6867603550295859,4.964580823785508,6.285402218862249
Technological,ISCAS89_Benchmark_Circuits__s298_benc,156,264,20,spectral_entropy,0.9499192245557352,,,
Technological,ISCAS89_Benchmark_Circuits__s298_benc,156,264,40,spectral_entropy,0.8996667900777489,,,
Technological,ISCAS89_Benchmark_Circuits__s298_benc,156,264,60,spectral_entropy,0.9140677585820058,,,
Technological,ISCAS89_Benchmark_Circuits__s298_benc,156,264,80,spectral_entropy,0.9061895551257252,,,
Technological,ISCAS89_Benchmark_Circuits__s298_benc,156,264,100,spectral_entropy,0.881385145722344,,,
Technological,ISCAS89_Benchmark_Circuits__s344_benc,219,304,100,adamic_adar_entropy,0.8109936281248333,0.4833333333333333,5.494309137239127,6.774787059601174
Technological,ISCAS89_Benchmark_Circuits__s344_benc,219,304,100,seal_entropy,0.7324766536425571,0.7763888888888888,4.962373354557567,6.774787059601174
Technological,ISCAS89_Benchmark_Circuits__s344_benc,219,304,20,spectral_entropy,0.9774143302180685,,,
Technological,ISCAS89_Benchmark_Circuits__s344_benc,219,304,40,spectral_entropy,0.900413617562838,,,
Technological,ISCAS89_Benchmark_Circuits__s344_benc,219,304,60,spectral_entropy,0.94573520050923,,,
Technological,ISCAS89_Benchmark_Circuits__s344_benc,219,304,80,spectral_entropy,0.8806959403479702,,,
Technological,ISCAS89_Benchmark_Circuits__s344_benc,219,304,100,spectral_entropy,0.9158707313881984,,,
Technological,ISCAS89_Benchmark_Circuits__s349_benc,220,308,100,adamic_adar_entropy,0.7868974510937,0.4836065573770491,5.336234673522059,6.78135971352466
Technological,ISCAS89_Benchmark_Circuits__s349_benc,220,308,100,seal_entropy,0.7590734092927327,0.7503359312012899,5.147549837385553,6.78135971352466
Technological,ISCAS89_Benchmark_Circuits__s349_benc,220,308,20,spectral_entropy,0.8818463658284533,,,
Technological,ISCAS89_Benchmark_Circuits__s349_benc,220,308,40,spectral_entropy,0.8859357696566998,,,
Technological,ISCAS89_Benchmark_Circuits__s349_benc,220,308,60,spectral_entropy,0.9456342668863262,,,
Technological,ISCAS89_Benchmark_Circuits__s349_benc,220,308,80,spectral_entropy,0.8532560573130484,,,
Technological,ISCAS89_Benchmark_Circuits__s349_benc,220,308,100,spectral_entropy,0.8965075296379366,,,
Technological,ISCAS89_Benchmark_Circuits__s382_benc,183,313,100,adamic_adar_entropy,0.8221844049109996,0.4758064516129032,5.357106794118263,6.515699838284043
Technological,ISCAS89_Benchmark_Circuits__s382_benc,183,313,100,seal_entropy,0.7398891019951117,0.7432362122788762,4.820895302217675,6.515699838284043
Technological,ISCAS89_Benchmark_Circuits__s382_benc,183,313,20,spectral_entropy,0.8365019011406845,,,
Technological,ISCAS89_Benchmark_Circuits__s382_benc,183,313,40,spectral_entropy,0.8519362186788155,,,
Technological,ISCAS89_Benchmark_Circuits__s382_benc,183,313,60,spectral_entropy,0.8337845154304278,,,
Technological,ISCAS89_Benchmark_Circuits__s382_benc,183,313,80,spectral_entropy,0.9128796986455076,,,
Technological,ISCAS89_Benchmark_Circuits__s382_benc,183,313,100,spectral_entropy,0.9114331723027376,,,
Technological,ISCAS89_Benchmark_Circuits__s386_benc,185,360,100,adamic_adar_entropy,0.8521355863950248,0.4861111111111111,5.565622570826661,6.531381460516312
Technological,ISCAS89_Benchmark_Circuits__s386_benc,185,360,100,seal_entropy,0.784567701291006,0.6923225308641976,5.124310938731976,6.531381460516312
Technological,ISCAS89_Benchmark_Circuits__s386_benc,185,360,20,spectral_entropy,0.8001998001998002,,,
Technological,ISCAS89_Benchmark_Circuits__s386_benc,185,360,40,spectral_entropy,0.8954851583936144,,,
Technological,ISCAS89_Benchmark_Circuits__s386_benc,185,360,60,spectral_entropy,0.914866581956798,,,
Technological,ISCAS89_Benchmark_Circuits__s386_benc,185,360,80,spectral_entropy,0.956845443264856,,,
Technological,ISCAS89_Benchmark_Circuits__s386_benc,185,360,100,spectral_entropy,0.949402125775022,,,
Technological,ISCAS89_Benchmark_Circuits__s400_benc,187,327,100,adamic_adar_entropy,0.822337357486188,0.4846153846153846,5.383755889884963,6.546894459887636
Technological,ISCAS89_Benchmark_Circuits__s400_benc,187,327,100,seal_entropy,0.767386869414144,0.7891124260355029,5.024000843957976,6.546894459887636
Technological,ISCAS89_Benchmark_Circuits__s400_benc,187,327,20,spectral_entropy,0.8505564387917329,,,
Technological,ISCAS89_Benchmark_Circuits__s400_benc,187,327,40,spectral_entropy,0.8260325406758448,,,
Technological,ISCAS89_Benchmark_Circuits__s400_benc,187,327,60,spectral_entropy,0.8164956999274686,,,
Technological,ISCAS89_Benchmark_Circuits__s400_benc,187,327,80,spectral_entropy,0.8954883791584385,,,
Technological,ISCAS89_Benchmark_Circuits__s400_benc,187,327,100,spectral_entropy,0.8906857976653697,,,
Technological,ISCAS89_Benchmark_Circuits__s420_1_benc,269,400,100,adamic_adar_entropy,0.8086898466484544,0.475,5.718619813556233,7.071462362556623
Technological,ISCAS89_Benchmark_Circuits__s420_1_benc,269,400,100,seal_entropy,0.7264082777520494,0.7109375,5.136768795973195,7.071462362556623
Technological,ISCAS89_Benchmark_Circuits__s420_1_benc,269,400,20,spectral_entropy,0.934065934065934,,,
Technological,ISCAS89_Benchmark_Circuits__s420_1_benc,269,400,40,spectral_entropy,0.940347071583514,,,
Technological,ISCAS89_Benchmark_Circuits__s420_1_benc,269,400,60,spectral_entropy,0.9521640091116174,,,
Technological,ISCAS89_Benchmark_Circuits__s420_1_benc,269,400,80,spectral_entropy,0.9812620395773743,,,
Technological,ISCAS89_Benchmark_Circuits__s420_1_benc,269,400,100,spectral_entropy,0.9904601571268238,,,
Technological,ISCAS89_Benchmark_Circuits__s420_benc,249,354,100,adamic_adar_entropy,0.8272777079252216,0.4928571428571429,5.757854445516395,6.960001932068081
Technological,ISCAS89_Benchmark_Circuits__s420_benc,249,354,100,seal_entropy,0.7100375609165032,0.8247959183673469,4.94186279581977,6.960001932068081
Technological,ISCAS89_Benchmark_Circuits__s420_benc,249,354,20,spectral_entropy,0.8551336146272855,,,
Technological,ISCAS89_Benchmark_Circuits__s420_benc,249,354,40,spectral_entropy,0.9089789382928932,,,
Technological,ISCAS89_Benchmark_Circuits__s420_benc,249,354,60,spectral_entropy,0.9071532099923266,,,
Technological,ISCAS89_Benchmark_Circuits__s420_benc,249,354,80,spectral_entropy,0.9380530973451328,,,
Technological,ISCAS89_Benchmark_Circuits__s420_benc,249,354,100,spectral_entropy,0.986219401631913,,,
Technological,ISCAS89_Benchmark_Circuits__s444_benc,210,363,100,adamic_adar_entropy,0.8289274731141015,0.5208333333333334,5.565622570826662,6.714245517666122
Technological,ISCAS89_Benchmark_Circuits__s444_benc,210,363,100,seal_entropy,0.7668372411669941,0.6967592592592593,5.148733509284946,6.714245517666122
Technological,ISCAS89_Benchmark_Circuits__s444_benc,210,363,20,spectral_entropy,0.908445706174592,,,
Technological,ISCAS89_Benchmark_Circuits__s444_benc,210,363,40,spectral_entropy,0.924956369982548,,,
Technological,ISCAS89_Benchmark_Circuits__s444_benc,210,363,60,spectral_entropy,0.9060371372585612,,,
Technological,ISCAS89_Benchmark_Circuits__s444_benc,210,363,80,spectral_entropy,0.9338467886122954,,,
Technological,ISCAS89_Benchmark_Circuits__s444_benc,210,363,100,spectral_entropy,0.9648317216790018,,,
Technological,ISCAS89_Benchmark_Circuits__s510_benc,249,437,100,adamic_adar_entropy,0.8472489211264805,0.4885057471264368,5.896854127982901,6.960001932068081
Technological,ISCAS89_Benchmark_Circuits__s510_benc,249,437,100,seal_entropy,0.848495597194339,0.6063548685427401,5.9055309958238595,6.960001932068081
Technological,ISCAS89_Benchmark_Circuits__s510_benc,249,437,20,spectral_entropy,0.8506876227897839,,,
Technological,ISCAS89_Benchmark_Circuits__s510_benc,249,437,40,spectral_entropy,0.962684815770946,,,
Technological,ISCAS89_Benchmark_Circuits__s510_benc,249,437,60,spectral_entropy,0.96308683265205,,,
Technological,ISCAS89_Benchmark_Circuits__s510_benc,249,437,80,spectral_entropy,0.9888502093738964,,,
Technological,ISCAS89_Benchmark_Circuits__s510_benc,249,437,100,spectral_entropy,0.9806949806949808,,,
Technological,ISCAS89_Benchmark_Circuits__s526_benc,244,472,100,adamic_adar_entropy,0.8466785545146532,0.4734042553191489,5.868106670688481,6.930737337562887
Technological,ISCAS89_Benchmark_Circuits__s526_benc,244,472,100,seal_entropy,0.7860728885956338,0.7923834314169308,5.448064719035671,6.930737337562887
Technological,ISCAS89_Benchmark_Circuits__s526_benc,244,472,20,spectral_entropy,0.8318717113505386,,,
Technological,ISCAS89_Benchmark_Circuits__s526_benc,244,472,40,spectral_entropy,0.9172401303875408,,,
Technological,ISCAS89_Benchmark_Circuits__s526_benc,244,472,60,spectral_entropy,0.8592309718198579,,,
Technological,ISCAS89_Benchmark_Circuits__s526_benc,244,472,80,spectral_entropy,0.8853535353535353,,,
Technological,ISCAS89_Benchmark_Circuits__s526_benc,244,472,100,spectral_entropy,0.9000910782877282,,,
Technological,ISCAS89_Benchmark_Circuits__s526n_benc,245,472,100,adamic_adar_entropy,0.8624524474431831,0.4574468085106383,5.982520367520005,6.936637939002571
Technological,ISCAS89_Benchmark_Circuits__s526n_benc,245,472,100,seal_entropy,0.7557360103232641,0.7602987777274784,5.242267081078793,6.936637939002571
Technological,ISCAS89_Benchmark_Circuits__s526n_benc,245,472,20,spectral_entropy,0.9033719174635128,,,
Technological,ISCAS89_Benchmark_Circuits__s526n_benc,245,472,40,spectral_entropy,0.9339366515837104,,,
Technological,ISCAS89_Benchmark_Circuits__s526n_benc,245,472,60,spectral_entropy,0.8574610244988865,,,
Technological,ISCAS89_Benchmark_Circuits__s526n_benc,245,472,80,spectral_entropy,0.884492724735898,,,
Technological,ISCAS89_Benchmark_Circuits__s526n_benc,245,472,100,spectral_entropy,0.9084804676699452,,,
Technological,ISCAS89_Benchmark_Circuits__s641_benc,467,575,100,adamic_adar_entropy,0.8140226646317884,0.4913043478260869,6.404143203099476,7.867278739709661
Technological,ISCAS89_Benchmark_Circuits__s641_benc,467,575,100,seal_entropy,0.751430787615188,0.7271077504725898,5.911715459768255,7.867278739709661
Technological,ISCAS89_Benchmark_Circuits__s641_benc,467,575,20,spectral_entropy,0.896551724137931,,,
Technological,ISCAS89_Benchmark_Circuits__s641_benc,467,575,40,spectral_entropy,0.959349593495935,,,
Technological,ISCAS89_Benchmark_Circuits__s641_benc,467,575,60,spectral_entropy,0.9721638655462184,,,
Technological,ISCAS89_Benchmark_Circuits__s641_benc,467,575,80,spectral_entropy,0.964371818912403,,,
Technological,ISCAS89_Benchmark_Circuits__s641_benc,467,575,100,spectral_entropy,0.980597474591931,,,
Technological,ISCAS89_Benchmark_Circuits__s713_benc,481,627,100,adamic_adar_entropy,0.8261540063320344,0.500128,6.53478986081467,7.909893083770042
Technological,ISCAS89_Benchmark_Circuits__s713_benc,481,627,100,seal_entropy,0.7118145848775256,0.762464,5.630377261849383,7.909893083770042
Technological,ISCAS89_Benchmark_Circuits__s713_benc,481,627,20,spectral_entropy,0.8842072889435646,,,
Technological,ISCAS89_Benchmark_Circuits__s713_benc,481,627,40,spectral_entropy,0.918699775573735,,,
Technological,ISCAS89_Benchmark_Circuits__s713_benc,481,627,60,spectral_entropy,0.9510256158602416,,,
Technological,ISCAS89_Benchmark_Circuits__s713_benc,481,627,80,spectral_entropy,0.9345231771663304,,,
Technological,ISCAS89_Benchmark_Circuits__s713_benc,481,627,100,spectral_entropy,0.9385576314558512,,,
Technological,ISCAS89_Benchmark_Circuits__s820_benc,336,781,100,adamic_adar_entropy,0.8783148390649449,0.4615384615384615,6.4927820875049145,7.39231742277876
Technological,ISCAS89_Benchmark_Circuits__s820_benc,336,781,100,seal_entropy,0.7545921197007686,0.7717578895463512,5.578184473555547,7.39231742277876
Technological,ISCAS89_Benchmark_Circuits__s820_benc,336,781,20,spectral_entropy,0.7763939005936444,,,
Technological,ISCAS89_Benchmark_Circuits__s820_benc,336,781,40,spectral_entropy,0.851935993678388,,,
Technological,ISCAS89_Benchmark_Circuits__s820_benc,336,781,60,spectral_entropy,0.8315565031982942,,,
Technological,ISCAS89_Benchmark_Circuits__s820_benc,336,781,80,spectral_entropy,0.8774220504517679,,,
Technological,ISCAS89_Benchmark_Circuits__s820_benc,336,781,100,spectral_entropy,0.8932176691145475,,,
Technological,ISCAS89_Benchmark_Circuits__s832_benc,334,793,100,adamic_adar_entropy,0.8533963294065475,0.4367088607594936,6.301226140620725,7.383704292474052
Technological,ISCAS89_Benchmark_Circuits__s832_benc,334,793,100,seal_entropy,0.779883543397212,0.757330556000641,5.758429467011868,7.383704292474052
Technological,ISCAS89_Benchmark_Circuits__s832_benc,334,793,20,spectral_entropy,0.8412735300952824,,,
Technological,ISCAS89_Benchmark_Circuits__s832_benc,334,793,40,spectral_entropy,0.856384262611634,,,
Technological,ISCAS89_Benchmark_Circuits__s832_benc,334,793,60,spectral_entropy,0.8515519099092836,,,
Technological,ISCAS89_Benchmark_Circuits__s832_benc,334,793,80,spectral_entropy,0.8702527475423661,,,
Technological,ISCAS89_Benchmark_Circuits__s832_benc,334,793,100,spectral_entropy,0.8736226423360863,,,
Technological,ISCAS89_Benchmark_Circuits__s838_1_benc,545,820,100,adamic_adar_entropy,0.8370647260425685,0.4969512195121951,6.771947736219869,8.090112419664289
Technological,ISCAS89_Benchmark_Circuits__s838_1_benc,545,820,100,seal_entropy,0.7051174178258731,0.7942816775728734,5.70447917927471,8.090112419664289
Technological,ISCAS89_Benchmark_Circuits__s838_1_benc,545,820,20,spectral_entropy,0.9264995775837792,,,
Technological,ISCAS89_Benchmark_Circuits__s838_1_benc,545,820,40,spectral_entropy,0.8963636363636364,,,
Technological,ISCAS89_Benchmark_Circuits__s838_1_benc,545,820,60,spectral_entropy,0.9400070316744974,,,
Technological,ISCAS89_Benchmark_Circuits__s838_1_benc,545,820,80,spectral_entropy,0.9716520514003936,,,
Technological,ISCAS89_Benchmark_Circuits__s838_1_benc,545,820,100,spectral_entropy,1.0038992262157302,,,
Technological,ISCAS89_Benchmark_Circuits__s838_benc,491,704,100,adamic_adar_entropy,0.8248146812582566,0.5,6.5486814989796525,7.939579214314692
Technological,ISCAS89_Benchmark_Circuits__s838_benc,491,704,100,seal_entropy,0.6969271607391152,0.8328316326530611,5.533308399295634,7.939579214314692
Technological,ISCAS89_Benchmark_Circuits__s838_benc,491,704,20,spectral_entropy,0.8571428571428571,,,
Technological,ISCAS89_Benchmark_Circuits__s838_benc,491,704,40,spectral_entropy,0.8947700063011972,,,
Technological,ISCAS89_Benchmark_Circuits__s838_benc,491,704,60,spectral_entropy,0.9609328134373126,,,
Technological,ISCAS89_Benchmark_Circuits__s838_benc,491,704,80,spectral_entropy,0.963203774561984,,,
Technological,ISCAS89_Benchmark_Circuits__s838_benc,491,704,100,spectral_entropy,1.0204377796589672,,,
Technological,ISCAS89_Benchmark_Circuits__s953_benc,446,772,100,adamic_adar_entropy,0.8532532296891808,0.4935064935064935,6.656143034089007,7.800899899920305
Technological,ISCAS89_Benchmark_Circuits__s953_benc,446,772,100,seal_entropy,0.8548349107858069,0.6415289256198347,6.668481569997383,7.800899899920305
Technological,ISCAS89_Benchmark_Circuits__s953_benc,446,772,20,spectral_entropy,0.9124797406807132,,,
Technological,ISCAS89_Benchmark_Circuits__s953_benc,446,772,40,spectral_entropy,0.9879872517773964,,,
Technological,ISCAS89_Benchmark_Circuits__s953_benc,446,772,60,spectral_entropy,0.9925187032418952,,,
Technological,ISCAS89_Benchmark_Circuits__s953_benc,446,772,80,spectral_entropy,0.9729289639731324,,,
Technological,ISCAS89_Benchmark_Circuits__s953_benc,446,772,100,spectral_entropy,1.012655451494747,,,
Technological,Software_function-callgraphs_2002_AbiWord_v1_0_2,1035,1719,100,adamic_adar_entropy,0.8296165835441591,0.5665921512295047,7.47933783499363,9.015415052386688
Technological,Software_function-callgraphs_2002_AbiWord_v1_0_2,1035,1719,100,seal_entropy,0.5534021289689222,0.8584220860355803,4.98914988352926,9.015415052386688
Technological,Software_function-callgraphs_2002_AbiWord_v1_0_2,1035,1719,20,spectral_entropy,0.8601652892561984,,,
Technological,Software_function-callgraphs_2002_AbiWord_v1_0_2,1035,1719,40,spectral_entropy,0.834585390284038,,,
Technological,Software_function-callgraphs_2002_AbiWord_v1_0_2,1035,1719,60,spectral_entropy,0.7433290978398983,,,
Technological,Software_function-callgraphs_2002_AbiWord_v1_0_2,1035,1719,80,spectral_entropy,0.751392141556076,,,
Technological,Software_function-callgraphs_2002_AbiWord_v1_0_2,1035,1719,100,spectral_entropy,0.7809273512295851,,,
Technological,Software_function-callgraphs_2002_Digital_Material_4_3_2002,162,252,100,adamic_adar_entropy,0.7971262233946824,0.6018,5.053660689688187,6.339850002884624
Technological,Software_function-callgraphs_2002_Digital_Material_4_3_2002,162,252,100,seal_entropy,0.7166518431089657,0.6618,4.543465189601648,6.339850002884624
Technological,Software_function-callgraphs_2002_Digital_Material_4_3_2002,162,252,20,spectral_entropy,0.9565217391304348,,,
Technological,Software_function-callgraphs_2002_Digital_Material_4_3_2002,162,252,40,spectral_entropy,0.9253464461332142,,,
Technological,Software_function-callgraphs_2002_Digital_Material_4_3_2002,162,252,60,spectral_entropy,0.8379204892966361,,,
Technological,Software_function-callgraphs_2002_Digital_Material_4_3_2002,162,252,80,spectral_entropy,0.7586034912718205,,,
Technological,Software_function-callgraphs_2002_Digital_Material_4_3_2002,162,252,100,spectral_entropy,0.7696135345828495,,,
Technological,Software_function-callgraphs_2002_VTK_v4_0,771,1357,100,adamic_adar_entropy,0.7946861966435445,0.595940959409594,6.826820949632266,8.590587049915035
Technological,Software_function-callgraphs_2002_VTK_v4_0,771,1357,100,seal_entropy,0.5539530175815464,0.8602347462589016,4.7587816190973875,8.590587049915035
Technological,Software_function-callgraphs_2002_VTK_v4_0,771,1357,20,spectral_entropy,0.8465167915625866,,,
Technological,Software_function-callgraphs_2002_VTK_v4_0,771,1357,40,spectral_entropy,0.8089776791219633,,,
Technological,Software_function-callgraphs_2002_VTK_v4_0,771,1357,60,spectral_entropy,0.7488470693246058,,,
Technological,Software_function-callgraphs_2002_VTK_v4_0,771,1357,80,spectral_entropy,0.751829954954955,,,
Technological,Software_function-callgraphs_2002_VTK_v4_0,771,1357,100,spectral_entropy,0.763420464876149,,,
Technological,Software_function-callgraphs_2002_XMMS_v1_2_7,971,1802,100,adamic_adar_entropy,0.8531086779988872,0.555787037037037,7.612568114437101,8.923327485419192
Technological,Software_function-callgraphs_2002_XMMS_v1_2_7,971,1802,100,seal_entropy,0.4643052328152643,0.8888194444444444,4.143147645604405,8.923327485419192
Technological,Software_function-callgraphs_2002_XMMS_v1_2_7,971,1802,20,spectral_entropy,0.7972129952199628,,,
Technological,Software_function-callgraphs_2002_XMMS_v1_2_7,971,1802,40,spectral_entropy,0.820802257609353,,,
Technological,Software_function-callgraphs_2002_XMMS_v1_2_7,971,1802,60,spectral_entropy,0.7469549199640159,,,
Technological,Software_function-callgraphs_2002_XMMS_v1_2_7,971,1802,80,spectral_entropy,0.7467032026031855,,,
Technological,Software_function-callgraphs_2002_XMMS_v1_2_7,971,1802,100,spectral_entropy,0.7361016894401913,,,
Technological,Water_Distribution_Network_Balerma_Irrigation,447,454,100,adamic_adar_entropy,0.7745215887536654,0.5,6.044467957368669,7.804131021183318
Technological,Water_Distribution_Network_Balerma_Irrigation,447,454,100,seal_entropy,0.732507123844381,0.815679012345679,5.716581568431704,7.804131021183318
Technological,Water_Distribution_Network_Balerma_Irrigation,447,454,20,spectral_entropy,0.909657320872274,,,
Technological,Water_Distribution_Network_Balerma_Irrigation,447,454,40,spectral_entropy,0.9053690490115804,,,
Technological,Water_Distribution_Network_Balerma_Irrigation,447,454,60,spectral_entropy,0.8631873802152441,,,
Technological,Water_Distribution_Network_Balerma_Irrigation,447,454,80,spectral_entropy,0.8571276934508014,,,
Technological,Water_Distribution_Network_Balerma_Irrigation,447,454,100,spectral_entropy,0.8620546810273405,,,
Technological,Water_Distribution_Network_EXNET,1893,2418,100,adamic_adar_entropy,0.8335112300925017,0.5320846675153993,8.240474348714706,9.886458695703706
Technological,Water_Distribution_Network_EXNET,1893,2418,100,seal_entropy,0.4276997058514856,0.8190956281693522,4.2284354760653375,9.886458695703706
Technological,Water_Distribution_Network_EXNET,1893,2418,20,spectral_entropy,0.818616512591648,,,
Technological,Water_Distribution_Network_EXNET,1893,2418,40,spectral_entropy,0.8513261562518795,,,
Technological,Water_Distribution_Network_EXNET,1893,2418,60,spectral_entropy,0.8308082087661515,,,
Technological,Water_Distribution_Network_EXNET,1893,2418,80,spectral_entropy,0.8475066318749231,,,
Technological,Water_Distribution_Network_EXNET,1893,2418,100,spectral_entropy,0.8414563556378791,,,
Technological,Water_Distribution_Network_Modena,272,317,100,adamic_adar_entropy,0.7862281587576013,0.5,5.5723628599391715,7.087462841250339
Technological,Water_Distribution_Network_Modena,272,317,100,seal_entropy,0.7039122544910994,0.7770219198790629,4.988951947206419,7.087462841250339
Technological,Water_Distribution_Network_Modena,272,317,20,spectral_entropy,0.971594577146546,,,
Technological,Water_Distribution_Network_Modena,272,317,40,spectral_entropy,0.946617008069522,,,
Technological,Water_Distribution_Network_Modena,272,317,60,spectral_entropy,0.9591642924976258,,,
Technological,Water_Distribution_Network_Modena,272,317,80,spectral_entropy,0.9336570846714184,,,
Technological,Water_Distribution_Network_Modena,272,317,100,spectral_entropy,0.9266409266409268,,,
Technological,Water_Distribution_Network_Richmond,873,957,100,adamic_adar_entropy,0.808500180234883,0.5235602094240838,7.0904154772051005,8.76983784362944
Technological,Water_Distribution_Network_Richmond,873,957,100,seal_entropy,0.5937311424507099,0.8163153422329432,5.206925842005578,8.76983784362944
Technological,Water_Distribution_Network_Richmond,873,957,20,spectral_entropy,0.9052893309222424,,,
Technological,Water_Distribution_Network_Richmond,873,957,40,spectral_entropy,0.837378640776699,,,
Technological,Water_Distribution_Network_Richmond,873,957,60,spectral_entropy,0.7907192575406032,,,
Technological,Water_Distribution_Network_Richmond,873,957,80,spectral_entropy,0.7879761956474524,,,
Technological,Water_Distribution_Network_Richmond,873,957,100,spectral_entropy,0.7520377300456246,,,
Technological,Water_Distribution_Network_Wolf-Cordera_Ranch,1786,1992,100,adamic_adar_entropy,0.8442678131718999,0.5,8.275949055162656,9.802516365121225
Technological,Water_Distribution_Network_Wolf-Cordera_Ranch,1786,1992,100,seal_entropy,0.4874465549609879,0.7969306330648216,4.778202832127046,9.802516365121225
Technological,Water_Distribution_Network_Wolf-Cordera_Ranch,1786,1992,20,spectral_entropy,0.8225416251600968,,,
Technological,Water_Distribution_Network_Wolf-Cordera_Ranch,1786,1992,40,spectral_entropy,0.810318390908271,,,
Technological,Water_Distribution_Network_Wolf-Cordera_Ranch,1786,1992,60,spectral_entropy,0.8290450992766639,,,
Technological,Water_Distribution_Network_Wolf-Cordera_Ranch,1786,1992,80,spectral_entropy,0.8001501254096409,,,
Technological,Water_Distribution_Network_Wolf-Cordera_Ranch,1786,1992,100,spectral_entropy,0.781475909140949,,,
Transportation,57f1e78f8cf714f319c390a6,1039,1305,100,adamic_adar_entropy,0.8360203329194321,0.5171826602662908,7.541722651782218,9.020979938904212
Transportation,57f1e78f8cf714f319c390a6,1039,1305,100,seal_entropy,0.5871958455922278,0.8176186491683917,5.297081943295383,9.020979938904212
Transportation,57f1e78f8cf714f319c390a6,1039,1305,20,spectral_entropy,0.7930918846411804,,,
Transportation,57f1e78f8cf714f319c390a6,1039,1305,40,spectral_entropy,0.817328797190518,,,
Transportation,57f1e78f8cf714f319c390a6,1039,1305,60,spectral_entropy,0.8022459810783786,,,
Transportation,57f1e78f8cf714f319c390a6,1039,1305,80,spectral_entropy,0.827707874670127,,,
Transportation,57f1e78f8cf714f319c390a6,1039,1305,100,spectral_entropy,0.8447795714150854,,,
Transportation,57f1e9918cf714f319c390a8,1226,2408,100,adamic_adar_entropy,0.8212618860983861,0.595776729872364,7.604674217525517,9.25974326369078
Transportation,57f1e9918cf714f319c390a8,1226,2408,100,seal_entropy,0.4999119344022016,0.8607933056997505,4.629056167019415,9.25974326369078
Transportation,57f1e9918cf714f319c390a8,1226,2408,20,spectral_entropy,0.8332986125578101,,,
Transportation,57f1e9918cf714f319c390a8,1226,2408,40,spectral_entropy,0.8666434423005607,,,
Transportation,57f1e9918cf714f319c390a8,1226,2408,60,spectral_entropy,0.8397335660167082,,,
Transportation,57f1e9918cf714f319c390a8,1226,2408,80,spectral_entropy,0.850624174513229,,,
Transportation,57f1e9918cf714f319c390a8,1226,2408,100,spectral_entropy,0.8661276039104236,,,
Transportation,57f1ea608cf714f319c390aa,823,822,100,adamic_adar_entropy,0.8034647556696045,0.4878048780487805,6.9778894283589965,8.684748620421626
Transportation,57f1ea608cf714f319c390aa,823,822,100,seal_entropy,0.3588698019810102,0.9701814396192742,3.1166940176655604,8.684748620421626
Transportation,57f1ea608cf714f319c390aa,823,822,20,spectral_entropy,0.8583218707015131,,,
Transportation,57f1ea608cf714f319c390aa,823,822,40,spectral_entropy,0.5556553499790432,,,
Transportation,57f1ea608cf714f319c390aa,823,822,60,spectral_entropy,0.4711097753399955,,,
Transportation,57f1ea608cf714f319c390aa,823,822,80,spectral_entropy,0.4300205028596093,,,
Transportation,57f1ea608cf714f319c390aa,823,822,100,spectral_entropy,0.4039781366868039,,,
Transportation,58869b22a411221d0e7c6788,417,2953,100,adamic_adar_entropy,0.6170421477594161,0.9066977879919562,4.753633207089735,7.703903573444663
Transportation,58869b22a411221d0e7c6788,417,2953,100,seal_entropy,0.5909271219548305,0.9403691467968976,4.552445566473189,7.703903573444663
Transportation,58869b22a411221d0e7c6788,417,2953,20,spectral_entropy,0.8095213926813176,,,
Transportation,58869b22a411221d0e7c6788,417,2953,40,spectral_entropy,0.7461497610196495,,,
Transportation,58869b22a411221d0e7c6788,417,2953,60,spectral_entropy,0.7241991025774809,,,
Transportation,58869b22a411221d0e7c6788,417,2953,80,spectral_entropy,0.752318058996984,,,
Transportation,58869b22a411221d0e7c6788,417,2953,100,spectral_entropy,0.8560403500243072,,,
Transportation,5944a2174ed8f1bb6022a45c,3353,4831,100,adamic_adar_entropy,0.8578142111820748,0.5295031055900621,9.18825111874946,10.711236767793784
Transportation,5944a2174ed8f1bb6022a45c,3353,4831,100,seal_entropy,0.2760991382072636,0.8885363219011612,2.9573632407218193,10.711236767793784
Transportation,5944a2174ed8f1bb6022a45c,3353,4831,20,spectral_entropy,0.8020165527337986,,,
Transportation,5944a2174ed8f1bb6022a45c,3353,4831,40,spectral_entropy,0.7991706441094466,,,
Transportation,5944a2174ed8f1bb6022a45c,3353,4831,60,spectral_entropy,0.7900520628765785,,,
Transportation,5944a2174ed8f1bb6022a45c,3353,4831,80,spectral_entropy,0.8197943671188744,,,
Transportation,5944a2174ed8f1bb6022a45c,3353,4831,100,spectral_entropy,0.8398186636252102,,,
Transportation,59488c124ed8f1bb6022a8db,359,595,100,adamic_adar_entropy,0.73551807833056,0.62700374267354,5.507441712524167,7.487840033823051
Transportation,59488c124ed8f1bb6022a8db,359,595,100,seal_entropy,0.6286333569799863,0.8762446154932562,4.707106016991319,7.487840033823051
Transportation,59488c124ed8f1bb6022a8db,359,595,20,spectral_entropy,0.8376858175974287,,,
Transportation,59488c124ed8f1bb6022a8db,359,595,40,spectral_entropy,0.7791649611133852,,,
Transportation,59488c124ed8f1bb6022a8db,359,595,60,spectral_entropy,0.7626926563916592,,,
Transportation,59488c124ed8f1bb6022a8db,359,595,80,spectral_entropy,0.7509958603452316,,,
Transportation,59488c124ed8f1bb6022a8db,359,595,100,spectral_entropy,0.7446525250732227,,,
Transportation,59488c124ed8f1bb6022a8dc,350,553,100,adamic_adar_entropy,0.7145529224308452,0.6441322314049588,5.324284675608978,7.451211111832329
Transportation,59488c124ed8f1bb6022a8dc,350,553,100,seal_entropy,0.6125371569439411,0.9410743801652892,4.564143670230877,7.451211111832329
Transportation,59488c124ed8f1bb6022a8dc,350,553,20,spectral_entropy,0.8494996936900143,,,
Transportation,59488c124ed8f1bb6022a8dc,350,553,40,spectral_entropy,0.8446511627906976,,,
Transportation,59488c124ed8f1bb6022a8dc,350,553,60,spectral_entropy,0.8461306835290575,,,
Transportation,59488c124ed8f1bb6022a8dc,350,553,80,spectral_entropy,0.8117523609653725,,,
Transportation,59488c124ed8f1bb6022a8dc,350,553,100,spectral_entropy,0.7987651939031448,,,
Transportation,59488c124ed8f1bb6022a8dd,974,1611,100,adamic_adar_entropy,0.7086591186462039,0.6560317888970333,6.326751262078274,8.927777962082342
Transportation,59488c124ed8f1bb6022a8dd,974,1611,100,seal_entropy,0.3711346388450922,0.9310549361521546,3.313407649646603,8.927777962082342
Transportation,59488c124ed8f1bb6022a8dd,974,1611,20,spectral_entropy,0.8116773540330746,,,
Transportation,59488c124ed8f1bb6022a8dd,974,1611,40,spectral_entropy,0.8118446394179328,,,
Transportation,59488c124ed8f1bb6022a8dd,974,1611,60,spectral_entropy,0.7797622025447329,,,
Transportation,59488c124ed8f1bb6022a8dd,974,1611,80,spectral_entropy,0.7721114397481157,,,
Transportation,59488c124ed8f1bb6022a8dd,974,1611,100,spectral_entropy,0.7510429876311775,,,
Transportation,59488c124ed8f1bb6022a8de,397,644,100,adamic_adar_entropy,0.7413100203465658,0.6328125,5.658415824899285,7.632995197142957
Transportation,59488c124ed8f1bb6022a8de,397,644,100,seal_entropy,0.63173615458539,0.896514892578125,4.822039033811842,7.632995197142957
Transportation,59488c124ed8f1bb6022a8de,397,644,20,spectral_entropy,0.832014072119613,,,
Transportation,59488c124ed8f1bb6022a8de,397,644,40,spectral_entropy,0.830078125,,,
Transportation,59488c124ed8f1bb6022a8de,397,644,60,spectral_entropy,0.8075136542289827,,,
Transportation,59488c124ed8f1bb6022a8de,397,644,80,spectral_entropy,0.7874465049928673,,,
Transportation,59488c124ed8f1bb6022a8de,397,644,100,spectral_entropy,0.7389819656386725,,,
Transportation,59488c124ed8f1bb6022a8df,224,376,100,adamic_adar_entropy,0.7074956798363143,0.6733333333333333,4.816174198468225,6.807354922057604
Transportation,59488c124ed8f1bb6022a8df,224,376,100,seal_entropy,0.5543601142943714,0.9491555555555556,3.773726052634205,6.807354922057604
Transportation,59488c124ed8f1bb6022a8df,224,376,20,spectral_entropy,0.9795121951219512,,,
Transportation,59488c124ed8f1bb6022a8df,224,376,40,spectral_entropy,0.8986364383111548,,,
Transportation,59488c124ed8f1bb6022a8df,224,376,60,spectral_entropy,0.8487084870848709,,,
Transportation,59488c124ed8f1bb6022a8df,224,376,80,spectral_entropy,0.8260035711923815,,,
Transportation,59488c124ed8f1bb6022a8df,224,376,100,spectral_entropy,0.8190967741935484,,,
Transportation,594898cf4ed8f1bb6022a8f6,1603,2320,100,adamic_adar_entropy,0.8470480774440349,0.5258458122770511,8.171099009387419,9.646558710154547
Transportation,594898cf4ed8f1bb6022a8f6,1603,2320,100,seal_entropy,0.4036412803593536,0.8774919181034483,3.893749308828456,9.646558710154547
Transportation,594898cf4ed8f1bb6022a8f6,1603,2320,20,spectral_entropy,0.8181176802596303,,,
Transportation,594898cf4ed8f1bb6022a8f6,1603,2320,40,spectral_entropy,0.7870893154809916,,,
Transportation,594898cf4ed8f1bb6022a8f6,1603,2320,60,spectral_entropy,0.795467606605111,,,
Transportation,594898cf4ed8f1bb6022a8f6,1603,2320,80,spectral_entropy,0.805979269283218,,,
Transportation,594898cf4ed8f1bb6022a8f6,1603,2320,100,spectral_entropy,0.8133682909923756,,,
Transportation,594b42e14ed8f1bb6022ae4b,930,1798,100,adamic_adar_entropy,0.8088216391648613,0.5874488869577362,7.167038836089484,8.861086905995395
Transportation,594b42e14ed8f1bb6022ae4b,930,1798,100,seal_entropy,0.3064040886156763,0.964917249245428,2.7150732575758223,8.861086905995395
Transportation,594b42e14ed8f1bb6022ae4b,930,1798,20,spectral_entropy,0.7818751087145591,,,
Transportation,594b42e14ed8f1bb6022ae4b,930,1798,40,spectral_entropy,0.760531925692823,,,
Transportation,594b42e14ed8f1bb6022ae4b,930,1798,60,spectral_entropy,0.7774891535634344,,,
Transportation,594b42e14ed8f1bb6022ae4b,930,1798,80,spectral_entropy,0.797366495976591,,,
Transportation,594b42e14ed8f1bb6022ae4b,930,1798,100,spectral_entropy,0.7879784445565993,,,
Transportation,594b42fa4ed8f1bb6022ae4d,416,634,100,adamic_adar_entropy,0.7699268282261441,0.5882464096749811,5.928775128134995,7.700439718141093
Transportation,594b42fa4ed8f1bb6022ae4d,416,634,100,seal_entropy,0.704811188240926,0.8105631141345427,5.427356067720645,7.700439718141093
Transportation,594b42fa4ed8f1bb6022ae4d,416,634,20,spectral_entropy,0.8641930177298482,,,
Transportation,594b42fa4ed8f1bb6022ae4d,416,634,40,spectral_entropy,0.8655541988875322,,,
Transportation,594b42fa4ed8f1bb6022ae4d,416,634,60,spectral_entropy,0.8488566144964143,,,
Transportation,594b42fa4ed8f1bb6022ae4d,416,634,80,spectral_entropy,0.8357214261912695,,,
Transportation,594b42fa4ed8f1bb6022ae4d,416,634,100,spectral_entropy,0.8635312259059368,,,
Transportation,594b46354ed8f1bb6022ae59,1040,1595,100,adamic_adar_entropy,0.7943918689106644,0.5830721003134797,7.167295628991098,9.022367813028454
Transportation,594b46354ed8f1bb6022ae59,1040,1595,100,seal_entropy,0.4441054654170689,0.8959129725533358,4.006882856768984,9.022367813028454
Transportation,594b46354ed8f1bb6022ae59,1040,1595,20,spectral_entropy,0.8708838821490468,,,
Transportation,594b46354ed8f1bb6022ae59,1040,1595,40,spectral_entropy,0.838840874428063,,,
Transportation,594b46354ed8f1bb6022ae59,1040,1595,60,spectral_entropy,0.8147197947566744,,,
Transportation,594b46354ed8f1bb6022ae59,1040,1595,80,spectral_entropy,0.800501765471102,,,
Transportation,594b46354ed8f1bb6022ae59,1040,1595,100,spectral_entropy,0.7924213647102423,,,
Transportation,594b46354ed8f1bb6022ae5a,948,1384,100,adamic_adar_entropy,0.8506094128584997,0.5036363159000211,7.560848675995301,8.888743248898258
Transportation,594b46354ed8f1bb6022ae5a,948,1384,100,seal_entropy,0.4884996127607529,0.8934703843730307,4.3421476350165555,8.888743248898258
Transportation,594b46354ed8f1bb6022ae5a,948,1384,20,spectral_entropy,0.8445811264878409,,,
Transportation,594b46354ed8f1bb6022ae5a,948,1384,40,spectral_entropy,0.8225373094623714,,,
Transportation,594b46354ed8f1bb6022ae5a,948,1384,60,spectral_entropy,0.8204147190990958,,,
Transportation,594b46354ed8f1bb6022ae5a,948,1384,80,spectral_entropy,0.8264352112298748,,,
Transportation,594b46354ed8f1bb6022ae5a,948,1384,100,spectral_entropy,0.8294491176889922,,,
Transportation,595b1429549f067e0263b511,217,262,100,adamic_adar_entropy,0.7669723222546592,0.5192307692307693,5.185922650791795,6.7615512324444795
Transportation,595b1429549f067e0263b511,217,262,100,seal_entropy,0.715025143616893,0.7365014792899408,4.834679141051594,6.7615512324444795
Transportation,595b1429549f067e0263b511,217,262,20,spectral_entropy,1.0413609072715144,,,
Transportation,595b1429549f067e0263b511,217,262,40,spectral_entropy,0.9588211546225271,,,
Transportation,595b1429549f067e0263b511,217,262,60,spectral_entropy,0.9599254426840632,,,
Transportation,595b1429549f067e0263b511,217,262,80,spectral_entropy,0.9784345047923324,,,
Transportation,595b1429549f067e0263b511,217,262,100,spectral_entropy,1.0064757743621753,,,
Transportation,595b1429549f067e0263b512,148,158,100,adamic_adar_entropy,0.7562874729444363,0.5161290322580645,4.696131794257844,6.20945336562895
Transportation,595b1429549f067e0263b512,148,158,100,seal_entropy,0.6406227151511455,0.6264308012486992,3.9779168746936366,6.20945336562895
Transportation,595b1429549f067e0263b512,148,158,20,spectral_entropy,1.005082592121982,,,
Transportation,595b1429549f067e0263b512,148,158,40,spectral_entropy,1.0169491525423728,,,
Transportation,595b1429549f067e0263b512,148,158,60,spectral_entropy,1.0207416719044626,,,
Transportation,595b1429549f067e0263b512,148,158,80,spectral_entropy,0.9942049981890618,,,
Transportation,595b1429549f067e0263b512,148,158,100,spectral_entropy,1.023689877961235,,,
Transportation,595b1429549f067e0263b513,392,437,100,adamic_adar_entropy,0.7996941664831663,0.5,6.089439041800872,7.614709844115208
Transportation,595b1429549f067e0263b513,392,437,100,seal_entropy,0.6939473692904808,0.7179283921257762,5.284207864234076,7.614709844115208
Transportation,595b1429549f067e0263b513,392,437,20,spectral_entropy,0.9972711485983626,,,
Transportation,595b1429549f067e0263b513,392,437,40,spectral_entropy,0.9402147780092964,,,
Transportation,595b1429549f067e0263b513,392,437,60,spectral_entropy,0.9380014587892048,,,
Transportation,595b1429549f067e0263b513,392,437,80,spectral_entropy,0.937923556519382,,,
Transportation,595b1429549f067e0263b513,392,437,100,spectral_entropy,0.9369400119464116,,,
Transportation,595b1429549f067e0263b514,299,356,100,adamic_adar_entropy,0.7850045080031843,0.5143820670501884,5.670873880068063,7.224001674198105
Transportation,595b1429549f067e0263b514,299,356,100,seal_entropy,0.7596205238827468,0.8114461416385638,5.4874999362842045,7.224001674198105
Transportation,595b1429549f067e0263b514,299,356,20,spectral_entropy,1.0279473176999678,,,
Transportation,595b1429549f067e0263b514,299,356,40,spectral_entropy,0.9366353071389044,,,
Transportation,595b1429549f067e0263b514,299,356,60,spectral_entropy,0.9580445776362616,,,
Transportation,595b1429549f067e0263b514,299,356,80,spectral_entropy,0.9528432732316228,,,
Transportation,595b1429549f067e0263b514,299,356,100,spectral_entropy,0.950084006286922,,,
Transportation,595b1429549f067e0263b515,108,123,100,adamic_adar_entropy,0.6609180202684766,0.5,3.803508854797678,5.754887502163468
Transportation,595b1429549f067e0263b515,108,123,100,seal_entropy,0.6319571297899035,0.7647569444444445,3.636842188131012,5.754887502163468
Transportation,595b1429549f067e0263b515,108,123,20,spectral_entropy,1.189801699716714,,,
Transportation,595b1429549f067e0263b515,108,123,40,spectral_entropy,1.0599571734475377,,,
Transportation,595b1429549f067e0263b515,108,123,60,spectral_entropy,1.0668143226282762,,,
Transportation,595b1429549f067e0263b515,108,123,80,spectral_entropy,1.0148690110927543,,,
Transportation,595b1429549f067e0263b515,108,123,100,spectral_entropy,1.0595769454686592,,,
Transportation,595b1429549f067e0263b516,433,475,100,adamic_adar_entropy,0.7759123577072026,0.5260941828254847,6.019701266157365,7.7582232147267245
Transportation,595b1429549f067e0263b516,433,475,100,seal_entropy,0.6903860435187428,0.7529639889196675,5.356169029950445,7.7582232147267245
Transportation,595b1429549f067e0263b516,433,475,20,spectral_entropy,0.9399075500770416,,,
Transportation,595b1429549f067e0263b516,433,475,40,spectral_entropy,0.9240957717778908,,,
Transportation,595b1429549f067e0263b516,433,475,60,spectral_entropy,0.9605724901947292,,,
Transportation,595b1429549f067e0263b516,433,475,80,spectral_entropy,0.9591015256174528,,,
Transportation,595b1429549f067e0263b516,433,475,100,spectral_entropy,0.9601782015709877,,,
Transportation,595b1429549f067e0263b517,134,156,100,adamic_adar_entropy,0.7528902712768513,0.532258064516129,4.567099536193327,6.066089190457772
Transportation,595b1429549f067e0263b517,134,156,100,seal_entropy,0.640582086272159,0.7107180020811654,3.8858280691364313,6.066089190457772
Transportation,595b1429549f067e0263b517,134,156,20,spectral_entropy,1.0144927536231885,,,
Transportation,595b1429549f067e0263b517,134,156,40,spectral_entropy,1.068893528183716,,,
Transportation,595b1429549f067e0263b517,134,156,60,spectral_entropy,1.0534591194968552,,,
Transportation,595b1429549f067e0263b517,134,156,80,spectral_entropy,1.034993519718571,,,
Transportation,595b1429549f067e0263b517,134,156,100,spectral_entropy,1.0666666666666669,,,
Transportation,595b1429549f067e0263b518,209,240,100,adamic_adar_entropy,0.780620545481617,0.5,5.2359023444260835,6.7073591320808825
Transportation,595b1429549f067e0263b518,209,240,100,seal_entropy,0.6948638666024018,0.747829861111111,4.660701501208652,6.7073591320808825
Transportation,595b1429549f067e0263b518,209,240,20,spectral_entropy,1.0346666666666666,,,
Transportation,595b1429549f067e0263b518,209,240,40,spectral_entropy,0.9763450834879408,,,
Transportation,595b1429549f067e0263b518,209,240,60,spectral_entropy,0.9520912547528516,,,
Transportation,595b1429549f067e0263b518,209,240,80,spectral_entropy,0.9306131355007636,,,
Transportation,595b1429549f067e0263b518,209,240,100,spectral_entropy,0.9623323013415892,,,
Transportation,595b1429549f067e0263b519,147,164,100,adamic_adar_entropy,0.7522832669442456,0.484375,4.663909765557392,6.199672344836364
Transportation,595b1429549f067e0263b519,147,164,100,seal_entropy,0.6980722996948983,0.69775390625,4.327819531114783,6.199672344836364
Transportation,595b1429549f067e0263b519,147,164,20,spectral_entropy,1.0561609388097235,,,
Transportation,595b1429549f067e0263b519,147,164,40,spectral_entropy,1.033628318584071,,,
Transportation,595b1429549f067e0263b519,147,164,60,spectral_entropy,1.028301886792453,,,
Transportation,595b1429549f067e0263b519,147,164,80,spectral_entropy,0.9984639016897082,,,
Transportation,595b1429549f067e0263b519,147,164,100,spectral_entropy,1.0167398463227224,,,
Transportation,595b1429549f067e0263b51a,266,308,100,adamic_adar_entropy,0.7636542051237339,0.5655737704918032,5.387796100206102,7.055282435501189
Transportation,595b1429549f067e0263b51a,266,308,100,seal_entropy,0.7078885250751122,0.7829884439666756,4.994353477255283,7.055282435501189
Transportation,595b1429549f067e0263b51a,266,308,20,spectral_entropy,0.9652804273178176,,,
Transportation,595b1429549f067e0263b51a,266,308,40,spectral_entropy,0.9862536302032914,,,
Transportation,595b1429549f067e0263b51a,266,308,60,spectral_entropy,0.9841232780761148,,,
Transportation,595b1429549f067e0263b51a,266,308,80,spectral_entropy,0.9545906529665232,,,
Transportation,595b1429549f067e0263b51a,266,308,100,spectral_entropy,0.9479254049170808,,,
Transportation,595b1429549f067e0263b51c,141,149,100,adamic_adar_entropy,0.7350949849384897,0.5172413793103449,4.513153408920675,6.139551352398794
Transportation,595b1429549f067e0263b51c,141,149,100,seal_entropy,0.6704503927733662,0.7098692033293699,4.1162646156680225,6.139551352398794
Transportation,595b1429549f067e0263b51c,141,149,20,spectral_entropy,1.0432033719704952,,,
Transportation,595b1429549f067e0263b51c,141,149,40,spectral_entropy,1.0738119312436805,,,
Transportation,595b1429549f067e0263b51c,141,149,60,spectral_entropy,1.0922087205146531,,,
Transportation,595b1429549f067e0263b51c,141,149,80,spectral_entropy,1.053969495502542,,,
Transportation,595b1429549f067e0263b51c,141,149,100,spectral_entropy,1.0318413938119555,,,
Transportation,595b1429549f067e0263b51d,170,182,100,adamic_adar_entropy,0.7372745092446243,0.5138888888888888,4.7254805569978675,6.409390936137702
Transportation,595b1429549f067e0263b51d,170,182,100,seal_entropy,0.5970092835821029,0.8472222222222222,3.8264658909811935,6.409390936137702
Transportation,595b1429549f067e0263b51d,170,182,20,spectral_entropy,0.9618104667609618,,,
Transportation,595b1429549f067e0263b51d,170,182,40,spectral_entropy,1.0311266988163086,,,
Transportation,595b1429549f067e0263b51d,170,182,60,spectral_entropy,1.018158236057069,,,
Transportation,595b1429549f067e0263b51d,170,182,80,spectral_entropy,1.0046367851622875,,,
Transportation,595b1429549f067e0263b51d,170,182,100,spectral_entropy,1.008823529411765,,,
Transportation,595b1429549f067e0263b51e,104,114,100,adamic_adar_entropy,0.7025574099743014,0.5227272727272727,4.004886164091842,5.700439718141092
Transportation,595b1429549f067e0263b51e,104,114,100,seal_entropy,0.6199120472792081,0.7086776859504132,3.533771256064556,5.700439718141092
Transportation,595b1429549f067e0263b51e,104,114,20,spectral_entropy,1.0441767068273091,,,
Transportation,595b1429549f067e0263b51e,104,114,40,spectral_entropy,1.071636575422248,,,
Transportation,595b1429549f067e0263b51e,104,114,60,spectral_entropy,0.9916454776607336,,,
Transportation,595b1429549f067e0263b51e,104,114,80,spectral_entropy,1.004663363450889,,,
Transportation,595b1429549f067e0263b51e,104,114,100,spectral_entropy,1.0317534438477702,,,
Transportation,595b1429549f067e0263b51f,128,143,100,adamic_adar_entropy,0.7417020108191247,0.5178571428571429,4.450212064914748,6.0
Transportation,595b1429549f067e0263b51f,128,143,100,seal_entropy,0.6821782012953149,0.7512755102040816,4.093069207771889,6.0
Transportation,595b1429549f067e0263b51f,128,143,20,spectral_entropy,1.0090817356205852,,,
Transportation,595b1429549f067e0263b51f,128,143,40,spectral_entropy,1.0342829550941577,,,
Transportation,595b1429549f067e0263b51f,128,143,60,spectral_entropy,1.056338028169014,,,
Transportation,595b1429549f067e0263b51f,128,143,80,spectral_entropy,1.0508826583592938,,,
Transportation,595b1429549f067e0263b51f,128,143,100,spectral_entropy,1.0578778135048232,,,
Transportation,595b1442549f067e0263b520,369,430,100,adamic_adar_entropy,0.7895863311891884,0.5174418604651163,5.943592952326204,7.527477006060396
Transportation,595b1442549f067e0263b520,369,430,100,seal_entropy,0.7300689913465047,0.7876554894537587,5.49557754519852,7.527477006060396
Transportation,595b1442549f067e0263b520,369,430,20,spectral_entropy,0.9168495488905144,,,
Transportation,595b1442549f067e0263b520,369,430,40,spectral_entropy,0.9299097848716168,,,
Transportation,595b1442549f067e0263b520,369,430,60,spectral_entropy,0.9646762798799962,,,
Transportation,595b1442549f067e0263b520,369,430,80,spectral_entropy,0.9331707857696996,,,
Transportation,595b1442549f067e0263b520,369,430,100,spectral_entropy,0.9255733448723495,,,
Transportation,595b15bd549f067e0263b522,2266,3041,100,adamic_adar_entropy,0.7425636226276505,0.615953947368421,7.534000129134813,10.145932145820517
Transportation,595b15bd549f067e0263b522,2266,3041,100,seal_entropy,0.342303116668386,0.8704120498614959,3.472984195020328,10.145932145820517
Transportation,595b15bd549f067e0263b522,2266,3041,20,spectral_entropy,0.8097016759227404,,,
Transportation,595b15bd549f067e0263b522,2266,3041,40,spectral_entropy,0.8160962316474388,,,
Transportation,595b15bd549f067e0263b522,2266,3041,60,spectral_entropy,0.7787789197052889,,,
Transportation,595b15bd549f067e0263b522,2266,3041,80,spectral_entropy,0.8045303873685886,,,
Transportation,595b15bd549f067e0263b522,2266,3041,100,spectral_entropy,0.821874583351851,,,
Transportation,595b15bd549f067e0263b523,519,877,100,adamic_adar_entropy,0.8285633091771457,0.5535183673469388,6.644738632134563,8.019590728357882
Transportation,595b15bd549f067e0263b523,519,877,100,seal_entropy,0.7387025539268746,0.7832326530612245,5.924092152486251,8.019590728357882
Transportation,595b15bd549f067e0263b523,519,877,20,spectral_entropy,0.9145704412119264,,,
Transportation,595b15bd549f067e0263b523,519,877,40,spectral_entropy,0.935383336796177,,,
Transportation,595b15bd549f067e0263b523,519,877,60,spectral_entropy,0.9035069139762172,,,
Transportation,595b15bd549f067e0263b523,519,877,80,spectral_entropy,0.9339349762813838,,,
Transportation,595b15bd549f067e0263b523,519,877,100,spectral_entropy,0.9463274195659084,,,
Transportation,595b15bd549f067e0263b524,1087,2952,100,adamic_adar_entropy,0.6661113149967106,0.7786167767882792,6.052378149092188,9.086136225027309
Transportation,595b15bd549f067e0263b524,1087,2952,100,seal_entropy,0.4280946824657008,0.9167236426314276,3.8897266020931673,9.086136225027309
Transportation,595b15bd549f067e0263b524,1087,2952,20,spectral_entropy,0.8622818570958183,,,
Transportation,595b15bd549f067e0263b524,1087,2952,40,spectral_entropy,0.8782530236519024,,,
Transportation,595b15bd549f067e0263b524,1087,2952,60,spectral_entropy,0.8656912187068907,,,
Transportation,595b15bd549f067e0263b524,1087,2952,80,spectral_entropy,0.8659244570800584,,,
Transportation,595b15bd549f067e0263b524,1087,2952,100,spectral_entropy,0.8745238129124384,,,
Transportation,595b15bd549f067e0263b525,1554,3599,100,adamic_adar_entropy,0.7150578430666068,0.703340290660224,6.865821509578771,9.60177078840771
Transportation,595b15bd549f067e0263b525,1554,3599,100,seal_entropy,0.3734621311077118,0.8983617719711934,3.5858977810465182,9.60177078840771
Transportation,595b15bd549f067e0263b525,1554,3599,20,spectral_entropy,0.9218727764337556,,,
Transportation,595b15bd549f067e0263b525,1554,3599,40,spectral_entropy,0.9398044800246323,,,
Transportation,595b15bd549f067e0263b525,1554,3599,60,spectral_entropy,0.9037268352017216,,,
Transportation,595b15bd549f067e0263b525,1554,3599,80,spectral_entropy,0.9096551438777808,,,
Transportation,595b15bd549f067e0263b525,1554,3599,100,spectral_entropy,0.9112852769026296,,,
Transportation,595b15bd549f067e0263b526,1009,1610,100,adamic_adar_entropy,0.7952160952209775,0.5914895258670576,7.140015071410308,8.978710459106358
Transportation,595b15bd549f067e0263b526,1009,1610,100,seal_entropy,0.494452190906246,0.873013193935419,4.439543058017964,8.978710459106358
Transportation,595b15bd549f067e0263b526,1009,1610,20,spectral_entropy,0.9161122225840972,,,
Transportation,595b15bd549f067e0263b526,1009,1610,40,spectral_entropy,0.8984494431098493,,,
Transportation,595b15bd549f067e0263b526,1009,1610,60,spectral_entropy,0.892028478799822,,,
Transportation,595b15bd549f067e0263b526,1009,1610,80,spectral_entropy,0.8615200036915694,,,
Transportation,595b15bd549f067e0263b526,1009,1610,100,spectral_entropy,0.8695652173913043,,,
Transportation,595b15bd549f067e0263b527,1103,2149,100,adamic_adar_entropy,0.7140352505576014,0.6846490727609608,6.502874026452359,9.107217075591382
Transportation,595b15bd549f067e0263b527,1103,2149,100,seal_entropy,0.4477331626131576,0.8811215979048146,4.077603103859082,9.107217075591382
Transportation,595b15bd549f067e0263b527,1103,2149,20,spectral_entropy,0.9500876875539348,,,
Transportation,595b15bd549f067e0263b527,1103,2149,40,spectral_entropy,0.9296526636939684,,,
Transportation,595b15bd549f067e0263b527,1103,2149,60,spectral_entropy,0.9058113255594342,,,
Transportation,595b15bd549f067e0263b527,1103,2149,80,spectral_entropy,0.9119350817588542,,,
Transportation,595b15bd549f067e0263b527,1103,2149,100,spectral_entropy,0.9145741995482928,,,
Transportation,German_highway_system_2002_Autobahn_2002,1168,1243,100,adamic_adar_entropy,0.824398064396969,0.4999918704474506,7.576073578488416,9.189824558880018
Transportation,German_highway_system_2002_Autobahn_2002,1168,1243,100,seal_entropy,0.5135167604188139,0.8890153485952134,4.719128936293322,9.189824558880018
Transportation,German_highway_system_2002_Autobahn_2002,1168,1243,20,spectral_entropy,1.0153514678157824,,,
Transportation,German_highway_system_2002_Autobahn_2002,1168,1243,40,spectral_entropy,1.0043696816374807,,,
Transportation,German_highway_system_2002_Autobahn_2002,1168,1243,60,spectral_entropy,1.0078348355557494,,,
Transportation,German_highway_system_2002_Autobahn_2002,1168,1243,80,spectral_entropy,1.011999677860997,,,
Transportation,German_highway_system_2002_Autobahn_2002,1168,1243,100,spectral_entropy,1.0335042691539311,,,
Transportation,US_airport_network_top_500_2002_US_airport_network_top_500_2002,500,2980,100,adamic_adar_entropy,0.5308613339539869,0.9208791270663484,4.228726871345421,7.965784284662087
Transportation,US_airport_network_top_500_2002_US_airport_network_top_500_2002,500,2980,100,seal_entropy,0.4451804000332907,0.969460835097518,3.5462110344247684,7.965784284662087
Transportation,US_airport_network_top_500_2002_US_airport_network_top_500_2002,500,2980,20,spectral_entropy,0.6153846153846154,,,
Transportation,US_airport_network_top_500_2002_US_airport_network_top_500_2002,500,2980,40,spectral_entropy,0.571249962789867,,,
Transportation,US_airport_network_top_500_2002_US_airport_network_top_500_2002,500,2980,60,spectral_entropy,0.6033694160695228,,,
Transportation,US_airport_network_top_500_2002_US_airport_network_top_500_2002,500,2980,80,spectral_entropy,0.5834998889629136,,,
Transportation,US_airport_network_top_500_2002_US_airport_network_top_500_2002,500,2980,100,spectral_entropy,0.6732642980150458,,,
