domain,name,n_nodes_original,n_edges_original,level,repeat,n_nodes,n_edges,stage,seconds,peak_bytes,bits
Biological,Olesen_plant-pollinator_web_Flores,22,30,100,0,22,30,coarsen,0.0,0,
Biological,Olesen_plant-pollinator_web_Flores,22,30,100,0,22,30,encode,0.000202207999999926,16384,175.0
Biological,Olesen_plant-pollinator_web_Flores,22,30,100,0,22,30,compress,0.00024237500000001688,16384,
Biological,Olesen_plant-pollinator_web_Flores,22,30,100,0,22,30,linkpred,0.0024403330000000167,16384,
Biological,Olesen_plant-pollinator_web_Flores,22,30,100,1,22,30,coarsen,0.0,0,
Biological,Olesen_plant-pollinator_web_Flores,22,30,100,1,22,30,encode,0.00018487499999997326,16384,175.0
Biological,Olesen_plant-pollinator_web_Flores,22,30,100,1,22,30,compress,0.00021537500000023968,16384,
Biological,Olesen_plant-pollinator_web_Flores,22,30,100,1,22,30,linkpred,0.0011167499999999997,16384,
Biological,Olesen_plant-pollinator_web_Flores,22,30,100,2,22,30,coarsen,0.0,0,
Biological,Olesen_plant-pollinator_web_Flores,22,30,100,2,22,30,encode,0.00017358400000011542,16384,175.0
Biological,Olesen_plant-pollinator_web_Flores,22,30,100,2,22,30,compress,0.00021241700000018682,16384,
Biological,Olesen_plant-pollinator_web_Flores,22,30,100,2,22,30,linkpred,0.0010928749999998821,16384,
Biological,Olesen_plant-pollinator_web_Flores,22,30,80,0,19,25,coarsen,0.004998000000000058,16384,
Biological,Olesen_plant-pollinator_web_Flores,22,30,80,0,19,25,encode,0.00014237500000024994,16384,126.0
Biological,Olesen_plant-pollinator_web_Flores,22,30,80,0,19,25,compress,0.00017399999999989646,16384,
Biological,Olesen_plant-pollinator_web_Flores,22,30,80,1,19,25,coarsen,0.004663458000000009,16384,
Biological,Olesen_plant-pollinator_web_Flores,22,30,80,1,19,25,encode,0.00014491599999999494,16384,126.0
Biological,Olesen_plant-pollinator_web_Flores,22,30,80,1,19,25,compress,0.00017641599999995705,16384,
Biological,Olesen_plant-pollinator_web_Flores,22,30,80,2,19,25,coarsen,0.004594124999999671,16384,
Biological,Olesen_plant-pollinator_web_Flores,22,30,80,2,19,25,encode,0.00014745800000026676,16384,126.0
Biological,Olesen_plant-pollinator_web_Flores,22,30,80,2,19,25,compress,0.00017616599999970006,16384,
Biological,Olesen_plant-pollinator_web_Flores,22,30,60,0,14,17,coarsen,0.0036423749999996424,16384,
Biological,Olesen_plant-pollinator_web_Flores,22,30,60,0,14,17,encode,0.00010183400000007836,16384,67.0
Biological,Olesen_plant-pollinator_web_Flores,22,30,60,0,14,17,compress,0.00011625000000003993,16384,
Biological,Olesen_plant-pollinator_web_Flores,22,30,60,1,14,17,coarsen,0.0036893330000000724,16384,
Biological,Olesen_plant-pollinator_web_Flores,22,30,60,1,14,17,encode,9.891600000022649e-05,16384,67.0
Biological,Olesen_plant-pollinator_web_Flores,22,30,60,1,14,17,compress,0.00011800000000050659,16384,
Biological,Olesen_plant-pollinator_web_Flores,22,30,60,2,14,17,coarsen,0.0036220419999999365,16384,
Biological,Olesen_plant-pollinator_web_Flores,22,30,60,2,14,17,encode,0.00010304199999922048,16384,67.0
Biological,Olesen_plant-pollinator_web_Flores,22,30,60,2,14,17,compress,0.00011925000000001518,16384,
Biological,Olesen_plant-pollinator_web_Flores,22,30,40,0,10,11,coarsen,0.004357374999999664,16384,
Biological,Olesen_plant-pollinator_web_Flores,22,30,40,0,10,11,encode,7.287499999986125e-05,16384,29.0
Biological,Olesen_plant-pollinator_web_Flores,22,30,40,0,10,11,compress,8.133399999987745e-05,16384,
Biological,Olesen_plant-pollinator_web_Flores,22,30,40,1,10,11,coarsen,0.00438716699999997,16384,
Biological,Olesen_plant-pollinator_web_Flores,22,30,40,1,10,11,encode,7.350000000005963e-05,16384,29.0
Biological,Olesen_plant-pollinator_web_Flores,22,30,40,1,10,11,compress,8.37090000000984e-05,16384,
Biological,Olesen_plant-pollinator_web_Flores,22,30,40,2,10,11,coarsen,0.004360375000000083,16384,
Biological,Olesen_plant-pollinator_web_Flores,22,30,40,2,10,11,encode,7.037499999995589e-05,16384,29.0
Biological,Olesen_plant-pollinator_web_Flores,22,30,40,2,10,11,compress,8.095799999985331e-05,16384,
Biological,Olesen_plant-pollinator_web_Flores,22,30,20,0,6,6,coarsen,0.005921082999999605,16384,
Biological,Olesen_plant-pollinator_web_Flores,22,30,20,0,6,6,encode,7.58330000003582e-05,16384,11.0
Biological,Olesen_plant-pollinator_web_Flores,22,30,20,0,6,6,compress,6.624999999971237e-05,16384,
Biological,Olesen_plant-pollinator_web_Flores,22,30,20,1,5,4,coarsen,0.005164084000000457,16384,
Biological,Olesen_plant-pollinator_web_Flores,22,30,20,1,5,4,encode,5.908300000001532e-05,16384,8.0
Biological,Olesen_plant-pollinator_web_Flores,22,30,20,1,5,4,compress,6.44999999996898e-05,16384,
Biological,Olesen_plant-pollinator_web_Flores,22,30,20,2,6,6,coarsen,0.005794124999999539,16384,
Biological,Olesen_plant-pollinator_web_Flores,22,30,20,2,6,6,encode,7.3792000000239e-05,16384,11.0
Biological,Olesen_plant-pollinator_web_Flores,22,30,20,2,6,6,compress,6.716700000009013e-05,16384,
Biological,Poulin_seed-disperser_web_Poulin_seed-disperser_web,24,53,100,0,24,53,coarsen,0.0,0,
Biological,Poulin_seed-disperser_web_Poulin_seed-disperser_web,24,53,100,0,24,53,encode,0.0002146249999999128,16384,206.0
Biological,Poulin_seed-disperser_web_Poulin_seed-disperser_web,24,53,100,0,24,53,compress,0.0002742079999995539,16384,
Biological,Poulin_seed-disperser_web_Poulin_seed-disperser_web,24,53,100,0,24,53,linkpred,0.0012497920000003049,16384,
Biological,Poulin_seed-disperser_web_Poulin_seed-disperser_web,24,53,100,1,24,53,coarsen,0.0,0,
Biological,Poulin_seed-disperser_web_Poulin_seed-disperser_web,24,53,100,1,24,53,encode,0.00021029100000014012,16384,206.0
Biological,Poulin_seed-disperser_web_Poulin_seed-disperser_web,24,53,100,1,24,53,compress,0.0002542080000003111,16384,
Biological,Poulin_seed-disperser_web_Poulin_seed-disperser_web,24,53,100,1,24,53,linkpred,0.001265958000000289,16384,
Biological,Poulin_seed-disperser_web_Poulin_seed-disperser_web,24,53,100,2,24,53,coarsen,0.0,0,
Biological,Poulin_seed-disperser_web_Poulin_seed-disperser_web,24,53,100,2,24,53,encode,0.0001992499999996511,16384,206.0
Biological,Poulin_seed-disperser_web_Poulin_seed-disperser_web,24,53,100,2,24,53,compress,0.00024916699999977254,16384,
Biological,Poulin_seed-disperser_web_Poulin_seed-disperser_web,24,53,100,2,24,53,linkpred,0.0011954160000007263,16384,
Biological,Poulin_seed-disperser_web_Poulin_seed-disperser_web,24,53,80,0,21,35,coarsen,0.005179208000000379,16384,
Biological,Poulin_seed-disperser_web_Poulin_seed-disperser_web,24,53,80,0,21,35,encode,0.0001614999999999256,16384,142.0
Biological,Poulin_seed-disperser_web_Poulin_seed-disperser_web,24,53,80,0,21,35,compress,0.00021387500000003,16384,
Biological,Poulin_seed-disperser_web_Poulin_seed-disperser_web,24,53,80,0,21,35,linkpred,0.001074208000000354,16384,
Biological,Poulin_seed-disperser_web_Poulin_seed-disperser_web,24,53,80,1,21,35,coarsen,0.0051342910000000685,16384,
Biological,Poulin_seed-disperser_web_Poulin_seed-disperser_web,24,53,80,1,21,35,encode,0.0001467909999997019,16384,142.0
Biological,Poulin_seed-disperser_web_Poulin_seed-disperser_web,24,53,80,1,21,35,compress,0.00019433300000049059,16384,
Biological,Poulin_seed-disperser_web_Poulin_seed-disperser_web,24,53,80,1,21,35,linkpred,0.0010533339999998503,16384,
Biological,Poulin_seed-disperser_web_Poulin_seed-disperser_web,24,53,80,2,21,35,coarsen,0.005168041000000123,16384,
Biological,Poulin_seed-disperser_web_Poulin_seed-disperser_web,24,53,80,2,21,35,encode,0.0001495000000000246,16384,142.0
Biological,Poulin_seed-disperser_web_Poulin_seed-disperser_web,24,53,80,2,21,35,compress,0.00021770800000009416,16384,
Biological,Poulin_seed-disperser_web_Poulin_seed-disperser_web,24,53,80,2,21,35,linkpred,0.0011742500000000433,16384,
Biological,Poulin_seed-disperser_web_Poulin_seed-disperser_web,24,53,60,0,15,22,coarsen,0.004380541999999821,16384,
Biological,Poulin_seed-disperser_web_Poulin_seed-disperser_web,24,53,60,0,15,22,encode,0.00010454100000067967,16384,67.0
Biological,Poulin_seed-disperser_web_Poulin_seed-disperser_web,24,53,60,0,15,22,compress,0.00012287499999974472,16384,
Biological,Poulin_seed-disperser_web_Poulin_seed-disperser_web,24,53,60,1,15,22,coarsen,0.0044570420000003,16384,
Biological,Poulin_seed-disperser_web_Poulin_seed-disperser_web,24,53,60,1,15,22,encode,0.00011112500000010073,16384,67.0
Biological,Poulin_seed-disperser_web_Poulin_seed-disperser_web,24,53,60,1,15,22,compress,0.0001242499999998259,16384,
Biological,Poulin_seed-disperser_web_Poulin_seed-disperser_web,24,53,60,2,15,22,coarsen,0.004383958000000021,16384,
Biological,Poulin_seed-disperser_web_Poulin_seed-disperser_web,24,53,60,2,15,22,encode,0.00010125000000016371,16384,67.0
Biological,Poulin_seed-disperser_web_Poulin_seed-disperser_web,24,53,60,2,15,22,compress,0.00012270900000022067,16384,
Biological,Poulin_seed-disperser_web_Poulin_seed-disperser_web,24,53,40,0,11,16,coarsen,0.005696207999999814,16384,
Biological,Poulin_seed-disperser_web_Poulin_seed-disperser_web,24,53,40,0,11,16,encode,8.545800000003823e-05,16384,36.0
Biological,Poulin_seed-disperser_web_Poulin_seed-disperser_web,24,53,40,0,11,16,compress,9.479199999962162e-05,16384,
Biological,Poulin_seed-disperser_web_Poulin_seed-disperser_web,24,53,40,1,11,16,coarsen,0.005348917000000064,16384,
Biological,Poulin_seed-disperser_web_Poulin_seed-disperser_web,24,53,40,1,11,16,encode,9.079199999995069e-05,16384,36.0
Biological,Poulin_seed-disperser_web_Poulin_seed-disperser_web,24,53,40,1,11,16,compress,9.25829999998129e-05,16384,
Biological,Poulin_seed-disperser_web_Poulin_seed-disperser_web,24,53,40,2,11,16,coarsen,0.005309125000000137,16384,
Biological,Poulin_seed-disperser_web_Poulin_seed-disperser_web,24,53,40,2,11,16,encode,8.641700000033836e-05,16384,36.0
Biological,Poulin_seed-disperser_web_Poulin_seed-disperser_web,24,53,40,2,11,16,compress,0.0001000420000005775,16384,
Biological,Poulin_seed-disperser_web_Poulin_seed-disperser_web,24,53,20,0,5,4,coarsen,0.0060920000000006524,16384,
Biological,Poulin_seed-disperser_web_Poulin_seed-disperser_web,24,53,20,0,5,4,encode,6.199999999978445e-05,16384,9.0
Biological,Poulin_seed-disperser_web_Poulin_seed-disperser_web,24,53,20,0,5,4,compress,6.837499999967633e-05,16384,
Biological,Poulin_seed-disperser_web_Poulin_seed-disperser_web,24,53,20,1,5,4,coarsen,0.005938334000000545,16384,
Biological,Poulin_seed-disperser_web_Poulin_seed-disperser_web,24,53,20,1,5,4,encode,5.712500000054632e-05,16384,9.0
Biological,Poulin_seed-disperser_web_Poulin_seed-disperser_web,24,53,20,1,5,4,compress,6.225000000004144e-05,16384,
Biological,Poulin_seed-disperser_web_Poulin_seed-disperser_web,24,53,20,2,5,4,coarsen,0.005985583000000183,16384,
Biological,Poulin_seed-disperser_web_Poulin_seed-disperser_web,24,53,20,2,5,4,encode,5.5041999999616564e-05,16384,9.0
Biological,Poulin_seed-disperser_web_Poulin_seed-disperser_web,24,53,20,2,5,4,compress,6.345899999971039e-05,16384,
Biological,Olesen_plant-pollinator_web_Ile_aux_Aigrettes,27,52,100,0,27,52,coarsen,0.0,0,
Biological,Olesen_plant-pollinator_web_Ile_aux_Aigrettes,27,52,100,0,27,52,encode,0.0002265829999998914,16384,256.0
Biological,Olesen_plant-pollinator_web_Ile_aux_Aigrettes,27,52,100,0,27,52,compress,0.00029708399999961443,16384,
Biological,Olesen_plant-pollinator_web_Ile_aux_Aigrettes,27,52,100,0,27,52,linkpred,0.0013972499999983512,16384,
Biological,Olesen_plant-pollinator_web_Ile_aux_Aigrettes,27,52,100,1,27,52,coarsen,0.0,0,
Biological,Olesen_plant-pollinator_web_Ile_aux_Aigrettes,27,52,100,1,27,52,encode,0.0002167909999997164,16384,256.0
Biological,Olesen_plant-pollinator_web_Ile_aux_Aigrettes,27,52,100,1,27,52,compress,0.0002961250000002025,16384,
Biological,Olesen_plant-pollinator_web_Ile_aux_Aigrettes,27,52,100,1,27,52,linkpred,0.001505875000001211,16384,
Biological,Olesen_plant-pollinator_web_Ile_aux_Aigrettes,27,52,100,2,27,52,coarsen,0.0,0,
Biological,Olesen_plant-pollinator_web_Ile_aux_Aigrettes,27,52,100,2,27,52,encode,0.00023212500000013847,16384,256.0
Biological,Olesen_plant-pollinator_web_Ile_aux_Aigrettes,27,52,100,2,27,52,compress,0.0003045420000002963,16384,
Biological,Olesen_plant-pollinator_web_Ile_aux_Aigrettes,27,52,100,2,27,52,linkpred,0.0013993749999983152,16384,
Biological,Olesen_plant-pollinator_web_Ile_aux_Aigrettes,27,52,80,0,22,35,coarsen,0.004091624999999155,16384,
Biological,Olesen_plant-pollinator_web_Ile_aux_Aigrettes,27,52,80,0,22,35,encode,0.00015587499999902832,16384,153.0
Biological,Olesen_plant-pollinator_web_Ile_aux_Aigrettes,27,52,80,0,22,35,compress,0.00020087499999910108,16384,
Biological,Olesen_plant-pollinator_web_Ile_aux_Aigrettes,27,52,80,0,22,35,linkpred,0.0010701659999998725,16384,
Biological,Olesen_plant-pollinator_web_Ile_aux_Aigrettes,27,52,80,1,22,35,coarsen,0.00397350000000074,16384,
Biological,Olesen_plant-pollinator_web_Ile_aux_Aigrettes,27,52,80,1,22,35,encode,0.00015983400000152415,16384,153.0
Biological,Olesen_plant-pollinator_web_Ile_aux_Aigrettes,27,52,80,1,22,35,compress,0.0002089999999999037,16384,
Biological,Olesen_plant-pollinator_web_Ile_aux_Aigrettes,27,52,80,1,22,35,linkpred,0.0010370000000001767,16384,
Biological,Olesen_plant-pollinator_web_Ile_aux_Aigrettes,27,52,80,2,22,35,coarsen,0.003924666999999715,16384,
Biological,Olesen_plant-pollinator_web_Ile_aux_Aigrettes,27,52,80,2,22,35,encode,0.00015750000000025466,16384,153.0
Biological,Olesen_plant-pollinator_web_Ile_aux_Aigrettes,27,52,80,2,22,35,compress,0.00020066600000134827,16384,
Biological,Olesen_plant-pollinator_web_Ile_aux_Aigrettes,27,52,80,2,22,35,linkpred,0.0010859159999991874,16384,
Biological,Olesen_plant-pollinator_web_Ile_aux_Aigrettes,27,52,60,0,17,25,coarsen,0.003824916999999317,16384,
Biological,Olesen_plant-pollinator_web_Ile_aux_Aigrettes,27,52,60,0,17,25,encode,0.0001208340000005137,16384,95.0
Biological,Olesen_plant-pollinator_web_Ile_aux_Aigrettes,27,52,60,0,17,25,compress,0.0001452499999992085,16384,
Biological,Olesen_plant-pollinator_web_Ile_aux_Aigrettes,27,52,60,1,17,25,coarsen,0.0037892079999988226,16384,
Biological,Olesen_plant-pollinator_web_Ile_aux_Aigrettes,27,52,60,1,17,25,encode,0.00011333399999990945,16384,95.0
Biological,Olesen_plant-pollinator_web_Ile_aux_Aigrettes,27,52,60,1,17,25,compress,0.00014258399999889093,16384,
Biological,Olesen_plant-pollinator_web_Ile_aux_Aigrettes,27,52,60,2,17,25,coarsen,0.0037680830000006438,16384,
Biological,Olesen_plant-pollinator_web_Ile_aux_Aigrettes,27,52,60,2,17,25,encode,0.00011474999999983027,16384,95.0
Biological,Olesen_plant-pollinator_web_Ile_aux_Aigrettes,27,52,60,2,17,25,compress,0.0001447500000004709,16384,
Biological,Olesen_plant-pollinator_web_Ile_aux_Aigrettes,27,52,40,0,11,18,coarsen,0.004056291999999573,16384,
Biological,Olesen_plant-pollinator_web_Ile_aux_Aigrettes,27,52,40,0,11,18,encode,8.562500000053319e-05,16384,37.0
Biological,Olesen_plant-pollinator_web_Ile_aux_Aigrettes,27,52,40,0,11,18,compress,9.766600000027381e-05,16384,
Biological,Olesen_plant-pollinator_web_Ile_aux_Aigrettes,27,52,40,1,11,18,coarsen,0.004084125000000327,16384,
Biological,Olesen_plant-pollinator_web_Ile_aux_Aigrettes,27,52,40,1,11,18,encode,8.5874999999902e-05,16384,37.0
Biological,Olesen_plant-pollinator_web_Ile_aux_Aigrettes,27,52,40,1,11,18,compress,9.587499999952342e-05,16384,
Biological,Olesen_plant-pollinator_web_Ile_aux_Aigrettes,27,52,40,2,11,18,coarsen,0.004248417000001226,16384,
Biological,Olesen_plant-pollinator_web_Ile_aux_Aigrettes,27,52,40,2,11,18,encode,9.241600000109429e-05,16384,40.0
Biological,Olesen_plant-pollinator_web_Ile_aux_Aigrettes,27,52,40,2,11,18,compress,9.69580000003134e-05,16384,
Biological,Olesen_plant-pollinator_web_Ile_aux_Aigrettes,27,52,20,0,6,9,coarsen,0.006013084000001001,16384,
Biological,Olesen_plant-pollinator_web_Ile_aux_Aigrettes,27,52,20,0,6,9,encode,6.620899999987273e-05,16384,13.0
Biological,Olesen_plant-pollinator_web_Ile_aux_Aigrettes,27,52,20,0,6,9,compress,7.39169999999234e-05,16384,
Biological,Olesen_plant-pollinator_web_Ile_aux_Aigrettes,27,52,20,1,6,8,coarsen,0.005628832999999389,16384,
Biological,Olesen_plant-pollinator_web_Ile_aux_Aigrettes,27,52,20,1,6,8,encode,6.437499999911722e-05,16384,12.0
Biological,Olesen_plant-pollinator_web_Ile_aux_Aigrettes,27,52,20,1,6,8,compress,6.837499999967633e-05,16384,
Biological,Olesen_plant-pollinator_web_Ile_aux_Aigrettes,27,52,20,2,6,8,coarsen,0.005559292000000937,16384,
Biological,Olesen_plant-pollinator_web_Ile_aux_Aigrettes,27,52,20,2,6,8,encode,6.191599999993969e-05,16384,12.0
Biological,Olesen_plant-pollinator_web_Ile_aux_Aigrettes,27,52,20,2,6,8,compress,6.616699999995035e-05,16384,
Biological,Vazquez_Simberloff_plant-pollinator_webs_Mascardi_c,30,34,100,0,30,34,coarsen,0.0,0,
Biological,Vazquez_Simberloff_plant-pollinator_webs_Mascardi_c,30,34,100,0,30,34,encode,0.00019716699999960952,16384,211.0
Biological,Vazquez_Simberloff_plant-pollinator_webs_Mascardi_c,30,34,100,0,30,34,compress,0.00025387500000029206,16384,
Biological,Vazquez_Simberloff_plant-pollinator_webs_Mascardi_c,30,34,100,0,30,34,linkpred,0.001420833000000954,16384,
Biological,Vazquez_Simberloff_plant-pollinator_webs_Mascardi_c,30,34,100,1,30,34,coarsen,0.0,0,
Biological,Vazquez_Simberloff_plant-pollinator_webs_Mascardi_c,30,34,100,1,30,34,encode,0.00019562499999992156,16384,211.0
Biological,Vazquez_Simberloff_plant-pollinator_webs_Mascardi_c,30,34,100,1,30,34,compress,0.00023516599999950927,16384,
Biological,Vazquez_Simberloff_plant-pollinator_webs_Mascardi_c,30,34,100,1,30,34,linkpred,0.0014332919999997529,16384,
Biological,Vazquez_Simberloff_plant-pollinator_webs_Mascardi_c,30,34,100,2,30,34,coarsen,0.0,0,
Biological,Vazquez_Simberloff_plant-pollinator_webs_Mascardi_c,30,34,100,2,30,34,encode,0.0002001249999992183,16384,211.0
Biological,Vazquez_Simberloff_plant-pollinator_webs_Mascardi_c,30,34,100,2,30,34,compress,0.00023329199999899686,16384,
Biological,Vazquez_Simberloff_plant-pollinator_webs_Mascardi_c,30,34,100,2,30,34,linkpred,0.0014251250000008042,16384,
Biological,Vazquez_Simberloff_plant-pollinator_webs_Mascardi_c,30,34,80,0,25,29,coarsen,0.005839874999999495,16384,
Biological,Vazquez_Simberloff_plant-pollinator_webs_Mascardi_c,30,34,80,0,25,29,encode,0.00016533299999998974,16384,149.0
Biological,Vazquez_Simberloff_plant-pollinator_webs_Mascardi_c,30,34,80,0,25,29,compress,0.0001871669999999881,16384,
Biological,Vazquez_Simberloff_plant-pollinator_webs_Mascardi_c,30,34,80,1,25,29,coarsen,0.005689291999999568,16384,
Biological,Vazquez_Simberloff_plant-pollinator_webs_Mascardi_c,30,34,80,1,25,29,encode,0.00017279200000075434,16384,146.0
Biological,Vazquez_Simberloff_plant-pollinator_webs_Mascardi_c,30,34,80,1,25,29,compress,0.00018216600000009464,16384,
Biological,Vazquez_Simberloff_plant-pollinator_webs_Mascardi_c,30,34,80,2,25,29,coarsen,0.006038709000000253,16384,
Biological,Vazquez_Simberloff_plant-pollinator_webs_Mascardi_c,30,34,80,2,25,29,encode,0.00015016700000103356,16384,149.0
Biological,Vazquez_Simberloff_plant-pollinator_webs_Mascardi_c,30,34,80,2,25,29,compress,0.0001920420000001144,16384,
Biological,Vazquez_Simberloff_plant-pollinator_webs_Mascardi_c,30,34,60,0,18,18,coarsen,0.003964625000000055,16384,
Biological,Vazquez_Simberloff_plant-pollinator_webs_Mascardi_c,30,34,60,0,18,18,encode,0.00011887500000007378,16384,87.0
Biological,Vazquez_Simberloff_plant-pollinator_webs_Mascardi_c,30,34,60,0,18,18,compress,0.0001370840000003426,16384,
Biological,Vazquez_Simberloff_plant-pollinator_webs_Mascardi_c,30,34,60,1,18,17,coarsen,0.003403166000000013,16384,
Biological,Vazquez_Simberloff_plant-pollinator_webs_Mascardi_c,30,34,60,1,18,17,encode,0.00011045799999997996,16384,79.0
Biological,Vazquez_Simberloff_plant-pollinator_webs_Mascardi_c,30,34,60,1,18,17,compress,0.0001254170000013488,16384,
Biological,Vazquez_Simberloff_plant-pollinator_webs_Mascardi_c,30,34,60,2,18,17,coarsen,0.0037284999999993573,16384,
Biological,Vazquez_Simberloff_plant-pollinator_webs_Mascardi_c,30,34,60,2,18,17,encode,0.0001123750000004975,16384,79.0
Biological,Vazquez_Simberloff_plant-pollinator_webs_Mascardi_c,30,34,60,2,18,17,compress,0.00012654200000028482,16384,
Biological,Vazquez_Simberloff_plant-pollinator_webs_Mascardi_c,30,34,40,0,12,13,coarsen,0.0036679999999993385,16384,
Biological,Vazquez_Simberloff_plant-pollinator_webs_Mascardi_c,30,34,40,0,12,13,encode,8.941699999986952e-05,16384,43.0
Biological,Vazquez_Simberloff_plant-pollinator_webs_Mascardi_c,30,34,40,0,12,13,compress,9.979200000032051e-05,16384,
Biological,Vazquez_Simberloff_plant-pollinator_webs_Mascardi_c,30,34,40,1,12,13,coarsen,0.0037616670000009123,16384,
Biological,Vazquez_Simberloff_plant-pollinator_webs_Mascardi_c,30,34,40,1,12,13,encode,8.887499999943316e-05,16384,46.0
Biological,Vazquez_Simberloff_plant-pollinator_webs_Mascardi_c,30,34,40,1,12,13,compress,9.520799999940266e-05,16384,
Biological,Vazquez_Simberloff_plant-pollinator_webs_Mascardi_c,30,34,40,2,12,13,coarsen,0.0036563330000003447,16384,
Biological,Vazquez_Simberloff_plant-pollinator_webs_Mascardi_c,30,34,40,2,12,13,encode,8.254200000124001e-05,16384,43.0
Biological,Vazquez_Simberloff_plant-pollinator_webs_Mascardi_c,30,34,40,2,12,13,compress,9.858299999976339e-05,16384,
Biological,Vazquez_Simberloff_plant-pollinator_webs_Mascardi_c,30,34,20,0,7,8,coarsen,0.004373709000001114,16384,
Biological,Vazquez_Simberloff_plant-pollinator_webs_Mascardi_c,30,34,20,0,7,8,encode,6.795899999900712e-05,16384,17.0
Biological,Vazquez_Simberloff_plant-pollinator_webs_Mascardi_c,30,34,20,0,7,8,compress,7.358400000079257e-05,16384,
Biological,Vazquez_Simberloff_plant-pollinator_webs_Mascardi_c,30,34,20,1,6,7,coarsen,0.003616958000000281,16384,
Biological,Vazquez_Simberloff_plant-pollinator_webs_Mascardi_c,30,34,20,1,6,7,encode,6.295899999919641e-05,16384,12.0
Biological,Vazquez_Simberloff_plant-pollinator_webs_Mascardi_c,30,34,20,1,6,7,compress,6.954200000031108e-05,16384,
Biological,Vazquez_Simberloff_plant-pollinator_webs_Mascardi_c,30,34,20,2,6,7,coarsen,0.003536207999999874,16384,
Biological,Vazquez_Simberloff_plant-pollinator_webs_Mascardi_c,30,34,20,2,6,7,encode,6.654199999900356e-05,16384,12.0
Biological,Vazquez_Simberloff_plant-pollinator_webs_Mascardi_c,30,34,20,2,6,7,compress,6.450000000057798e-05,16384,
Social,Family_planning_in_Korea1,33,68,100,0,33,68,coarsen,0.0,0,
Social,Family_planning_in_Korea1,33,68,100,0,33,68,encode,0.0002400830000013343,16384,241.0
Social,Family_planning_in_Korea1,33,68,100,0,33,68,compress,0.0002989590000002096,16384,
Social,Family_planning_in_Korea1,33,68,100,0,33,68,linkpred,0.001887165999999496,16384,
Social,Family_planning_in_Korea1,33,68,100,1,33,68,coarsen,0.0,0,
Social,Family_planning_in_Korea1,33,68,100,1,33,68,encode,0.0002287089999999381,16384,241.0
Social,Family_planning_in_Korea1,33,68,100,1,33,68,compress,0.00031779200000059404,16384,
Social,Family_planning_in_Korea1,33,68,100,1,33,68,linkpred,0.0018472920000007775,16384,
Social,Family_planning_in_Korea1,33,68,100,2,33,68,coarsen,0.0,0,
Social,Family_planning_in_Korea1,33,68,100,2,33,68,encode,0.00022387499999965144,16384,241.0
Social,Family_planning_in_Korea1,33,68,100,2,33,68,compress,0.00029774999999965246,16384,
Social,Family_planning_in_Korea1,33,68,100,2,33,68,linkpred,0.0018882080000004464,16384,
Social,Family_planning_in_Korea1,33,68,80,0,28,45,coarsen,0.00649433400000099,16384,
Social,Family_planning_in_Korea1,33,68,80,0,28,45,encode,0.00018674999999923614,16384,177.0
Social,Family_planning_in_Korea1,33,68,80,0,28,45,compress,0.00023437499999978684,16384,
Social,Family_planning_in_Korea1,33,68,80,0,28,45,linkpred,0.0013418330000014578,16384,
Social,Family_planning_in_Korea1,33,68,80,1,28,45,coarsen,0.0064140839999993204,16384,
Social,Family_planning_in_Korea1,33,68,80,1,28,45,encode,0.00017862500000020987,16384,177.0
Social,Family_planning_in_Korea1,33,68,80,1,28,45,compress,0.00022949999999966053,16384,
Social,Family_planning_in_Korea1,33,68,80,1,28,45,linkpred,0.0013807080000010075,16384,
Social,Family_planning_in_Korea1,33,68,80,2,28,45,coarsen,0.00629341700000019,16384,
Social,Family_planning_in_Korea1,33,68,80,2,28,45,encode,0.00018366599999986022,16384,177.0
Social,Family_planning_in_Korea1,33,68,80,2,28,45,compress,0.00024691600000004144,16384,
Social,Family_planning_in_Korea1,33,68,80,2,28,45,linkpred,0.0013368329999998707,16384,
Social,Family_planning_in_Korea1,33,68,60,0,20,25,coarsen,0.004251291999999296,16384,
Social,Family_planning_in_Korea1,33,68,60,0,20,25,encode,0.00011808300000026861,16384,98.0
Social,Family_planning_in_Korea1,33,68,60,0,20,25,compress,0.00014912500000008322,16384,
Social,Family_planning_in_Korea1,33,68,60,1,20,25,coarsen,0.0042188750000011765,16384,
Social,Family_planning_in_Korea1,33,68,60,1,20,25,encode,0.00011624999999959584,16384,98.0
Social,Family_planning_in_Korea1,33,68,60,1,20,25,compress,0.00015370800000091833,16384,
Social,Family_planning_in_Korea1,33,68,60,2,20,25,coarsen,0.004263208999999435,16384,
Social,Family_planning_in_Korea1,33,68,60,2,20,25,encode,0.00011762499999967702,16384,98.0
Social,Family_planning_in_Korea1,33,68,60,2,20,25,compress,0.00014837500000020043,16384,
Social,Family_planning_in_Korea1,33,68,40,0,15,17,coarsen,0.00590524999999964,16384,
Social,Family_planning_in_Korea1,33,68,40,0,15,17,encode,0.0001024580000006381,16384,63.0
Social,Family_planning_in_Korea1,33,68,40,0,15,17,compress,0.00011862500000070497,16384,
Social,Family_planning_in_Korea1,33,68,40,1,15,17,coarsen,0.006211541999999071,16384,
Social,Family_planning_in_Korea1,33,68,40,1,15,17,encode,0.00010029100000075175,16384,63.0
Social,Family_planning_in_Korea1,33,68,40,1,15,17,compress,0.00011891699999999616,16384,
Social,Family_planning_in_Korea1,33,68,40,2,15,17,coarsen,0.0059455409999991105,16384,
Social,Family_planning_in_Korea1,33,68,40,2,15,17,encode,9.35410000000303e-05,16384,63.0
Social,Family_planning_in_Korea1,33,68,40,2,15,17,compress,0.00011591700000046501,16384,
Social,Family_planning_in_Korea1,33,68,20,0,7,7,coarsen,0.006492584000000079,16384,
Social,Family_planning_in_Korea1,33,68,20,0,7,7,encode,6.258400000014319e-05,16384,17.0
Social,Family_planning_in_Korea1,33,68,20,0,7,7,compress,7.112499999983868e-05,16384,
Social,Family_planning_in_Korea1,33,68,20,1,7,7,coarsen,0.006605041999998562,16384,
Social,Family_planning_in_Korea1,33,68,20,1,7,7,encode,6.999999999912632e-05,16384,17.0
Social,Family_planning_in_Korea1,33,68,20,1,7,7,compress,7.041699999987827e-05,16384,
Social,Family_planning_in_Korea1,33,68,20,2,7,7,coarsen,0.00660604199999959,16384,
Social,Family_planning_in_Korea1,33,68,20,2,7,7,encode,6.775000000125431e-05,16384,17.0
Social,Family_planning_in_Korea1,33,68,20,2,7,7,compress,7.199999999940587e-05,16384,
Informational,59a5da04549f067e0266d628,36,38,100,0,36,38,coarsen,0.0,0,
Informational,59a5da04549f067e0266d628,36,38,100,0,36,38,encode,0.00022637500000044497,16384,226.0
Informational,59a5da04549f067e0266d628,36,38,100,0,36,38,compress,0.000267499999999643,16384,
Informational,59a5da04549f067e0266d628,36,38,100,0,36,38,linkpred,0.0016088340000006696,16384,
Informational,59a5da04549f067e0266d628,36,38,100,1,36,38,coarsen,0.0,0,
Informational,59a5da04549f067e0266d628,36,38,100,1,36,38,encode,0.00022874999999800139,16384,226.0
Informational,59a5da04549f067e0266d628,36,38,100,1,36,38,compress,0.0002612079999977368,16384,
Informational,59a5da04549f067e0266d628,36,38,100,1,36,38,linkpred,0.0016757920000003423,16384,
Informational,59a5da04549f067e0266d628,36,38,100,2,36,38,coarsen,0.0,0,
Informational,59a5da04549f067e0266d628,36,38,100,2,36,38,encode,0.00022116599999932873,16384,226.0
Informational,59a5da04549f067e0266d628,36,38,100,2,36,38,compress,0.0002650000000024022,16384,
Informational,59a5da04549f067e0266d628,36,38,100,2,36,38,linkpred,0.0016703329999998573,16384,
Informational,59a5da04549f067e0266d628,36,38,80,0,30,32,coarsen,0.006905834000001221,16384,
Informational,59a5da04549f067e0266d628,36,38,80,0,30,32,encode,0.00018391599999745267,16384,168.0
Informational,59a5da04549f067e0266d628,36,38,80,0,30,32,compress,0.0002179590000004339,16384,
Informational,59a5da04549f067e0266d628,36,38,80,0,30,32,linkpred,0.0013705000000001633,16384,
Informational,59a5da04549f067e0266d628,36,38,80,1,30,32,coarsen,0.006893583000000092,16384,
Informational,59a5da04549f067e0266d628,36,38,80,1,30,32,encode,0.00018612499999903775,16384,162.0
Informational,59a5da04549f067e0266d628,36,38,80,1,30,32,compress,0.00020995899999931567,16384,
Informational,59a5da04549f067e0266d628,36,38,80,1,30,32,linkpred,0.001428083000000413,16384,
Informational,59a5da04549f067e0266d628,36,38,80,2,30,32,coarsen,0.006884625000001421,16384,
Informational,59a5da04549f067e0266d628,36,38,80,2,30,32,encode,0.00017474999999933516,16384,168.0
Informational,59a5da04549f067e0266d628,36,38,80,2,30,32,compress,0.00021883299999814199,16384,
Informational,59a5da04549f067e0266d628,36,38,80,2,30,32,linkpred,0.0014004589999991879,16384,
Informational,59a5da04549f067e0266d628,36,38,60,0,23,25,coarsen,0.006593875000000082,16384,
Informational,59a5da04549f067e0266d628,36,38,60,0,23,25,encode,0.0001404160000006982,16384,107.0
Informational,59a5da04549f067e0266d628,36,38,60,0,23,25,compress,0.00016141699999749903,16384,
Informational,59a5da04549f067e0266d628,36,38,60,1,23,25,coarsen,0.006330292000001236,16384,
Informational,59a5da04549f067e0266d628,36,38,60,1,23,25,encode,0.0001275000000013904,16384,107.0
Informational,59a5da04549f067e0266d628,36,38,60,1,23,25,compress,0.0001524579999987452,16384,
Informational,59a5da04549f067e0266d628,36,38,60,2,23,25,coarsen,0.006182584000001157,16384,
Informational,59a5da04549f067e0266d628,36,38,60,2,23,25,encode,0.00012458399999815128,16384,107.0
Informational,59a5da04549f067e0266d628,36,38,60,2,23,25,compress,0.00016008300000081022,16384,
Informational,59a5da04549f067e0266d628,36,38,40,0,15,15,coarsen,0.006748124999997884,16384,
Informational,59a5da04549f067e0266d628,36,38,40,0,15,15,encode,0.00010158399999937728,16384,57.0
Informational,59a5da04549f067e0266d628,36,38,40,0,15,15,compress,0.00011749999999821625,16384,
Informational,59a5da04549f067e0266d628,36,38,40,1,15,15,coarsen,0.006757415999999239,16384,
Informational,59a5da04549f067e0266d628,36,38,40,1,15,15,encode,9.283300000006989e-05,16384,57.0
Informational,59a5da04549f067e0266d628,36,38,40,1,15,15,compress,0.00011212499999757597,16384,
Informational,59a5da04549f067e0266d628,36,38,40,2,15,15,coarsen,0.006626541999999347,16384,
Informational,59a5da04549f067e0266d628,36,38,40,2,15,15,encode,9.366699999802108e-05,16384,56.0
Informational,59a5da04549f067e0266d628,36,38,40,2,15,15,compress,0.0001113339999996299,16384,
Informational,59a5da04549f067e0266d628,36,38,20,0,9,8,coarsen,0.007980332999999007,16384,
Informational,59a5da04549f067e0266d628,36,38,20,0,9,8,encode,6.662499999876559e-05,16384,24.0
Informational,59a5da04549f067e0266d628,36,38,20,0,9,8,compress,7.966700000139326e-05,16384,
Informational,59a5da04549f067e0266d628,36,38,20,1,9,8,coarsen,0.00789375000000092,16384,
Informational,59a5da04549f067e0266d628,36,38,20,1,9,8,encode,6.679200000192509e-05,16384,24.0
Informational,59a5da04549f067e0266d628,36,38,20,1,9,8,compress,7.654199999862499e-05,16384,
Informational,59a5da04549f067e0266d628,36,38,20,2,10,9,coarsen,0.007798083000000844,16384,
Informational,59a5da04549f067e0266d628,36,38,20,2,10,9,encode,6.945799999868996e-05,16384,29.0
Informational,59a5da04549f067e0266d628,36,38,20,2,10,9,compress,8.649999999832403e-05,16384,
Biological,Vazquez_Simberloff_plant-pollinator_webs_Cerro_Lopez,40,44,100,0,40,44,coarsen,0.0,0,
Biological,Vazquez_Simberloff_plant-pollinator_webs_Cerro_Lopez,40,44,100,0,40,44,encode,0.0002725000000012301,16384,323.0
Biological,Vazquez_Simberloff_plant-pollinator_webs_Cerro_Lopez,40,44,100,0,40,44,compress,0.0003323749999992742,16384,
Biological,Vazquez_Simberloff_plant-pollinator_webs_Cerro_Lopez,40,44,100,0,40,44,linkpred,0.0020442089999974655,16384,
Biological,Vazquez_Simberloff_plant-pollinator_webs_Cerro_Lopez,40,44,100,1,40,44,coarsen,0.0,0,
Biological,Vazquez_Simberloff_plant-pollinator_webs_Cerro_Lopez,40,44,100,1,40,44,encode,0.00025945800000215513,16384,323.0
Biological,Vazquez_Simberloff_plant-pollinator_webs_Cerro_Lopez,40,44,100,1,40,44,compress,0.00033087500000306136,16384,
Biological,Vazquez_Simberloff_plant-pollinator_webs_Cerro_Lopez,40,44,100,1,40,44,linkpred,0.0019798749999999643,16384,
Biological,Vazquez_Simberloff_plant-pollinator_webs_Cerro_Lopez,40,44,100,2,40,44,coarsen,0.0,0,
Biological,Vazquez_Simberloff_plant-pollinator_webs_Cerro_Lopez,40,44,100,2,40,44,encode,0.00026437500000042746,16384,323.0
Biological,Vazquez_Simberloff_plant-pollinator_webs_Cerro_Lopez,40,44,100,2,40,44,compress,0.0003304170000006934,16384,
Biological,Vazquez_Simberloff_plant-pollinator_webs_Cerro_Lopez,40,44,100,2,40,44,linkpred,0.002045167000002124,16384,
Biological,Vazquez_Simberloff_plant-pollinator_webs_Cerro_Lopez,40,44,80,0,33,37,coarsen,0.007393624999998849,16384,
Biological,Vazquez_Simberloff_plant-pollinator_webs_Cerro_Lopez,40,44,80,0,33,37,encode,0.00021591599999837285,16384,250.0
Biological,Vazquez_Simberloff_plant-pollinator_webs_Cerro_Lopez,40,44,80,0,33,37,compress,0.00027816700000116157,16384,
Biological,Vazquez_Simberloff_plant-pollinator_webs_Cerro_Lopez,40,44,80,0,33,37,linkpred,0.00153187499999774,16384,
Biological,Vazquez_Simberloff_plant-pollinator_webs_Cerro_Lopez,40,44,80,1,33,37,coarsen,0.021320457999998155,16384,
Biological,Vazquez_Simberloff_plant-pollinator_webs_Cerro_Lopez,40,44,80,1,33,37,encode,0.00025262500000167165,16384,249.0
Biological,Vazquez_Simberloff_plant-pollinator_webs_Cerro_Lopez,40,44,80,1,33,37,compress,0.0002734169999989433,16384,
Biological,Vazquez_Simberloff_plant-pollinator_webs_Cerro_Lopez,40,44,80,1,33,37,linkpred,0.0015195420000004844,16384,
Biological,Vazquez_Simberloff_plant-pollinator_webs_Cerro_Lopez,40,44,80,2,33,37,coarsen,0.007419207999998179,16384,
Biological,Vazquez_Simberloff_plant-pollinator_webs_Cerro_Lopez,40,44,80,2,33,37,encode,0.00022545799999917904,16384,249.0
Biological,Vazquez_Simberloff_plant-pollinator_webs_Cerro_Lopez,40,44,80,2,33,37,compress,0.000278292000000846,16384,
Biological,Vazquez_Simberloff_plant-pollinator_webs_Cerro_Lopez,40,44,80,2,33,37,linkpred,0.001536957999999089,16384,
Biological,Vazquez_Simberloff_plant-pollinator_webs_Cerro_Lopez,40,44,60,0,24,24,coarsen,0.00449245800000142,16384,
Biological,Vazquez_Simberloff_plant-pollinator_webs_Cerro_Lopez,40,44,60,0,24,24,encode,0.00015329200000024912,16384,141.0
Biological,Vazquez_Simberloff_plant-pollinator_webs_Cerro_Lopez,40,44,60,0,24,24,compress,0.0001879589999980169,16384,
Biological,Vazquez_Simberloff_plant-pollinator_webs_Cerro_Lopez,40,44,60,1,24,24,coarsen,0.004521708999998708,16384,
Biological,Vazquez_Simberloff_plant-pollinator_webs_Cerro_Lopez,40,44,60,1,24,24,encode,0.00014625000000023647,16384,141.0
Biological,Vazquez_Simberloff_plant-pollinator_webs_Cerro_Lopez,40,44,60,1,24,24,compress,0.00018412500000053456,16384,
Biological,Vazquez_Simberloff_plant-pollinator_webs_Cerro_Lopez,40,44,60,2,24,24,coarsen,0.004575750000000767,16384,
Biological,Vazquez_Simberloff_plant-pollinator_webs_Cerro_Lopez,40,44,60,2,24,24,encode,0.00014908300000016084,16384,141.0
Biological,Vazquez_Simberloff_plant-pollinator_webs_Cerro_Lopez,40,44,60,2,24,24,compress,0.00018387500000116574,16384,
Biological,Vazquez_Simberloff_plant-pollinator_webs_Cerro_Lopez,40,44,40,0,16,16,coarsen,0.004666374999999334,16384,
Biological,Vazquez_Simberloff_plant-pollinator_webs_Cerro_Lopez,40,44,40,0,16,16,encode,0.00010712499999954161,16384,78.0
Biological,Vazquez_Simberloff_plant-pollinator_webs_Cerro_Lopez,40,44,40,0,16,16,compress,0.000127917000000366,16384,
Biological,Vazquez_Simberloff_plant-pollinator_webs_Cerro_Lopez,40,44,40,1,16,16,coarsen,0.004586208000002756,16384,
Biological,Vazquez_Simberloff_plant-pollinator_webs_Cerro_Lopez,40,44,40,1,16,16,encode,0.000108333000000016,16384,78.0
Biological,Vazquez_Simberloff_plant-pollinator_webs_Cerro_Lopez,40,44,40,1,16,16,compress,0.00012716700000225956,16384,
Biological,Vazquez_Simberloff_plant-pollinator_webs_Cerro_Lopez,40,44,40,2,16,16,coarsen,0.004558791999997425,16384,
Biological,Vazquez_Simberloff_plant-pollinator_webs_Cerro_Lopez,40,44,40,2,16,16,encode,0.00010641600000127482,16384,78.0
Biological,Vazquez_Simberloff_plant-pollinator_webs_Cerro_Lopez,40,44,40,2,16,16,compress,0.00012808299999989003,16384,
Biological,Vazquez_Simberloff_plant-pollinator_webs_Cerro_Lopez,40,44,20,0,8,8,coarsen,0.0063525000000019816,16384,
Biological,Vazquez_Simberloff_plant-pollinator_webs_Cerro_Lopez,40,44,20,0,8,8,encode,6.491699999955358e-05,16384,20.0
Biological,Vazquez_Simberloff_plant-pollinator_webs_Cerro_Lopez,40,44,20,0,8,8,compress,7.125000000129944e-05,16384,
Biological,Vazquez_Simberloff_plant-pollinator_webs_Cerro_Lopez,40,44,20,1,8,8,coarsen,0.006427125000001865,16384,
Biological,Vazquez_Simberloff_plant-pollinator_webs_Cerro_Lopez,40,44,20,1,8,8,encode,6.537499999836882e-05,16384,20.0
Biological,Vazquez_Simberloff_plant-pollinator_webs_Cerro_Lopez,40,44,20,1,8,8,compress,7.770799999917699e-05,16384,
Biological,Vazquez_Simberloff_plant-pollinator_webs_Cerro_Lopez,40,44,20,2,8,8,coarsen,0.006325541000002488,16384,
Biological,Vazquez_Simberloff_plant-pollinator_webs_Cerro_Lopez,40,44,20,2,8,8,encode,6.283400000128836e-05,16384,20.0
Biological,Vazquez_Simberloff_plant-pollinator_webs_Cerro_Lopez,40,44,20,2,8,8,compress,7.212500000264299e-05,16384,
Biological,Small_plant-pollinator_web_Small_plant-pollinator_web,47,141,100,0,47,141,coarsen,0.0,0,
Biological,Small_plant-pollinator_web_Small_plant-pollinator_web,47,141,100,0,47,141,encode,0.0004994160000002523,16384,641.0
Biological,Small_plant-pollinator_web_Small_plant-pollinator_web,47,141,100,0,47,141,compress,0.0006781669999966766,16384,
Biological,Small_plant-pollinator_web_Small_plant-pollinator_web,47,141,100,0,47,141,linkpred,0.0035687919999993767,16384,
Biological,Small_plant-pollinator_web_Small_plant-pollinator_web,47,141,100,1,47,141,coarsen,0.0,0,
Biological,Small_plant-pollinator_web_Small_plant-pollinator_web,47,141,100,1,47,141,encode,0.0004899169999994513,16384,641.0
Biological,Small_plant-pollinator_web_Small_plant-pollinator_web,47,141,100,1,47,141,compress,0.0006813329999992845,16384,
Biological,Small_plant-pollinator_web_Small_plant-pollinator_web,47,141,100,1,47,141,linkpred,0.003527791999999863,16384,
Biological,Small_plant-pollinator_web_Small_plant-pollinator_web,47,141,100,2,47,141,coarsen,0.0,0,
Biological,Small_plant-pollinator_web_Small_plant-pollinator_web,47,141,100,2,47,141,encode,0.0004898329999996065,16384,641.0
Biological,Small_plant-pollinator_web_Small_plant-pollinator_web,47,141,100,2,47,141,compress,0.0006849159999973153,16384,
Biological,Small_plant-pollinator_web_Small_plant-pollinator_web,47,141,100,2,47,141,linkpred,0.0035807080000012093,16384,
Biological,Small_plant-pollinator_web_Small_plant-pollinator_web,47,141,80,0,38,104,coarsen,0.006552250000002147,16384,
Biological,Small_plant-pollinator_web_Small_plant-pollinator_web,47,141,80,0,38,104,encode,0.00036820800000114673,16384,410.0
Biological,Small_plant-pollinator_web_Small_plant-pollinator_web,47,141,80,0,38,104,compress,0.00045912499999900547,16384,
Biological,Small_plant-pollinator_web_Small_plant-pollinator_web,47,141,80,0,38,104,linkpred,0.00247858299999848,16384,
Biological,Small_plant-pollinator_web_Small_plant-pollinator_web,47,141,80,1,38,104,coarsen,0.0072718330000007825,16384,
Biological,Small_plant-pollinator_web_Small_plant-pollinator_web,47,141,80,1,38,104,encode,0.00034045800000015447,16384,410.0
Biological,Small_plant-pollinator_web_Small_plant-pollinator_web,47,141,80,1,38,104,compress,0.0004762089999985619,16384,
Biological,Small_plant-pollinator_web_Small_plant-pollinator_web,47,141,80,1,38,104,linkpred,0.002709791000000905,16384,
Biological,Small_plant-pollinator_web_Small_plant-pollinator_web,47,141,80,2,38,104,coarsen,0.006963875000000286,16384,
Biological,Small_plant-pollinator_web_Small_plant-pollinator_web,47,141,80,2,38,104,encode,0.0003732500000026562,16384,410.0
Biological,Small_plant-pollinator_web_Small_plant-pollinator_web,47,141,80,2,38,104,compress,0.0004689580000025728,16384,
Biological,Small_plant-pollinator_web_Small_plant-pollinator_web,47,141,80,2,38,104,linkpred,0.002465875000002171,16384,
Biological,Small_plant-pollinator_web_Small_plant-pollinator_web,47,141,60,0,29,53,coarsen,0.006066500000002861,16384,
Biological,Small_plant-pollinator_web_Small_plant-pollinator_web,47,141,60,0,29,53,encode,0.0002248329999972043,16384,254.0
Biological,Small_plant-pollinator_web_Small_plant-pollinator_web,47,141,60,0,29,53,compress,0.00029895899999843323,16384,
Biological,Small_plant-pollinator_web_Small_plant-pollinator_web,47,141,60,0,29,53,linkpred,0.0015517090000010114,16384,
Biological,Small_plant-pollinator_web_Small_plant-pollinator_web,47,141,60,1,29,53,coarsen,0.005818250000000802,16384,
Biological,Small_plant-pollinator_web_Small_plant-pollinator_web,47,141,60,1,29,53,encode,0.0002239589999994962,16384,254.0
Biological,Small_plant-pollinator_web_Small_plant-pollinator_web,47,141,60,1,29,53,compress,0.000289874999999995,16384,
Biological,Small_plant-pollinator_web_Small_plant-pollinator_web,47,141,60,1,29,53,linkpred,0.0015197499999999309,16384,
Biological,Small_plant-pollinator_web_Small_plant-pollinator_web,47,141,60,2,29,53,coarsen,0.005637749999998221,16384,
Biological,Small_plant-pollinator_web_Small_plant-pollinator_web,47,141,60,2,29,53,encode,0.00022750000000115733,16384,254.0
Biological,Small_plant-pollinator_web_Small_plant-pollinator_web,47,141,60,2,29,53,compress,0.0002932080000022097,16384,
Biological,Small_plant-pollinator_web_Small_plant-pollinator_web,47,141,60,2,29,53,linkpred,0.0014985420000002136,16384,
Biological,Small_plant-pollinator_web_Small_plant-pollinator_web,47,141,40,0,19,29,coarsen,0.006966332999997604,16384,
Biological,Small_plant-pollinator_web_Small_plant-pollinator_web,47,141,40,0,19,29,encode,0.00012891700000139394,16384,107.0
Biological,Small_plant-pollinator_web_Small_plant-pollinator_web,47,141,40,0,19,29,compress,0.0001704169999996452,16384,
Biological,Small_plant-pollinator_web_Small_plant-pollinator_web,47,141,40,1,19,29,coarsen,0.007233416000001824,16384,
Biological,Small_plant-pollinator_web_Small_plant-pollinator_web,47,141,40,1,19,29,encode,0.0001292909999968117,16384,107.0
Biological,Small_plant-pollinator_web_Small_plant-pollinator_web,47,141,40,1,19,29,compress,0.00016504199999900493,16384,
Biological,Small_plant-pollinator_web_Small_plant-pollinator_web,47,141,40,2,19,29,coarsen,0.0068960830000008855,16384,
Biological,Small_plant-pollinator_web_Small_plant-pollinator_web,47,141,40,2,19,29,encode,0.00013654199999990624,16384,107.0
Biological,Small_plant-pollinator_web_Small_plant-pollinator_web,47,141,40,2,19,29,compress,0.0001605419999997082,16384,
Biological,Small_plant-pollinator_web_Small_plant-pollinator_web,47,141,20,0,13,23,coarsen,0.009666417000001815,16384,
Biological,Small_plant-pollinator_web_Small_plant-pollinator_web,47,141,20,0,13,23,encode,0.00010516600000087806,16384,60.0
Biological,Small_plant-pollinator_web_Small_plant-pollinator_web,47,141,20,0,13,23,compress,0.0001241249999992533,16384,
Biological,Small_plant-pollinator_web_Small_plant-pollinator_web,47,141,20,1,13,23,coarsen,0.008667083999998937,16384,
Biological,Small_plant-pollinator_web_Small_plant-pollinator_web,47,141,20,1,13,23,encode,0.00010787500000120076,16384,60.0
Biological,Small_plant-pollinator_web_Small_plant-pollinator_web,47,141,20,1,13,23,compress,0.00012475000000122805,16384,
Biological,Small_plant-pollinator_web_Small_plant-pollinator_web,47,141,20,2,13,23,coarsen,0.00869766599999977,16384,
Biological,Small_plant-pollinator_web_Small_plant-pollinator_web,47,141,20,2,13,23,encode,9.545899999707785e-05,16384,60.0
Biological,Small_plant-pollinator_web_Small_plant-pollinator_web,47,141,20,2,13,23,compress,0.00011987499999932538,16384,
Biological,Cold_Lake_host-parasite_web_Cold_Lake,50,91,100,0,50,91,coarsen,0.0,0,
Biological,Cold_Lake_host-parasite_web_Cold_Lake,50,91,100,0,50,91,encode,0.0004614170000003526,16384,638.0
Biological,Cold_Lake_host-parasite_web_Cold_Lake,50,91,100,0,50,91,compress,0.0006062090000007458,16384,
Biological,Cold_Lake_host-parasite_web_Cold_Lake,50,91,100,0,50,91,linkpred,0.0027840419999982657,16384,
Biological,Cold_Lake_host-parasite_web_Cold_Lake,50,91,100,1,50,91,coarsen,0.0,0,
Biological,Cold_Lake_host-parasite_web_Cold_Lake,50,91,100,1,50,91,encode,0.0004505419999993876,16384,638.0
Biological,Cold_Lake_host-parasite_web_Cold_Lake,50,91,100,1,50,91,compress,0.0006122919999995702,16384,
Biological,Cold_Lake_host-parasite_web_Cold_Lake,50,91,100,1,50,91,linkpred,0.002878541999997708,16384,
Biological,Cold_Lake_host-parasite_web_Cold_Lake,50,91,100,2,50,91,coarsen,0.0,0,
Biological,Cold_Lake_host-parasite_web_Cold_Lake,50,91,100,2,50,91,encode,0.00045149999999694046,16384,638.0
Biological,Cold_Lake_host-parasite_web_Cold_Lake,50,91,100,2,50,91,compress,0.0006165829999993377,16384,
Biological,Cold_Lake_host-parasite_web_Cold_Lake,50,91,100,2,50,91,linkpred,0.002812290999997913,16384,
Biological,Cold_Lake_host-parasite_web_Cold_Lake,50,91,80,0,41,63,coarsen,0.00904300000000191,16384,
Biological,Cold_Lake_host-parasite_web_Cold_Lake,50,91,80,0,41,63,encode,0.00032362500000004957,16384,448.0
Biological,Cold_Lake_host-parasite_web_Cold_Lake,50,91,80,0,41,63,compress,0.00042770800000013764,16384,
Biological,Cold_Lake_host-parasite_web_Cold_Lake,50,91,80,0,41,63,linkpred,0.0019947499999979357,16384,
Biological,Cold_Lake_host-parasite_web_Cold_Lake,50,91,80,1,41,63,coarsen,0.009142957999998202,16384,
Biological,Cold_Lake_host-parasite_web_Cold_Lake,50,91,80,1,41,63,encode,0.000330375000000771,16384,474.0
Biological,Cold_Lake_host-parasite_web_Cold_Lake,50,91,80,1,41,63,compress,0.0004385830000011026,16384,
Biological,Cold_Lake_host-parasite_web_Cold_Lake,50,91,80,1,41,63,linkpred,0.0020044999999981883,16384,
Biological,Cold_Lake_host-parasite_web_Cold_Lake,50,91,80,2,41,63,coarsen,0.009296958000000188,16384,
Biological,Cold_Lake_host-parasite_web_Cold_Lake,50,91,80,2,41,63,encode,0.00032683299999902715,16384,448.0
Biological,Cold_Lake_host-parasite_web_Cold_Lake,50,91,80,2,41,63,compress,0.00043374999999912234,16384,
Biological,Cold_Lake_host-parasite_web_Cold_Lake,50,91,80,2,41,63,linkpred,0.0020062920000007978,16384,
Biological,Cold_Lake_host-parasite_web_Cold_Lake,50,91,60,0,30,36,coarsen,0.005911125000000794,16384,
Biological,Cold_Lake_host-parasite_web_Cold_Lake,50,91,60,0,30,36,encode,0.0001870420000003037,16384,227.0
Biological,Cold_Lake_host-parasite_web_Cold_Lake,50,91,60,0,30,36,compress,0.00025637500000286195,16384,
Biological,Cold_Lake_host-parasite_web_Cold_Lake,50,91,60,0,30,36,linkpred,0.0013316659999986769,16384,
Biological,Cold_Lake_host-parasite_web_Cold_Lake,50,91,60,1,30,36,coarsen,0.0060161249999985955,16384,
Biological,Cold_Lake_host-parasite_web_Cold_Lake,50,91,60,1,30,36,encode,0.00020112500000024625,16384,243.0
Biological,Cold_Lake_host-parasite_web_Cold_Lake,50,91,60,1,30,36,compress,0.0002764999999982365,16384,
Biological,Cold_Lake_host-parasite_web_Cold_Lake,50,91,60,1,30,36,linkpred,0.0013324170000004187,16384,
Biological,Cold_Lake_host-parasite_web_Cold_Lake,50,91,60,2,30,36,coarsen,0.005894333000000529,16384,
Biological,Cold_Lake_host-parasite_web_Cold_Lake,50,91,60,2,30,36,encode,0.00019216600000149242,16384,229.0
Biological,Cold_Lake_host-parasite_web_Cold_Lake,50,91,60,2,30,36,compress,0.0002578339999992352,16384,
Biological,Cold_Lake_host-parasite_web_Cold_Lake,50,91,60,2,30,36,linkpred,0.0012863329999994733,16384,
Biological,Cold_Lake_host-parasite_web_Cold_Lake,50,91,40,0,20,22,coarsen,0.006129917000002649,16384,
Biological,Cold_Lake_host-parasite_web_Cold_Lake,50,91,40,0,20,22,encode,0.00012500000000059686,16384,117.0
Biological,Cold_Lake_host-parasite_web_Cold_Lake,50,91,40,0,20,22,compress,0.00016008400000089296,16384,
Biological,Cold_Lake_host-parasite_web_Cold_Lake,50,91,40,1,20,22,coarsen,0.006151375000001735,16384,
Biological,Cold_Lake_host-parasite_web_Cold_Lake,50,91,40,1,20,22,encode,0.00012083300000043096,16384,118.0
Biological,Cold_Lake_host-parasite_web_Cold_Lake,50,91,40,1,20,22,compress,0.00015833299999812311,16384,
Biological,Cold_Lake_host-parasite_web_Cold_Lake,50,91,40,2,20,22,coarsen,0.006089916000000528,16384,
Biological,Cold_Lake_host-parasite_web_Cold_Lake,50,91,40,2,20,22,encode,0.00012625000000099362,16384,118.0
Biological,Cold_Lake_host-parasite_web_Cold_Lake,50,91,40,2,20,22,compress,0.0001608339999989994,16384,
Biological,Cold_Lake_host-parasite_web_Cold_Lake,50,91,20,0,10,12,coarsen,0.008562042000001213,16384,
Biological,Cold_Lake_host-parasite_web_Cold_Lake,50,91,20,0,10,12,encode,7.612499999964939e-05,16384,34.0
Biological,Cold_Lake_host-parasite_web_Cold_Lake,50,91,20,0,10,12,compress,8.983300000053873e-05,16384,
Biological,Cold_Lake_host-parasite_web_Cold_Lake,50,91,20,1,10,12,coarsen,0.008140708000002661,16384,
Biological,Cold_Lake_host-parasite_web_Cold_Lake,50,91,20,1,10,12,encode,7.816699999807497e-05,16384,34.0
Biological,Cold_Lake_host-parasite_web_Cold_Lake,50,91,20,1,10,12,compress,9.016599999966957e-05,16384,
Biological,Cold_Lake_host-parasite_web_Cold_Lake,50,91,20,2,10,12,coarsen,0.008333290999999576,16384,
Biological,Cold_Lake_host-parasite_web_Cold_Lake,50,91,20,2,10,12,encode,7.487499999925262e-05,16384,34.0
Biological,Cold_Lake_host-parasite_web_Cold_Lake,50,91,20,2,10,12,compress,9.299999999967667e-05,16384,
Biological,Freshwater_stream_webs_AkatoreB,54,117,100,0,54,117,coarsen,0.0,0,
Biological,Freshwater_stream_webs_AkatoreB,54,117,100,0,54,117,encode,0.0006380000000021369,16384,941.0
Biological,Freshwater_stream_webs_AkatoreB,54,117,100,0,54,117,compress,0.0008859170000015126,16384,
Biological,Freshwater_stream_webs_AkatoreB,54,117,100,0,54,117,linkpred,0.003627542000000261,16384,
Biological,Freshwater_stream_webs_AkatoreB,54,117,100,1,54,117,coarsen,0.0,0,
Biological,Freshwater_stream_webs_AkatoreB,54,117,100,1,54,117,encode,0.000616957999998391,16384,941.0
Biological,Freshwater_stream_webs_AkatoreB,54,117,100,1,54,117,compress,0.0008547499999984609,16384,
Biological,Freshwater_stream_webs_AkatoreB,54,117,100,1,54,117,linkpred,0.003574375000003016,16384,
Biological,Freshwater_stream_webs_AkatoreB,54,117,100,2,54,117,coarsen,0.0,0,
Biological,Freshwater_stream_webs_AkatoreB,54,117,100,2,54,117,encode,0.0006159169999975234,16384,941.0
Biological,Freshwater_stream_webs_AkatoreB,54,117,100,2,54,117,compress,0.00085550000000012,16384,
Biological,Freshwater_stream_webs_AkatoreB,54,117,100,2,54,117,linkpred,0.0036119170000006307,16384,
Biological,Freshwater_stream_webs_AkatoreB,54,117,80,0,44,80,coarsen,0.006203791999997321,16384,
Biological,Freshwater_stream_webs_AkatoreB,54,117,80,0,44,80,encode,0.00045287499999702163,16384,667.0
Biological,Freshwater_stream_webs_AkatoreB,54,117,80,0,44,80,compress,0.0005989170000013644,16384,
Biological,Freshwater_stream_webs_AkatoreB,54,117,80,0,44,80,linkpred,0.002425166000001866,16384,
Biological,Freshwater_stream_webs_AkatoreB,54,117,80,1,44,80,coarsen,0.006153499999999923,16384,
Biological,Freshwater_stream_webs_AkatoreB,54,117,80,1,44,80,encode,0.00044524999999850934,16384,667.0
Biological,Freshwater_stream_webs_AkatoreB,54,117,80,1,44,80,compress,0.0005923750000000894,16384,
Biological,Freshwater_stream_webs_AkatoreB,54,117,80,1,44,80,linkpred,0.0024621670000009033,16384,
Biological,Freshwater_stream_webs_AkatoreB,54,117,80,2,44,80,coarsen,0.006073083000000423,16384,
Biological,Freshwater_stream_webs_AkatoreB,54,117,80,2,44,80,encode,0.00044100000000213413,16384,667.0
Biological,Freshwater_stream_webs_AkatoreB,54,117,80,2,44,80,compress,0.000588000000000477,16384,
Biological,Freshwater_stream_webs_AkatoreB,54,117,80,2,44,80,linkpred,0.002453083999998995,16384,
Biological,Freshwater_stream_webs_AkatoreB,54,117,60,0,34,57,coarsen,0.009835166999998535,16384,
Biological,Freshwater_stream_webs_AkatoreB,54,117,60,0,34,57,encode,0.0002727500000005989,16384,373.0
Biological,Freshwater_stream_webs_AkatoreB,54,117,60,0,34,57,compress,0.0003586250000005009,16384,
Biological,Freshwater_stream_webs_AkatoreB,54,117,60,0,34,57,linkpred,0.0017779160000017669,16384,
Biological,Freshwater_stream_webs_AkatoreB,54,117,60,1,34,57,coarsen,0.009774625000002146,16384,
Biological,Freshwater_stream_webs_AkatoreB,54,117,60,1,34,57,encode,0.00027720799999997325,16384,373.0
Biological,Freshwater_stream_webs_AkatoreB,54,117,60,1,34,57,compress,0.00037116700000083824,16384,
Biological,Freshwater_stream_webs_AkatoreB,54,117,60,1,34,57,linkpred,0.0017659590000000946,16384,
Biological,Freshwater_stream_webs_AkatoreB,54,117,60,2,34,57,coarsen,0.00978691599999948,16384,
Biological,Freshwater_stream_webs_AkatoreB,54,117,60,2,34,57,encode,0.000267416999999881,16384,373.0
Biological,Freshwater_stream_webs_AkatoreB,54,117,60,2,34,57,compress,0.0003610419999979797,16384,
Biological,Freshwater_stream_webs_AkatoreB,54,117,60,2,34,57,linkpred,0.0017527080000014905,16384,
Biological,Freshwater_stream_webs_AkatoreB,54,117,40,0,22,43,coarsen,0.006908875000000592,16384,
Biological,Freshwater_stream_webs_AkatoreB,54,117,40,0,22,43,encode,0.00015391600000214112,16384,151.0
Biological,Freshwater_stream_webs_AkatoreB,54,117,40,0,22,43,compress,0.00020091700000079982,16384,
Biological,Freshwater_stream_webs_AkatoreB,54,117,40,0,22,43,linkpred,0.0011406669999978192,16384,
Biological,Freshwater_stream_webs_AkatoreB,54,117,40,1,22,43,coarsen,0.006879833999999363,16384,
Biological,Freshwater_stream_webs_AkatoreB,54,117,40,1,22,43,encode,0.0001565420000027018,16384,151.0
Biological,Freshwater_stream_webs_AkatoreB,54,117,40,1,22,43,compress,0.00020174999999866827,16384,
Biological,Freshwater_stream_webs_AkatoreB,54,117,40,1,22,43,linkpred,0.0010791250000004027,16384,
Biological,Freshwater_stream_webs_AkatoreB,54,117,40,2,22,43,coarsen,0.0069246249999999065,16384,
Biological,Freshwater_stream_webs_AkatoreB,54,117,40,2,22,43,encode,0.0001546670000003303,16384,151.0
Biological,Freshwater_stream_webs_AkatoreB,54,117,40,2,22,43,compress,0.00019912500000174305,16384,
Biological,Freshwater_stream_webs_AkatoreB,54,117,40,2,22,43,linkpred,0.0011039589999981558,16384,
Biological,Freshwater_stream_webs_AkatoreB,54,117,20,0,12,12,coarsen,0.010652750000001987,16384,
Biological,Freshwater_stream_webs_AkatoreB,54,117,20,0,12,12,encode,9.362500000165142e-05,16384,46.0
Biological,Freshwater_stream_webs_AkatoreB,54,117,20,0,12,12,compress,9.82910000004722e-05,16384,
Biological,Freshwater_stream_webs_AkatoreB,54,117,20,1,12,13,coarsen,0.010683874999998011,16384,
Biological,Freshwater_stream_webs_AkatoreB,54,117,20,1,12,13,encode,8.79170000018803e-05,16384,52.0
Biological,Freshwater_stream_webs_AkatoreB,54,117,20,1,12,13,compress,0.00010212499999795455,16384,
Biological,Freshwater_stream_webs_AkatoreB,54,117,20,2,12,12,coarsen,0.011013999999999413,16384,
Biological,Freshwater_stream_webs_AkatoreB,54,117,20,2,12,12,encode,8.899999999911756e-05,16384,46.0
Biological,Freshwater_stream_webs_AkatoreB,54,117,20,2,12,12,compress,9.608299999896985e-05,16384,
Social,Dolphin_social_network_Dolphins,62,159,100,0,62,159,coarsen,0.0,0,
Social,Dolphin_social_network_Dolphins,62,159,100,0,62,159,encode,0.0007150409999994167,16384,983.0
Social,Dolphin_social_network_Dolphins,62,159,100,0,62,159,compress,0.0009507919999975911,16384,
Social,Dolphin_social_network_Dolphins,62,159,100,0,62,159,linkpred,0.005114833000000374,16384,
Social,Dolphin_social_network_Dolphins,62,159,100,1,62,159,coarsen,0.0,0,
Social,Dolphin_social_network_Dolphins,62,159,100,1,62,159,encode,0.0006906660000005616,16384,983.0
Social,Dolphin_social_network_Dolphins,62,159,100,1,62,159,compress,0.0009617499999983181,16384,
Social,Dolphin_social_network_Dolphins,62,159,100,1,62,159,linkpred,0.005063500000002108,16384,
Social,Dolphin_social_network_Dolphins,62,159,100,2,62,159,coarsen,0.0,0,
Social,Dolphin_social_network_Dolphins,62,159,100,2,62,159,encode,0.0007089170000007528,16384,983.0
Social,Dolphin_social_network_Dolphins,62,159,100,2,62,159,compress,0.0009447080000022368,16384,
Social,Dolphin_social_network_Dolphins,62,159,100,2,62,159,linkpred,0.005130916999998902,16384,
Social,Dolphin_social_network_Dolphins,62,159,80,0,50,134,coarsen,0.00716058400000108,16384,
Social,Dolphin_social_network_Dolphins,62,159,80,0,50,134,encode,0.0005212920000019494,16384,708.0
Social,Dolphin_social_network_Dolphins,62,159,80,0,50,134,compress,0.000707915999999642,16384,
Social,Dolphin_social_network_Dolphins,62,159,80,0,50,134,linkpred,0.003595083000000443,16384,
Social,Dolphin_social_network_Dolphins,62,159,80,1,50,134,coarsen,0.007191709000000657,16384,
Social,Dolphin_social_network_Dolphins,62,159,80,1,50,134,encode,0.0005214579999979208,16384,708.0
Social,Dolphin_social_network_Dolphins,62,159,80,1,50,134,compress,0.0007079579999995644,16384,
Social,Dolphin_social_network_Dolphins,62,159,80,1,50,134,linkpred,0.003609958999998497,16384,
Social,Dolphin_social_network_Dolphins,62,159,80,2,50,134,coarsen,0.0071268749999973124,16384,
Social,Dolphin_social_network_Dolphins,62,159,80,2,50,134,encode,0.0005145829999975149,16384,708.0
Social,Dolphin_social_network_Dolphins,62,159,80,2,50,134,compress,0.000717083000001395,16384,
Social,Dolphin_social_network_Dolphins,62,159,80,2,50,134,linkpred,0.0036030420000017216,16384,
Social,Dolphin_social_network_Dolphins,62,159,60,0,38,79,coarsen,0.007842291999999418,16384,
Social,Dolphin_social_network_Dolphins,62,159,60,0,38,79,encode,0.0003119169999976634,16384,400.0
Social,Dolphin_social_network_Dolphins,62,159,60,0,38,79,compress,0.00043224999999935676,16384,
Social,Dolphin_social_network_Dolphins,62,159,60,0,38,79,linkpred,0.002148167000001422,16384,
Social,Dolphin_social_network_Dolphins,62,159,60,1,38,79,coarsen,0.0076983340000005285,16384,
Social,Dolphin_social_network_Dolphins,62,159,60,1,38,79,encode,0.00030383300000025315,16384,400.0
Social,Dolphin_social_network_Dolphins,62,159,60,1,38,79,compress,0.0004194579999996506,16384,
Social,Dolphin_social_network_Dolphins,62,159,60,1,38,79,linkpred,0.002182749999999345,16384,
Social,Dolphin_social_network_Dolphins,62,159,60,2,38,79,coarsen,0.007798666999999426,16384,
Social,Dolphin_social_network_Dolphins,62,159,60,2,38,79,encode,0.00031387499999979696,16384,400.0
Social,Dolphin_social_network_Dolphins,62,159,60,2,38,79,compress,0.00042274999999847296,16384,
Social,Dolphin_social_network_Dolphins,62,159,60,2,38,79,linkpred,0.0021610000000009677,16384,
Social,Dolphin_social_network_Dolphins,62,159,40,0,25,42,coarsen,0.008443708000001493,16384,
Social,Dolphin_social_network_Dolphins,62,159,40,0,25,42,encode,0.00017449999999996635,16384,186.0
Social,Dolphin_social_network_Dolphins,62,159,40,0,25,42,compress,0.00022979199999895172,16384,
Social,Dolphin_social_network_Dolphins,62,159,40,0,25,42,linkpred,0.001214666999999281,16384,
Social,Dolphin_social_network_Dolphins,62,159,40,1,25,42,coarsen,0.008578583000002027,16384,
Social,Dolphin_social_network_Dolphins,62,159,40,1,25,42,encode,0.00017054199999932962,16384,181.0
Social,Dolphin_social_network_Dolphins,62,159,40,1,25,42,compress,0.00023904100000038397,16384,
Social,Dolphin_social_network_Dolphins,62,159,40,1,25,42,linkpred,0.0011930000000006658,16384,
Social,Dolphin_social_network_Dolphins,62,159,40,2,25,42,coarsen,0.008590583999996682,16384,
Social,Dolphin_social_network_Dolphins,62,159,40,2,25,42,encode,0.0001785839999968175,16384,181.0
Social,Dolphin_social_network_Dolphins,62,159,40,2,25,42,compress,0.0002325000000027444,16384,
Social,Dolphin_social_network_Dolphins,62,159,40,2,25,42,linkpred,0.0011992909999989365,16384,
Social,Dolphin_social_network_Dolphins,62,159,20,0,13,26,coarsen,0.011618167000001733,16384,
Social,Dolphin_social_network_Dolphins,62,159,20,0,13,26,encode,9.670899999747462e-05,16384,58.0
Social,Dolphin_social_network_Dolphins,62,159,20,0,13,26,compress,0.00011549999999971305,16384,
Social,Dolphin_social_network_Dolphins,62,159,20,1,13,26,coarsen,0.011365041999994219,16384,
Social,Dolphin_social_network_Dolphins,62,159,20,1,13,26,encode,9.712499999636748e-05,16384,58.0
Social,Dolphin_social_network_Dolphins,62,159,20,1,13,26,compress,0.00011766699999782304,16384,
Social,Dolphin_social_network_Dolphins,62,159,20,2,13,26,coarsen,0.011623707999994792,16384,
Social,Dolphin_social_network_Dolphins,62,159,20,2,13,26,encode,9.979200000032051e-05,16384,58.0
Social,Dolphin_social_network_Dolphins,62,159,20,2,13,26,compress,0.00011324999999828833,16384,
Informational,59a5da04549f067e0266d626,69,84,100,0,69,84,coarsen,0.0,0,
Informational,59a5da04549f067e0266d626,69,84,100,0,69,84,encode,0.0007341250000010291,16384,1027.0
Informational,59a5da04549f067e0266d626,69,84,100,0,69,84,compress,0.000919375000002276,16384,
Informational,59a5da04549f067e0266d626,69,84,100,0,69,84,linkpred,0.0044869159999976205,16384,
Informational,59a5da04549f067e0266d626,69,84,100,1,69,84,coarsen,0.0,0,
Informational,59a5da04549f067e0266d626,69,84,100,1,69,84,encode,0.0007237080000024321,16384,1027.0
Informational,59a5da04549f067e0266d626,69,84,100,1,69,84,compress,0.0009260839999996051,16384,
Informational,59a5da04549f067e0266d626,69,84,100,1,69,84,linkpred,0.004439916999999127,16384,
Informational,59a5da04549f067e0266d626,69,84,100,2,69,84,coarsen,0.0,0,
Informational,59a5da04549f067e0266d626,69,84,100,2,69,84,encode,0.0007177089999998998,16384,1027.0
Informational,59a5da04549f067e0266d626,69,84,100,2,69,84,compress,0.000893707999999549,16384,
Informational,59a5da04549f067e0266d626,69,84,100,2,69,84,linkpred,0.0044333330000014826,16384,
Informational,59a5da04549f067e0266d626,69,84,80,0,57,70,coarsen,0.01178258299999868,16384,
Informational,59a5da04549f067e0266d626,69,84,80,0,57,70,encode,0.0005407920000024546,16384,757.0
Informational,59a5da04549f067e0266d626,69,84,80,0,57,70,compress,0.0007039999999989277,16384,
Informational,59a5da04549f067e0266d626,69,84,80,0,57,70,linkpred,0.0034469580000049405,16384,
Informational,59a5da04549f067e0266d626,69,84,80,1,57,70,coarsen,0.011871458999998197,16384,
Informational,59a5da04549f067e0266d626,69,84,80,1,57,70,encode,0.0005429169999970895,16384,757.0
Informational,59a5da04549f067e0266d626,69,84,80,1,57,70,compress,0.0007329169999934493,16384,
Informational,59a5da04549f067e0266d626,69,84,80,1,57,70,linkpred,0.003318624999998576,16384,
Informational,59a5da04549f067e0266d626,69,84,80,2,57,70,coarsen,0.0126123340000035,16384,
Informational,59a5da04549f067e0266d626,69,84,80,2,57,70,encode,0.0005405830000029255,16384,757.0
Informational,59a5da04549f067e0266d626,69,84,80,2,57,70,compress,0.0007206249999995862,16384,
Informational,59a5da04549f067e0266d626,69,84,80,2,57,70,linkpred,0.003302832999999339,16384,
Informational,59a5da04549f067e0266d626,69,84,60,0,43,53,coarsen,0.010952290999995284,16384,
Informational,59a5da04549f067e0266d626,69,84,60,0,43,53,encode,0.0003698749999969664,16384,438.0
Informational,59a5da04549f067e0266d626,69,84,60,0,43,53,compress,0.0006745000000023538,16384,
Informational,59a5da04549f067e0266d626,69,84,60,0,43,53,linkpred,0.00256545799999941,16384,
Informational,59a5da04549f067e0266d626,69,84,60,1,43,53,coarsen,0.011180834000001028,16384,
Informational,59a5da04549f067e0266d626,69,84,60,1,43,53,encode,0.0003494169999953556,16384,438.0
Informational,59a5da04549f067e0266d626,69,84,60,1,43,53,compress,0.00047133399999665926,16384,
Informational,59a5da04549f067e0266d626,69,84,60,1,43,53,linkpred,0.002270541999997988,16384,
Informational,59a5da04549f067e0266d626,69,84,60,2,43,53,coarsen,0.012784374999995407,16384,
Informational,59a5da04549f067e0266d626,69,84,60,2,43,53,encode,0.0003712090000007606,16384,438.0
Informational,59a5da04549f067e0266d626,69,84,60,2,43,53,compress,0.00044937499999520014,16384,
Informational,59a5da04549f067e0266d626,69,84,60,2,43,53,linkpred,0.0024686669999951505,16384,
Informational,59a5da04549f067e0266d626,69,84,40,0,28,36,coarsen,0.014447707999998727,16384,
Informational,59a5da04549f067e0266d626,69,84,40,0,28,36,encode,0.00021295799999876408,16384,215.0
Informational,59a5da04549f067e0266d626,69,84,40,0,28,36,compress,0.00026937500000201453,16384,
Informational,59a5da04549f067e0266d626,69,84,40,0,28,36,linkpred,0.0017884580000000483,16384,
Informational,59a5da04549f067e0266d626,69,84,40,1,28,36,coarsen,0.013313375000002736,16384,
Informational,59a5da04549f067e0266d626,69,84,40,1,28,36,encode,0.00023550000000227556,16384,215.0
Informational,59a5da04549f067e0266d626,69,84,40,1,28,36,compress,0.00026295899999695393,16384,
Informational,59a5da04549f067e0266d626,69,84,40,1,28,36,linkpred,0.0013034999999987917,16384,
Informational,59a5da04549f067e0266d626,69,84,40,2,28,36,coarsen,0.012138667000002101,16384,
Informational,59a5da04549f067e0266d626,69,84,40,2,28,36,encode,0.0002727499999934935,16384,214.0
Informational,59a5da04549f067e0266d626,69,84,40,2,28,36,compress,0.0002619589999994787,16384,
Informational,59a5da04549f067e0266d626,69,84,40,2,28,36,linkpred,0.001389875000000984,16384,
Informational,59a5da04549f067e0266d626,69,84,20,0,14,18,coarsen,0.01286204200000185,16384,
Informational,59a5da04549f067e0266d626,69,84,20,0,14,18,encode,0.0001256250000025716,16384,70.0
Informational,59a5da04549f067e0266d626,69,84,20,0,14,18,compress,0.00012854199999878801,16384,
Informational,59a5da04549f067e0266d626,69,84,20,1,14,18,coarsen,0.012855915999999468,16384,
Informational,59a5da04549f067e0266d626,69,84,20,1,14,18,encode,0.00011733400000224492,16384,70.0
Informational,59a5da04549f067e0266d626,69,84,20,1,14,18,compress,0.0001280420000000504,16384,
Informational,59a5da04549f067e0266d626,69,84,20,2,14,18,coarsen,0.013176500000000146,16384,
Informational,59a5da04549f067e0266d626,69,84,20,2,14,18,encode,0.00011283300000286545,16384,70.0
Informational,59a5da04549f067e0266d626,69,84,20,2,14,18,compress,0.00013079200000021274,16384,
Biological,56e98770a6d70217090cdd7d,74,75,100,0,74,75,coarsen,0.0,0,
Biological,56e98770a6d70217090cdd7d,74,75,100,0,74,75,encode,0.0007676250000017149,16384,976.0
Biological,56e98770a6d70217090cdd7d,74,75,100,0,74,75,compress,0.0008570839999961777,16384,
Biological,56e98770a6d70217090cdd7d,74,75,100,0,74,75,linkpred,0.00526112499999698,16384,
Biological,56e98770a6d70217090cdd7d,74,75,100,1,74,75,coarsen,0.0,0,
Biological,56e98770a6d70217090cdd7d,74,75,100,1,74,75,encode,0.0006926659999990648,16384,976.0
Biological,56e98770a6d70217090cdd7d,74,75,100,1,74,75,compress,0.0008908340000033377,16384,
Biological,56e98770a6d70217090cdd7d,74,75,100,1,74,75,linkpred,0.005157958999994605,16384,
Biological,56e98770a6d70217090cdd7d,74,75,100,2,74,75,coarsen,0.0,0,
Biological,56e98770a6d70217090cdd7d,74,75,100,2,74,75,encode,0.0007187499999972147,16384,976.0
Biological,56e98770a6d70217090cdd7d,74,75,100,2,74,75,compress,0.000857959000001074,16384,
Biological,56e98770a6d70217090cdd7d,74,75,100,2,74,75,linkpred,0.005616416000002289,16384,
Biological,56e98770a6d70217090cdd7d,74,75,80,0,61,62,coarsen,0.013618166000000542,16384,
Biological,56e98770a6d70217090cdd7d,74,75,80,0,61,62,encode,0.0004964580000006436,16384,690.0
Biological,56e98770a6d70217090cdd7d,74,75,80,0,61,62,compress,0.0006132919999970454,16384,
Biological,56e98770a6d70217090cdd7d,74,75,80,0,61,62,linkpred,0.003543042000003993,16384,
Biological,56e98770a6d70217090cdd7d,74,75,80,1,61,62,coarsen,0.014195041999997215,16384,
Biological,56e98770a6d70217090cdd7d,74,75,80,1,61,62,encode,0.0005047499999975003,16384,688.0
Biological,56e98770a6d70217090cdd7d,74,75,80,1,61,62,compress,0.0006378750000024525,16384,
Biological,56e98770a6d70217090cdd7d,74,75,80,1,61,62,linkpred,0.0036008330000001365,16384,
Biological,56e98770a6d70217090cdd7d,74,75,80,2,61,62,coarsen,0.01224187499999374,16384,
Biological,56e98770a6d70217090cdd7d,74,75,80,2,61,62,encode,0.0005016250000053901,16384,688.0
Biological,56e98770a6d70217090cdd7d,74,75,80,2,61,62,compress,0.0006235000000032187,16384,
Biological,56e98770a6d70217090cdd7d,74,75,80,2,61,62,linkpred,0.003654625000002909,16384,
Biological,56e98770a6d70217090cdd7d,74,75,60,0,46,46,coarsen,0.01186966699999914,16384,
Biological,56e98770a6d70217090cdd7d,74,75,60,0,46,46,encode,0.00036324999999948204,16384,446.0
Biological,56e98770a6d70217090cdd7d,74,75,60,0,46,46,compress,0.0004309580000025903,16384,
Biological,56e98770a6d70217090cdd7d,74,75,60,0,46,46,linkpred,0.0023424999999974716,16384,
Biological,56e98770a6d70217090cdd7d,74,75,60,1,46,46,coarsen,0.013046334000001991,16384,
Biological,56e98770a6d70217090cdd7d,74,75,60,1,46,46,encode,0.0003382089999988125,16384,437.0
Biological,56e98770a6d70217090cdd7d,74,75,60,1,46,46,compress,0.0004275000000006912,16384,
Biological,56e98770a6d70217090cdd7d,74,75,60,1,46,46,linkpred,0.0024115829999971083,16384,
Biological,56e98770a6d70217090cdd7d,74,75,60,2,46,46,coarsen,0.012357833000002927,16384,
Biological,56e98770a6d70217090cdd7d,74,75,60,2,46,46,encode,0.00034575000000103273,16384,448.0
Biological,56e98770a6d70217090cdd7d,74,75,60,2,46,46,compress,0.0004334170000035442,16384,
Biological,56e98770a6d70217090cdd7d,74,75,60,2,46,46,linkpred,0.002334625000003143,16384,
Biological,56e98770a6d70217090cdd7d,74,75,40,0,31,30,coarsen,0.014241542000000607,16384,
Biological,56e98770a6d70217090cdd7d,74,75,40,0,31,30,encode,0.00021333400000145275,16384,251.0
Biological,56e98770a6d70217090cdd7d,74,75,40,0,31,30,compress,0.0002747500000026548,16384,
Biological,56e98770a6d70217090cdd7d,74,75,40,0,31,30,linkpred,0.0013700419999977953,16384,
Biological,56e98770a6d70217090cdd7d,74,75,40,1,31,30,coarsen,0.014474791000004927,16384,
Biological,56e98770a6d70217090cdd7d,74,75,40,1,31,30,encode,0.0002169159999994008,16384,250.0
Biological,56e98770a6d70217090cdd7d,74,75,40,1,31,30,compress,0.0002782500000009236,16384,
Biological,56e98770a6d70217090cdd7d,74,75,40,1,31,30,linkpred,0.0013910419999945134,16384,
Biological,56e98770a6d70217090cdd7d,74,75,40,2,31,30,coarsen,0.014317208000001358,16384,
Biological,56e98770a6d70217090cdd7d,74,75,40,2,31,30,encode,0.00022195799999735755,16384,251.0
Biological,56e98770a6d70217090cdd7d,74,75,40,2,31,30,compress,0.00027750000000281716,16384,
Biological,56e98770a6d70217090cdd7d,74,75,40,2,31,30,linkpred,0.0013655000000056816,16384,
Biological,56e98770a6d70217090cdd7d,74,75,20,0,16,15,coarsen,0.013528166999996927,32768,
Biological,56e98770a6d70217090cdd7d,74,75,20,0,16,15,encode,0.00010600000000238197,16384,74.0
Biological,56e98770a6d70217090cdd7d,74,75,20,0,16,15,compress,0.00012516700000020364,16384,
Biological,56e98770a6d70217090cdd7d,74,75,20,1,16,15,coarsen,0.013782500000004916,16384,
Biological,56e98770a6d70217090cdd7d,74,75,20,1,16,15,encode,9.970800000047575e-05,16384,74.0
Biological,56e98770a6d70217090cdd7d,74,75,20,1,16,15,compress,0.00012483300000099007,16384,
Biological,56e98770a6d70217090cdd7d,74,75,20,2,16,15,coarsen,0.01345279200000249,16384,
Biological,56e98770a6d70217090cdd7d,74,75,20,2,16,15,encode,0.00012037500000161572,16384,74.0
Biological,56e98770a6d70217090cdd7d,74,75,20,2,16,15,compress,0.00013045800000099916,16384,
Biological,Freshwater_stream_webs_DempstersAu,83,414,100,0,83,414,coarsen,0.0,0,
Biological,Freshwater_stream_webs_DempstersAu,83,414,100,0,83,414,encode,0.001756332999995891,16384,2665.0
Biological,Freshwater_stream_webs_DempstersAu,83,414,100,0,83,414,compress,0.0024519159999982776,16384,
Biological,Freshwater_stream_webs_DempstersAu,83,414,100,0,83,414,linkpred,0.01523541699999953,409600,
Biological,Freshwater_stream_webs_DempstersAu,83,414,100,1,83,414,coarsen,0.0,0,
Biological,Freshwater_stream_webs_DempstersAu,83,414,100,1,83,414,encode,0.0017483329999947728,16384,2665.0
Biological,Freshwater_stream_webs_DempstersAu,83,414,100,1,83,414,compress,0.0025510840000038115,16384,
Biological,Freshwater_stream_webs_DempstersAu,83,414,100,1,83,414,linkpred,0.012650708000002453,16384,
Biological,Freshwater_stream_webs_DempstersAu,83,414,100,2,83,414,coarsen,0.0,0,
Biological,Freshwater_stream_webs_DempstersAu,83,414,100,2,83,414,encode,0.0017606660000026864,16384,2665.0
Biological,Freshwater_stream_webs_DempstersAu,83,414,100,2,83,414,compress,0.0024495830000006436,16384,
Biological,Freshwater_stream_webs_DempstersAu,83,414,100,2,83,414,linkpred,0.01254079200000291,16384,
Biological,Freshwater_stream_webs_DempstersAu,83,414,80,0,68,245,coarsen,0.01652166699999924,98304,
Biological,Freshwater_stream_webs_DempstersAu,83,414,80,0,68,245,encode,0.0011651659999998287,16384,1717.0
Biological,Freshwater_stream_webs_DempstersAu,83,414,80,0,68,245,compress,0.001576540999998599,16384,
Biological,Freshwater_stream_webs_DempstersAu,83,414,80,0,68,245,linkpred,0.007110541999999498,16384,
Biological,Freshwater_stream_webs_DempstersAu,83,414,80,1,68,245,coarsen,0.016905375000000333,16384,
Biological,Freshwater_stream_webs_DempstersAu,83,414,80,1,68,245,encode,0.0011097919999940586,16384,1717.0
Biological,Freshwater_stream_webs_DempstersAu,83,414,80,1,68,245,compress,0.001577457999999865,16384,
Biological,Freshwater_stream_webs_DempstersAu,83,414,80,1,68,245,linkpred,0.007065916999998478,16384,
Biological,Freshwater_stream_webs_DempstersAu,83,414,80,2,68,245,coarsen,0.016265084000004038,16384,
Biological,Freshwater_stream_webs_DempstersAu,83,414,80,2,68,245,encode,0.001080709000000013,16384,1717.0
Biological,Freshwater_stream_webs_DempstersAu,83,414,80,2,68,245,compress,0.0015400830000018573,16384,
Biological,Freshwater_stream_webs_DempstersAu,83,414,80,2,68,245,linkpred,0.007175624999995023,16384,
Biological,Freshwater_stream_webs_DempstersAu,83,414,60,0,51,171,coarsen,0.018197000000000685,16384,
Biological,Freshwater_stream_webs_DempstersAu,83,414,60,0,51,171,encode,0.0006331250000002342,16384,995.0
Biological,Freshwater_stream_webs_DempstersAu,83,414,60,0,51,171,compress,0.0009324589999977206,16384,
Biological,Freshwater_stream_webs_DempstersAu,83,414,60,0,51,171,linkpred,0.00830541699999543,16384,
Biological,Freshwater_stream_webs_DempstersAu,83,414,60,1,51,171,coarsen,0.018613708000003726,16384,
Biological,Freshwater_stream_webs_DempstersAu,83,414,60,1,51,171,encode,0.000656374999998377,16384,995.0
Biological,Freshwater_stream_webs_DempstersAu,83,414,60,1,51,171,compress,0.000927749999995342,16384,
Biological,Freshwater_stream_webs_DempstersAu,83,414,60,1,51,171,linkpred,0.004248708000005763,16384,
Biological,Freshwater_stream_webs_DempstersAu,83,414,60,2,51,171,coarsen,0.01807504199999954,16384,
Biological,Freshwater_stream_webs_DempstersAu,83,414,60,2,51,171,encode,0.0006561670000024833,16384,995.0
Biological,Freshwater_stream_webs_DempstersAu,83,414,60,2,51,171,compress,0.0009283750000008695,16384,
Biological,Freshwater_stream_webs_DempstersAu,83,414,60,2,51,171,linkpred,0.004161000000003412,16384,
Biological,Freshwater_stream_webs_DempstersAu,83,414,40,0,34,66,coarsen,0.013333958000004031,16384,
Biological,Freshwater_stream_webs_DempstersAu,83,414,40,0,34,66,encode,0.0002600420000007375,16384,325.0
Biological,Freshwater_stream_webs_DempstersAu,83,414,40,0,34,66,compress,0.00034474999999645206,16384,
Biological,Freshwater_stream_webs_DempstersAu,83,414,40,0,34,66,linkpred,0.0018128330000024562,16384,
Biological,Freshwater_stream_webs_DempstersAu,83,414,40,1,34,66,coarsen,0.013162416999996651,16384,
Biological,Freshwater_stream_webs_DempstersAu,83,414,40,1,34,66,encode,0.000264708000003111,16384,325.0
Biological,Freshwater_stream_webs_DempstersAu,83,414,40,1,34,66,compress,0.0003518339999999398,16384,
Biological,Freshwater_stream_webs_DempstersAu,83,414,40,1,34,66,linkpred,0.001815249999999935,16384,
Biological,Freshwater_stream_webs_DempstersAu,83,414,40,2,34,66,coarsen,0.013179958999998576,16384,
Biological,Freshwater_stream_webs_DempstersAu,83,414,40,2,34,66,encode,0.00026108400000168785,16384,325.0
Biological,Freshwater_stream_webs_DempstersAu,83,414,40,2,34,66,compress,0.0003429160000010256,16384,
Biological,Freshwater_stream_webs_DempstersAu,83,414,40,2,34,66,linkpred,0.001780792000005249,16384,
Biological,Freshwater_stream_webs_DempstersAu,83,414,20,0,17,31,coarsen,0.016777457999999967,16384,
Biological,Freshwater_stream_webs_DempstersAu,83,414,20,0,17,31,encode,0.00011274999999955071,16384,94.0
Biological,Freshwater_stream_webs_DempstersAu,83,414,20,0,17,31,compress,0.0001472499999977117,16384,
Biological,Freshwater_stream_webs_DempstersAu,83,414,20,0,17,31,linkpred,0.0008419589999988375,16384,
Biological,Freshwater_stream_webs_DempstersAu,83,414,20,1,17,31,coarsen,0.016356124999994393,16384,
Biological,Freshwater_stream_webs_DempstersAu,83,414,20,1,17,31,encode,0.00011650000000429372,16384,94.0
Biological,Freshwater_stream_webs_DempstersAu,83,414,20,1,17,31,compress,0.00014658300000292002,16384,
Biological,Freshwater_stream_webs_DempstersAu,83,414,20,1,17,31,linkpred,0.0008768340000031571,16384,
Biological,Freshwater_stream_webs_DempstersAu,83,414,20,2,17,31,coarsen,0.01646620900000073,16384,
Biological,Freshwater_stream_webs_DempstersAu,83,414,20,2,17,31,encode,0.00011629199999418915,16384,94.0
Biological,Freshwater_stream_webs_DempstersAu,83,414,20,2,17,31,compress,0.0001455419999984997,16384,
Biological,Freshwater_stream_webs_DempstersAu,83,414,20,2,17,31,linkpred,0.0008485829999997918,16384,
Biological,Bluthgen_plant-ant_web_Bluthgen_plant-ant_web,92,285,100,0,92,285,coarsen,0.0,0,
Biological,Bluthgen_plant-ant_web_Bluthgen_plant-ant_web,92,285,100,0,92,285,encode,0.0018219999999971037,16384,2897.0
Biological,Bluthgen_plant-ant_web_Bluthgen_plant-ant_web,92,285,100,0,92,285,compress,0.0024956250000016666,16384,
Biological,Bluthgen_plant-ant_web_Bluthgen_plant-ant_web,92,285,100,0,92,285,linkpred,0.011691584000004696,16384,
Biological,Bluthgen_plant-ant_web_Bluthgen_plant-ant_web,92,285,100,1,92,285,coarsen,0.0,0,
Biological,Bluthgen_plant-ant_web_Bluthgen_plant-ant_web,92,285,100,1,92,285,encode,0.0018150000000005662,16384,2897.0
Biological,Bluthgen_plant-ant_web_Bluthgen_plant-ant_web,92,285,100,1,92,285,compress,0.002459500000000503,16384,
Biological,Bluthgen_plant-ant_web_Bluthgen_plant-ant_web,92,285,100,1,92,285,linkpred,0.011809666000004881,16384,
Biological,Bluthgen_plant-ant_web_Bluthgen_plant-ant_web,92,285,100,2,92,285,coarsen,0.0,0,
Biological,Bluthgen_plant-ant_web_Bluthgen_plant-ant_web,92,285,100,2,92,285,encode,0.0018480420000059894,16384,2897.0
Biological,Bluthgen_plant-ant_web_Bluthgen_plant-ant_web,92,285,100,2,92,285,compress,0.0024403339999992113,16384,
Biological,Bluthgen_plant-ant_web_Bluthgen_plant-ant_web,92,285,100,2,92,285,linkpred,0.011606208000003448,16384,
Biological,Bluthgen_plant-ant_web_Bluthgen_plant-ant_web,92,285,80,0,74,200,coarsen,0.014749542000004112,16384,
Biological,Bluthgen_plant-ant_web_Bluthgen_plant-ant_web,92,285,80,0,74,200,encode,0.001194959000002882,16384,1895.0
Biological,Bluthgen_plant-ant_web_Bluthgen_plant-ant_web,92,285,80,0,74,200,compress,0.0016252499999964698,16384,
Biological,Bluthgen_plant-ant_web_Bluthgen_plant-ant_web,92,285,80,0,74,200,linkpred,0.007246666000000346,16384,
Biological,Bluthgen_plant-ant_web_Bluthgen_plant-ant_web,92,285,80,1,74,200,coarsen,0.01511245800000438,16384,
Biological,Bluthgen_plant-ant_web_Bluthgen_plant-ant_web,92,285,80,1,74,200,encode,0.001185124999999232,16384,1895.0
Biological,Bluthgen_plant-ant_web_Bluthgen_plant-ant_web,92,285,80,1,74,200,compress,0.0016724999999979673,16384,
Biological,Bluthgen_plant-ant_web_Bluthgen_plant-ant_web,92,285,80,1,74,200,linkpred,0.007184666999997091,16384,
Biological,Bluthgen_plant-ant_web_Bluthgen_plant-ant_web,92,285,80,2,74,200,coarsen,0.015348417000005554,16384,
Biological,Bluthgen_plant-ant_web_Bluthgen_plant-ant_web,92,285,80,2,74,200,encode,0.001180957999999066,16384,1895.0
Biological,Bluthgen_plant-ant_web_Bluthgen_plant-ant_web,92,285,80,2,74,200,compress,0.0016397089999955483,16384,
Biological,Bluthgen_plant-ant_web_Bluthgen_plant-ant_web,92,285,80,2,74,200,linkpred,0.007297792000002801,16384,
Biological,Bluthgen_plant-ant_web_Bluthgen_plant-ant_web,92,285,60,0,56,164,coarsen,0.01722412499999848,16384,
Biological,Bluthgen_plant-ant_web_Bluthgen_plant-ant_web,92,285,60,0,56,164,encode,0.0007564580000050114,16384,1139.0
Biological,Bluthgen_plant-ant_web_Bluthgen_plant-ant_web,92,285,60,0,56,164,compress,0.0010469580000034284,16384,
Biological,Bluthgen_plant-ant_web_Bluthgen_plant-ant_web,92,285,60,0,56,164,linkpred,0.0045853339999979426,16384,
Biological,Bluthgen_plant-ant_web_Bluthgen_plant-ant_web,92,285,60,1,56,164,coarsen,0.01683670899999612,16384,
Biological,Bluthgen_plant-ant_web_Bluthgen_plant-ant_web,92,285,60,1,56,164,encode,0.0007582080000005931,16384,1139.0
Biological,Bluthgen_plant-ant_web_Bluthgen_plant-ant_web,92,285,60,1,56,164,compress,0.0010674170000015692,16384,
Biological,Bluthgen_plant-ant_web_Bluthgen_plant-ant_web,92,285,60,1,56,164,linkpred,0.004601874999998756,16384,
Biological,Bluthgen_plant-ant_web_Bluthgen_plant-ant_web,92,285,60,2,56,164,coarsen,0.017216708999995944,16384,
Biological,Bluthgen_plant-ant_web_Bluthgen_plant-ant_web,92,285,60,2,56,164,encode,0.0007461659999989934,16384,1139.0
Biological,Bluthgen_plant-ant_web_Bluthgen_plant-ant_web,92,285,60,2,56,164,compress,0.0010461250000020073,16384,
Biological,Bluthgen_plant-ant_web_Bluthgen_plant-ant_web,92,285,60,2,56,164,linkpred,0.004598041000001274,16384,
Biological,Bluthgen_plant-ant_web_Bluthgen_plant-ant_web,92,285,40,0,38,114,coarsen,0.020509083000000317,16384,
Biological,Bluthgen_plant-ant_web_Bluthgen_plant-ant_web,92,285,40,0,38,114,encode,0.000379707999996981,16384,511.0
Biological,Bluthgen_plant-ant_web_Bluthgen_plant-ant_web,92,285,40,0,38,114,compress,0.0005446669999997766,16384,
Biological,Bluthgen_plant-ant_web_Bluthgen_plant-ant_web,92,285,40,0,38,114,linkpred,0.00238304100000164,16384,
Biological,Bluthgen_plant-ant_web_Bluthgen_plant-ant_web,92,285,40,1,38,114,coarsen,0.021554416999997272,16384,
Biological,Bluthgen_plant-ant_web_Bluthgen_plant-ant_web,92,285,40,1,38,114,encode,0.00037608399999555786,16384,511.0
Biological,Bluthgen_plant-ant_web_Bluthgen_plant-ant_web,92,285,40,1,38,114,compress,0.0005460839999997802,16384,
Biological,Bluthgen_plant-ant_web_Bluthgen_plant-ant_web,92,285,40,1,38,114,linkpred,0.002361167000003661,16384,
Biological,Bluthgen_plant-ant_web_Bluthgen_plant-ant_web,92,285,40,2,38,114,coarsen,0.022384416999997825,16384,
Biological,Bluthgen_plant-ant_web_Bluthgen_plant-ant_web,92,285,40,2,38,114,encode,0.00037545899999713583,16384,511.0
Biological,Bluthgen_plant-ant_web_Bluthgen_plant-ant_web,92,285,40,2,38,114,compress,0.0005323749999988081,16384,
Biological,Bluthgen_plant-ant_web_Bluthgen_plant-ant_web,92,285,40,2,38,114,linkpred,0.0023618749999982924,16384,
Biological,Bluthgen_plant-ant_web_Bluthgen_plant-ant_web,92,285,20,0,19,26,coarsen,0.021045041999997238,16384,
Biological,Bluthgen_plant-ant_web_Bluthgen_plant-ant_web,92,285,20,0,19,26,encode,0.00011399999999639476,16384,104.0
Biological,Bluthgen_plant-ant_web_Bluthgen_plant-ant_web,92,285,20,0,19,26,compress,0.0001483750000019768,16384,
Biological,Bluthgen_plant-ant_web_Bluthgen_plant-ant_web,92,285,20,1,19,26,coarsen,0.020925875000003202,16384,
Biological,Bluthgen_plant-ant_web_Bluthgen_plant-ant_web,92,285,20,1,19,26,encode,0.00012133300000272129,16384,104.0
Biological,Bluthgen_plant-ant_web_Bluthgen_plant-ant_web,92,285,20,1,19,26,compress,0.00015224999999929878,16384,
Biological,Bluthgen_plant-ant_web_Bluthgen_plant-ant_web,92,285,20,2,19,26,coarsen,0.018946458000002053,16384,
Biological,Bluthgen_plant-ant_web_Bluthgen_plant-ant_web,92,285,20,2,19,26,encode,0.00011908300000129657,16384,104.0
Biological,Bluthgen_plant-ant_web_Bluthgen_plant-ant_web,92,285,20,2,19,26,compress,0.0001502080000008732,16384,
Technological,57222854461efe0c7a675ad3,103,239,100,0,103,239,coarsen,0.0,0,
Technological,57222854461efe0c7a675ad3,103,239,100,0,103,239,encode,0.001990249999998639,16384,3230.0
Technological,57222854461efe0c7a675ad3,103,239,100,0,103,239,compress,0.002668082999996102,16384,
Technological,57222854461efe0c7a675ad3,103,239,100,0,103,239,linkpred,0.012916459000003044,16384,
Technological,57222854461efe0c7a675ad3,103,239,100,1,103,239,coarsen,0.0,0,
Technological,57222854461efe0c7a675ad3,103,239,100,1,103,239,encode,0.0019072080000057667,16384,3230.0
Technological,57222854461efe0c7a675ad3,103,239,100,1,103,239,compress,0.0026461670000017534,16384,
Technological,57222854461efe0c7a675ad3,103,239,100,1,103,239,linkpred,0.012603375000004746,16384,
Technological,57222854461efe0c7a675ad3,103,239,100,2,103,239,coarsen,0.0,0,
Technological,57222854461efe0c7a675ad3,103,239,100,2,103,239,encode,0.0019216660000012098,16384,3230.0
Technological,57222854461efe0c7a675ad3,103,239,100,2,103,239,compress,0.002670999999999424,16384,
Technological,57222854461efe0c7a675ad3,103,239,100,2,103,239,linkpred,0.012637625000003538,16384,
Technological,57222854461efe0c7a675ad3,103,239,80,0,83,155,coarsen,0.013700458999998943,65536,
Technological,57222854461efe0c7a675ad3,103,239,80,0,83,155,encode,0.0012722910000064758,16384,2102.0
Technological,57222854461efe0c7a675ad3,103,239,80,0,83,155,compress,0.0017184159999956705,16384,
Technological,57222854461efe0c7a675ad3,103,239,80,0,83,155,linkpred,0.007821458999998754,16384,
Technological,57222854461efe0c7a675ad3,103,239,80,1,83,155,coarsen,0.013269499999999823,16384,
Technological,57222854461efe0c7a675ad3,103,239,80,1,83,155,encode,0.0012271249999997735,16384,2102.0
Technological,57222854461efe0c7a675ad3,103,239,80,1,83,155,compress,0.0016705410000028564,16384,
Technological,57222854461efe0c7a675ad3,103,239,80,1,83,155,linkpred,0.007829665999999236,16384,
Technological,57222854461efe0c7a675ad3,103,239,80,2,83,155,coarsen,0.013345665999999312,16384,
Technological,57222854461efe0c7a675ad3,103,239,80,2,83,155,encode,0.0012553330000031337,16384,2102.0
Technological,57222854461efe0c7a675ad3,103,239,80,2,83,155,compress,0.0017020000000016466,16384,
Technological,57222854461efe0c7a675ad3,103,239,80,2,83,155,linkpred,0.007954625000003546,16384,
Technological,57222854461efe0c7a675ad3,103,239,60,0,62,118,coarsen,0.014077499999999077,16384,
Technological,57222854461efe0c7a675ad3,103,239,60,0,62,118,encode,0.0007327080000010255,16384,1182.0
Technological,57222854461efe0c7a675ad3,103,239,60,0,62,118,compress,0.0010204160000029106,16384,
Technological,57222854461efe0c7a675ad3,103,239,60,0,62,118,linkpred,0.004687500000002842,16384,
Technological,57222854461efe0c7a675ad3,103,239,60,1,62,118,coarsen,0.014031791000000737,16384,
Technological,57222854461efe0c7a675ad3,103,239,60,1,62,118,encode,0.0007282500000016512,16384,1182.0
Technological,57222854461efe0c7a675ad3,103,239,60,1,62,118,compress,0.0010179999999948564,16384,
Technological,57222854461efe0c7a675ad3,103,239,60,1,62,118,linkpred,0.004705833000002713,16384,
Technological,57222854461efe0c7a675ad3,103,239,60,2,62,118,coarsen,0.014040041999997754,16384,
Technological,57222854461efe0c7a675ad3,103,239,60,2,62,118,encode,0.0007354999999975576,16384,1182.0
Technological,57222854461efe0c7a675ad3,103,239,60,2,62,118,compress,0.0009852079999959074,16384,
Technological,57222854461efe0c7a675ad3,103,239,60,2,62,118,linkpred,0.004681917000006308,16384,
Technological,57222854461efe0c7a675ad3,103,239,40,0,43,89,coarsen,0.01740654099999972,16384,
Technological,57222854461efe0c7a675ad3,103,239,40,0,43,89,encode,0.0004191250000005198,16384,633.0
Technological,57222854461efe0c7a675ad3,103,239,40,0,43,89,compress,0.0005921250000042733,16384,
Technological,57222854461efe0c7a675ad3,103,239,40,0,43,89,linkpred,0.002612999999996646,16384,
Technological,57222854461efe0c7a675ad3,103,239,40,1,43,89,coarsen,0.017909666999997853,16384,
Technological,57222854461efe0c7a675ad3,103,239,40,1,43,89,encode,0.00043358300000306826,16384,636.0
Technological,57222854461efe0c7a675ad3,103,239,40,1,43,89,compress,0.0005960000000015953,16384,
Technological,57222854461efe0c7a675ad3,103,239,40,1,43,89,linkpred,0.002635333000000628,16384,
Technological,57222854461efe0c7a675ad3,103,239,40,2,43,89,coarsen,0.017581625000005374,16384,
Technological,57222854461efe0c7a675ad3,103,239,40,2,43,89,encode,0.0004234590000038452,16384,633.0
Technological,57222854461efe0c7a675ad3,103,239,40,2,43,89,compress,0.0005957500000022264,16384,
Technological,57222854461efe0c7a675ad3,103,239,40,2,43,89,linkpred,0.0027154170000045497,16384,
Technological,57222854461efe0c7a675ad3,103,239,20,0,21,38,coarsen,0.01746812500000061,16384,
Technological,57222854461efe0c7a675ad3,103,239,20,0,21,38,encode,0.00015925000000294176,16384,161.0
Technological,57222854461efe0c7a675ad3,103,239,20,0,21,38,compress,0.00021158300000223562,16384,
Technological,57222854461efe0c7a675ad3,103,239,20,0,21,38,linkpred,0.0010344169999996211,16384,
Technological,57222854461efe0c7a675ad3,103,239,20,1,21,38,coarsen,0.017872124999996686,16384,
Technological,57222854461efe0c7a675ad3,103,239,20,1,21,38,encode,0.00015737500000057025,16384,161.0
Technological,57222854461efe0c7a675ad3,103,239,20,1,21,38,compress,0.00021000000000270802,16384,
Technological,57222854461efe0c7a675ad3,103,239,20,1,21,38,linkpred,0.0010353329999972516,16384,
Technological,57222854461efe0c7a675ad3,103,239,20,2,21,38,coarsen,0.018113624999998024,16384,
Technological,57222854461efe0c7a675ad3,103,239,20,2,21,38,encode,0.00016379200000216088,16384,161.0
Technological,57222854461efe0c7a675ad3,103,239,20,2,21,38,compress,0.00020454100000222297,16384,
Technological,57222854461efe0c7a675ad3,103,239,20,2,21,38,linkpred,0.0010590830000012375,16384,
Economic,577ee40d58d31bd664bac0ee,113,2944,100,0,113,2944,coarsen,0.0,0,
Economic,577ee40d58d31bd664bac0ee,113,2944,100,0,113,2944,encode,0.004676166999999509,16384,5712.0
Economic,577ee40d58d31bd664bac0ee,113,2944,100,0,113,2944,compress,0.006361166999994339,16384,
Economic,577ee40d58d31bd664bac0ee,113,2944,100,0,113,2944,linkpred,0.06907712499999974,1736704,
Economic,577ee40d58d31bd664bac0ee,113,2944,100,1,113,2944,coarsen,0.0,0,
Economic,577ee40d58d31bd664bac0ee,113,2944,100,1,113,2944,encode,0.004583584000002361,16384,5712.0
Economic,577ee40d58d31bd664bac0ee,113,2944,100,1,113,2944,compress,0.006370625000002406,16384,
Economic,577ee40d58d31bd664bac0ee,113,2944,100,1,113,2944,linkpred,0.06912324999999697,557056,
Economic,577ee40d58d31bd664bac0ee,113,2944,100,2,113,2944,coarsen,0.0,0,
Economic,577ee40d58d31bd664bac0ee,113,2944,100,2,113,2944,encode,0.004605624999996394,16384,5712.0
Economic,577ee40d58d31bd664bac0ee,113,2944,100,2,113,2944,compress,0.006380707999994684,16384,
Economic,577ee40d58d31bd664bac0ee,113,2944,100,2,113,2944,linkpred,0.06879933399999771,163840,
Economic,577ee40d58d31bd664bac0ee,113,2944,80,0,92,1689,coarsen,0.07354754099999639,475136,
Economic,577ee40d58d31bd664bac0ee,113,2944,80,0,92,1689,encode,0.0027961249999961524,16384,3686.0
Economic,577ee40d58d31bd664bac0ee,113,2944,80,0,92,1689,compress,0.004013041000000328,16384,
Economic,577ee40d58d31bd664bac0ee,113,2944,80,0,92,1689,linkpred,0.03581129199999822,163840,
Economic,577ee40d58d31bd664bac0ee,113,2944,80,1,92,1689,coarsen,0.07318225000000211,180224,
Economic,577ee40d58d31bd664bac0ee,113,2944,80,1,92,1689,encode,0.0027960000000035734,16384,3686.0
Economic,577ee40d58d31bd664bac0ee,113,2944,80,1,92,1689,compress,0.003978166000003114,16384,
Economic,577ee40d58d31bd664bac0ee,113,2944,80,1,92,1689,linkpred,0.03587604099999453,16384,
Economic,577ee40d58d31bd664bac0ee,113,2944,80,2,92,1689,coarsen,0.07322824999999966,16384,
Economic,577ee40d58d31bd664bac0ee,113,2944,80,2,92,1689,encode,0.0028267499999969914,16384,3686.0
Economic,577ee40d58d31bd664bac0ee,113,2944,80,2,92,1689,compress,0.004010666999995749,16384,
Economic,577ee40d58d31bd664bac0ee,113,2944,80,2,92,1689,linkpred,0.03585816599999703,16384,
Economic,577ee40d58d31bd664bac0ee,113,2944,60,0,71,855,coarsen,0.08070324999999912,16384,
Economic,577ee40d58d31bd664bac0ee,113,2944,60,0,71,855,encode,0.001575125000002231,16384,2099.0
Economic,577ee40d58d31bd664bac0ee,113,2944,60,0,71,855,compress,0.0022277500000029704,16384,
Economic,577ee40d58d31bd664bac0ee,113,2944,60,0,71,855,linkpred,0.016168874999998195,49152,
Economic,577ee40d58d31bd664bac0ee,113,2944,60,1,71,855,coarsen,0.08066625000000016,16384,
Economic,577ee40d58d31bd664bac0ee,113,2944,60,1,71,855,encode,0.0015717920000000163,16384,2099.0
Economic,577ee40d58d31bd664bac0ee,113,2944,60,1,71,855,compress,0.0022485840000001645,16384,
Economic,577ee40d58d31bd664bac0ee,113,2944,60,1,71,855,linkpred,0.016124916999999073,16384,
Economic,577ee40d58d31bd664bac0ee,113,2944,60,2,71,855,coarsen,0.08061816700000435,16384,
Economic,577ee40d58d31bd664bac0ee,113,2944,60,2,71,855,encode,0.0015772500000039713,16384,2099.0
Economic,577ee40d58d31bd664bac0ee,113,2944,60,2,71,855,compress,0.0022789589999945292,16384,
Economic,577ee40d58d31bd664bac0ee,113,2944,60,2,71,855,linkpred,0.016118542000000957,16384,
Economic,577ee40d58d31bd664bac0ee,113,2944,40,0,46,308,coarsen,0.06381837500000387,16384,
Economic,577ee40d58d31bd664bac0ee,113,2944,40,0,46,308,encode,0.0005957500000022264,16384,763.0
Economic,577ee40d58d31bd664bac0ee,113,2944,40,0,46,308,compress,0.0008109999999987849,16384,
Economic,577ee40d58d31bd664bac0ee,113,2944,40,0,46,308,linkpred,0.004805334000003825,16384,
Economic,577ee40d58d31bd664bac0ee,113,2944,40,1,46,308,coarsen,0.06392508300000088,65536,
Economic,577ee40d58d31bd664bac0ee,113,2944,40,1,46,308,encode,0.00060041700000113,16384,763.0
Economic,577ee40d58d31bd664bac0ee,113,2944,40,1,46,308,compress,0.000824874999999281,16384,
Economic,577ee40d58d31bd664bac0ee,113,2944,40,1,46,308,linkpred,0.004764957999995545,16384,
Economic,577ee40d58d31bd664bac0ee,113,2944,40,2,46,308,coarsen,0.06336670799999666,16384,
Economic,577ee40d58d31bd664bac0ee,113,2944,40,2,46,308,encode,0.0006307909999989647,16384,763.0
Economic,577ee40d58d31bd664bac0ee,113,2944,40,2,46,308,compress,0.0008127079999979969,16384,
Economic,577ee40d58d31bd664bac0ee,113,2944,40,2,46,308,linkpred,0.00480733299999514,16384,
Economic,577ee40d58d31bd664bac0ee,113,2944,20,0,23,130,coarsen,0.06042366700000201,16384,
Economic,577ee40d58d31bd664bac0ee,113,2944,20,0,23,130,encode,0.00019754200000221545,16384,165.0
Economic,577ee40d58d31bd664bac0ee,113,2944,20,0,23,130,compress,0.00024404199999850107,16384,
Economic,577ee40d58d31bd664bac0ee,113,2944,20,0,23,130,linkpred,0.001433708000000422,16384,
Economic,577ee40d58d31bd664bac0ee,113,2944,20,1,23,130,coarsen,0.06047679200000289,16384,
Economic,577ee40d58d31bd664bac0ee,113,2944,20,1,23,130,encode,0.00019995800000316422,16384,165.0
Economic,577ee40d58d31bd664bac0ee,113,2944,20,1,23,130,compress,0.0002337089999997488,16384,
Economic,577ee40d58d31bd664bac0ee,113,2944,20,1,23,130,linkpred,0.0014207079999977168,16384,
Economic,577ee40d58d31bd664bac0ee,113,2944,20,2,23,130,coarsen,0.06034533399999731,16384,
Economic,577ee40d58d31bd664bac0ee,113,2944,20,2,23,130,encode,0.0001932090000025255,16384,165.0
Economic,577ee40d58d31bd664bac0ee,113,2944,20,2,23,130,compress,0.00023424999999832608,16384,
Economic,577ee40d58d31bd664bac0ee,113,2944,20,2,23,130,linkpred,0.0014158749999992892,16384,
Social,"High_school_dynamic_contact_networks_contact_list,_2011",126,1709,100,0,126,1709,coarsen,0.0,0,
Social,"High_school_dynamic_contact_networks_contact_list,_2011",126,1709,100,0,126,1709,encode,0.004416291000005401,16384,6231.0
Social,"High_school_dynamic_contact_networks_contact_list,_2011",126,1709,100,0,126,1709,compress,0.006786415999997075,16384,
Social,"High_school_dynamic_contact_networks_contact_list,_2011",126,1709,100,0,126,1709,linkpred,0.0622022080000022,98304,
Social,"High_school_dynamic_contact_networks_contact_list,_2011",126,1709,100,1,126,1709,coarsen,0.0,0,
Social,"High_school_dynamic_contact_networks_contact_list,_2011",126,1709,100,1,126,1709,encode,0.004451916999997252,16384,6231.0
Social,"High_school_dynamic_contact_networks_contact_list,_2011",126,1709,100,1,126,1709,compress,0.006491875000001812,16384,
Social,"High_school_dynamic_contact_networks_contact_list,_2011",126,1709,100,1,126,1709,linkpred,0.061720541999996215,16384,
Social,"High_school_dynamic_contact_networks_contact_list,_2011",126,1709,100,2,126,1709,coarsen,0.0,0,
Social,"High_school_dynamic_contact_networks_contact_list,_2011",126,1709,100,2,126,1709,encode,0.004425750000002893,16384,6231.0
Social,"High_school_dynamic_contact_networks_contact_list,_2011",126,1709,100,2,126,1709,compress,0.006552833999997176,16384,
Social,"High_school_dynamic_contact_networks_contact_list,_2011",126,1709,100,2,126,1709,linkpred,0.06194162499999578,16384,
Social,"High_school_dynamic_contact_networks_contact_list,_2011",126,1709,80,0,102,1116,coarsen,0.05459579099999701,147456,
Social,"High_school_dynamic_contact_networks_contact_list,_2011",126,1709,80,0,102,1116,encode,0.0027457499999954393,16384,3864.0
Social,"High_school_dynamic_contact_networks_contact_list,_2011",126,1709,80,0,102,1116,compress,0.004026040999995928,16384,
Social,"High_school_dynamic_contact_networks_contact_list,_2011",126,1709,80,0,102,1116,linkpred,0.03391845800000226,32768,
Social,"High_school_dynamic_contact_networks_contact_list,_2011",126,1709,80,1,102,1116,coarsen,0.0535102500000022,81920,
Social,"High_school_dynamic_contact_networks_contact_list,_2011",126,1709,80,1,102,1116,encode,0.0027000420000007352,16384,3864.0
Social,"High_school_dynamic_contact_networks_contact_list,_2011",126,1709,80,1,102,1116,compress,0.003982041999996966,16384,
Social,"High_school_dynamic_contact_networks_contact_list,_2011",126,1709,80,1,102,1116,linkpred,0.03395804199999475,32768,
Social,"High_school_dynamic_contact_networks_contact_list,_2011",126,1709,80,2,102,1116,coarsen,0.05356966599999424,16384,
Social,"High_school_dynamic_contact_networks_contact_list,_2011",126,1709,80,2,102,1116,encode,0.002682458999998971,16384,3864.0
Social,"High_school_dynamic_contact_networks_contact_list,_2011",126,1709,80,2,102,1116,compress,0.004072833999998693,16384,
Social,"High_school_dynamic_contact_networks_contact_list,_2011",126,1709,80,2,102,1116,linkpred,0.03398254100000031,16384,
Social,"High_school_dynamic_contact_networks_contact_list,_2011",126,1709,60,0,76,646,coarsen,0.029957625000001542,16384,
Social,"High_school_dynamic_contact_networks_contact_list,_2011",126,1709,60,0,76,646,encode,0.0014950830000017845,16384,2076.0
Social,"High_school_dynamic_contact_networks_contact_list,_2011",126,1709,60,0,76,646,compress,0.0021540830000006395,16384,
Social,"High_school_dynamic_contact_networks_contact_list,_2011",126,1709,60,0,76,646,linkpred,0.016318916999999544,16384,
Social,"High_school_dynamic_contact_networks_contact_list,_2011",126,1709,60,1,76,646,coarsen,0.0303610000000063,49152,
Social,"High_school_dynamic_contact_networks_contact_list,_2011",126,1709,60,1,76,646,encode,0.001483917000001611,16384,2076.0
Social,"High_school_dynamic_contact_networks_contact_list,_2011",126,1709,60,1,76,646,compress,0.0021262919999998076,16384,
Social,"High_school_dynamic_contact_networks_contact_list,_2011",126,1709,60,1,76,646,linkpred,0.01613016700000003,16384,
Social,"High_school_dynamic_contact_networks_contact_list,_2011",126,1709,60,2,76,646,coarsen,0.02978199999999731,16384,
Social,"High_school_dynamic_contact_networks_contact_list,_2011",126,1709,60,2,76,646,encode,0.0014491250000006062,16384,2076.0
Social,"High_school_dynamic_contact_networks_contact_list,_2011",126,1709,60,2,76,646,compress,0.002159208000001911,16384,
Social,"High_school_dynamic_contact_networks_contact_list,_2011",126,1709,60,2,76,646,linkpred,0.015985874999998373,16384,
Social,"High_school_dynamic_contact_networks_contact_list,_2011",126,1709,40,0,51,326,coarsen,0.027141915999997934,16384,
Social,"High_school_dynamic_contact_networks_contact_list,_2011",126,1709,40,0,51,326,encode,0.0006738750000039317,16384,933.0
Social,"High_school_dynamic_contact_networks_contact_list,_2011",126,1709,40,0,51,326,compress,0.0010000420000011445,16384,
Social,"High_school_dynamic_contact_networks_contact_list,_2011",126,1709,40,0,51,326,linkpred,0.006141707999994139,16384,
Social,"High_school_dynamic_contact_networks_contact_list,_2011",126,1709,40,1,51,326,coarsen,0.027001165999998022,16384,
Social,"High_school_dynamic_contact_networks_contact_list,_2011",126,1709,40,1,51,326,encode,0.0006752080000040905,16384,933.0
Social,"High_school_dynamic_contact_networks_contact_list,_2011",126,1709,40,1,51,326,compress,0.0009973330000008218,16384,
Social,"High_school_dynamic_contact_networks_contact_list,_2011",126,1709,40,1,51,326,linkpred,0.006017665999998201,16384,
Social,"High_school_dynamic_contact_networks_contact_list,_2011",126,1709,40,2,51,326,coarsen,0.027237707999994143,16384,
Social,"High_school_dynamic_contact_networks_contact_list,_2011",126,1709,40,2,51,326,encode,0.0006948329999971747,16384,933.0
Social,"High_school_dynamic_contact_networks_contact_list,_2011",126,1709,40,2,51,326,compress,0.0009909169999957612,16384,
Social,"High_school_dynamic_contact_networks_contact_list,_2011",126,1709,40,2,51,326,linkpred,0.006124124999999481,16384,
Social,"High_school_dynamic_contact_networks_contact_list,_2011",126,1709,20,0,26,83,coarsen,0.027432292000000302,16384,
Social,"High_school_dynamic_contact_networks_contact_list,_2011",126,1709,20,0,26,83,encode,0.0002228750000057289,16384,252.0
Social,"High_school_dynamic_contact_networks_contact_list,_2011",126,1709,20,0,26,83,compress,0.0002977919999977985,16384,
Social,"High_school_dynamic_contact_networks_contact_list,_2011",126,1709,20,0,26,83,linkpred,0.0015428330000020196,16384,
Social,"High_school_dynamic_contact_networks_contact_list,_2011",126,1709,20,1,26,83,coarsen,0.02709858400000087,16384,
Social,"High_school_dynamic_contact_networks_contact_list,_2011",126,1709,20,1,26,83,encode,0.00024504200000308174,16384,252.0
Social,"High_school_dynamic_contact_networks_contact_list,_2011",126,1709,20,1,26,83,compress,0.0003034590000012827,16384,
Social,"High_school_dynamic_contact_networks_contact_list,_2011",126,1709,20,1,26,83,linkpred,0.00152537499999994,16384,
Social,"High_school_dynamic_contact_networks_contact_list,_2011",126,1709,20,2,26,83,coarsen,0.026998499999997705,16384,
Social,"High_school_dynamic_contact_networks_contact_list,_2011",126,1709,20,2,26,83,encode,0.00022054200000098945,16384,252.0
Social,"High_school_dynamic_contact_networks_contact_list,_2011",126,1709,20,2,26,83,compress,0.00030783300000081226,16384,
Social,"High_school_dynamic_contact_networks_contact_list,_2011",126,1709,20,2,26,83,linkpred,0.001517124999999453,16384,
Biological,Elberling_Olesen_plant-pollinator_web_Elberling_Olesen_plant-pollinator_web,141,238,100,0,141,238,coarsen,0.0,0,
Biological,Elberling_Olesen_plant-pollinator_web_Elberling_Olesen_plant-pollinator_web,141,238,100,0,141,238,encode,0.002827499999995098,16384,4744.0
Biological,Elberling_Olesen_plant-pollinator_web_Elberling_Olesen_plant-pollinator_web,141,238,100,0,141,238,compress,0.0037776250000050027,16384,
Biological,Elberling_Olesen_plant-pollinator_web_Elberling_Olesen_plant-pollinator_web,141,238,100,0,141,238,linkpred,0.02242541700000089,16384,
Biological,Elberling_Olesen_plant-pollinator_web_Elberling_Olesen_plant-pollinator_web,141,238,100,1,141,238,coarsen,0.0,0,
Biological,Elberling_Olesen_plant-pollinator_web_Elberling_Olesen_plant-pollinator_web,141,238,100,1,141,238,encode,0.0028724999999951706,16384,4744.0
Biological,Elberling_Olesen_plant-pollinator_web_Elberling_Olesen_plant-pollinator_web,141,238,100,1,141,238,compress,0.0037585410000033903,16384,
Biological,Elberling_Olesen_plant-pollinator_web_Elberling_Olesen_plant-pollinator_web,141,238,100,1,141,238,linkpred,0.02235504199999383,16384,
Biological,Elberling_Olesen_plant-pollinator_web_Elberling_Olesen_plant-pollinator_web,141,238,100,2,141,238,coarsen,0.0,0,
Biological,Elberling_Olesen_plant-pollinator_web_Elberling_Olesen_plant-pollinator_web,141,238,100,2,141,238,encode,0.0028531670000049303,16384,4744.0
Biological,Elberling_Olesen_plant-pollinator_web_Elberling_Olesen_plant-pollinator_web,141,238,100,2,141,238,compress,0.0037229169999974943,16384,
Biological,Elberling_Olesen_plant-pollinator_web_Elberling_Olesen_plant-pollinator_web,141,238,100,2,141,238,linkpred,0.022241667000002963,16384,
Biological,Elberling_Olesen_plant-pollinator_web_Elberling_Olesen_plant-pollinator_web,141,238,80,0,114,167,coarsen,0.023957375000001946,16384,
Biological,Elberling_Olesen_plant-pollinator_web_Elberling_Olesen_plant-pollinator_web,141,238,80,0,114,167,encode,0.0018966250000005402,16384,3228.0
Biological,Elberling_Olesen_plant-pollinator_web_Elberling_Olesen_plant-pollinator_web,141,238,80,0,114,167,compress,0.002532709000000466,16384,
Biological,Elberling_Olesen_plant-pollinator_web_Elberling_Olesen_plant-pollinator_web,141,238,80,0,114,167,linkpred,0.013970624999998904,16384,
Biological,Elberling_Olesen_plant-pollinator_web_Elberling_Olesen_plant-pollinator_web,141,238,80,1,114,167,coarsen,0.024044124999996086,16384,
Biological,Elberling_Olesen_plant-pollinator_web_Elberling_Olesen_plant-pollinator_web,141,238,80,1,114,167,encode,0.0019176670000007334,16384,3228.0
Biological,Elberling_Olesen_plant-pollinator_web_Elberling_Olesen_plant-pollinator_web,141,238,80,1,114,167,compress,0.002528915999995718,16384,
Biological,Elberling_Olesen_plant-pollinator_web_Elberling_Olesen_plant-pollinator_web,141,238,80,1,114,167,linkpred,0.013968833999996377,16384,
Biological,Elberling_Olesen_plant-pollinator_web_Elberling_Olesen_plant-pollinator_web,141,238,80,2,114,167,coarsen,0.023851333000003194,16384,
Biological,Elberling_Olesen_plant-pollinator_web_Elberling_Olesen_plant-pollinator_web,141,238,80,2,114,167,encode,0.0019184169999988399,16384,3228.0
Biological,Elberling_Olesen_plant-pollinator_web_Elberling_Olesen_plant-pollinator_web,141,238,80,2,114,167,compress,0.002509459000002323,16384,
Biological,Elberling_Olesen_plant-pollinator_web_Elberling_Olesen_plant-pollinator_web,141,238,80,2,114,167,linkpred,0.014170709000005388,16384,
Biological,Elberling_Olesen_plant-pollinator_web_Elberling_Olesen_plant-pollinator_web,141,238,60,0,85,121,coarsen,0.015019333999994444,16384,
Biological,Elberling_Olesen_plant-pollinator_web_Elberling_Olesen_plant-pollinator_web,141,238,60,0,85,121,encode,0.0010666249999999877,16384,1684.0
Biological,Elberling_Olesen_plant-pollinator_web_Elberling_Olesen_plant-pollinator_web,141,238,60,0,85,121,compress,0.0013554579999990324,16384,
Biological,Elberling_Olesen_plant-pollinator_web_Elberling_Olesen_plant-pollinator_web,141,238,60,0,85,121,linkpred,0.0079916250000025,16384,
Biological,Elberling_Olesen_plant-pollinator_web_Elberling_Olesen_plant-pollinator_web,141,238,60,1,85,121,coarsen,0.01498875000000055,16384,
Biological,Elberling_Olesen_plant-pollinator_web_Elberling_Olesen_plant-pollinator_web,141,238,60,1,85,121,encode,0.0010629160000021898,16384,1684.0
Biological,Elberling_Olesen_plant-pollinator_web_Elberling_Olesen_plant-pollinator_web,141,238,60,1,85,121,compress,0.0013667919999988953,16384,
Biological,Elberling_Olesen_plant-pollinator_web_Elberling_Olesen_plant-pollinator_web,141,238,60,1,85,121,linkpred,0.007965375000004826,16384,
Biological,Elberling_Olesen_plant-pollinator_web_Elberling_Olesen_plant-pollinator_web,141,238,60,2,85,121,coarsen,0.014722457999994276,16384,
Biological,Elberling_Olesen_plant-pollinator_web_Elberling_Olesen_plant-pollinator_web,141,238,60,2,85,121,encode,0.0011157910000036964,16384,1684.0
Biological,Elberling_Olesen_plant-pollinator_web_Elberling_Olesen_plant-pollinator_web,141,238,60,2,85,121,compress,0.0015172499999991373,16384,
Biological,Elberling_Olesen_plant-pollinator_web_Elberling_Olesen_plant-pollinator_web,141,238,60,2,85,121,linkpred,0.0080264169999964,16384,
Biological,Elberling_Olesen_plant-pollinator_web_Elberling_Olesen_plant-pollinator_web,141,238,40,0,57,91,coarsen,0.015915582999994626,16384,
Biological,Elberling_Olesen_plant-pollinator_web_Elberling_Olesen_plant-pollinator_web,141,238,40,0,57,91,encode,0.0005476250000029381,16384,823.0
Biological,Elberling_Olesen_plant-pollinator_web_Elberling_Olesen_plant-pollinator_web,141,238,40,0,57,91,compress,0.0007443330000000969,16384,
Biological,Elberling_Olesen_plant-pollinator_web_Elberling_Olesen_plant-pollinator_web,141,238,40,0,57,91,linkpred,0.004007874999999217,16384,
Biological,Elberling_Olesen_plant-pollinator_web_Elberling_Olesen_plant-pollinator_web,141,238,40,1,57,91,coarsen,0.016107458000000463,16384,
Biological,Elberling_Olesen_plant-pollinator_web_Elberling_Olesen_plant-pollinator_web,141,238,40,1,57,91,encode,0.0005555839999971113,16384,823.0
Biological,Elberling_Olesen_plant-pollinator_web_Elberling_Olesen_plant-pollinator_web,141,238,40,1,57,91,compress,0.0007290409999995973,16384,
Biological,Elberling_Olesen_plant-pollinator_web_Elberling_Olesen_plant-pollinator_web,141,238,40,1,57,91,linkpred,0.004002417000002367,16384,
Biological,Elberling_Olesen_plant-pollinator_web_Elberling_Olesen_plant-pollinator_web,141,238,40,2,57,91,coarsen,0.016304416000004096,16384,
Biological,Elberling_Olesen_plant-pollinator_web_Elberling_Olesen_plant-pollinator_web,141,238,40,2,57,91,encode,0.000546958999997571,16384,823.0
Biological,Elberling_Olesen_plant-pollinator_web_Elberling_Olesen_plant-pollinator_web,141,238,40,2,57,91,compress,0.0007501249999961601,16384,
Biological,Elberling_Olesen_plant-pollinator_web_Elberling_Olesen_plant-pollinator_web,141,238,40,2,57,91,linkpred,0.004109499999998434,16384,
Biological,Elberling_Olesen_plant-pollinator_web_Elberling_Olesen_plant-pollinator_web,141,238,20,0,31,65,coarsen,0.019650208000001612,16384,
Biological,Elberling_Olesen_plant-pollinator_web_Elberling_Olesen_plant-pollinator_web,141,238,20,0,31,65,encode,0.00025674999999836245,16384,314.0
Biological,Elberling_Olesen_plant-pollinator_web_Elberling_Olesen_plant-pollinator_web,141,238,20,0,31,65,compress,0.00035308300000025383,16384,
Biological,Elberling_Olesen_plant-pollinator_web_Elberling_Olesen_plant-pollinator_web,141,238,20,0,31,65,linkpred,0.0015984160000002134,16384,
Biological,Elberling_Olesen_plant-pollinator_web_Elberling_Olesen_plant-pollinator_web,141,238,20,1,31,65,coarsen,0.01895666600000112,16384,
Biological,Elberling_Olesen_plant-pollinator_web_Elberling_Olesen_plant-pollinator_web,141,238,20,1,31,65,encode,0.00025508400000262554,16384,314.0
Biological,Elberling_Olesen_plant-pollinator_web_Elberling_Olesen_plant-pollinator_web,141,238,20,1,31,65,compress,0.000356082999999785,16384,
Biological,Elberling_Olesen_plant-pollinator_web_Elberling_Olesen_plant-pollinator_web,141,238,20,1,31,65,linkpred,0.0015952500000011582,16384,
Biological,Elberling_Olesen_plant-pollinator_web_Elberling_Olesen_plant-pollinator_web,141,238,20,2,31,65,coarsen,0.019032625000001246,16384,
Biological,Elberling_Olesen_plant-pollinator_web_Elberling_Olesen_plant-pollinator_web,141,238,20,2,31,65,encode,0.00026229200000216224,16384,314.0
Biological,Elberling_Olesen_plant-pollinator_web_Elberling_Olesen_plant-pollinator_web,141,238,20,2,31,65,compress,0.0003496660000052998,16384,
Biological,Elberling_Olesen_plant-pollinator_web_Elberling_Olesen_plant-pollinator_web,141,238,20,2,31,65,linkpred,0.0016014589999997497,16384,
Social,Norwegian_Board_of_Directors_net1mode_2002-05-01,154,848,100,0,154,848,coarsen,0.0,0,
Social,Norwegian_Board_of_Directors_net1mode_2002-05-01,154,848,100,0,154,848,encode,0.0026762500000003797,16384,3640.0
Social,Norwegian_Board_of_Directors_net1mode_2002-05-01,154,848,100,0,154,848,compress,0.003151500000001306,16384,
Social,Norwegian_Board_of_Directors_net1mode_2002-05-01,154,848,100,0,154,848,linkpred,0.05402908399999973,114688,
Social,Norwegian_Board_of_Directors_net1mode_2002-05-01,154,848,100,1,154,848,coarsen,0.0,0,
Social,Norwegian_Board_of_Directors_net1mode_2002-05-01,154,848,100,1,154,848,encode,0.0026280419999977767,16384,3640.0
Social,Norwegian_Board_of_Directors_net1mode_2002-05-01,154,848,100,1,154,848,compress,0.003230915999999695,16384,
Social,Norwegian_Board_of_Directors_net1mode_2002-05-01,154,848,100,1,154,848,linkpred,0.05359550000000013,16384,
Social,Norwegian_Board_of_Directors_net1mode_2002-05-01,154,848,100,2,154,848,coarsen,0.0,0,
Social,Norwegian_Board_of_Directors_net1mode_2002-05-01,154,848,100,2,154,848,encode,0.002649667000000022,16384,3640.0
Social,Norwegian_Board_of_Directors_net1mode_2002-05-01,154,848,100,2,154,848,compress,0.003147000000005562,16384,
Social,Norwegian_Board_of_Directors_net1mode_2002-05-01,154,848,100,2,154,848,linkpred,0.05363487500000019,212992,
Social,Norwegian_Board_of_Directors_net1mode_2002-05-01,154,848,80,0,125,512,coarsen,0.03364979199999851,16384,
Social,Norwegian_Board_of_Directors_net1mode_2002-05-01,154,848,80,0,125,512,encode,0.001757874999995579,16384,2609.0
Social,Norwegian_Board_of_Directors_net1mode_2002-05-01,154,848,80,0,125,512,compress,0.002322083999999336,16384,
Social,Norwegian_Board_of_Directors_net1mode_2002-05-01,154,848,80,0,125,512,linkpred,0.026745999999995718,32768,
Social,Norwegian_Board_of_Directors_net1mode_2002-05-01,154,848,80,1,125,512,coarsen,0.03400287499999877,16384,
Social,Norwegian_Board_of_Directors_net1mode_2002-05-01,154,848,80,1,125,512,encode,0.0017529170000045724,16384,2609.0
Social,Norwegian_Board_of_Directors_net1mode_2002-05-01,154,848,80,1,125,512,compress,0.002280792000000531,16384,
Social,Norwegian_Board_of_Directors_net1mode_2002-05-01,154,848,80,1,125,512,linkpred,0.026477749999997968,16384,
Social,Norwegian_Board_of_Directors_net1mode_2002-05-01,154,848,80,2,125,512,coarsen,0.0338626250000047,16384,
Social,Norwegian_Board_of_Directors_net1mode_2002-05-01,154,848,80,2,125,512,encode,0.00180112500000007,16384,2609.0
Social,Norwegian_Board_of_Directors_net1mode_2002-05-01,154,848,80,2,125,512,compress,0.0022684999999995625,16384,
Social,Norwegian_Board_of_Directors_net1mode_2002-05-01,154,848,80,2,125,512,linkpred,0.026949332999997466,16384,
Social,Norwegian_Board_of_Directors_net1mode_2002-05-01,154,848,60,0,95,344,coarsen,0.032489583000000266,16384,
Social,Norwegian_Board_of_Directors_net1mode_2002-05-01,154,848,60,0,95,344,encode,0.0011065000000058944,16384,1671.0
Social,Norwegian_Board_of_Directors_net1mode_2002-05-01,154,848,60,0,95,344,compress,0.0016353330000029587,16384,
Social,Norwegian_Board_of_Directors_net1mode_2002-05-01,154,848,60,0,95,344,linkpred,0.0149506669999937,16384,
Social,Norwegian_Board_of_Directors_net1mode_2002-05-01,154,848,60,1,95,344,coarsen,0.036627625000001274,16384,
Social,Norwegian_Board_of_Directors_net1mode_2002-05-01,154,848,60,1,95,344,encode,0.0011107499999951642,16384,1671.0
Social,Norwegian_Board_of_Directors_net1mode_2002-05-01,154,848,60,1,95,344,compress,0.0015159579999988182,16384,
Social,Norwegian_Board_of_Directors_net1mode_2002-05-01,154,848,60,1,95,344,linkpred,0.014988500000001181,16384,
Social,Norwegian_Board_of_Directors_net1mode_2002-05-01,154,848,60,2,95,344,coarsen,0.03282645899999892,16384,
Social,Norwegian_Board_of_Directors_net1mode_2002-05-01,154,848,60,2,95,344,encode,0.0011267499999974007,16384,1671.0
Social,Norwegian_Board_of_Directors_net1mode_2002-05-01,154,848,60,2,95,344,compress,0.0015202499999986685,16384,
Social,Norwegian_Board_of_Directors_net1mode_2002-05-01,154,848,60,2,95,344,linkpred,0.015177000000001328,16384,
Social,Norwegian_Board_of_Directors_net1mode_2002-05-01,154,848,40,0,62,170,coarsen,0.020690833000003295,16384,
Social,Norwegian_Board_of_Directors_net1mode_2002-05-01,154,848,40,0,62,170,encode,0.000585667000002843,16384,890.0
Social,Norwegian_Board_of_Directors_net1mode_2002-05-01,154,848,40,0,62,170,compress,0.0008644999999987135,16384,
Social,Norwegian_Board_of_Directors_net1mode_2002-05-01,154,848,40,0,62,170,linkpred,0.005446417000001702,16384,
Social,Norwegian_Board_of_Directors_net1mode_2002-05-01,154,848,40,1,62,170,coarsen,0.020107125000002668,16384,
Social,Norwegian_Board_of_Directors_net1mode_2002-05-01,154,848,40,1,62,170,encode,0.0005907920000041145,16384,890.0
Social,Norwegian_Board_of_Directors_net1mode_2002-05-01,154,848,40,1,62,170,compress,0.000828124999998181,16384,
Social,Norwegian_Board_of_Directors_net1mode_2002-05-01,154,848,40,1,62,170,linkpred,0.005458625000002826,16384,
Social,Norwegian_Board_of_Directors_net1mode_2002-05-01,154,848,40,2,62,170,coarsen,0.02019166600000233,16384,
Social,Norwegian_Board_of_Directors_net1mode_2002-05-01,154,848,40,2,62,170,encode,0.0005840000000034706,16384,890.0
Social,Norwegian_Board_of_Directors_net1mode_2002-05-01,154,848,40,2,62,170,compress,0.000832500000001346,16384,
Social,Norwegian_Board_of_Directors_net1mode_2002-05-01,154,848,40,2,62,170,linkpred,0.005465624999999363,16384,
Social,Norwegian_Board_of_Directors_net1mode_2002-05-01,154,848,20,0,31,69,coarsen,0.020706458999995903,16384,
Social,Norwegian_Board_of_Directors_net1mode_2002-05-01,154,848,20,0,31,69,encode,0.0002364159999928006,16384,302.0
Social,Norwegian_Board_of_Directors_net1mode_2002-05-01,154,848,20,0,31,69,compress,0.0003475829999928237,16384,
Social,Norwegian_Board_of_Directors_net1mode_2002-05-01,154,848,20,0,31,69,linkpred,0.0016373750000013843,16384,
Social,Norwegian_Board_of_Directors_net1mode_2002-05-01,154,848,20,1,31,69,coarsen,0.02062149999999008,16384,
Social,Norwegian_Board_of_Directors_net1mode_2002-05-01,154,848,20,1,31,69,encode,0.00023562500000195996,16384,302.0
Social,Norwegian_Board_of_Directors_net1mode_2002-05-01,154,848,20,1,31,69,compress,0.00033262499999864303,16384,
Social,Norwegian_Board_of_Directors_net1mode_2002-05-01,154,848,20,1,31,69,linkpred,0.001681292000000667,16384,
Social,Norwegian_Board_of_Directors_net1mode_2002-05-01,154,848,20,2,31,69,coarsen,0.02093825000000038,16384,
Social,Norwegian_Board_of_Directors_net1mode_2002-05-01,154,848,20,2,31,69,encode,0.00023808400000291385,16384,302.0
Social,Norwegian_Board_of_Directors_net1mode_2002-05-01,154,848,20,2,31,69,compress,0.00033529200000259607,16384,
Social,Norwegian_Board_of_Directors_net1mode_2002-05-01,154,848,20,2,31,69,linkpred,0.0016314580000056367,16384,
Transportation,595b1429549f067e0263b51d,170,182,100,0,170,182,coarsen,0.0,0,
Transportation,595b1429549f067e0263b51d,170,182,100,0,170,182,encode,0.0024075829999929965,16384,2123.0
Transportation,595b1429549f067e0263b51d,170,182,100,0,170,182,compress,0.001887957999997525,16384,
Transportation,595b1429549f067e0263b51d,170,182,100,0,170,182,linkpred,0.024360041000008437,16384,
Transportation,595b1429549f067e0263b51d,170,182,100,1,170,182,coarsen,0.0,0,
Transportation,595b1429549f067e0263b51d,170,182,100,1,170,182,encode,0.0023535830000014357,16384,2123.0
Transportation,595b1429549f067e0263b51d,170,182,100,1,170,182,compress,0.0018593750000093223,16384,
Transportation,595b1429549f067e0263b51d,170,182,100,1,170,182,linkpred,0.02435512499999959,16384,
Transportation,595b1429549f067e0263b51d,170,182,100,2,170,182,coarsen,0.0,0,
Transportation,595b1429549f067e0263b51d,170,182,100,2,170,182,encode,0.0024531250000023874,16384,2123.0
Transportation,595b1429549f067e0263b51d,170,182,100,2,170,182,compress,0.0018480829999987236,16384,
Transportation,595b1429549f067e0263b51d,170,182,100,2,170,182,linkpred,0.024428749999998445,16384,
Transportation,595b1429549f067e0263b51d,170,182,80,0,137,148,coarsen,0.028205666999994605,16384,
Transportation,595b1429549f067e0263b51d,170,182,80,0,137,148,encode,0.0016301250000054779,16384,1564.0
Transportation,595b1429549f067e0263b51d,170,182,80,0,137,148,compress,0.0014090419999917003,16384,
Transportation,595b1429549f067e0263b51d,170,182,80,0,137,148,linkpred,0.01593141600000081,16384,
Transportation,595b1429549f067e0263b51d,170,182,80,1,137,148,coarsen,0.028198250000002645,16384,
Transportation,595b1429549f067e0263b51d,170,182,80,1,137,148,encode,0.0016329999999982192,16384,1564.0
Transportation,595b1429549f067e0263b51d,170,182,80,1,137,148,compress,0.0014326250000067375,16384,
Transportation,595b1429549f067e0263b51d,170,182,80,1,137,148,linkpred,0.01628433300000154,16384,
Transportation,595b1429549f067e0263b51d,170,182,80,2,137,148,coarsen,0.02778475000000924,16384,
Transportation,595b1429549f067e0263b51d,170,182,80,2,137,148,encode,0.0015860419999995656,16384,1564.0
Transportation,595b1429549f067e0263b51d,170,182,80,2,137,148,compress,0.0013990000000063674,16384,
Transportation,595b1429549f067e0263b51d,170,182,80,2,137,148,linkpred,0.016020957999998586,16384,
Transportation,595b1429549f067e0263b51d,170,182,60,0,102,111,coarsen,0.018389166999995155,16384,
Transportation,595b1429549f067e0263b51d,170,182,60,0,102,111,encode,0.0010235830000056012,16384,1107.0
Transportation,595b1429549f067e0263b51d,170,182,60,0,102,111,compress,0.0010206670000059148,16384,
Transportation,595b1429549f067e0263b51d,170,182,60,0,102,111,linkpred,0.009256750000005809,16384,
Transportation,595b1429549f067e0263b51d,170,182,60,1,102,111,coarsen,0.01928366600000686,16384,
Transportation,595b1429549f067e0263b51d,170,182,60,1,102,111,encode,0.0010120419999992691,16384,1107.0
Transportation,595b1429549f067e0263b51d,170,182,60,1,102,111,compress,0.0010169589999975415,16384,
Transportation,595b1429549f067e0263b51d,170,182,60,1,102,111,linkpred,0.009303375000001779,16384,
Transportation,595b1429549f067e0263b51d,170,182,60,2,102,111,coarsen,0.018865791999999715,16384,
Transportation,595b1429549f067e0263b51d,170,182,60,2,102,111,encode,0.0010357919999961496,16384,1107.0
Transportation,595b1429549f067e0263b51d,170,182,60,2,102,111,compress,0.0010333749999915653,16384,
Transportation,595b1429549f067e0263b51d,170,182,60,2,102,111,linkpred,0.009202791999996407,16384,
Transportation,595b1429549f067e0263b51d,170,182,40,0,68,77,coarsen,0.02788429200001019,16384,
Transportation,595b1429549f067e0263b51d,170,182,40,0,68,77,encode,0.0005570829999896887,16384,650.0
Transportation,595b1429549f067e0263b51d,170,182,40,0,68,77,compress,0.0006298750000013342,16384,
Transportation,595b1429549f067e0263b51d,170,182,40,0,68,77,linkpred,0.004429166999997847,16384,
Transportation,595b1429549f067e0263b51d,170,182,40,1,68,77,coarsen,0.02723950000000741,16384,
Transportation,595b1429549f067e0263b51d,170,182,40,1,68,77,encode,0.0005645419999922296,16384,650.0
Transportation,595b1429549f067e0263b51d,170,182,40,1,68,77,compress,0.0006255830000014839,16384,
Transportation,595b1429549f067e0263b51d,170,182,40,1,68,77,linkpred,0.004425708999988842,16384,
Transportation,595b1429549f067e0263b51d,170,182,40,2,68,77,coarsen,0.0281212499999981,16384,
Transportation,595b1429549f067e0263b51d,170,182,40,2,68,77,encode,0.0005561249999885831,16384,650.0
Transportation,595b1429549f067e0263b51d,170,182,40,2,68,77,compress,0.0006215840000010076,16384,
Transportation,595b1429549f067e0263b51d,170,182,40,2,68,77,linkpred,0.004413333999991664,16384,
Transportation,595b1429549f067e0263b51d,170,182,20,0,36,42,coarsen,0.03217258400000844,16384,
Transportation,595b1429549f067e0263b51d,170,182,20,0,36,42,encode,0.00023070800000368763,16384,258.0
Transportation,595b1429549f067e0263b51d,170,182,20,0,36,42,compress,0.00029670799999337305,16384,
Transportation,595b1429549f067e0263b51d,170,182,20,0,36,42,linkpred,0.0016933340000093722,16384,
Transportation,595b1429549f067e0263b51d,170,182,20,1,36,42,coarsen,0.03282262500000854,16384,
Transportation,595b1429549f067e0263b51d,170,182,20,1,36,42,encode,0.0002269170000062104,16384,258.0
Transportation,595b1429549f067e0263b51d,170,182,20,1,36,42,compress,0.0002912080000072592,16384,
Transportation,595b1429549f067e0263b51d,170,182,20,1,36,42,linkpred,0.0017002910000059046,16384,
Transportation,595b1429549f067e0263b51d,170,182,20,2,36,42,coarsen,0.03233099999999922,16384,
Transportation,595b1429549f067e0263b51d,170,182,20,2,36,42,encode,0.00022695900000258007,16384,258.0
Transportation,595b1429549f067e0263b51d,170,182,20,2,36,42,compress,0.00030808299999307565,16384,
Transportation,595b1429549f067e0263b51d,170,182,20,2,36,42,linkpred,0.0016728330000006508,16384,
Technological,5728dc4b461efe0c7a675f3a,189,361,100,0,189,361,coarsen,0.0,0,
Technological,5728dc4b461efe0c7a675f3a,189,361,100,0,189,361,encode,0.00521545799999501,16384,7692.0
Technological,5728dc4b461efe0c7a675f3a,189,361,100,0,189,361,compress,0.0062813339999934215,16384,
Technological,5728dc4b461efe0c7a675f3a,189,361,100,0,189,361,linkpred,0.03736383300000057,573440,
Technological,5728dc4b461efe0c7a675f3a,189,361,100,1,189,361,coarsen,0.0,0,
Technological,5728dc4b461efe0c7a675f3a,189,361,100,1,189,361,encode,0.005268957999987833,16384,7692.0
Technological,5728dc4b461efe0c7a675f3a,189,361,100,1,189,361,compress,0.0062878749999981665,16384,
Technological,5728dc4b461efe0c7a675f3a,189,361,100,1,189,361,linkpred,0.037045458999998004,278528,
Technological,5728dc4b461efe0c7a675f3a,189,361,100,2,189,361,coarsen,0.0,0,
Technological,5728dc4b461efe0c7a675f3a,189,361,100,2,189,361,encode,0.005287457999997969,16384,7692.0
Technological,5728dc4b461efe0c7a675f3a,189,361,100,2,189,361,compress,0.00633374999999603,16384,
Technological,5728dc4b461efe0c7a675f3a,189,361,100,2,189,361,linkpred,0.03720104199999241,278528,
Technological,5728dc4b461efe0c7a675f3a,189,361,80,0,152,310,coarsen,0.019376917000002436,16384,
Technological,5728dc4b461efe0c7a675f3a,189,361,80,0,152,310,encode,0.0033330830000011247,16384,4740.0
Technological,5728dc4b461efe0c7a675f3a,189,361,80,0,152,310,compress,0.004011791000010589,16384,
Technological,5728dc4b461efe0c7a675f3a,189,361,80,0,152,310,linkpred,0.025272333000003755,32768,
Technological,5728dc4b461efe0c7a675f3a,189,361,80,1,152,310,coarsen,0.01932045800000992,16384,
Technological,5728dc4b461efe0c7a675f3a,189,361,80,1,152,310,encode,0.0032983749999999645,16384,4740.0
Technological,5728dc4b461efe0c7a675f3a,189,361,80,1,152,310,compress,0.003997292000008201,16384,
Technological,5728dc4b461efe0c7a675f3a,189,361,80,1,152,310,linkpred,0.025097541999997475,16384,
Technological,5728dc4b461efe0c7a675f3a,189,361,80,2,152,310,coarsen,0.021047291999991558,16384,
Technological,5728dc4b461efe0c7a675f3a,189,361,80,2,152,310,encode,0.0037158749999974816,16384,4740.0
Technological,5728dc4b461efe0c7a675f3a,189,361,80,2,152,310,compress,0.004203167000000008,16384,
Technological,5728dc4b461efe0c7a675f3a,189,361,80,2,152,310,linkpred,0.02520416699999828,16384,
Technological,5728dc4b461efe0c7a675f3a,189,361,60,0,114,256,coarsen,0.021042999999991707,16384,
Technological,5728dc4b461efe0c7a675f3a,189,361,60,0,114,256,encode,0.0018818340000024136,16384,2694.0
Technological,5728dc4b461efe0c7a675f3a,189,361,60,0,114,256,compress,0.0024059579999970993,16384,
Technological,5728dc4b461efe0c7a675f3a,189,361,60,0,114,256,linkpred,0.015440083999990861,16384,
Technological,5728dc4b461efe0c7a675f3a,189,361,60,1,114,256,coarsen,0.02073512500000163,16384,
Technological,5728dc4b461efe0c7a675f3a,189,361,60,1,114,256,encode,0.001874333000003503,16384,2694.0
Technological,5728dc4b461efe0c7a675f3a,189,361,60,1,114,256,compress,0.002384417000001804,16384,
Technological,5728dc4b461efe0c7a675f3a,189,361,60,1,114,256,linkpred,0.029791583000005062,32768,
Technological,5728dc4b461efe0c7a675f3a,189,361,60,2,114,256,coarsen,0.021268791999986547,16384,
Technological,5728dc4b461efe0c7a675f3a,189,361,60,2,114,256,encode,0.0018848330000054148,16384,2694.0
Technological,5728dc4b461efe0c7a675f3a,189,361,60,2,114,256,compress,0.0023347919999991973,16384,
Technological,5728dc4b461efe0c7a675f3a,189,361,60,2,114,256,linkpred,0.015455583000004935,16384,
Technological,5728dc4b461efe0c7a675f3a,189,361,40,0,76,206,coarsen,0.02244995800000993,16384,
Technological,5728dc4b461efe0c7a675f3a,189,361,40,0,76,206,encode,0.0010510420000002796,16384,1560.0
Technological,5728dc4b461efe0c7a675f3a,189,361,40,0,76,206,compress,0.0014256249999959891,16384,
Technological,5728dc4b461efe0c7a675f3a,189,361,40,0,76,206,linkpred,0.007671040999994716,16384,
Technological,5728dc4b461efe0c7a675f3a,189,361,40,1,76,206,coarsen,0.022559708000002843,16384,
Technological,5728dc4b461efe0c7a675f3a,189,361,40,1,76,206,encode,0.0010577919999974483,16384,1560.0
Technological,5728dc4b461efe0c7a675f3a,189,361,40,1,76,206,compress,0.0014599999999944657,16384,
Technological,5728dc4b461efe0c7a675f3a,189,361,40,1,76,206,linkpred,0.007694624999999178,16384,
Technological,5728dc4b461efe0c7a675f3a,189,361,40,2,76,206,coarsen,0.02379033299999378,16384,
Technological,5728dc4b461efe0c7a675f3a,189,361,40,2,76,206,encode,0.001048083000000588,16384,1560.0
Technological,5728dc4b461efe0c7a675f3a,189,361,40,2,76,206,compress,0.00144595799999081,16384,
Technological,5728dc4b461efe0c7a675f3a,189,361,40,2,76,206,linkpred,0.0076449169999932565,16384,
Technological,5728dc4b461efe0c7a675f3a,189,361,20,0,39,96,coarsen,0.03382854100000543,16384,
Technological,5728dc4b461efe0c7a675f3a,189,361,20,0,39,96,encode,0.00034079200000292076,16384,430.0
Technological,5728dc4b461efe0c7a675f3a,189,361,20,0,39,96,compress,0.0004757080000103997,16384,
Technological,5728dc4b461efe0c7a675f3a,189,361,20,0,39,96,linkpred,0.002274666999994679,16384,
Technological,5728dc4b461efe0c7a675f3a,189,361,20,1,39,96,coarsen,0.034196541000000025,16384,
Technological,5728dc4b461efe0c7a675f3a,189,361,20,1,39,96,encode,0.000341167000001974,16384,430.0
Technological,5728dc4b461efe0c7a675f3a,189,361,20,1,39,96,compress,0.00047841600000708695,16384,
Technological,5728dc4b461efe0c7a675f3a,189,361,20,1,39,96,linkpred,0.0023037090000030958,16384,
Technological,5728dc4b461efe0c7a675f3a,189,361,20,2,39,96,coarsen,0.03386320900000328,16384,
Technological,5728dc4b461efe0c7a675f3a,189,361,20,2,39,96,encode,0.00034491600000308154,16384,430.0
Technological,5728dc4b461efe0c7a675f3a,189,361,20,2,39,96,compress,0.0004685829999999669,16384,
Technological,5728dc4b461efe0c7a675f3a,189,361,20,2,39,96,linkpred,0.002258374999996704,16384,
Technological,ISCAS89_Benchmark_Circuits__s444_benc,210,363,100,0,210,363,coarsen,0.0,0,
Technological,ISCAS89_Benchmark_Circuits__s444_benc,210,363,100,0,210,363,encode,0.006120625000008317,16384,9026.0
Technological,ISCAS89_Benchmark_Circuits__s444_benc,210,363,100,0,210,363,compress,0.007198583999993957,16384,
Technological,ISCAS89_Benchmark_Circuits__s444_benc,210,363,100,0,210,363,linkpred,0.04309720799999184,16384,
Technological,ISCAS89_Benchmark_Circuits__s444_benc,210,363,100,1,210,363,coarsen,0.0,0,
Technological,ISCAS89_Benchmark_Circuits__s444_benc,210,363,100,1,210,363,encode,0.00608745899999974,16384,9026.0
Technological,ISCAS89_Benchmark_Circuits__s444_benc,210,363,100,1,210,363,compress,0.007218708000010565,16384,
Technological,ISCAS89_Benchmark_Circuits__s444_benc,210,363,100,1,210,363,linkpred,0.04266724999999383,16384,
Technological,ISCAS89_Benchmark_Circuits__s444_benc,210,363,100,2,210,363,coarsen,0.0,0,
Technological,ISCAS89_Benchmark_Circuits__s444_benc,210,363,100,2,210,363,encode,0.006093750000005116,16384,9026.0
Technological,ISCAS89_Benchmark_Circuits__s444_benc,210,363,100,2,210,363,compress,0.0073681249999992815,16384,
Technological,ISCAS89_Benchmark_Circuits__s444_benc,210,363,100,2,210,363,linkpred,0.042448833999998214,16384,
Technological,ISCAS89_Benchmark_Circuits__s444_benc,210,363,80,0,169,297,coarsen,0.034341624999996156,16384,
Technological,ISCAS89_Benchmark_Circuits__s444_benc,210,363,80,0,169,297,encode,0.003980708000000277,16384,5776.0
Technological,ISCAS89_Benchmark_Circuits__s444_benc,210,363,80,0,169,297,compress,0.004773792000008825,16384,
Technological,ISCAS89_Benchmark_Circuits__s444_benc,210,363,80,0,169,297,linkpred,0.02994795899999758,16384,
Technological,ISCAS89_Benchmark_Circuits__s444_benc,210,363,80,1,169,297,coarsen,0.03621425000000045,16384,
Technological,ISCAS89_Benchmark_Circuits__s444_benc,210,363,80,1,169,297,encode,0.003979125000000749,16384,5776.0
Technological,ISCAS89_Benchmark_Circuits__s444_benc,210,363,80,1,169,297,compress,0.0048068330000035075,16384,
Technological,ISCAS89_Benchmark_Circuits__s444_benc,210,363,80,1,169,297,linkpred,0.02839366700000312,16384,
Technological,ISCAS89_Benchmark_Circuits__s444_benc,210,363,80,2,169,297,coarsen,0.03577987499998869,16384,
Technological,ISCAS89_Benchmark_Circuits__s444_benc,210,363,80,2,169,297,encode,0.003979833000002486,16384,5776.0
Technological,ISCAS89_Benchmark_Circuits__s444_benc,210,363,80,2,169,297,compress,0.004792082999998115,16384,
Technological,ISCAS89_Benchmark_Circuits__s444_benc,210,363,80,2,169,297,linkpred,0.02858691699999838,16384,
Technological,ISCAS89_Benchmark_Circuits__s444_benc,210,363,60,0,126,231,coarsen,0.023560500000002094,16384,
Technological,ISCAS89_Benchmark_Circuits__s444_benc,210,363,60,0,126,231,encode,0.002249624999990374,16384,3210.0
Technological,ISCAS89_Benchmark_Circuits__s444_benc,210,363,60,0,126,231,compress,0.002718917000009924,16384,
Technological,ISCAS89_Benchmark_Circuits__s444_benc,210,363,60,0,126,231,linkpred,0.016594834000002834,16384,
Technological,ISCAS89_Benchmark_Circuits__s444_benc,210,363,60,1,126,231,coarsen,0.02455016700000101,16384,
Technological,ISCAS89_Benchmark_Circuits__s444_benc,210,363,60,1,126,231,encode,0.002205082999992669,16384,3210.0
Technological,ISCAS89_Benchmark_Circuits__s444_benc,210,363,60,1,126,231,compress,0.0027790420000002314,16384,
Technological,ISCAS89_Benchmark_Circuits__s444_benc,210,363,60,1,126,231,linkpred,0.016348667000002592,32768,
Technological,ISCAS89_Benchmark_Circuits__s444_benc,210,363,60,2,126,231,coarsen,0.024077874999989035,16384,
Technological,ISCAS89_Benchmark_Circuits__s444_benc,210,363,60,2,126,231,encode,0.002240084000007414,16384,3210.0
Technological,ISCAS89_Benchmark_Circuits__s444_benc,210,363,60,2,126,231,compress,0.002740666999997643,16384,
Technological,ISCAS89_Benchmark_Circuits__s444_benc,210,363,60,2,126,231,linkpred,0.01655745899999772,16384,
Technological,ISCAS89_Benchmark_Circuits__s444_benc,210,363,40,0,86,178,coarsen,0.03409716699999876,16384,
Technological,ISCAS89_Benchmark_Circuits__s444_benc,210,363,40,0,86,178,encode,0.0012768339999951195,16384,1953.0
Technological,ISCAS89_Benchmark_Circuits__s444_benc,210,363,40,0,86,178,compress,0.001704708999994864,16384,
Technological,ISCAS89_Benchmark_Circuits__s444_benc,210,363,40,0,86,178,linkpred,0.008270624999994425,16384,
Technological,ISCAS89_Benchmark_Circuits__s444_benc,210,363,40,1,86,178,coarsen,0.03316187499999046,16384,
Technological,ISCAS89_Benchmark_Circuits__s444_benc,210,363,40,1,86,178,encode,0.0013515419999947653,16384,1953.0
Technological,ISCAS89_Benchmark_Circuits__s444_benc,210,363,40,1,86,178,compress,0.0017046669999984942,16384,
Technological,ISCAS89_Benchmark_Circuits__s444_benc,210,363,40,1,86,178,linkpred,0.008483749999996348,16384,
Technological,ISCAS89_Benchmark_Circuits__s444_benc,210,363,40,2,86,178,coarsen,0.03315649999998982,16384,
Technological,ISCAS89_Benchmark_Circuits__s444_benc,210,363,40,2,86,178,encode,0.001289916999994034,16384,1953.0
Technological,ISCAS89_Benchmark_Circuits__s444_benc,210,363,40,2,86,178,compress,0.0016983750000036935,16384,
Technological,ISCAS89_Benchmark_Circuits__s444_benc,210,363,40,2,86,178,linkpred,0.008517667000006668,16384,
Technological,ISCAS89_Benchmark_Circuits__s444_benc,210,363,20,0,42,83,coarsen,0.03460695799999769,16384,
Technological,ISCAS89_Benchmark_Circuits__s444_benc,210,363,20,0,42,83,encode,0.0003869579999928874,16384,536.0
Technological,ISCAS89_Benchmark_Circuits__s444_benc,210,363,20,0,42,83,compress,0.0005402909999929761,16384,
Technological,ISCAS89_Benchmark_Circuits__s444_benc,210,363,20,0,42,83,linkpred,0.0023835410000003776,16384,
Technological,ISCAS89_Benchmark_Circuits__s444_benc,210,363,20,1,42,83,coarsen,0.03522937500000012,16384,
Technological,ISCAS89_Benchmark_Circuits__s444_benc,210,363,20,1,42,83,encode,0.0003927500000031614,16384,536.0
Technological,ISCAS89_Benchmark_Circuits__s444_benc,210,363,20,1,42,83,compress,0.000548207999997885,16384,
Technological,ISCAS89_Benchmark_Circuits__s444_benc,210,363,20,1,42,83,linkpred,0.0024110419999914257,16384,
Technological,ISCAS89_Benchmark_Circuits__s444_benc,210,363,20,2,42,83,coarsen,0.035073624999995445,16384,
Technological,ISCAS89_Benchmark_Circuits__s444_benc,210,363,20,2,42,83,encode,0.0003860409999987269,16384,536.0
Technological,ISCAS89_Benchmark_Circuits__s444_benc,210,363,20,2,42,83,compress,0.0005330829999934394,16384,
Technological,ISCAS89_Benchmark_Circuits__s444_benc,210,363,20,2,42,83,linkpred,0.0024117499999931624,16384,
Technological,588f93d5a411221d0e7c6794,228,491,100,0,228,491,coarsen,0.0,0,
Technological,588f93d5a411221d0e7c6794,228,491,100,0,228,491,encode,0.006372416000004932,16384,8960.0
Technological,588f93d5a411221d0e7c6794,228,491,100,0,228,491,compress,0.007367083999994861,16384,
Technological,588f93d5a411221d0e7c6794,228,491,100,0,228,491,linkpred,0.058906582999995294,1015808,
Technological,588f93d5a411221d0e7c6794,228,491,100,1,228,491,coarsen,0.0,0,
Technological,588f93d5a411221d0e7c6794,228,491,100,1,228,491,encode,0.006372041999995304,16384,8960.0
Technological,588f93d5a411221d0e7c6794,228,491,100,1,228,491,compress,0.0073627080000022715,16384,
Technological,588f93d5a411221d0e7c6794,228,491,100,1,228,491,linkpred,0.05850112499999227,540672,
Technological,588f93d5a411221d0e7c6794,228,491,100,2,228,491,coarsen,0.0,0,
Technological,588f93d5a411221d0e7c6794,228,491,100,2,228,491,encode,0.006407166999991887,16384,8960.0
Technological,588f93d5a411221d0e7c6794,228,491,100,2,228,491,compress,0.007288583000004678,16384,
Technological,588f93d5a411221d0e7c6794,228,491,100,2,228,491,linkpred,0.058692749999991634,278528,
Technological,588f93d5a411221d0e7c6794,228,491,80,0,184,374,coarsen,0.040648500000003196,32768,
Technological,588f93d5a411221d0e7c6794,228,491,80,0,184,374,encode,0.004098040999991781,16384,5746.0
Technological,588f93d5a411221d0e7c6794,228,491,80,0,184,374,compress,0.004789291999998113,16384,
Technological,588f93d5a411221d0e7c6794,228,491,80,0,184,374,linkpred,0.03901995800001146,163840,
Technological,588f93d5a411221d0e7c6794,228,491,80,1,184,374,coarsen,0.04016370799999436,16384,
Technological,588f93d5a411221d0e7c6794,228,491,80,1,184,374,encode,0.004168583000009107,16384,5746.0
Technological,588f93d5a411221d0e7c6794,228,491,80,1,184,374,compress,0.004892042000008701,16384,
Technological,588f93d5a411221d0e7c6794,228,491,80,1,184,374,linkpred,0.03854824999999096,16384,
Technological,588f93d5a411221d0e7c6794,228,491,80,2,184,374,coarsen,0.040697708999999804,16384,
Technological,588f93d5a411221d0e7c6794,228,491,80,2,184,374,encode,0.004093874999995251,16384,5746.0
Technological,588f93d5a411221d0e7c6794,228,491,80,2,184,374,compress,0.004618167000003837,16384,
Technological,588f93d5a411221d0e7c6794,228,491,80,2,184,374,linkpred,0.03787333299999318,16384,
Technological,588f93d5a411221d0e7c6794,228,491,60,0,137,283,coarsen,0.02650124999999548,16384,
Technological,588f93d5a411221d0e7c6794,228,491,60,0,137,283,encode,0.002478957999997533,16384,3524.0
Technological,588f93d5a411221d0e7c6794,228,491,60,0,137,283,compress,0.002959207999992941,16384,
Technological,588f93d5a411221d0e7c6794,228,491,60,0,137,283,linkpred,0.021328000000011116,16384,
Technological,588f93d5a411221d0e7c6794,228,491,60,1,137,283,coarsen,0.025239458999990916,16384,
Technological,588f93d5a411221d0e7c6794,228,491,60,1,137,283,encode,0.0024836249999964366,16384,3525.0
Technological,588f93d5a411221d0e7c6794,228,491,60,1,137,283,compress,0.002897416999999791,16384,
Technological,588f93d5a411221d0e7c6794,228,491,60,1,137,283,linkpred,0.021148292000006563,16384,
Technological,588f93d5a411221d0e7c6794,228,491,60,2,137,283,coarsen,0.026413791999999603,16384,
Technological,588f93d5a411221d0e7c6794,228,491,60,2,137,283,encode,0.002484999999992965,16384,3524.0
Technological,588f93d5a411221d0e7c6794,228,491,60,2,137,283,compress,0.0029047080000026426,16384,
Technological,588f93d5a411221d0e7c6794,228,491,60,2,137,283,linkpred,0.02133170800000528,16384,
Technological,588f93d5a411221d0e7c6794,228,491,40,0,92,189,coarsen,0.027782083000005287,16384,
Technological,588f93d5a411221d0e7c6794,228,491,40,0,92,189,encode,0.0012772089999941727,16384,1908.0
Technological,588f93d5a411221d0e7c6794,228,491,40,0,92,189,compress,0.0016608749999988959,16384,
Technological,588f93d5a411221d0e7c6794,228,491,40,0,92,189,linkpred,0.009763874999990207,16384,
Technological,588f93d5a411221d0e7c6794,228,491,40,1,92,189,coarsen,0.028434207999993077,16384,
Technological,588f93d5a411221d0e7c6794,228,491,40,1,92,189,encode,0.0012940000000014606,16384,1908.0
Technological,588f93d5a411221d0e7c6794,228,491,40,1,92,189,compress,0.0016759580000069718,16384,
Technological,588f93d5a411221d0e7c6794,228,491,40,1,92,189,linkpred,0.009830082999997103,16384,
Technological,588f93d5a411221d0e7c6794,228,491,40,2,92,189,coarsen,0.02780983300000628,16384,
Technological,588f93d5a411221d0e7c6794,228,491,40,2,92,189,encode,0.0012982079999943608,16384,1906.0
Technological,588f93d5a411221d0e7c6794,228,491,40,2,92,189,compress,0.001652708000008829,16384,
Technological,588f93d5a411221d0e7c6794,228,491,40,2,92,189,linkpred,0.009802375000006691,16384,
Technological,588f93d5a411221d0e7c6794,228,491,20,0,46,83,coarsen,0.038093083999996225,16384,
Technological,588f93d5a411221d0e7c6794,228,491,20,0,46,83,encode,0.00038933300000110194,16384,536.0
Technological,588f93d5a411221d0e7c6794,228,491,20,0,46,83,compress,0.0005236249999995835,16384,
Technological,588f93d5a411221d0e7c6794,228,491,20,0,46,83,linkpred,0.002658999999994194,16384,
Technological,588f93d5a411221d0e7c6794,228,491,20,1,46,83,coarsen,0.03788950000000568,16384,
Technological,588f93d5a411221d0e7c6794,228,491,20,1,46,83,encode,0.0003789579999988746,16384,507.0
Technological,588f93d5a411221d0e7c6794,228,491,20,1,46,83,compress,0.0005112919999987753,16384,
Technological,588f93d5a411221d0e7c6794,228,491,20,1,46,83,linkpred,0.0027265420000048834,16384,
Technological,588f93d5a411221d0e7c6794,228,491,20,2,46,83,coarsen,0.03736995900000295,16384,
Technological,588f93d5a411221d0e7c6794,228,491,20,2,46,83,encode,0.00038629200000173114,16384,507.0
Technological,588f93d5a411221d0e7c6794,228,491,20,2,46,83,compress,0.0005097499999919819,16384,
Technological,588f93d5a411221d0e7c6794,228,491,20,2,46,83,linkpred,0.002905666999993173,16384,
Biological,56e98770a6d70217090cde42,257,302,100,0,257,302,coarsen,0.0,0,
Biological,56e98770a6d70217090cde42,257,302,100,0,257,302,encode,0.004867583000006448,16384,3837.0
Biological,56e98770a6d70217090cde42,257,302,100,0,257,302,compress,0.0032919580000054793,16384,
Biological,56e98770a6d70217090cde42,257,302,100,0,257,302,linkpred,0.05692204199999651,1228800,
Biological,56e98770a6d70217090cde42,257,302,100,1,257,302,coarsen,0.0,0,
Biological,56e98770a6d70217090cde42,257,302,100,1,257,302,encode,0.004938207999998667,16384,3837.0
Biological,56e98770a6d70217090cde42,257,302,100,1,257,302,compress,0.003277124999996772,16384,
Biological,56e98770a6d70217090cde42,257,302,100,1,257,302,linkpred,0.05653058300001135,1064960,
Biological,56e98770a6d70217090cde42,257,302,100,2,257,302,coarsen,0.0,0,
Biological,56e98770a6d70217090cde42,257,302,100,2,257,302,encode,0.004899750000006975,16384,3837.0
Biological,56e98770a6d70217090cde42,257,302,100,2,257,302,compress,0.0033273339999908558,16384,
Biological,56e98770a6d70217090cde42,257,302,100,2,257,302,linkpred,0.05625466600000095,802816,
Biological,56e98770a6d70217090cde42,257,302,80,0,207,252,coarsen,0.040923124999991956,32768,
Biological,56e98770a6d70217090cde42,257,302,80,0,207,252,encode,0.003313207999994461,16384,2705.0
Biological,56e98770a6d70217090cde42,257,302,80,0,207,252,compress,0.0023525000000006457,16384,
Biological,56e98770a6d70217090cde42,257,302,80,0,207,252,linkpred,0.037651999999994246,32768,
Biological,56e98770a6d70217090cde42,257,302,80,1,207,252,coarsen,0.04040220799998906,16384,
Biological,56e98770a6d70217090cde42,257,302,80,1,207,252,encode,0.003285500000004049,16384,2705.0
Biological,56e98770a6d70217090cde42,257,302,80,1,207,252,compress,0.0023877080000005435,16384,
Biological,56e98770a6d70217090cde42,257,302,80,1,207,252,linkpred,0.03754162500000291,114688,
Biological,56e98770a6d70217090cde42,257,302,80,2,207,252,coarsen,0.04209445899999764,16384,
Biological,56e98770a6d70217090cde42,257,302,80,2,207,252,encode,0.003337125000001606,16384,2705.0
Biological,56e98770a6d70217090cde42,257,302,80,2,207,252,compress,0.002638083000007896,16384,
Biological,56e98770a6d70217090cde42,257,302,80,2,207,252,linkpred,0.03963891700000488,16384,
Biological,56e98770a6d70217090cde42,257,302,60,0,155,188,coarsen,0.027070833000010452,16384,
Biological,56e98770a6d70217090cde42,257,302,60,0,155,188,encode,0.0019804580000055694,16384,1677.0
Biological,56e98770a6d70217090cde42,257,302,60,0,155,188,compress,0.0015895410000013044,16384,
Biological,56e98770a6d70217090cde42,257,302,60,0,155,188,linkpred,0.02186724999999967,16384,
Biological,56e98770a6d70217090cde42,257,302,60,1,155,188,coarsen,0.02634279199999412,16384,
Biological,56e98770a6d70217090cde42,257,302,60,1,155,188,encode,0.0019944579999986445,16384,1676.0
Biological,56e98770a6d70217090cde42,257,302,60,1,155,188,compress,0.0015337090000002718,16384,
Biological,56e98770a6d70217090cde42,257,302,60,1,155,188,linkpred,0.021369458000009445,16384,
Biological,56e98770a6d70217090cde42,257,302,60,2,155,188,coarsen,0.02825779200000511,16384,
Biological,56e98770a6d70217090cde42,257,302,60,2,155,188,encode,0.0019391669999890837,16384,1677.0
Biological,56e98770a6d70217090cde42,257,302,60,2,155,188,compress,0.001528667000002315,16384,
Biological,56e98770a6d70217090cde42,257,302,60,2,155,188,linkpred,0.021302625000004127,16384,
Biological,56e98770a6d70217090cde42,257,302,40,0,103,122,coarsen,0.041412833999999066,16384,
Biological,56e98770a6d70217090cde42,257,302,40,0,103,122,encode,0.0009749589999898944,16384,1010.0
Biological,56e98770a6d70217090cde42,257,302,40,0,103,122,compress,0.0009395419999975729,16384,
Biological,56e98770a6d70217090cde42,257,302,40,0,103,122,linkpred,0.00956587500000694,16384,
Biological,56e98770a6d70217090cde42,257,302,40,1,103,122,coarsen,0.03889191700000083,32768,
Biological,56e98770a6d70217090cde42,257,302,40,1,103,122,encode,0.000980583000000479,16384,1010.0
Biological,56e98770a6d70217090cde42,257,302,40,1,103,122,compress,0.0009432920000023159,16384,
Biological,56e98770a6d70217090cde42,257,302,40,1,103,122,linkpred,0.009583583000008389,16384,
Biological,56e98770a6d70217090cde42,257,302,40,2,103,122,coarsen,0.03964520899999968,16384,
Biological,56e98770a6d70217090cde42,257,302,40,2,103,122,encode,0.0009762910000006286,16384,1010.0
Biological,56e98770a6d70217090cde42,257,302,40,2,103,122,compress,0.0009658749999914562,16384,
Biological,56e98770a6d70217090cde42,257,302,40,2,103,122,linkpred,0.009617333000008443,16384,
Biological,56e98770a6d70217090cde42,257,302,20,0,52,60,coarsen,0.04678512499999954,16384,
Biological,56e98770a6d70217090cde42,257,302,20,0,52,60,encode,0.00034279199999787124,16384,366.0
Biological,56e98770a6d70217090cde42,257,302,20,0,52,60,compress,0.00040537499999970805,16384,
Biological,56e98770a6d70217090cde42,257,302,20,0,52,60,linkpred,0.0028884169999940923,16384,
Biological,56e98770a6d70217090cde42,257,302,20,1,52,60,coarsen,0.05098570800001312,16384,
Biological,56e98770a6d70217090cde42,257,302,20,1,52,60,encode,0.0003916249999917909,16384,366.0
Biological,56e98770a6d70217090cde42,257,302,20,1,52,60,compress,0.00041233299999987594,16384,
Biological,56e98770a6d70217090cde42,257,302,20,1,52,60,linkpred,0.0029318750000015825,16384,
Biological,56e98770a6d70217090cde42,257,302,20,2,52,60,coarsen,0.04756712500000049,16384,
Biological,56e98770a6d70217090cde42,257,302,20,2,52,60,encode,0.00034941700000956644,16384,366.0
Biological,56e98770a6d70217090cde42,257,302,20,2,52,60,compress,0.0004037500000038108,16384,
Biological,56e98770a6d70217090cde42,257,302,20,2,52,60,linkpred,0.003456333000002587,16384,
Biological,56e98770a6d70217090cde46,283,437,100,0,283,437,coarsen,0.0,0,
Biological,56e98770a6d70217090cde46,283,437,100,0,283,437,encode,0.00659004199999913,16384,4317.0
Biological,56e98770a6d70217090cde46,283,437,100,0,283,437,compress,0.004087083999991137,16384,
Biological,56e98770a6d70217090cde46,283,437,100,0,283,437,linkpred,0.07809895900000186,2326528,
Biological,56e98770a6d70217090cde46,283,437,100,1,283,437,coarsen,0.0,0,
Biological,56e98770a6d70217090cde46,283,437,100,1,283,437,encode,0.006106582999990451,16384,4317.0
Biological,56e98770a6d70217090cde46,283,437,100,1,283,437,compress,0.003953459000001658,16384,
Biological,56e98770a6d70217090cde46,283,437,100,1,283,437,linkpred,0.07639912499999468,1851392,
Biological,56e98770a6d70217090cde46,283,437,100,2,283,437,coarsen,0.0,0,
Biological,56e98770a6d70217090cde46,283,437,100,2,283,437,encode,0.006030584000001227,16384,4317.0
Biological,56e98770a6d70217090cde46,283,437,100,2,283,437,compress,0.004008916000003637,16384,
Biological,56e98770a6d70217090cde46,283,437,100,2,283,437,linkpred,0.14050675000000012,98304,
Biological,56e98770a6d70217090cde46,283,437,80,0,228,360,coarsen,0.048825334,16384,
Biological,56e98770a6d70217090cde46,283,437,80,0,228,360,encode,0.0040332500000062055,16384,2914.0
Biological,56e98770a6d70217090cde46,283,437,80,0,228,360,compress,0.002887041999997564,16384,
Biological,56e98770a6d70217090cde46,283,437,80,0,228,360,linkpred,0.06952024999999651,16384,
Biological,56e98770a6d70217090cde46,283,437,80,1,228,360,coarsen,0.04674283299999615,16384,
Biological,56e98770a6d70217090cde46,283,437,80,1,228,360,encode,0.004673500000009767,16384,2914.0
Biological,56e98770a6d70217090cde46,283,437,80,1,228,360,compress,0.002750750000004132,16384,
Biological,56e98770a6d70217090cde46,283,437,80,1,228,360,linkpred,0.05102141700000118,16384,
Biological,56e98770a6d70217090cde46,283,437,80,2,228,360,coarsen,0.046785540999991326,16384,
Biological,56e98770a6d70217090cde46,283,437,80,2,228,360,encode,0.0045169160000000375,16384,2914.0
Biological,56e98770a6d70217090cde46,283,437,80,2,228,360,compress,0.0027773749999937536,16384,
Biological,56e98770a6d70217090cde46,283,437,80,2,228,360,linkpred,0.05045604200000753,16384,
Biological,56e98770a6d70217090cde46,283,437,60,0,171,277,coarsen,0.04299625000000162,32768,
Biological,56e98770a6d70217090cde46,283,437,60,0,171,277,encode,0.0023123340000097414,16384,1949.0
Biological,56e98770a6d70217090cde46,283,437,60,0,171,277,compress,0.0018593749999951115,16384,
Biological,56e98770a6d70217090cde46,283,437,60,0,171,277,linkpred,0.02900391699999716,16384,
Biological,56e98770a6d70217090cde46,283,437,60,1,171,277,coarsen,0.04341991699999426,16384,
Biological,56e98770a6d70217090cde46,283,437,60,1,171,277,encode,0.002344124999993369,16384,1949.0
Biological,56e98770a6d70217090cde46,283,437,60,1,171,277,compress,0.001806125000001657,16384,
Biological,56e98770a6d70217090cde46,283,437,60,1,171,277,linkpred,0.031740582999987055,16384,
Biological,56e98770a6d70217090cde46,283,437,60,2,171,277,coarsen,0.043992500000001655,16384,
Biological,56e98770a6d70217090cde46,283,437,60,2,171,277,encode,0.002371707999998307,16384,1949.0
Biological,56e98770a6d70217090cde46,283,437,60,2,171,277,compress,0.0018329170000015438,16384,
Biological,56e98770a6d70217090cde46,283,437,60,2,171,277,linkpred,0.02930895800000144,32768,
Biological,56e98770a6d70217090cde46,283,437,40,0,114,184,coarsen,0.03317129199999158,16384,
Biological,56e98770a6d70217090cde46,283,437,40,0,114,184,encode,0.0011712090000060016,16384,1134.0
Biological,56e98770a6d70217090cde46,283,437,40,0,114,184,compress,0.0011095419999946898,16384,
Biological,56e98770a6d70217090cde46,283,437,40,0,114,184,linkpred,0.013365583000009451,16384,
Biological,56e98770a6d70217090cde46,283,437,40,1,114,184,coarsen,0.03215500000000304,16384,
Biological,56e98770a6d70217090cde46,283,437,40,1,114,184,encode,0.0011592500000006112,16384,1134.0
Biological,56e98770a6d70217090cde46,283,437,40,1,114,184,compress,0.0011012920000013082,16384,
Biological,56e98770a6d70217090cde46,283,437,40,1,114,184,linkpred,0.013300292000010927,16384,
Biological,56e98770a6d70217090cde46,283,437,40,2,114,184,coarsen,0.032637582999996084,16384,
Biological,56e98770a6d70217090cde46,283,437,40,2,114,184,encode,0.0011650000000003047,16384,1134.0
Biological,56e98770a6d70217090cde46,283,437,40,2,114,184,compress,0.00115420900000629,16384,
Biological,56e98770a6d70217090cde46,283,437,40,2,114,184,linkpred,0.013283708999992427,16384,
Biological,56e98770a6d70217090cde46,283,437,20,0,57,91,coarsen,0.04401033399999221,16384,
Biological,56e98770a6d70217090cde46,283,437,20,0,57,91,encode,0.0004067499999962365,16384,435.0
Biological,56e98770a6d70217090cde46,283,437,20,0,57,91,compress,0.00047620799999492647,16384,
Biological,56e98770a6d70217090cde46,283,437,20,0,57,91,linkpred,0.003796417000003771,16384,
Biological,56e98770a6d70217090cde46,283,437,20,1,57,91,coarsen,0.043599708000002124,16384,
Biological,56e98770a6d70217090cde46,283,437,20,1,57,91,encode,0.00040641699999355296,16384,435.0
Biological,56e98770a6d70217090cde46,283,437,20,1,57,91,compress,0.0004792090000051985,16384,
Biological,56e98770a6d70217090cde46,283,437,20,1,57,91,linkpred,0.003799458000003142,16384,
Biological,56e98770a6d70217090cde46,283,437,20,2,57,91,coarsen,0.04397270900000194,16384,
Biological,56e98770a6d70217090cde46,283,437,20,2,57,91,encode,0.0004074579999979733,16384,435.0
Biological,56e98770a6d70217090cde46,283,437,20,2,57,91,compress,0.00047683399999698395,16384,
Biological,56e98770a6d70217090cde46,283,437,20,2,57,91,linkpred,0.0037790420000050062,16384,
Biological,56e98770a6d70217090cde08,318,381,100,0,318,381,coarsen,0.0,0,
Biological,56e98770a6d70217090cde08,318,381,100,0,318,381,encode,0.009112375000000839,16384,8854.0
Biological,56e98770a6d70217090cde08,318,381,100,0,318,381,compress,0.007187625000000253,16384,
Biological,56e98770a6d70217090cde08,318,381,100,0,318,381,linkpred,0.0878468330000004,327680,
Biological,56e98770a6d70217090cde08,318,381,100,1,318,381,coarsen,0.0,0,
Biological,56e98770a6d70217090cde08,318,381,100,1,318,381,encode,0.008797833000002697,16384,8854.0
Biological,56e98770a6d70217090cde08,318,381,100,1,318,381,compress,0.007218957999995723,16384,
Biological,56e98770a6d70217090cde08,318,381,100,1,318,381,linkpred,0.08735504199999866,262144,
Biological,56e98770a6d70217090cde08,318,381,100,2,318,381,coarsen,0.0,0,
Biological,56e98770a6d70217090cde08,318,381,100,2,318,381,encode,0.00895229199998937,16384,8854.0
Biological,56e98770a6d70217090cde08,318,381,100,2,318,381,compress,0.00720874999998955,16384,
Biological,56e98770a6d70217090cde08,318,381,100,2,318,381,linkpred,0.0873246670000043,262144,
Biological,56e98770a6d70217090cde08,318,381,80,0,256,319,coarsen,0.052115708000002314,16384,
Biological,56e98770a6d70217090cde08,318,381,80,0,256,319,encode,0.006505374999989044,16384,6029.0
Biological,56e98770a6d70217090cde08,318,381,80,0,256,319,compress,0.005159207999994919,16384,
Biological,56e98770a6d70217090cde08,318,381,80,0,256,319,linkpred,0.05923695799999962,262144,
Biological,56e98770a6d70217090cde08,318,381,80,1,256,319,coarsen,0.05211566699999537,16384,
Biological,56e98770a6d70217090cde08,318,381,80,1,256,319,encode,0.0060516249999977845,16384,6027.0
Biological,56e98770a6d70217090cde08,318,381,80,1,256,319,compress,0.005080583999998112,16384,
Biological,56e98770a6d70217090cde08,318,381,80,1,256,319,linkpred,0.058674375000009604,16384,
Biological,56e98770a6d70217090cde08,318,381,80,2,256,319,coarsen,0.05210324999998761,16384,
Biological,56e98770a6d70217090cde08,318,381,80,2,256,319,encode,0.0061139580000002525,16384,6029.0
Biological,56e98770a6d70217090cde08,318,381,80,2,256,319,compress,0.005052166000012903,16384,
Biological,56e98770a6d70217090cde08,318,381,80,2,256,319,linkpred,0.05862141599999404,16384,
Biological,56e98770a6d70217090cde08,318,381,60,0,191,244,coarsen,0.03846583399999304,16384,
Biological,56e98770a6d70217090cde08,318,381,60,0,191,244,encode,0.0035718329999951948,16384,3731.0
Biological,56e98770a6d70217090cde08,318,381,60,0,191,244,compress,0.0031991660000016964,16384,
Biological,56e98770a6d70217090cde08,318,381,60,0,191,244,linkpred,0.033029208000002086,16384,
Biological,56e98770a6d70217090cde08,318,381,60,1,191,244,coarsen,0.034525583999993614,16384,
Biological,56e98770a6d70217090cde08,318,381,60,1,191,244,encode,0.0035187500000120053,16384,3727.0
Biological,56e98770a6d70217090cde08,318,381,60,1,191,244,compress,0.0031834579999951984,16384,
Biological,56e98770a6d70217090cde08,318,381,60,1,191,244,linkpred,0.03311004100000048,16384,
Biological,56e98770a6d70217090cde08,318,381,60,2,191,244,coarsen,0.03499183400001016,16384,
Biological,56e98770a6d70217090cde08,318,381,60,2,191,244,encode,0.0035670000000038726,16384,3729.0
Biological,56e98770a6d70217090cde08,318,381,60,2,191,244,compress,0.0031744169999967653,16384,
Biological,56e98770a6d70217090cde08,318,381,60,2,191,244,linkpred,0.032867667000004985,16384,
Biological,56e98770a6d70217090cde08,318,381,40,0,128,160,coarsen,0.049439125000006356,16384,
Biological,56e98770a6d70217090cde08,318,381,40,0,128,160,encode,0.001719208000011463,16384,2062.0
Biological,56e98770a6d70217090cde08,318,381,40,0,128,160,compress,0.0017515410000044085,16384,
Biological,56e98770a6d70217090cde08,318,381,40,0,128,160,linkpred,0.015287708000002453,16384,
Biological,56e98770a6d70217090cde08,318,381,40,1,128,160,coarsen,0.05131308400000023,16384,
Biological,56e98770a6d70217090cde08,318,381,40,1,128,160,encode,0.0017291660000040565,16384,2063.0
Biological,56e98770a6d70217090cde08,318,381,40,1,128,160,compress,0.0018233340000080034,16384,
Biological,56e98770a6d70217090cde08,318,381,40,1,128,160,linkpred,0.015430124999994632,16384,
Biological,56e98770a6d70217090cde08,318,381,40,2,128,160,coarsen,0.04935762499999896,16384,
Biological,56e98770a6d70217090cde08,318,381,40,2,128,160,encode,0.001770167000003653,16384,2063.0
Biological,56e98770a6d70217090cde08,318,381,40,2,128,160,compress,0.0018723329999943417,16384,
Biological,56e98770a6d70217090cde08,318,381,40,2,128,160,linkpred,0.0153599159999942,16384,
Biological,56e98770a6d70217090cde08,318,381,20,0,65,79,coarsen,0.06237674999999854,32768,
Biological,56e98770a6d70217090cde08,318,381,20,0,65,79,encode,0.0005719589999984009,16384,747.0
Biological,56e98770a6d70217090cde08,318,381,20,0,65,79,compress,0.0007017079999940279,16384,
Biological,56e98770a6d70217090cde08,318,381,20,0,65,79,linkpred,0.004306458000002067,16384,
Biological,56e98770a6d70217090cde08,318,381,20,1,64,78,coarsen,0.058504624999997645,16384,
Biological,56e98770a6d70217090cde08,318,381,20,1,64,78,encode,0.0005594999999942729,16384,733.0
Biological,56e98770a6d70217090cde08,318,381,20,1,64,78,compress,0.0006828329999990501,16384,
Biological,56e98770a6d70217090cde08,318,381,20,1,64,78,linkpred,0.004230207999995628,16384,
Biological,56e98770a6d70217090cde08,318,381,20,2,64,78,coarsen,0.07011124999999652,16384,
Biological,56e98770a6d70217090cde08,318,381,20,2,64,78,encode,0.0005662919999878113,16384,733.0
Biological,56e98770a6d70217090cde08,318,381,20,2,64,78,compress,0.0006979580000034957,16384,
Biological,56e98770a6d70217090cde08,318,381,20,2,64,78,linkpred,0.004208332999994013,16384,
Transportation,59488c124ed8f1bb6022a8dc,350,553,100,0,350,553,coarsen,0.0,0,
Transportation,59488c124ed8f1bb6022a8dc,350,553,100,0,350,553,encode,0.010160999999996534,16384,8210.0
Transportation,59488c124ed8f1bb6022a8dc,350,553,100,0,350,553,compress,0.00709154199999773,16384,
Transportation,59488c124ed8f1bb6022a8dc,350,553,100,0,350,553,linkpred,0.11882045800000185,5701632,
Transportation,59488c124ed8f1bb6022a8dc,350,553,100,1,350,553,coarsen,0.0,0,
Transportation,59488c124ed8f1bb6022a8dc,350,553,100,1,350,553,encode,0.010287374999990107,16384,8210.0
Transportation,59488c124ed8f1bb6022a8dc,350,553,100,1,350,553,compress,0.007016040999999973,16384,
Transportation,59488c124ed8f1bb6022a8dc,350,553,100,1,350,553,linkpred,0.11855691699999227,5259264,
Transportation,59488c124ed8f1bb6022a8dc,350,553,100,2,350,553,coarsen,0.0,0,
Transportation,59488c124ed8f1bb6022a8dc,350,553,100,2,350,553,encode,0.00999254200000621,16384,8210.0
Transportation,59488c124ed8f1bb6022a8dc,350,553,100,2,350,553,compress,0.007118709000010881,16384,
Transportation,59488c124ed8f1bb6022a8dc,350,553,100,2,350,553,linkpred,0.11853329100000565,4997120,
Transportation,59488c124ed8f1bb6022a8dc,350,553,80,0,281,439,coarsen,0.055719999999993775,32768,
Transportation,59488c124ed8f1bb6022a8dc,350,553,80,0,281,439,encode,0.006661917000002404,16384,5813.0
Transportation,59488c124ed8f1bb6022a8dc,350,553,80,0,281,439,compress,0.005037874999999303,16384,
Transportation,59488c124ed8f1bb6022a8dc,350,553,80,0,281,439,linkpred,0.07523137500000132,278528,
Transportation,59488c124ed8f1bb6022a8dc,350,553,80,1,281,439,coarsen,0.05513220899999283,16384,
Transportation,59488c124ed8f1bb6022a8dc,350,553,80,1,281,439,encode,0.0067102080000012165,16384,5813.0
Transportation,59488c124ed8f1bb6022a8dc,350,553,80,1,281,439,compress,0.005064042000000768,16384,
Transportation,59488c124ed8f1bb6022a8dc,350,553,80,1,281,439,linkpred,0.07504374999999186,16384,
Transportation,59488c124ed8f1bb6022a8dc,350,553,80,2,281,439,coarsen,0.054987124999996695,16384,
Transportation,59488c124ed8f1bb6022a8dc,350,553,80,2,281,439,encode,0.006701042000003099,16384,5813.0
Transportation,59488c124ed8f1bb6022a8dc,350,553,80,2,281,439,compress,0.0051145829999939,16384,
Transportation,59488c124ed8f1bb6022a8dc,350,553,80,2,281,439,linkpred,0.07528166699999872,16384,
Transportation,59488c124ed8f1bb6022a8dc,350,553,60,0,210,327,coarsen,0.0360382080000079,16384,
Transportation,59488c124ed8f1bb6022a8dc,350,553,60,0,210,327,encode,0.004137041999996427,16384,4264.0
Transportation,59488c124ed8f1bb6022a8dc,350,553,60,0,210,327,compress,0.0037267500000126574,16384,
Transportation,59488c124ed8f1bb6022a8dc,350,553,60,0,210,327,linkpred,0.04450845800000991,16384,
Transportation,59488c124ed8f1bb6022a8dc,350,553,60,1,210,327,coarsen,0.036259583000003204,32768,
Transportation,59488c124ed8f1bb6022a8dc,350,553,60,1,210,327,encode,0.004145625000006703,16384,4264.0
Transportation,59488c124ed8f1bb6022a8dc,350,553,60,1,210,327,compress,0.003801499999994462,16384,
Transportation,59488c124ed8f1bb6022a8dc,350,553,60,1,210,327,linkpred,0.04280220800001189,16384,
Transportation,59488c124ed8f1bb6022a8dc,350,553,60,2,210,327,coarsen,0.035084667000006675,16384,
Transportation,59488c124ed8f1bb6022a8dc,350,553,60,2,210,327,encode,0.00418200000000013,16384,4264.0
Transportation,59488c124ed8f1bb6022a8dc,350,553,60,2,210,327,compress,0.003775709000009897,16384,
Transportation,59488c124ed8f1bb6022a8dc,350,553,60,2,210,327,linkpred,0.043296583000000055,16384,
Transportation,59488c124ed8f1bb6022a8dc,350,553,40,0,140,227,coarsen,0.03907066600000064,16384,
Transportation,59488c124ed8f1bb6022a8dc,350,553,40,0,140,227,encode,0.002080875000004312,16384,2302.0
Transportation,59488c124ed8f1bb6022a8dc,350,553,40,0,140,227,compress,0.0020577499999916427,16384,
Transportation,59488c124ed8f1bb6022a8dc,350,553,40,0,140,227,linkpred,0.019648875000001453,16384,
Transportation,59488c124ed8f1bb6022a8dc,350,553,40,1,140,227,coarsen,0.03919695800000511,16384,
Transportation,59488c124ed8f1bb6022a8dc,350,553,40,1,140,227,encode,0.0020380830000021888,16384,2302.0
Transportation,59488c124ed8f1bb6022a8dc,350,553,40,1,140,227,compress,0.00203254200000913,16384,
Transportation,59488c124ed8f1bb6022a8dc,350,553,40,1,140,227,linkpred,0.019539542000003962,16384,
Transportation,59488c124ed8f1bb6022a8dc,350,553,40,2,140,227,coarsen,0.03953662499999666,16384,
Transportation,59488c124ed8f1bb6022a8dc,350,553,40,2,140,227,encode,0.0020268749999985403,16384,2302.0
Transportation,59488c124ed8f1bb6022a8dc,350,553,40,2,140,227,compress,0.0020361669999999776,16384,
Transportation,59488c124ed8f1bb6022a8dc,350,553,40,2,140,227,linkpred,0.019530041999999526,16384,
Transportation,59488c124ed8f1bb6022a8dc,350,553,20,0,70,123,coarsen,0.05738404199999536,16384,
Transportation,59488c124ed8f1bb6022a8dc,350,553,20,0,70,123,encode,0.0006834590000011076,16384,843.0
Transportation,59488c124ed8f1bb6022a8dc,350,553,20,0,70,123,compress,0.0008205829999923253,16384,
Transportation,59488c124ed8f1bb6022a8dc,350,553,20,0,70,123,linkpred,0.005520333000006872,16384,
Transportation,59488c124ed8f1bb6022a8dc,350,553,20,1,70,123,coarsen,0.07376645900001222,16384,
Transportation,59488c124ed8f1bb6022a8dc,350,553,20,1,70,123,encode,0.0006666250000080254,16384,843.0
Transportation,59488c124ed8f1bb6022a8dc,350,553,20,1,70,123,compress,0.0008204590000104872,16384,
Transportation,59488c124ed8f1bb6022a8dc,350,553,20,1,70,123,linkpred,0.005547166999988917,16384,
Transportation,59488c124ed8f1bb6022a8dc,350,553,20,2,70,123,coarsen,0.054962916999997447,16384,
Transportation,59488c124ed8f1bb6022a8dc,350,553,20,2,70,123,encode,0.0006555420000040613,16384,843.0
Transportation,59488c124ed8f1bb6022a8dc,350,553,20,2,70,123,compress,0.0008219999999994343,16384,
Transportation,59488c124ed8f1bb6022a8dc,350,553,20,2,70,123,linkpred,0.005448165999993648,16384,
Social,Norwegian_Board_of_Directors_net1mode_2003-12-01,389,1660,100,0,389,1660,coarsen,0.0,0,
Social,Norwegian_Board_of_Directors_net1mode_2003-12-01,389,1660,100,0,389,1660,encode,0.012725041999999576,16384,13277.0
Social,Norwegian_Board_of_Directors_net1mode_2003-12-01,389,1660,100,0,389,1660,compress,0.011231582999997158,16384,
Social,Norwegian_Board_of_Directors_net1mode_2003-12-01,389,1660,100,0,389,1660,linkpred,0.3028558329999953,9617408,
Social,Norwegian_Board_of_Directors_net1mode_2003-12-01,389,1660,100,1,389,1660,coarsen,0.0,0,
Social,Norwegian_Board_of_Directors_net1mode_2003-12-01,389,1660,100,1,389,1660,encode,0.012364417000000572,16384,13277.0
Social,Norwegian_Board_of_Directors_net1mode_2003-12-01,389,1660,100,1,389,1660,compress,0.011366667000004327,16384,
Social,Norwegian_Board_of_Directors_net1mode_2003-12-01,389,1660,100,1,389,1660,linkpred,0.2845732920000046,8142848,
Social,Norwegian_Board_of_Directors_net1mode_2003-12-01,389,1660,100,2,389,1660,coarsen,0.0,0,
Social,Norwegian_Board_of_Directors_net1mode_2003-12-01,389,1660,100,2,389,1660,encode,0.012294750000009458,16384,13277.0
Social,Norwegian_Board_of_Directors_net1mode_2003-12-01,389,1660,100,2,389,1660,compress,0.011377459000001977,16384,
Social,Norwegian_Board_of_Directors_net1mode_2003-12-01,389,1660,100,2,389,1660,linkpred,0.283295250000009,7880704,
Social,Norwegian_Board_of_Directors_net1mode_2003-12-01,389,1660,80,0,313,1340,coarsen,0.07582199999998807,16384,
Social,Norwegian_Board_of_Directors_net1mode_2003-12-01,389,1660,80,0,313,1340,encode,0.008404624999997168,16384,8868.0
Social,Norwegian_Board_of_Directors_net1mode_2003-12-01,389,1660,80,0,313,1340,compress,0.007493834000001698,16384,
Social,Norwegian_Board_of_Directors_net1mode_2003-12-01,389,1660,80,0,313,1340,linkpred,0.18044058299999222,196608,
Social,Norwegian_Board_of_Directors_net1mode_2003-12-01,389,1660,80,1,313,1340,coarsen,0.07608591700000034,49152,
Social,Norwegian_Board_of_Directors_net1mode_2003-12-01,389,1660,80,1,313,1340,encode,0.008259166999991407,16384,8868.0
Social,Norwegian_Board_of_Directors_net1mode_2003-12-01,389,1660,80,1,313,1340,compress,0.007596792000001074,16384,
Social,Norwegian_Board_of_Directors_net1mode_2003-12-01,389,1660,80,1,313,1340,linkpred,0.18036491700000568,245760,
Social,Norwegian_Board_of_Directors_net1mode_2003-12-01,389,1660,80,2,313,1340,coarsen,0.07600370900000541,16384,
Social,Norwegian_Board_of_Directors_net1mode_2003-12-01,389,1660,80,2,313,1340,encode,0.008216875000002233,16384,8868.0
Social,Norwegian_Board_of_Directors_net1mode_2003-12-01,389,1660,80,2,313,1340,compress,0.007625290999996537,16384,
Social,Norwegian_Board_of_Directors_net1mode_2003-12-01,389,1660,80,2,313,1340,linkpred,0.18256504199999313,16384,
Social,Norwegian_Board_of_Directors_net1mode_2003-12-01,389,1660,60,0,234,818,coarsen,0.04636783299999081,16384,
Social,Norwegian_Board_of_Directors_net1mode_2003-12-01,389,1660,60,0,234,818,encode,0.004844624999989833,16384,5905.0
Social,Norwegian_Board_of_Directors_net1mode_2003-12-01,389,1660,60,0,234,818,compress,0.005094874999997501,16384,
Social,Norwegian_Board_of_Directors_net1mode_2003-12-01,389,1660,60,0,234,818,linkpred,0.08685391699999911,16384,
Social,Norwegian_Board_of_Directors_net1mode_2003-12-01,389,1660,60,1,234,818,coarsen,0.04535120799999959,16384,
Social,Norwegian_Board_of_Directors_net1mode_2003-12-01,389,1660,60,1,234,818,encode,0.004855000000006271,16384,5905.0
Social,Norwegian_Board_of_Directors_net1mode_2003-12-01,389,1660,60,1,234,818,compress,0.005553625000004558,16384,
Social,Norwegian_Board_of_Directors_net1mode_2003-12-01,389,1660,60,1,234,818,linkpred,0.08968008300000463,16384,
Social,Norwegian_Board_of_Directors_net1mode_2003-12-01,389,1660,60,2,234,818,coarsen,0.04643424999999013,16384,
Social,Norwegian_Board_of_Directors_net1mode_2003-12-01,389,1660,60,2,234,818,encode,0.004920624999996903,16384,5905.0
Social,Norwegian_Board_of_Directors_net1mode_2003-12-01,389,1660,60,2,234,818,compress,0.005051749999992694,16384,
Social,Norwegian_Board_of_Directors_net1mode_2003-12-01,389,1660,60,2,234,818,linkpred,0.08711974999999939,16384,
Social,Norwegian_Board_of_Directors_net1mode_2003-12-01,389,1660,40,0,156,483,coarsen,0.07434883300000195,98304,
Social,Norwegian_Board_of_Directors_net1mode_2003-12-01,389,1660,40,0,156,483,encode,0.0024059590000007347,16384,2877.0
Social,Norwegian_Board_of_Directors_net1mode_2003-12-01,389,1660,40,0,156,483,compress,0.002595166999995513,16384,
Social,Norwegian_Board_of_Directors_net1mode_2003-12-01,389,1660,40,0,156,483,linkpred,0.034731749999991735,16384,
Social,Norwegian_Board_of_Directors_net1mode_2003-12-01,389,1660,40,1,156,483,coarsen,0.049069916999997076,16384,
Social,Norwegian_Board_of_Directors_net1mode_2003-12-01,389,1660,40,1,156,483,encode,0.0023719999999940455,16384,2877.0
Social,Norwegian_Board_of_Directors_net1mode_2003-12-01,389,1660,40,1,156,483,compress,0.002587708000007183,16384,
Social,Norwegian_Board_of_Directors_net1mode_2003-12-01,389,1660,40,1,156,483,linkpred,0.03509716699998933,16384,
Social,Norwegian_Board_of_Directors_net1mode_2003-12-01,389,1660,40,2,156,483,coarsen,0.04789591600000165,16384,
Social,Norwegian_Board_of_Directors_net1mode_2003-12-01,389,1660,40,2,156,483,encode,0.0023515830000064852,16384,2877.0
Social,Norwegian_Board_of_Directors_net1mode_2003-12-01,389,1660,40,2,156,483,compress,0.002555833999991819,16384,
Social,Norwegian_Board_of_Directors_net1mode_2003-12-01,389,1660,40,2,156,483,linkpred,0.034581957999989754,16384,
Social,Norwegian_Board_of_Directors_net1mode_2003-12-01,389,1660,20,0,78,142,coarsen,0.05004216700000086,16384,
Social,Norwegian_Board_of_Directors_net1mode_2003-12-01,389,1660,20,0,78,142,encode,0.0007916249999908587,16384,1113.0
Social,Norwegian_Board_of_Directors_net1mode_2003-12-01,389,1660,20,0,78,142,compress,0.0010122080000058986,16384,
Social,Norwegian_Board_of_Directors_net1mode_2003-12-01,389,1660,20,0,78,142,linkpred,0.006896499999996308,16384,
Social,Norwegian_Board_of_Directors_net1mode_2003-12-01,389,1660,20,1,78,142,coarsen,0.04994016699998838,16384,
Social,Norwegian_Board_of_Directors_net1mode_2003-12-01,389,1660,20,1,78,142,encode,0.0007980410000101301,16384,1113.0
Social,Norwegian_Board_of_Directors_net1mode_2003-12-01,389,1660,20,1,78,142,compress,0.0009909580000027063,16384,
Social,Norwegian_Board_of_Directors_net1mode_2003-12-01,389,1660,20,1,78,142,linkpred,0.006930792000005681,16384,
Social,Norwegian_Board_of_Directors_net1mode_2003-12-01,389,1660,20,2,78,142,coarsen,0.050609917000002724,16384,
Social,Norwegian_Board_of_Directors_net1mode_2003-12-01,389,1660,20,2,78,142,encode,0.0007758750000022019,16384,1113.0
Social,Norwegian_Board_of_Directors_net1mode_2003-12-01,389,1660,20,2,78,142,compress,0.0009992499999924576,16384,
Social,Norwegian_Board_of_Directors_net1mode_2003-12-01,389,1660,20,2,78,142,linkpred,0.006963917000007314,16384,
Transportation,595b1429549f067e0263b516,433,475,100,0,433,475,coarsen,0.0,0,
Transportation,595b1429549f067e0263b516,433,475,100,0,433,475,encode,0.014182875000003037,16384,9349.0
Transportation,595b1429549f067e0263b516,433,475,100,0,433,475,compress,0.007931291000005558,16384,
Transportation,595b1429549f067e0263b516,433,475,100,0,433,475,linkpred,0.15976183300000457,17301504,
Transportation,595b1429549f067e0263b516,433,475,100,1,433,475,coarsen,0.0,0,
Transportation,595b1429549f067e0263b516,433,475,100,1,433,475,encode,0.014411332999998194,16384,9349.0
Transportation,595b1429549f067e0263b516,433,475,100,1,433,475,compress,0.007749083000007317,16384,
Transportation,595b1429549f067e0263b516,433,475,100,1,433,475,linkpred,0.15902133299999832,9977856,
Transportation,595b1429549f067e0263b516,433,475,100,2,433,475,coarsen,0.0,0,
Transportation,595b1429549f067e0263b516,433,475,100,2,433,475,encode,0.014372249999993869,16384,9349.0
Transportation,595b1429549f067e0263b516,433,475,100,2,433,475,compress,0.0077724169999982,16384,
Transportation,595b1429549f067e0263b516,433,475,100,2,433,475,linkpred,0.15973624999999458,9715712,
Transportation,595b1429549f067e0263b516,433,475,80,0,348,385,coarsen,0.1252718749999957,196608,
Transportation,595b1429549f067e0263b516,433,475,80,0,348,385,encode,0.016903874999997015,16384,6633.0
Transportation,595b1429549f067e0263b516,433,475,80,0,348,385,compress,0.005615125000005605,16384,
Transportation,595b1429549f067e0263b516,433,475,80,0,348,385,linkpred,0.10166008299999874,98304,
Transportation,595b1429549f067e0263b516,433,475,80,1,348,385,coarsen,0.11127399999999454,32768,
Transportation,595b1429549f067e0263b516,433,475,80,1,348,385,encode,0.009706375000007483,16384,6633.0
Transportation,595b1429549f067e0263b516,433,475,80,1,348,385,compress,0.011885207999995373,16384,
Transportation,595b1429549f067e0263b516,433,475,80,1,348,385,linkpred,0.10147229099999322,376832,
Transportation,595b1429549f067e0263b516,433,475,80,2,348,385,coarsen,0.11260566600000743,16384,
Transportation,595b1429549f067e0263b516,433,475,80,2,348,385,encode,0.010418957999988265,16384,6633.0
Transportation,595b1429549f067e0263b516,433,475,80,2,348,385,compress,0.012091499999996813,16384,
Transportation,595b1429549f067e0263b516,433,475,80,2,348,385,linkpred,0.10290708299999096,81920,
Transportation,595b1429549f067e0263b516,433,475,60,0,260,292,coarsen,0.07062795800000288,16384,
Transportation,595b1429549f067e0263b516,433,475,60,0,260,292,encode,0.011465041999997538,16384,4539.0
Transportation,595b1429549f067e0263b516,433,475,60,0,260,292,compress,0.009066333999996345,16384,
Transportation,595b1429549f067e0263b516,433,475,60,0,260,292,linkpred,0.0582753749999938,16384,
Transportation,595b1429549f067e0263b516,433,475,60,1,260,292,coarsen,0.09045512500000541,16384,
Transportation,595b1429549f067e0263b516,433,475,60,1,260,292,encode,0.005778709000011872,16384,4539.0
Transportation,595b1429549f067e0263b516,433,475,60,1,260,292,compress,0.009416541999996753,16384,
Transportation,595b1429549f067e0263b516,433,475,60,1,260,292,linkpred,0.05803270900000257,16384,
Transportation,595b1429549f067e0263b516,433,475,60,2,260,292,coarsen,0.05983708300000501,16384,
Transportation,595b1429549f067e0263b516,433,475,60,2,260,292,encode,0.00560320900000022,16384,4539.0
Transportation,595b1429549f067e0263b516,433,475,60,2,260,292,compress,0.004083291999990024,16384,
Transportation,595b1429549f067e0263b516,433,475,60,2,260,292,linkpred,0.05811879200000192,16384,
Transportation,595b1429549f067e0263b516,433,475,40,0,174,206,coarsen,0.11132066599999746,32768,
Transportation,595b1429549f067e0263b516,433,475,40,0,174,206,encode,0.006562208000005398,16384,2723.0
Transportation,595b1429549f067e0263b516,433,475,40,0,174,206,compress,0.006036665999999968,16384,
Transportation,595b1429549f067e0263b516,433,475,40,0,174,206,linkpred,0.026814708000003407,16384,
Transportation,595b1429549f067e0263b516,433,475,40,1,174,206,coarsen,0.10309662499999206,16384,
Transportation,595b1429549f067e0263b516,433,475,40,1,174,206,encode,0.0029220830000014075,16384,2723.0
Transportation,595b1429549f067e0263b516,433,475,40,1,174,206,compress,0.002541707999995424,16384,
Transportation,595b1429549f067e0263b516,433,475,40,1,174,206,linkpred,0.026715958000011142,16384,
Transportation,595b1429549f067e0263b516,433,475,40,2,174,206,coarsen,0.11502274999999429,16384,
Transportation,595b1429549f067e0263b516,433,475,40,2,174,206,encode,0.002851165999999239,16384,2723.0
Transportation,595b1429549f067e0263b516,433,475,40,2,174,206,compress,0.002477667000007955,16384,
Transportation,595b1429549f067e0263b516,433,475,40,2,174,206,linkpred,0.02690070799999944,16384,
Transportation,595b1429549f067e0263b516,433,475,20,0,87,110,coarsen,0.11396799999999985,16384,
Transportation,595b1429549f067e0263b516,433,475,20,0,87,110,encode,0.0010249999999984993,16384,1314.0
Transportation,595b1429549f067e0263b516,433,475,20,0,87,110,compress,0.0026787909999939075,16384,
Transportation,595b1429549f067e0263b516,433,475,20,0,87,110,linkpred,0.007375500000009083,16384,
Transportation,595b1429549f067e0263b516,433,475,20,1,87,110,coarsen,0.12310083399999883,16384,
Transportation,595b1429549f067e0263b516,433,475,20,1,87,110,encode,0.0022849160000077973,16384,1314.0
Transportation,595b1429549f067e0263b516,433,475,20,1,87,110,compress,0.002707833999991749,16384,
Transportation,595b1429549f067e0263b516,433,475,20,1,87,110,linkpred,0.007326582999994002,16384,
Transportation,595b1429549f067e0263b516,433,475,20,2,87,110,coarsen,0.12551283300000193,16384,
Transportation,595b1429549f067e0263b516,433,475,20,2,87,110,encode,0.0010848329999930684,16384,1314.0
Transportation,595b1429549f067e0263b516,433,475,20,2,87,110,compress,0.0012382080000037377,16384,
Transportation,595b1429549f067e0263b516,433,475,20,2,87,110,linkpred,0.007339833000003182,16384,
Social,Norwegian_Board_of_Directors_net1mode_2005-06-01,476,1836,100,0,476,1836,coarsen,0.0,0,
Social,Norwegian_Board_of_Directors_net1mode_2005-06-01,476,1836,100,0,476,1836,encode,0.0196464160000005,16384,21384.0
Social,Norwegian_Board_of_Directors_net1mode_2005-06-01,476,1836,100,0,476,1836,compress,0.017464375000002974,16384,
Social,Norwegian_Board_of_Directors_net1mode_2005-06-01,476,1836,100,0,476,1836,linkpred,0.38797679200000346,15302656,
Social,Norwegian_Board_of_Directors_net1mode_2005-06-01,476,1836,100,1,476,1836,coarsen,0.0,0,
Social,Norwegian_Board_of_Directors_net1mode_2005-06-01,476,1836,100,1,476,1836,encode,0.01954475000000855,16384,21384.0
Social,Norwegian_Board_of_Directors_net1mode_2005-06-01,476,1836,100,1,476,1836,compress,0.01766533300001072,16384,
Social,Norwegian_Board_of_Directors_net1mode_2005-06-01,476,1836,100,1,476,1836,linkpred,0.38932866599999727,13910016,
Social,Norwegian_Board_of_Directors_net1mode_2005-06-01,476,1836,100,2,476,1836,coarsen,0.0,0,
Social,Norwegian_Board_of_Directors_net1mode_2005-06-01,476,1836,100,2,476,1836,encode,0.01908641600000749,16384,21384.0
Social,Norwegian_Board_of_Directors_net1mode_2005-06-01,476,1836,100,2,476,1836,compress,0.017686292000007597,16384,
Social,Norwegian_Board_of_Directors_net1mode_2005-06-01,476,1836,100,2,476,1836,linkpred,0.389894874999996,13647872,
Social,Norwegian_Board_of_Directors_net1mode_2005-06-01,476,1836,80,0,382,1464,coarsen,0.13622999999999763,65536,
Social,Norwegian_Board_of_Directors_net1mode_2005-06-01,476,1836,80,0,382,1464,encode,0.018869125000009035,212992,14381.0
Social,Norwegian_Board_of_Directors_net1mode_2005-06-01,476,1836,80,0,382,1464,compress,0.012150167000001488,16384,
Social,Norwegian_Board_of_Directors_net1mode_2005-06-01,476,1836,80,0,382,1464,linkpred,0.24593216700000653,4063232,
Social,Norwegian_Board_of_Directors_net1mode_2005-06-01,476,1836,80,1,382,1464,coarsen,0.1547061670000005,32768,
Social,Norwegian_Board_of_Directors_net1mode_2005-06-01,476,1836,80,1,382,1464,encode,0.012850665999991406,16384,14381.0
Social,Norwegian_Board_of_Directors_net1mode_2005-06-01,476,1836,80,1,382,1464,compress,0.012133292000001461,16384,
Social,Norwegian_Board_of_Directors_net1mode_2005-06-01,476,1836,80,1,382,1464,linkpred,0.2465940410000087,3964928,
Social,Norwegian_Board_of_Directors_net1mode_2005-06-01,476,1836,80,2,382,1464,coarsen,0.1496936670000082,16384,
Social,Norwegian_Board_of_Directors_net1mode_2005-06-01,476,1836,80,2,382,1464,encode,0.012858042000004843,16384,14381.0
Social,Norwegian_Board_of_Directors_net1mode_2005-06-01,476,1836,80,2,382,1464,compress,0.012346958000009067,16384,
Social,Norwegian_Board_of_Directors_net1mode_2005-06-01,476,1836,80,2,382,1464,linkpred,0.2464989169999967,3653632,
Social,Norwegian_Board_of_Directors_net1mode_2005-06-01,476,1836,60,0,286,986,coarsen,0.09554612499999848,16384,
Social,Norwegian_Board_of_Directors_net1mode_2005-06-01,476,1836,60,0,286,986,encode,0.007606749999993667,16384,8658.0
Social,Norwegian_Board_of_Directors_net1mode_2005-06-01,476,1836,60,0,286,986,compress,0.007596750000004704,16384,
Social,Norwegian_Board_of_Directors_net1mode_2005-06-01,476,1836,60,0,286,986,linkpred,0.12270754200000056,32768,
Social,Norwegian_Board_of_Directors_net1mode_2005-06-01,476,1836,60,1,286,986,coarsen,0.08409420799999623,16384,
Social,Norwegian_Board_of_Directors_net1mode_2005-06-01,476,1836,60,1,286,986,encode,0.007995542000003297,16384,8658.0
Social,Norwegian_Board_of_Directors_net1mode_2005-06-01,476,1836,60,1,286,986,compress,0.01336787500000014,16384,
Social,Norwegian_Board_of_Directors_net1mode_2005-06-01,476,1836,60,1,286,986,linkpred,0.12328520799999865,16384,
Social,Norwegian_Board_of_Directors_net1mode_2005-06-01,476,1836,60,2,286,986,coarsen,0.08541574999999568,16384,
Social,Norwegian_Board_of_Directors_net1mode_2005-06-01,476,1836,60,2,286,986,encode,0.013237500000002456,16384,8658.0
Social,Norwegian_Board_of_Directors_net1mode_2005-06-01,476,1836,60,2,286,986,compress,0.013372415999995724,16384,
Social,Norwegian_Board_of_Directors_net1mode_2005-06-01,476,1836,60,2,286,986,linkpred,0.12332304200000976,16384,
Social,Norwegian_Board_of_Directors_net1mode_2005-06-01,476,1836,40,0,191,588,coarsen,0.08323470800000621,16384,
Social,Norwegian_Board_of_Directors_net1mode_2005-06-01,476,1836,40,0,191,588,encode,0.00377708300000279,16384,4710.0
Social,Norwegian_Board_of_Directors_net1mode_2005-06-01,476,1836,40,0,191,588,compress,0.00785687499998744,16384,
Social,Norwegian_Board_of_Directors_net1mode_2005-06-01,476,1836,40,0,191,588,linkpred,0.05031720899999925,16384,
Social,Norwegian_Board_of_Directors_net1mode_2005-06-01,476,1836,40,1,191,588,coarsen,0.11365837499999998,16384,
Social,Norwegian_Board_of_Directors_net1mode_2005-06-01,476,1836,40,1,191,588,encode,0.00856691699999601,16384,4710.0
Social,Norwegian_Board_of_Directors_net1mode_2005-06-01,476,1836,40,1,191,588,compress,0.009493834000011248,16384,
Social,Norwegian_Board_of_Directors_net1mode_2005-06-01,476,1836,40,1,191,588,linkpred,0.05058637500000884,16384,
Social,Norwegian_Board_of_Directors_net1mode_2005-06-01,476,1836,40,2,191,588,coarsen,0.10009825000000205,16384,
Social,Norwegian_Board_of_Directors_net1mode_2005-06-01,476,1836,40,2,191,588,encode,0.008298542000005682,16384,4710.0
Social,Norwegian_Board_of_Directors_net1mode_2005-06-01,476,1836,40,2,191,588,compress,0.009351000000009435,16384,
Social,Norwegian_Board_of_Directors_net1mode_2005-06-01,476,1836,40,2,191,588,linkpred,0.050226334000001316,16384,
Social,Norwegian_Board_of_Directors_net1mode_2005-06-01,476,1836,20,0,96,187,coarsen,0.07608862499999702,16384,
Social,Norwegian_Board_of_Directors_net1mode_2005-06-01,476,1836,20,0,96,187,encode,0.0028446250000087048,16384,1788.0
Social,Norwegian_Board_of_Directors_net1mode_2005-06-01,476,1836,20,0,96,187,compress,0.004000167000000943,16384,
Social,Norwegian_Board_of_Directors_net1mode_2005-06-01,476,1836,20,0,96,187,linkpred,0.010607207999996149,16384,
Social,Norwegian_Board_of_Directors_net1mode_2005-06-01,476,1836,20,1,96,187,coarsen,0.07060433299999147,16384,
Social,Norwegian_Board_of_Directors_net1mode_2005-06-01,476,1836,20,1,96,187,encode,0.0028141250000004447,16384,1788.0
Social,Norwegian_Board_of_Directors_net1mode_2005-06-01,476,1836,20,1,96,187,compress,0.0030092909999979156,16384,
Social,Norwegian_Board_of_Directors_net1mode_2005-06-01,476,1836,20,1,96,187,linkpred,0.010701791000002459,16384,
Social,Norwegian_Board_of_Directors_net1mode_2005-06-01,476,1836,20,2,96,187,coarsen,0.0874591249999952,16384,
Social,Norwegian_Board_of_Directors_net1mode_2005-06-01,476,1836,20,2,96,187,encode,0.002804457999999954,16384,1788.0
Social,Norwegian_Board_of_Directors_net1mode_2005-06-01,476,1836,20,2,96,187,compress,0.0017001669999956448,16384,
Social,Norwegian_Board_of_Directors_net1mode_2005-06-01,476,1836,20,2,96,187,linkpred,0.010595917000003396,16384,
Economic,Norwegian_Board_of_Directors_net2mode_2004-04-01,529,551,100,0,529,551,coarsen,0.0,0,
Economic,Norwegian_Board_of_Directors_net2mode_2004-04-01,529,551,100,0,529,551,encode,0.02040445800000157,16384,15247.0
Economic,Norwegian_Board_of_Directors_net2mode_2004-04-01,529,551,100,0,529,551,compress,0.012050708000003851,16384,
Economic,Norwegian_Board_of_Directors_net2mode_2004-04-01,529,551,100,0,529,551,linkpred,0.26240237500000774,20365312,
Economic,Norwegian_Board_of_Directors_net2mode_2004-04-01,529,551,100,1,529,551,coarsen,0.0,0,
Economic,Norwegian_Board_of_Directors_net2mode_2004-04-01,529,551,100,1,529,551,encode,0.020561791999995194,16384,15247.0
Economic,Norwegian_Board_of_Directors_net2mode_2004-04-01,529,551,100,1,529,551,compress,0.012006791000004569,16384,
Economic,Norwegian_Board_of_Directors_net2mode_2004-04-01,529,551,100,1,529,551,linkpred,0.2567385420000079,18382848,
Economic,Norwegian_Board_of_Directors_net2mode_2004-04-01,529,551,100,2,529,551,coarsen,0.0,0,
Economic,Norwegian_Board_of_Directors_net2mode_2004-04-01,529,551,100,2,529,551,encode,0.020419958000005067,16384,15247.0
Economic,Norwegian_Board_of_Directors_net2mode_2004-04-01,529,551,100,2,529,551,compress,0.012100625000002196,16384,
Economic,Norwegian_Board_of_Directors_net2mode_2004-04-01,529,551,100,2,529,551,linkpred,0.25594612499999414,17301504,
Economic,Norwegian_Board_of_Directors_net2mode_2004-04-01,529,551,80,0,424,435,coarsen,0.06867983300000446,16384,
Economic,Norwegian_Board_of_Directors_net2mode_2004-04-01,529,551,80,0,424,435,encode,0.013825457999999458,16384,10438.0
Economic,Norwegian_Board_of_Directors_net2mode_2004-04-01,529,551,80,0,424,435,compress,0.0084597500000001,16384,
Economic,Norwegian_Board_of_Directors_net2mode_2004-04-01,529,551,80,0,424,435,linkpred,0.15998541700000146,4882432,
Economic,Norwegian_Board_of_Directors_net2mode_2004-04-01,529,551,80,1,424,435,coarsen,0.08701933399999007,16384,
Economic,Norwegian_Board_of_Directors_net2mode_2004-04-01,529,551,80,1,424,435,encode,0.013613791000011588,16384,10426.0
Economic,Norwegian_Board_of_Directors_net2mode_2004-04-01,529,551,80,1,424,435,compress,0.014450416999991944,16384,
Economic,Norwegian_Board_of_Directors_net2mode_2004-04-01,529,551,80,1,424,435,linkpred,0.16021499999999378,4767744,
Economic,Norwegian_Board_of_Directors_net2mode_2004-04-01,529,551,80,2,424,435,coarsen,0.07740820799999426,16384,
Economic,Norwegian_Board_of_Directors_net2mode_2004-04-01,529,551,80,2,424,435,encode,0.021691916999998284,278528,10435.0
Economic,Norwegian_Board_of_Directors_net2mode_2004-04-01,529,551,80,2,424,435,compress,0.014172375000001125,16384,
Economic,Norwegian_Board_of_Directors_net2mode_2004-04-01,529,551,80,2,424,435,linkpred,0.1600698749999907,4702208,
Economic,Norwegian_Board_of_Directors_net2mode_2004-04-01,529,551,60,0,318,327,coarsen,0.08100558300000671,16384,
Economic,Norwegian_Board_of_Directors_net2mode_2004-04-01,529,551,60,0,318,327,encode,0.013641124999992371,16384,6372.0
Economic,Norwegian_Board_of_Directors_net2mode_2004-04-01,529,551,60,0,318,327,compress,0.010893957999996928,16384,
Economic,Norwegian_Board_of_Directors_net2mode_2004-04-01,529,551,60,0,318,327,linkpred,0.08870437499999184,16384,
Economic,Norwegian_Board_of_Directors_net2mode_2004-04-01,529,551,60,1,318,327,coarsen,0.0802737079999929,16384,
Economic,Norwegian_Board_of_Directors_net2mode_2004-04-01,529,551,60,1,318,327,encode,0.01367725000000064,16384,6372.0
Economic,Norwegian_Board_of_Directors_net2mode_2004-04-01,529,551,60,1,318,327,compress,0.005461666000002197,16384,
Economic,Norwegian_Board_of_Directors_net2mode_2004-04-01,529,551,60,1,318,327,linkpred,0.08900804199998902,16384,
Economic,Norwegian_Board_of_Directors_net2mode_2004-04-01,529,551,60,2,318,327,coarsen,0.08968483299999264,16384,
Economic,Norwegian_Board_of_Directors_net2mode_2004-04-01,529,551,60,2,318,327,encode,0.013785792000007291,16384,6367.0
Economic,Norwegian_Board_of_Directors_net2mode_2004-04-01,529,551,60,2,318,327,compress,0.005385666999998762,16384,
Economic,Norwegian_Board_of_Directors_net2mode_2004-04-01,529,551,60,2,318,327,linkpred,0.08851495800000464,16384,
Economic,Norwegian_Board_of_Directors_net2mode_2004-04-01,529,551,40,0,212,220,coarsen,0.10046337500000391,16384,
Economic,Norwegian_Board_of_Directors_net2mode_2004-04-01,529,551,40,0,212,220,encode,0.008904166999997187,16384,3630.0
Economic,Norwegian_Board_of_Directors_net2mode_2004-04-01,529,551,40,0,212,220,compress,0.007142500000000496,16384,
Economic,Norwegian_Board_of_Directors_net2mode_2004-04-01,529,551,40,0,212,220,linkpred,0.03812924999999723,16384,
Economic,Norwegian_Board_of_Directors_net2mode_2004-04-01,529,551,40,1,212,220,coarsen,0.0840662089999995,16384,
Economic,Norwegian_Board_of_Directors_net2mode_2004-04-01,529,551,40,1,212,220,encode,0.008788917000003948,16384,3633.0
Economic,Norwegian_Board_of_Directors_net2mode_2004-04-01,529,551,40,1,212,220,compress,0.006904542000000902,16384,
Economic,Norwegian_Board_of_Directors_net2mode_2004-04-01,529,551,40,1,212,220,linkpred,0.038596749999996405,16384,
Economic,Norwegian_Board_of_Directors_net2mode_2004-04-01,529,551,40,2,212,220,coarsen,0.10098637500000507,16384,
Economic,Norwegian_Board_of_Directors_net2mode_2004-04-01,529,551,40,2,212,220,encode,0.003921416000011391,16384,3634.0
Economic,Norwegian_Board_of_Directors_net2mode_2004-04-01,529,551,40,2,212,220,compress,0.007214125000004401,16384,
Economic,Norwegian_Board_of_Directors_net2mode_2004-04-01,529,551,40,2,212,220,linkpred,0.03846045800000297,16384,
Economic,Norwegian_Board_of_Directors_net2mode_2004-04-01,529,551,20,0,107,112,coarsen,0.15803075000000888,16384,
Economic,Norwegian_Board_of_Directors_net2mode_2004-04-01,529,551,20,0,107,112,encode,0.002690583000003244,16384,1343.0
Economic,Norwegian_Board_of_Directors_net2mode_2004-04-01,529,551,20,0,107,112,compress,0.0012239579999970829,16384,
Economic,Norwegian_Board_of_Directors_net2mode_2004-04-01,529,551,20,0,107,112,linkpred,0.009852958000010403,16384,
Economic,Norwegian_Board_of_Directors_net2mode_2004-04-01,529,551,20,1,107,112,coarsen,0.12525291700001162,16384,
Economic,Norwegian_Board_of_Directors_net2mode_2004-04-01,529,551,20,1,107,112,encode,0.0012405420000050071,16384,1341.0
Economic,Norwegian_Board_of_Directors_net2mode_2004-04-01,529,551,20,1,107,112,compress,0.001783125000002883,16384,
Economic,Norwegian_Board_of_Directors_net2mode_2004-04-01,529,551,20,1,107,112,linkpred,0.010323749999997744,16384,
Economic,Norwegian_Board_of_Directors_net2mode_2004-04-01,529,551,20,2,107,112,coarsen,0.13158124999999643,16384,
Economic,Norwegian_Board_of_Directors_net2mode_2004-04-01,529,551,20,2,107,112,encode,0.002754082999999241,16384,1346.0
Economic,Norwegian_Board_of_Directors_net2mode_2004-04-01,529,551,20,2,107,112,compress,0.003055750000001467,16384,
Economic,Norwegian_Board_of_Directors_net2mode_2004-04-01,529,551,20,2,107,112,linkpred,0.010153833000003942,16384,
Technological,ISCAS89_Benchmark_Circuits__s1196_benc,588,1038,100,0,588,1038,coarsen,0.0,0,
Technological,ISCAS89_Benchmark_Circuits__s1196_benc,588,1038,100,0,588,1038,encode,0.05011666599999387,16384,67379.0
Technological,ISCAS89_Benchmark_Circuits__s1196_benc,588,1038,100,0,588,1038,compress,0.052349082999995744,16384,
Technological,ISCAS89_Benchmark_Circuits__s1196_benc,588,1038,100,0,588,1038,linkpred,0.35516441600000803,25853952,
Technological,ISCAS89_Benchmark_Circuits__s1196_benc,588,1038,100,1,588,1038,coarsen,0.0,0,
Technological,ISCAS89_Benchmark_Circuits__s1196_benc,588,1038,100,1,588,1038,encode,0.04943458300000714,16384,67379.0
Technological,ISCAS89_Benchmark_Circuits__s1196_benc,588,1038,100,1,588,1038,compress,0.052287292000002594,16384,
Technological,ISCAS89_Benchmark_Circuits__s1196_benc,588,1038,100,1,588,1038,linkpred,0.3553085000000067,25247744,
Technological,ISCAS89_Benchmark_Circuits__s1196_benc,588,1038,100,2,588,1038,coarsen,0.0,0,
Technological,ISCAS89_Benchmark_Circuits__s1196_benc,588,1038,100,2,588,1038,encode,0.04927041700000245,16384,67379.0
Technological,ISCAS89_Benchmark_Circuits__s1196_benc,588,1038,100,2,588,1038,compress,0.05244741699999622,16384,
Technological,ISCAS89_Benchmark_Circuits__s1196_benc,588,1038,100,2,588,1038,linkpred,0.3541037080000109,24723456,
Technological,ISCAS89_Benchmark_Circuits__s1196_benc,588,1038,80,0,471,915,coarsen,0.07945891600000721,16384,
Technological,ISCAS89_Benchmark_Circuits__s1196_benc,588,1038,80,0,471,915,encode,0.038784166999988656,16384,42776.0
Technological,ISCAS89_Benchmark_Circuits__s1196_benc,588,1038,80,0,471,915,compress,0.034180874999989896,16384,
Technological,ISCAS89_Benchmark_Circuits__s1196_benc,588,1038,80,0,471,915,linkpred,0.2398256250000088,8192000,
Technological,ISCAS89_Benchmark_Circuits__s1196_benc,588,1038,80,1,471,915,coarsen,0.07931700000000319,16384,
Technological,ISCAS89_Benchmark_Circuits__s1196_benc,588,1038,80,1,471,915,encode,0.0483746249999939,409600,42776.0
Technological,ISCAS89_Benchmark_Circuits__s1196_benc,588,1038,80,1,471,915,compress,0.03791799999999057,16384,
Technological,ISCAS89_Benchmark_Circuits__s1196_benc,588,1038,80,1,471,915,linkpred,0.2400482909999937,7651328,
Technological,ISCAS89_Benchmark_Circuits__s1196_benc,588,1038,80,2,471,915,coarsen,0.0826328750000016,16384,
Technological,ISCAS89_Benchmark_Circuits__s1196_benc,588,1038,80,2,471,915,encode,0.03442283300000781,16384,42776.0
Technological,ISCAS89_Benchmark_Circuits__s1196_benc,588,1038,80,2,471,915,compress,0.03865041699999949,16384,
Technological,ISCAS89_Benchmark_Circuits__s1196_benc,588,1038,80,2,471,915,linkpred,0.2393333330000047,7340032,
Technological,ISCAS89_Benchmark_Circuits__s1196_benc,588,1038,60,0,353,787,coarsen,0.09091120800000851,16384,
Technological,ISCAS89_Benchmark_Circuits__s1196_benc,588,1038,60,0,353,787,encode,0.03198287500001129,16384,27462.0
Technological,ISCAS89_Benchmark_Circuits__s1196_benc,588,1038,60,0,353,787,compress,0.02790262499999585,16384,
Technological,ISCAS89_Benchmark_Circuits__s1196_benc,588,1038,60,0,353,787,linkpred,0.1455991670000003,147456,
Technological,ISCAS89_Benchmark_Circuits__s1196_benc,588,1038,60,1,353,787,coarsen,0.0902585839999972,32768,
Technological,ISCAS89_Benchmark_Circuits__s1196_benc,588,1038,60,1,353,787,encode,0.025896167000013293,16384,27462.0
Technological,ISCAS89_Benchmark_Circuits__s1196_benc,588,1038,60,1,353,787,compress,0.022845250000003148,16384,
Technological,ISCAS89_Benchmark_Circuits__s1196_benc,588,1038,60,1,353,787,linkpred,0.14781666700000073,16384,
Technological,ISCAS89_Benchmark_Circuits__s1196_benc,588,1038,60,2,353,787,coarsen,0.11046704199999624,16384,
Technological,ISCAS89_Benchmark_Circuits__s1196_benc,588,1038,60,2,353,787,encode,0.03592412499999398,16384,27462.0
Technological,ISCAS89_Benchmark_Circuits__s1196_benc,588,1038,60,2,353,787,compress,0.022066584000000944,16384,
Technological,ISCAS89_Benchmark_Circuits__s1196_benc,588,1038,60,2,353,787,linkpred,0.1469652919999902,16384,
Technological,ISCAS89_Benchmark_Circuits__s1196_benc,588,1038,40,0,236,666,coarsen,0.11110295800000358,16384,
Technological,ISCAS89_Benchmark_Circuits__s1196_benc,588,1038,40,0,236,666,encode,0.015806499999996504,16384,14871.0
Technological,ISCAS89_Benchmark_Circuits__s1196_benc,588,1038,40,0,236,666,compress,0.012612625000002708,16384,
Technological,ISCAS89_Benchmark_Circuits__s1196_benc,588,1038,40,0,236,666,linkpred,0.07359433299998841,16384,
Technological,ISCAS89_Benchmark_Circuits__s1196_benc,588,1038,40,1,236,666,coarsen,0.12753745799997773,16384,
Technological,ISCAS89_Benchmark_Circuits__s1196_benc,588,1038,40,1,236,666,encode,0.015754041999997526,16384,14871.0
Technological,ISCAS89_Benchmark_Circuits__s1196_benc,588,1038,40,1,236,666,compress,0.012417249999998603,16384,
Technological,ISCAS89_Benchmark_Circuits__s1196_benc,588,1038,40,1,236,666,linkpred,0.0923899160000019,16384,
Technological,ISCAS89_Benchmark_Circuits__s1196_benc,588,1038,40,2,236,666,coarsen,0.10935916700000803,16384,
Technological,ISCAS89_Benchmark_Circuits__s1196_benc,588,1038,40,2,236,666,encode,0.009851124999983085,16384,14871.0
Technological,ISCAS89_Benchmark_Circuits__s1196_benc,588,1038,40,2,236,666,compress,0.018332250000014483,16384,
Technological,ISCAS89_Benchmark_Circuits__s1196_benc,588,1038,40,2,236,666,linkpred,0.07280700000001161,16384,
Technological,ISCAS89_Benchmark_Circuits__s1196_benc,588,1038,20,0,118,403,coarsen,0.17422145899999464,16384,
Technological,ISCAS89_Benchmark_Circuits__s1196_benc,588,1038,20,0,118,403,encode,0.0029325000000142154,16384,4437.0
Technological,ISCAS89_Benchmark_Circuits__s1196_benc,588,1038,20,0,118,403,compress,0.003938250000004473,16384,
Technological,ISCAS89_Benchmark_Circuits__s1196_benc,588,1038,20,0,118,403,linkpred,0.022184250000009342,16384,
Technological,ISCAS89_Benchmark_Circuits__s1196_benc,588,1038,20,1,118,403,coarsen,0.1605994589999966,16384,
Technological,ISCAS89_Benchmark_Circuits__s1196_benc,588,1038,20,1,118,403,encode,0.006743416000006164,16384,4437.0
Technological,ISCAS89_Benchmark_Circuits__s1196_benc,588,1038,20,1,118,403,compress,0.003996291999982304,16384,
Technological,ISCAS89_Benchmark_Circuits__s1196_benc,588,1038,20,1,118,403,linkpred,0.022460541000015155,16384,
Technological,ISCAS89_Benchmark_Circuits__s1196_benc,588,1038,20,2,118,403,coarsen,0.13904212500000313,32768,
Technological,ISCAS89_Benchmark_Circuits__s1196_benc,588,1038,20,2,118,403,encode,0.00294320899999434,16384,4437.0
Technological,ISCAS89_Benchmark_Circuits__s1196_benc,588,1038,20,2,118,403,compress,0.004013125000000173,16384,
Technological,ISCAS89_Benchmark_Circuits__s1196_benc,588,1038,20,2,118,403,linkpred,0.022405832999993436,16384,
Social,Norwegian_Board_of_Directors_net1mode_2007-02-01,652,2296,100,0,652,2296,coarsen,0.0,0,
Social,Norwegian_Board_of_Directors_net1mode_2007-02-01,652,2296,100,0,652,2296,encode,0.03564120899997647,3424256,38074.0
Social,Norwegian_Board_of_Directors_net1mode_2007-02-01,652,2296,100,0,652,2296,compress,0.030708916999998337,16384,
Social,Norwegian_Board_of_Directors_net1mode_2007-02-01,652,2296,100,0,652,2296,linkpred,0.6815454169999953,48185344,
Social,Norwegian_Board_of_Directors_net1mode_2007-02-01,652,2296,100,1,652,2296,coarsen,0.0,0,
Social,Norwegian_Board_of_Directors_net1mode_2007-02-01,652,2296,100,1,652,2296,encode,0.0357238329999916,16384,38074.0
Social,Norwegian_Board_of_Directors_net1mode_2007-02-01,652,2296,100,1,652,2296,compress,0.03044441599999459,16384,
Social,Norwegian_Board_of_Directors_net1mode_2007-02-01,652,2296,100,1,652,2296,linkpred,0.6841994590000127,31490048,
Social,Norwegian_Board_of_Directors_net1mode_2007-02-01,652,2296,100,2,652,2296,coarsen,0.0,0,
Social,Norwegian_Board_of_Directors_net1mode_2007-02-01,652,2296,100,2,652,2296,encode,0.03664629200000036,16384,38074.0
Social,Norwegian_Board_of_Directors_net1mode_2007-02-01,652,2296,100,2,652,2296,compress,0.031850249999990865,16384,
Social,Norwegian_Board_of_Directors_net1mode_2007-02-01,652,2296,100,2,652,2296,linkpred,0.6823538750000182,30687232,
Social,Norwegian_Board_of_Directors_net1mode_2007-02-01,652,2296,80,0,523,1825,coarsen,0.22089683299998342,16384,
Social,Norwegian_Board_of_Directors_net1mode_2007-02-01,652,2296,80,0,523,1825,encode,0.023511915999989697,16384,25757.0
Social,Norwegian_Board_of_Directors_net1mode_2007-02-01,652,2296,80,0,523,1825,compress,0.020838125000011587,16384,
Social,Norwegian_Board_of_Directors_net1mode_2007-02-01,652,2296,80,0,523,1825,linkpred,0.42362716700000647,12288000,
Social,Norwegian_Board_of_Directors_net1mode_2007-02-01,652,2296,80,1,523,1825,coarsen,0.15751612500000078,32768,
Social,Norwegian_Board_of_Directors_net1mode_2007-02-01,652,2296,80,1,523,1825,encode,0.04233087500000465,16384,25757.0
Social,Norwegian_Board_of_Directors_net1mode_2007-02-01,652,2296,80,1,523,1825,compress,0.02124891600001888,16384,
Social,Norwegian_Board_of_Directors_net1mode_2007-02-01,652,2296,80,1,523,1825,linkpred,0.42516475000002174,11829248,
Social,Norwegian_Board_of_Directors_net1mode_2007-02-01,652,2296,80,2,523,1825,coarsen,0.19245041599998558,16384,
Social,Norwegian_Board_of_Directors_net1mode_2007-02-01,652,2296,80,2,523,1825,encode,0.02912766700001157,16384,25757.0
Social,Norwegian_Board_of_Directors_net1mode_2007-02-01,652,2296,80,2,523,1825,compress,0.020934249999982057,16384,
Social,Norwegian_Board_of_Directors_net1mode_2007-02-01,652,2296,80,2,523,1825,linkpred,0.42574604099999647,11550720,
Social,Norwegian_Board_of_Directors_net1mode_2007-02-01,652,2296,60,0,392,1286,coarsen,0.1300089160000084,16384,
Social,Norwegian_Board_of_Directors_net1mode_2007-02-01,652,2296,60,0,392,1286,encode,0.014178208000004133,16384,16047.0
Social,Norwegian_Board_of_Directors_net1mode_2007-02-01,652,2296,60,0,392,1286,compress,0.01339383299998076,16384,
Social,Norwegian_Board_of_Directors_net1mode_2007-02-01,652,2296,60,0,392,1286,linkpred,0.22430008400002066,49152,
Social,Norwegian_Board_of_Directors_net1mode_2007-02-01,652,2296,60,1,392,1286,coarsen,0.123148499999985,16384,
Social,Norwegian_Board_of_Directors_net1mode_2007-02-01,652,2296,60,1,392,1286,encode,0.014304375000023128,16384,16047.0
Social,Norwegian_Board_of_Directors_net1mode_2007-02-01,652,2296,60,1,392,1286,compress,0.01499320799999282,16384,
Social,Norwegian_Board_of_Directors_net1mode_2007-02-01,652,2296,60,1,392,1286,linkpred,0.23150479099999188,16384,
Social,Norwegian_Board_of_Directors_net1mode_2007-02-01,652,2296,60,2,392,1286,coarsen,0.12395337500001347,16384,
Social,Norwegian_Board_of_Directors_net1mode_2007-02-01,652,2296,60,2,392,1286,encode,0.01969570900001827,16384,16047.0
Social,Norwegian_Board_of_Directors_net1mode_2007-02-01,652,2296,60,2,392,1286,compress,0.013430707999987135,16384,
Social,Norwegian_Board_of_Directors_net1mode_2007-02-01,652,2296,60,2,392,1286,linkpred,0.22505012499999566,16384,
Social,Norwegian_Board_of_Directors_net1mode_2007-02-01,652,2296,40,0,261,744,coarsen,0.11483858300002225,16384,
Social,Norwegian_Board_of_Directors_net1mode_2007-02-01,652,2296,40,0,261,744,encode,0.01277079100000833,16384,8932.0
Social,Norwegian_Board_of_Directors_net1mode_2007-02-01,652,2296,40,0,261,744,compress,0.013219792000001007,16384,
Social,Norwegian_Board_of_Directors_net1mode_2007-02-01,652,2296,40,0,261,744,linkpred,0.09267679199999179,16384,
Social,Norwegian_Board_of_Directors_net1mode_2007-02-01,652,2296,40,1,261,744,coarsen,0.1102978339999936,32768,
Social,Norwegian_Board_of_Directors_net1mode_2007-02-01,652,2296,40,1,261,744,encode,0.006975624999995489,16384,8932.0
Social,Norwegian_Board_of_Directors_net1mode_2007-02-01,652,2296,40,1,261,744,compress,0.013662082999985614,16384,
Social,Norwegian_Board_of_Directors_net1mode_2007-02-01,652,2296,40,1,261,744,linkpred,0.09249633400000334,16384,
Social,Norwegian_Board_of_Directors_net1mode_2007-02-01,652,2296,40,2,261,743,coarsen,0.11494500000000585,16384,
Social,Norwegian_Board_of_Directors_net1mode_2007-02-01,652,2296,40,2,261,743,encode,0.013086708000003,16384,8941.0
Social,Norwegian_Board_of_Directors_net1mode_2007-02-01,652,2296,40,2,261,743,compress,0.013132415999990599,16384,
Social,Norwegian_Board_of_Directors_net1mode_2007-02-01,652,2296,40,2,261,743,linkpred,0.09246254200002113,16384,
Social,Norwegian_Board_of_Directors_net1mode_2007-02-01,652,2296,20,0,132,247,coarsen,0.1586702090000074,16384,
Social,Norwegian_Board_of_Directors_net1mode_2007-02-01,652,2296,20,0,132,247,encode,0.005156708000015442,16384,3209.0
Social,Norwegian_Board_of_Directors_net1mode_2007-02-01,652,2296,20,0,132,247,compress,0.0027867919999948754,16384,
Social,Norwegian_Board_of_Directors_net1mode_2007-02-01,652,2296,20,0,132,247,linkpred,0.01936291699999515,16384,
Social,Norwegian_Board_of_Directors_net1mode_2007-02-01,652,2296,20,1,132,247,coarsen,0.15207720800000857,49152,
Social,Norwegian_Board_of_Directors_net1mode_2007-02-01,652,2296,20,1,132,247,encode,0.005519167000016978,16384,3209.0
Social,Norwegian_Board_of_Directors_net1mode_2007-02-01,652,2296,20,1,132,247,compress,0.002769749999998794,16384,
Social,Norwegian_Board_of_Directors_net1mode_2007-02-01,652,2296,20,1,132,247,linkpred,0.01941370800000186,16384,
Social,Norwegian_Board_of_Directors_net1mode_2007-02-01,652,2296,20,2,132,247,coarsen,0.20178383300000746,16384,
Social,Norwegian_Board_of_Directors_net1mode_2007-02-01,652,2296,20,2,132,247,encode,0.005145583000000897,16384,3209.0
Social,Norwegian_Board_of_Directors_net1mode_2007-02-01,652,2296,20,2,132,247,compress,0.0027819580000141286,16384,
Social,Norwegian_Board_of_Directors_net1mode_2007-02-01,652,2296,20,2,132,247,linkpred,0.01935124999999971,16384,
Biological,56e9e0d7a6d70217090cdfd4,725,1657,100,0,725,1657,coarsen,0.0,0,
Biological,56e9e0d7a6d70217090cdfd4,725,1657,100,0,725,1657,encode,0.09189700000001721,16384,139078.0
Biological,56e9e0d7a6d70217090cdfd4,725,1657,100,0,725,1657,compress,0.10512437499997418,16384,
Biological,56e9e0d7a6d70217090cdfd4,725,1657,100,0,725,1657,linkpred,0.6425648329999945,66240512,
Biological,56e9e0d7a6d70217090cdfd4,725,1657,100,1,725,1657,coarsen,0.0,0,
Biological,56e9e0d7a6d70217090cdfd4,725,1657,100,1,725,1657,encode,0.0935441250000224,16384,139078.0
Biological,56e9e0d7a6d70217090cdfd4,725,1657,100,1,725,1657,compress,0.10691008300000249,16384,
Biological,56e9e0d7a6d70217090cdfd4,725,1657,100,1,725,1657,linkpred,0.6500297090000231,41189376,
Biological,56e9e0d7a6d70217090cdfd4,725,1657,100,2,725,1657,coarsen,0.0,0,
Biological,56e9e0d7a6d70217090cdfd4,725,1657,100,2,725,1657,encode,0.09161454200000207,16384,139078.0
Biological,56e9e0d7a6d70217090cdfd4,725,1657,100,2,725,1657,compress,0.10577074999997649,16384,
Biological,56e9e0d7a6d70217090cdfd4,725,1657,100,2,725,1657,linkpred,0.6610646670000051,40665088,
Biological,56e9e0d7a6d70217090cdfd4,725,1657,80,0,581,1399,coarsen,0.22028470899999775,16384,
Biological,56e9e0d7a6d70217090cdfd4,725,1657,80,0,581,1399,encode,0.05605508300001816,16384,85560.0
Biological,56e9e0d7a6d70217090cdfd4,725,1657,80,0,581,1399,compress,0.0654237079999973,16384,
Biological,56e9e0d7a6d70217090cdfd4,725,1657,80,0,581,1399,linkpred,0.43849166699999387,16957440,
Biological,56e9e0d7a6d70217090cdfd4,725,1657,80,1,581,1399,coarsen,0.21427883300000872,16384,
Biological,56e9e0d7a6d70217090cdfd4,725,1657,80,1,581,1399,encode,0.06210641600000599,16384,85562.0
Biological,56e9e0d7a6d70217090cdfd4,725,1657,80,1,581,1399,compress,0.0656506249999893,16384,
Biological,56e9e0d7a6d70217090cdfd4,725,1657,80,1,581,1399,linkpred,0.4376397499999882,16367616,
Biological,56e9e0d7a6d70217090cdfd4,725,1657,80,2,581,1399,coarsen,0.18692270900001517,16384,
Biological,56e9e0d7a6d70217090cdfd4,725,1657,80,2,581,1399,encode,0.0670960000000207,16384,85566.0
Biological,56e9e0d7a6d70217090cdfd4,725,1657,80,2,581,1399,compress,0.06533470799999463,16384,
Biological,56e9e0d7a6d70217090cdfd4,725,1657,80,2,581,1399,linkpred,0.4406059169999992,15908864,
Biological,56e9e0d7a6d70217090cdfd4,725,1657,60,0,435,1140,coarsen,0.14602029099998504,16384,
Biological,56e9e0d7a6d70217090cdfd4,725,1657,60,0,435,1140,encode,0.045732833000016626,16384,52081.0
Biological,56e9e0d7a6d70217090cdfd4,725,1657,60,0,435,1140,compress,0.04105629200000749,16384,
Biological,56e9e0d7a6d70217090cdfd4,725,1657,60,0,435,1140,linkpred,0.2606068329999971,65536,
Biological,56e9e0d7a6d70217090cdfd4,725,1657,60,1,435,1140,coarsen,0.17000924999999256,16384,
Biological,56e9e0d7a6d70217090cdfd4,725,1657,60,1,435,1140,encode,0.039722541000003275,16384,52083.0
Biological,56e9e0d7a6d70217090cdfd4,725,1657,60,1,435,1140,compress,0.0403982919999919,16384,
Biological,56e9e0d7a6d70217090cdfd4,725,1657,60,1,435,1140,linkpred,0.2608991660000015,7913472,
Biological,56e9e0d7a6d70217090cdfd4,725,1657,60,2,435,1140,coarsen,0.11888570800002185,16384,
Biological,56e9e0d7a6d70217090cdfd4,725,1657,60,2,435,1140,encode,0.045146625000000995,16384,52083.0
Biological,56e9e0d7a6d70217090cdfd4,725,1657,60,2,435,1140,compress,0.04065449999998805,16384,
Biological,56e9e0d7a6d70217090cdfd4,725,1657,60,2,435,1140,linkpred,0.25945620800001734,16384,
Biological,56e9e0d7a6d70217090cdfd4,725,1657,40,0,290,887,coarsen,0.13864583299999822,16384,
Biological,56e9e0d7a6d70217090cdfd4,725,1657,40,0,290,887,encode,0.01564366700000619,16384,24793.0
Biological,56e9e0d7a6d70217090cdfd4,725,1657,40,0,290,887,compress,0.020111082999989094,16384,
Biological,56e9e0d7a6d70217090cdfd4,725,1657,40,0,290,887,linkpred,0.12870133299998088,16384,
Biological,56e9e0d7a6d70217090cdfd4,725,1657,40,1,290,902,coarsen,0.13727641599999174,16384,
Biological,56e9e0d7a6d70217090cdfd4,725,1657,40,1,290,902,encode,0.02140775000000872,16384,24993.0
Biological,56e9e0d7a6d70217090cdfd4,725,1657,40,1,290,902,compress,0.019823500000001104,16384,
Biological,56e9e0d7a6d70217090cdfd4,725,1657,40,1,290,902,linkpred,0.12803374999998596,16384,
Biological,56e9e0d7a6d70217090cdfd4,725,1657,40,2,290,892,coarsen,0.15136008300001436,16384,
Biological,56e9e0d7a6d70217090cdfd4,725,1657,40,2,290,892,encode,0.02138004100001467,16384,24855.0
Biological,56e9e0d7a6d70217090cdfd4,725,1657,40,2,290,892,compress,0.019760832999992317,16384,
Biological,56e9e0d7a6d70217090cdfd4,725,1657,40,2,290,892,linkpred,0.12865966700002218,16384,
Biological,56e9e0d7a6d70217090cdfd4,725,1657,20,0,145,451,coarsen,0.17985620800001811,32768,
Biological,56e9e0d7a6d70217090cdfd4,725,1657,20,0,145,451,encode,0.003951833000002125,16384,6155.0
Biological,56e9e0d7a6d70217090cdfd4,725,1657,20,0,145,451,compress,0.005169792000003781,16384,
Biological,56e9e0d7a6d70217090cdfd4,725,1657,20,0,145,451,linkpred,0.03449787499999957,16384,
Biological,56e9e0d7a6d70217090cdfd4,725,1657,20,1,145,462,coarsen,0.199575665999987,32768,
Biological,56e9e0d7a6d70217090cdfd4,725,1657,20,1,145,462,encode,0.004012208999995437,16384,6243.0
Biological,56e9e0d7a6d70217090cdfd4,725,1657,20,1,145,462,compress,0.0052412500000116324,16384,
Biological,56e9e0d7a6d70217090cdfd4,725,1657,20,1,145,462,linkpred,0.03419108300002449,16384,
Biological,56e9e0d7a6d70217090cdfd4,725,1657,20,2,145,462,coarsen,0.1961816669999905,16384,
Biological,56e9e0d7a6d70217090cdfd4,725,1657,20,2,145,462,encode,0.008864917000011019,16384,6250.0
Biological,56e9e0d7a6d70217090cdfd4,725,1657,20,2,145,462,compress,0.0052853749999997035,16384,
Biological,56e9e0d7a6d70217090cdfd4,725,1657,20,2,145,462,linkpred,0.034432874999993146,16384,
Economic,Norwegian_Board_of_Directors_net2mode_2007-01-01,795,859,100,0,795,859,coarsen,0.0,0,
Economic,Norwegian_Board_of_Directors_net2mode_2007-01-01,795,859,100,0,795,859,encode,0.044570208000010325,16384,28658.0
Economic,Norwegian_Board_of_Directors_net2mode_2007-01-01,795,859,100,0,795,859,compress,0.02220645799999943,16384,
Economic,Norwegian_Board_of_Directors_net2mode_2007-01-01,795,859,100,0,795,859,linkpred,0.5939892080000106,77086720,
Economic,Norwegian_Board_of_Directors_net2mode_2007-01-01,795,859,100,1,795,859,coarsen,0.0,0,
Economic,Norwegian_Board_of_Directors_net2mode_2007-01-01,795,859,100,1,795,859,encode,0.044282333000012386,16384,28658.0
Economic,Norwegian_Board_of_Directors_net2mode_2007-01-01,795,859,100,1,795,859,compress,0.022045291000011957,16384,
Economic,Norwegian_Board_of_Directors_net2mode_2007-01-01,795,859,100,1,795,859,linkpred,0.5926867910000055,50364416,
Economic,Norwegian_Board_of_Directors_net2mode_2007-01-01,795,859,100,2,795,859,coarsen,0.0,0,
Economic,Norwegian_Board_of_Directors_net2mode_2007-01-01,795,859,100,2,795,859,encode,0.044719333000017514,16384,28658.0
Economic,Norwegian_Board_of_Directors_net2mode_2007-01-01,795,859,100,2,795,859,compress,0.022045875000003434,16384,
Economic,Norwegian_Board_of_Directors_net2mode_2007-01-01,795,859,100,2,795,859,linkpred,0.5927200419999963,49840128,
Economic,Norwegian_Board_of_Directors_net2mode_2007-01-01,795,859,80,0,637,669,coarsen,0.22753433300002257,32768,
Economic,Norwegian_Board_of_Directors_net2mode_2007-01-01,795,859,80,0,637,669,encode,0.0325780830000042,16384,20564.0
Economic,Norwegian_Board_of_Directors_net2mode_2007-01-01,795,859,80,0,637,669,compress,0.016302375000009306,16384,
Economic,Norwegian_Board_of_Directors_net2mode_2007-01-01,795,859,80,0,637,669,linkpred,0.37530399999999986,21282816,
Economic,Norwegian_Board_of_Directors_net2mode_2007-01-01,795,859,80,1,637,669,coarsen,0.236006500000002,16384,
Economic,Norwegian_Board_of_Directors_net2mode_2007-01-01,795,859,80,1,637,669,encode,0.029749417000004996,16384,20568.0
Economic,Norwegian_Board_of_Directors_net2mode_2007-01-01,795,859,80,1,637,669,compress,0.016366958000020304,16384,
Economic,Norwegian_Board_of_Directors_net2mode_2007-01-01,795,859,80,1,637,669,linkpred,0.371643583000008,20791296,
Economic,Norwegian_Board_of_Directors_net2mode_2007-01-01,795,859,80,2,637,669,coarsen,0.2256052909999937,16384,
Economic,Norwegian_Board_of_Directors_net2mode_2007-01-01,795,859,80,2,637,669,encode,0.03582270799998355,16384,20573.0
Economic,Norwegian_Board_of_Directors_net2mode_2007-01-01,795,859,80,2,637,669,compress,0.015908624999980248,16384,
Economic,Norwegian_Board_of_Directors_net2mode_2007-01-01,795,859,80,2,637,669,linkpred,0.3742090419999897,10502144,
Economic,Norwegian_Board_of_Directors_net2mode_2007-01-01,795,859,60,0,477,504,coarsen,0.16202375000000302,16384,
Economic,Norwegian_Board_of_Directors_net2mode_2007-01-01,795,859,60,0,477,504,encode,0.028824542000023712,16384,12454.0
Economic,Norwegian_Board_of_Directors_net2mode_2007-01-01,795,859,60,0,477,504,compress,0.010124582999992526,16384,
Economic,Norwegian_Board_of_Directors_net2mode_2007-01-01,795,859,60,0,477,504,linkpred,0.20141254200001413,81920,
Economic,Norwegian_Board_of_Directors_net2mode_2007-01-01,795,859,60,1,477,504,coarsen,0.15619154199998775,16384,
Economic,Norwegian_Board_of_Directors_net2mode_2007-01-01,795,859,60,1,477,504,encode,0.02892204200000492,16384,12433.0
Economic,Norwegian_Board_of_Directors_net2mode_2007-01-01,795,859,60,1,477,504,compress,0.010258042000003798,16384,
Economic,Norwegian_Board_of_Directors_net2mode_2007-01-01,795,859,60,1,477,504,linkpred,0.2217453750000118,16384,
Economic,Norwegian_Board_of_Directors_net2mode_2007-01-01,795,859,60,2,477,504,coarsen,0.17217149999999037,16384,
Economic,Norwegian_Board_of_Directors_net2mode_2007-01-01,795,859,60,2,477,504,encode,0.028882334000002174,16384,12453.0
Economic,Norwegian_Board_of_Directors_net2mode_2007-01-01,795,859,60,2,477,504,compress,0.00974279199999728,16384,
Economic,Norwegian_Board_of_Directors_net2mode_2007-01-01,795,859,60,2,477,504,linkpred,0.20085004200001322,16384,
Economic,Norwegian_Board_of_Directors_net2mode_2007-01-01,795,859,40,0,318,345,coarsen,0.13166450000002783,16384,
Economic,Norwegian_Board_of_Directors_net2mode_2007-01-01,795,859,40,0,318,345,encode,0.008091250000006767,16384,6205.0
Economic,Norwegian_Board_of_Directors_net2mode_2007-01-01,795,859,40,0,318,345,compress,0.010906833000007055,16384,
Economic,Norwegian_Board_of_Directors_net2mode_2007-01-01,795,859,40,0,318,345,linkpred,0.08667808299998114,16384,
Economic,Norwegian_Board_of_Directors_net2mode_2007-01-01,795,859,40,1,318,345,coarsen,0.17895125000001144,16384,
Economic,Norwegian_Board_of_Directors_net2mode_2007-01-01,795,859,40,1,318,345,encode,0.013788124999990714,16384,6227.0
Economic,Norwegian_Board_of_Directors_net2mode_2007-01-01,795,859,40,1,318,345,compress,0.005312708999980487,16384,
Economic,Norwegian_Board_of_Directors_net2mode_2007-01-01,795,859,40,1,318,345,linkpred,0.08672325000000569,16384,
Economic,Norwegian_Board_of_Directors_net2mode_2007-01-01,795,859,40,2,318,345,coarsen,0.15683525000000031,16384,
Economic,Norwegian_Board_of_Directors_net2mode_2007-01-01,795,859,40,2,318,345,encode,0.014652917000006482,16384,6220.0
Economic,Norwegian_Board_of_Directors_net2mode_2007-01-01,795,859,40,2,318,345,compress,0.005204416000026413,16384,
Economic,Norwegian_Board_of_Directors_net2mode_2007-01-01,795,859,40,2,318,345,linkpred,0.08687720799997578,16384,
Economic,Norwegian_Board_of_Directors_net2mode_2007-01-01,795,859,20,0,159,179,coarsen,0.23283987499999625,16384,
Economic,Norwegian_Board_of_Directors_net2mode_2007-01-01,795,859,20,0,159,179,encode,0.005373625000004267,16384,2389.0
Economic,Norwegian_Board_of_Directors_net2mode_2007-01-01,795,859,20,0,159,179,compress,0.002126290999996172,16384,
Economic,Norwegian_Board_of_Directors_net2mode_2007-01-01,795,859,20,0,159,179,linkpred,0.022051666999999497,16384,
Economic,Norwegian_Board_of_Directors_net2mode_2007-01-01,795,859,20,1,159,179,coarsen,0.20126108299999146,32768,
Economic,Norwegian_Board_of_Directors_net2mode_2007-01-01,795,859,20,1,159,179,encode,0.005527333000003409,16384,2389.0
Economic,Norwegian_Board_of_Directors_net2mode_2007-01-01,795,859,20,1,159,179,compress,0.002116707999988421,16384,
Economic,Norwegian_Board_of_Directors_net2mode_2007-01-01,795,859,20,1,159,179,linkpred,0.022056124999977555,16384,
Economic,Norwegian_Board_of_Directors_net2mode_2007-01-01,795,859,20,2,159,179,coarsen,0.17438895800000864,16384,
Economic,Norwegian_Board_of_Directors_net2mode_2007-01-01,795,859,20,2,159,179,encode,0.0030511249999847223,16384,2386.0
Economic,Norwegian_Board_of_Directors_net2mode_2007-01-01,795,859,20,2,159,179,compress,0.0021092080000073565,16384,
Economic,Norwegian_Board_of_Directors_net2mode_2007-01-01,795,859,20,2,159,179,linkpred,0.021911375000001954,16384,
Social,Norwegian_Board_of_Directors_net1mode_2008-02-01,882,2937,100,0,882,2937,coarsen,0.0,0,
Social,Norwegian_Board_of_Directors_net1mode_2008-02-01,882,2937,100,0,882,2937,encode,0.06765654200000881,6242304,76875.0
Social,Norwegian_Board_of_Directors_net1mode_2008-02-01,882,2937,100,0,882,2937,compress,0.059913540999986026,16384,
Social,Norwegian_Board_of_Directors_net1mode_2008-02-01,882,2937,100,0,882,2937,linkpred,1.2082434579999983,114688000,
Social,Norwegian_Board_of_Directors_net1mode_2008-02-01,882,2937,100,1,882,2937,coarsen,0.0,0,
Social,Norwegian_Board_of_Directors_net1mode_2008-02-01,882,2937,100,1,882,2937,encode,0.06858083399998804,16384,76875.0
Social,Norwegian_Board_of_Directors_net1mode_2008-02-01,882,2937,100,1,882,2937,compress,0.06074391699999637,16384,
Social,Norwegian_Board_of_Directors_net1mode_2008-02-01,882,2937,100,1,882,2937,linkpred,1.2083812500000022,66863104,
Social,Norwegian_Board_of_Directors_net1mode_2008-02-01,882,2937,100,2,882,2937,coarsen,0.0,0,
Social,Norwegian_Board_of_Directors_net1mode_2008-02-01,882,2937,100,2,882,2937,encode,0.06720774999999435,16384,76875.0
Social,Norwegian_Board_of_Directors_net1mode_2008-02-01,882,2937,100,2,882,2937,compress,0.06065116700000317,16384,
Social,Norwegian_Board_of_Directors_net1mode_2008-02-01,882,2937,100,2,882,2937,linkpred,1.2397114580000164,66355200,
Social,Norwegian_Board_of_Directors_net1mode_2008-02-01,882,2937,80,0,706,2274,coarsen,0.15892550000000938,16384,
Social,Norwegian_Board_of_Directors_net1mode_2008-02-01,882,2937,80,0,706,2274,encode,0.06026270799998201,16384,49099.0
Social,Norwegian_Board_of_Directors_net1mode_2008-02-01,882,2937,80,0,706,2274,compress,0.038992250000006834,16384,
Social,Norwegian_Board_of_Directors_net1mode_2008-02-01,882,2937,80,0,706,2274,linkpred,0.7361364159999937,31588352,
Social,Norwegian_Board_of_Directors_net1mode_2008-02-01,882,2937,80,1,706,2274,coarsen,0.1542677079999919,16384,
Social,Norwegian_Board_of_Directors_net1mode_2008-02-01,882,2937,80,1,706,2274,encode,0.04974208300001237,16384,49099.0
Social,Norwegian_Board_of_Directors_net1mode_2008-02-01,882,2937,80,1,706,2274,compress,0.039032958000007056,16384,
Social,Norwegian_Board_of_Directors_net1mode_2008-02-01,882,2937,80,1,706,2274,linkpred,0.7350475410000001,31211520,
Social,Norwegian_Board_of_Directors_net1mode_2008-02-01,882,2937,80,2,706,2274,coarsen,0.13163174999999683,16384,
Social,Norwegian_Board_of_Directors_net1mode_2008-02-01,882,2937,80,2,706,2274,encode,0.05910429200000067,16384,49099.0
Social,Norwegian_Board_of_Directors_net1mode_2008-02-01,882,2937,80,2,706,2274,compress,0.03896749999998406,16384,
Social,Norwegian_Board_of_Directors_net1mode_2008-02-01,882,2937,80,2,706,2274,linkpred,0.7312220839999952,30425088,
Social,Norwegian_Board_of_Directors_net1mode_2008-02-01,882,2937,60,0,531,1693,coarsen,0.2525720830000182,16384,
Social,Norwegian_Board_of_Directors_net1mode_2008-02-01,882,2937,60,0,531,1693,encode,0.025750125000001844,16384,28908.0
Social,Norwegian_Board_of_Directors_net1mode_2008-02-01,882,2937,60,0,531,1693,compress,0.02386529200001064,16384,
Social,Norwegian_Board_of_Directors_net1mode_2008-02-01,882,2937,60,0,531,1693,linkpred,0.3964542079999944,8650752,
Social,Norwegian_Board_of_Directors_net1mode_2008-02-01,882,2937,60,1,531,1693,coarsen,0.2348203749999982,16384,
Social,Norwegian_Board_of_Directors_net1mode_2008-02-01,882,2937,60,1,531,1693,encode,0.02508012499998813,16384,28908.0
Social,Norwegian_Board_of_Directors_net1mode_2008-02-01,882,2937,60,1,531,1693,compress,0.02336266699998646,16384,
Social,Norwegian_Board_of_Directors_net1mode_2008-02-01,882,2937,60,1,531,1693,linkpred,0.40112616700000103,8568832,
Social,Norwegian_Board_of_Directors_net1mode_2008-02-01,882,2937,60,2,531,1693,coarsen,0.2520401250000077,16384,
Social,Norwegian_Board_of_Directors_net1mode_2008-02-01,882,2937,60,2,531,1693,encode,0.02572216600000843,16384,28908.0
Social,Norwegian_Board_of_Directors_net1mode_2008-02-01,882,2937,60,2,531,1693,compress,0.023483083000002125,16384,
Social,Norwegian_Board_of_Directors_net1mode_2008-02-01,882,2937,60,2,531,1693,linkpred,0.3973988750000217,2998272,
Social,Norwegian_Board_of_Directors_net1mode_2008-02-01,882,2937,40,0,353,1009,coarsen,0.18004150000001573,16384,
Social,Norwegian_Board_of_Directors_net1mode_2008-02-01,882,2937,40,0,353,1009,encode,0.01862662499999601,16384,16342.0
Social,Norwegian_Board_of_Directors_net1mode_2008-02-01,882,2937,40,0,353,1009,compress,0.01352995800002077,16384,
Social,Norwegian_Board_of_Directors_net1mode_2008-02-01,882,2937,40,0,353,1009,linkpred,0.16374808299997312,16384,
Social,Norwegian_Board_of_Directors_net1mode_2008-02-01,882,2937,40,1,353,1009,coarsen,0.20638366700001143,32768,
Social,Norwegian_Board_of_Directors_net1mode_2008-02-01,882,2937,40,1,353,1009,encode,0.01280675000000997,16384,16342.0
Social,Norwegian_Board_of_Directors_net1mode_2008-02-01,882,2937,40,1,353,1009,compress,0.01336220799998955,16384,
Social,Norwegian_Board_of_Directors_net1mode_2008-02-01,882,2937,40,1,353,1009,linkpred,0.16300070899998786,16384,
Social,Norwegian_Board_of_Directors_net1mode_2008-02-01,882,2937,40,2,353,1009,coarsen,0.15345204100000842,16384,
Social,Norwegian_Board_of_Directors_net1mode_2008-02-01,882,2937,40,2,353,1009,encode,0.01886283400000366,16384,16342.0
Social,Norwegian_Board_of_Directors_net1mode_2008-02-01,882,2937,40,2,353,1009,compress,0.01352291599999944,16384,
Social,Norwegian_Board_of_Directors_net1mode_2008-02-01,882,2937,40,2,353,1009,linkpred,0.16271641700001283,16384,
Social,Norwegian_Board_of_Directors_net1mode_2008-02-01,882,2937,20,0,177,378,coarsen,0.20026579200001038,16384,
Social,Norwegian_Board_of_Directors_net1mode_2008-02-01,882,2937,20,0,177,378,encode,0.009315291999996589,16384,5698.0
Social,Norwegian_Board_of_Directors_net1mode_2008-02-01,882,2937,20,0,177,378,compress,0.004853958000012426,16384,
Social,Norwegian_Board_of_Directors_net1mode_2008-02-01,882,2937,20,0,177,378,linkpred,0.035279833000004146,16384,
Social,Norwegian_Board_of_Directors_net1mode_2008-02-01,882,2937,20,1,177,378,coarsen,0.19913495800000192,32768,
Social,Norwegian_Board_of_Directors_net1mode_2008-02-01,882,2937,20,1,177,378,encode,0.005943709000007402,16384,5698.0
Social,Norwegian_Board_of_Directors_net1mode_2008-02-01,882,2937,20,1,177,378,compress,0.004917000000006055,16384,
Social,Norwegian_Board_of_Directors_net1mode_2008-02-01,882,2937,20,1,177,378,linkpred,0.03537495800000556,16384,
Social,Norwegian_Board_of_Directors_net1mode_2008-02-01,882,2937,20,2,177,378,coarsen,0.22868633299998464,16384,
Social,Norwegian_Board_of_Directors_net1mode_2008-02-01,882,2937,20,2,177,378,encode,0.004107625000017379,16384,5698.0
Social,Norwegian_Board_of_Directors_net1mode_2008-02-01,882,2937,20,2,177,378,compress,0.004848832999982733,16384,
Social,Norwegian_Board_of_Directors_net1mode_2008-02-01,882,2937,20,2,177,378,linkpred,0.03541737500000863,16384,
Economic,Norwegian_Board_of_Directors_net2mode_2010-12-01,979,1062,100,0,979,1062,coarsen,0.0,0,
Economic,Norwegian_Board_of_Directors_net2mode_2010-12-01,979,1062,100,0,979,1062,encode,0.07724050000001625,7684096,64462.0
Economic,Norwegian_Board_of_Directors_net2mode_2010-12-01,979,1062,100,0,979,1062,compress,0.049248083000009046,16384,
Economic,Norwegian_Board_of_Directors_net2mode_2010-12-01,979,1062,100,0,979,1062,linkpred,0.9351723750000076,133251072,
Economic,Norwegian_Board_of_Directors_net2mode_2010-12-01,979,1062,100,1,979,1062,coarsen,0.0,0,
Economic,Norwegian_Board_of_Directors_net2mode_2010-12-01,979,1062,100,1,979,1062,encode,0.07787366700000575,16384,64462.0
Economic,Norwegian_Board_of_Directors_net2mode_2010-12-01,979,1062,100,1,979,1062,compress,0.04918612500000563,16384,
Economic,Norwegian_Board_of_Directors_net2mode_2010-12-01,979,1062,100,1,979,1062,linkpred,0.9173660829999903,84951040,
Economic,Norwegian_Board_of_Directors_net2mode_2010-12-01,979,1062,100,2,979,1062,coarsen,0.0,0,
Economic,Norwegian_Board_of_Directors_net2mode_2010-12-01,979,1062,100,2,979,1062,encode,0.07587933400000679,16384,64462.0
Economic,Norwegian_Board_of_Directors_net2mode_2010-12-01,979,1062,100,2,979,1062,compress,0.04923600000000761,16384,
Economic,Norwegian_Board_of_Directors_net2mode_2010-12-01,979,1062,100,2,979,1062,linkpred,0.912593916999981,84426752,
Economic,Norwegian_Board_of_Directors_net2mode_2010-12-01,979,1062,80,0,785,851,coarsen,0.25822566700000493,32768,
Economic,Norwegian_Board_of_Directors_net2mode_2010-12-01,979,1062,80,0,785,851,encode,0.04994933399999013,16384,44062.0
Economic,Norwegian_Board_of_Directors_net2mode_2010-12-01,979,1062,80,0,785,851,compress,0.03435316599998828,16384,
Economic,Norwegian_Board_of_Directors_net2mode_2010-12-01,979,1062,80,0,785,851,linkpred,0.574544000000003,40271872,
Economic,Norwegian_Board_of_Directors_net2mode_2010-12-01,979,1062,80,1,785,851,coarsen,0.2627455829999974,32768,
Economic,Norwegian_Board_of_Directors_net2mode_2010-12-01,979,1062,80,1,785,851,encode,0.05010695899997586,16384,44064.0
Economic,Norwegian_Board_of_Directors_net2mode_2010-12-01,979,1062,80,1,785,851,compress,0.034029625000016495,16384,
Economic,Norwegian_Board_of_Directors_net2mode_2010-12-01,979,1062,80,1,785,851,linkpred,0.5720486250000079,39731200,
Economic,Norwegian_Board_of_Directors_net2mode_2010-12-01,979,1062,80,2,785,851,coarsen,0.2606545419999975,16384,
Economic,Norwegian_Board_of_Directors_net2mode_2010-12-01,979,1062,80,2,785,851,encode,0.05187837500000114,16384,44068.0
Economic,Norwegian_Board_of_Directors_net2mode_2010-12-01,979,1062,80,2,785,851,compress,0.034580959000010125,16384,
Economic,Norwegian_Board_of_Directors_net2mode_2010-12-01,979,1062,80,2,785,851,linkpred,0.5776504579999937,39813120,
Economic,Norwegian_Board_of_Directors_net2mode_2010-12-01,979,1062,60,0,588,642,coarsen,0.1495855000000006,16384,
Economic,Norwegian_Board_of_Directors_net2mode_2010-12-01,979,1062,60,0,588,642,encode,0.04242537499999344,16384,27136.0
Economic,Norwegian_Board_of_Directors_net2mode_2010-12-01,979,1062,60,0,588,642,compress,0.02084562499999265,16384,
Economic,Norwegian_Board_of_Directors_net2mode_2010-12-01,979,1062,60,0,588,642,linkpred,0.3121779580000066,5046272,
Economic,Norwegian_Board_of_Directors_net2mode_2010-12-01,979,1062,60,1,588,642,coarsen,0.17177720799998042,16384,
Economic,Norwegian_Board_of_Directors_net2mode_2010-12-01,979,1062,60,1,588,642,encode,0.03712358399999971,16384,27235.0
Economic,Norwegian_Board_of_Directors_net2mode_2010-12-01,979,1062,60,1,588,642,compress,0.02137783300000251,16384,
Economic,Norwegian_Board_of_Directors_net2mode_2010-12-01,979,1062,60,1,588,642,linkpred,0.3124312919999852,4931584,
Economic,Norwegian_Board_of_Directors_net2mode_2010-12-01,979,1062,60,2,588,642,coarsen,0.18172912500000393,16384,
Economic,Norwegian_Board_of_Directors_net2mode_2010-12-01,979,1062,60,2,588,642,encode,0.04282804199999646,16384,27240.0
Economic,Norwegian_Board_of_Directors_net2mode_2010-12-01,979,1062,60,2,588,642,compress,0.021521083999999746,16384,
Economic,Norwegian_Board_of_Directors_net2mode_2010-12-01,979,1062,60,2,588,642,linkpred,0.3145964580000111,16384,
Economic,Norwegian_Board_of_Directors_net2mode_2010-12-01,979,1062,40,0,392,443,coarsen,0.20897479100000282,16384,
Economic,Norwegian_Board_of_Directors_net2mode_2010-12-01,979,1062,40,0,392,443,encode,0.020043375000000196,16384,14025.0
Economic,Norwegian_Board_of_Directors_net2mode_2010-12-01,979,1062,40,0,392,443,compress,0.01145374999998694,16384,
Economic,Norwegian_Board_of_Directors_net2mode_2010-12-01,979,1062,40,0,392,443,linkpred,0.13174308400002133,16384,
Economic,Norwegian_Board_of_Directors_net2mode_2010-12-01,979,1062,40,1,392,443,coarsen,0.1757522080000058,16384,
Economic,Norwegian_Board_of_Directors_net2mode_2010-12-01,979,1062,40,1,392,443,encode,0.021777666000019735,16384,14028.0
Economic,Norwegian_Board_of_Directors_net2mode_2010-12-01,979,1062,40,1,392,443,compress,0.011386375000000726,16384,
Economic,Norwegian_Board_of_Directors_net2mode_2010-12-01,979,1062,40,1,392,443,linkpred,0.13182741700001088,16384,
Economic,Norwegian_Board_of_Directors_net2mode_2010-12-01,979,1062,40,2,392,443,coarsen,0.1769827499999792,16384,
Economic,Norwegian_Board_of_Directors_net2mode_2010-12-01,979,1062,40,2,392,443,encode,0.02447883300001763,16384,14048.0
Economic,Norwegian_Board_of_Directors_net2mode_2010-12-01,979,1062,40,2,392,443,compress,0.01122791599999573,16384,
Economic,Norwegian_Board_of_Directors_net2mode_2010-12-01,979,1062,40,2,392,443,linkpred,0.13162545800000203,16384,
Economic,Norwegian_Board_of_Directors_net2mode_2010-12-01,979,1062,20,0,196,230,coarsen,0.25886141699999143,16384,
Economic,Norwegian_Board_of_Directors_net2mode_2010-12-01,979,1062,20,0,196,230,encode,0.004261416999980838,16384,5111.0
Economic,Norwegian_Board_of_Directors_net2mode_2010-12-01,979,1062,20,0,196,230,compress,0.004185624999990978,16384,
Economic,Norwegian_Board_of_Directors_net2mode_2010-12-01,979,1062,20,0,196,230,linkpred,0.03373258299998838,16384,
Economic,Norwegian_Board_of_Directors_net2mode_2010-12-01,979,1062,20,1,196,230,coarsen,0.24093770899997935,16384,
Economic,Norwegian_Board_of_Directors_net2mode_2010-12-01,979,1062,20,1,196,230,encode,0.007241582999995444,16384,5064.0
Economic,Norwegian_Board_of_Directors_net2mode_2010-12-01,979,1062,20,1,196,230,compress,0.004230750000004946,16384,
Economic,Norwegian_Board_of_Directors_net2mode_2010-12-01,979,1062,20,1,196,230,linkpred,0.03374137500000529,16384,
Economic,Norwegian_Board_of_Directors_net2mode_2010-12-01,979,1062,20,2,196,230,coarsen,0.2081876659999864,32768,
Economic,Norwegian_Board_of_Directors_net2mode_2010-12-01,979,1062,20,2,196,230,encode,0.004274250000008806,16384,5059.0
Economic,Norwegian_Board_of_Directors_net2mode_2010-12-01,979,1062,20,2,196,230,compress,0.00421900000000619,16384,
Economic,Norwegian_Board_of_Directors_net2mode_2010-12-01,979,1062,20,2,196,230,linkpred,0.03375020899997594,16384,
Biological,C_elegans_interactomes_2009_WI-2004,1084,1602,100,0,1084,1602,coarsen,0.0,0,
Biological,C_elegans_interactomes_2009_WI-2004,1084,1602,100,0,1084,1602,encode,0.14314220800000044,9420800,184143.0
Biological,C_elegans_interactomes_2009_WI-2004,1084,1602,100,0,1084,1602,compress,0.1383252079999977,16384,
Biological,C_elegans_interactomes_2009_WI-2004,1084,1602,100,0,1084,1602,linkpred,1.3177358330000004,168673280,
Biological,C_elegans_interactomes_2009_WI-2004,1084,1602,100,1,1084,1602,coarsen,0.0,0,
Biological,C_elegans_interactomes_2009_WI-2004,1084,1602,100,1,1084,1602,encode,0.1423797079999929,16384,184143.0
Biological,C_elegans_interactomes_2009_WI-2004,1084,1602,100,1,1084,1602,compress,0.1384698749999984,16384,
Biological,C_elegans_interactomes_2009_WI-2004,1084,1602,100,1,1084,1602,linkpred,1.3149245830000211,101269504,
Biological,C_elegans_interactomes_2009_WI-2004,1084,1602,100,2,1084,1602,coarsen,0.0,0,
Biological,C_elegans_interactomes_2009_WI-2004,1084,1602,100,2,1084,1602,encode,0.15420149999999921,16384,184143.0
Biological,C_elegans_interactomes_2009_WI-2004,1084,1602,100,2,1084,1602,compress,0.1374588750000214,16384,
Biological,C_elegans_interactomes_2009_WI-2004,1084,1602,100,2,1084,1602,linkpred,1.3155689589999895,106708992,
Biological,C_elegans_interactomes_2009_WI-2004,1084,1602,80,0,869,1377,coarsen,0.34704529199999,49152,
Biological,C_elegans_interactomes_2009_WI-2004,1084,1602,80,0,869,1377,encode,0.09205341699998826,16384,120307.0
Biological,C_elegans_interactomes_2009_WI-2004,1084,1602,80,0,869,1377,compress,0.09052841700000158,16384,
Biological,C_elegans_interactomes_2009_WI-2004,1084,1602,80,0,869,1377,linkpred,0.8849706669999762,64602112,
Biological,C_elegans_interactomes_2009_WI-2004,1084,1602,80,1,869,1377,coarsen,0.3434148329999971,32768,
Biological,C_elegans_interactomes_2009_WI-2004,1084,1602,80,1,869,1377,encode,0.09494141700000114,16384,120303.0
Biological,C_elegans_interactomes_2009_WI-2004,1084,1602,80,1,869,1377,compress,0.09255391699997517,16384,
Biological,C_elegans_interactomes_2009_WI-2004,1084,1602,80,1,869,1377,linkpred,1.003358999999989,55754752,
Biological,C_elegans_interactomes_2009_WI-2004,1084,1602,80,2,869,1377,coarsen,0.3381605419999971,16384,
Biological,C_elegans_interactomes_2009_WI-2004,1084,1602,80,2,869,1377,encode,0.09215287500001068,16384,120309.0
Biological,C_elegans_interactomes_2009_WI-2004,1084,1602,80,2,869,1377,compress,0.09002737500000535,16384,
Biological,C_elegans_interactomes_2009_WI-2004,1084,1602,80,2,869,1377,linkpred,0.8526840829999855,53100544,
Biological,C_elegans_interactomes_2009_WI-2004,1084,1602,60,0,651,1078,coarsen,0.20593954200001008,16384,
Biological,C_elegans_interactomes_2009_WI-2004,1084,1602,60,0,651,1078,encode,0.06957233299999643,16384,80525.0
Biological,C_elegans_interactomes_2009_WI-2004,1084,1602,60,0,651,1078,compress,0.061149333000003026,16384,
Biological,C_elegans_interactomes_2009_WI-2004,1084,1602,60,0,651,1078,linkpred,0.48261708300000805,18350080,
Biological,C_elegans_interactomes_2009_WI-2004,1084,1602,60,1,651,1079,coarsen,0.1832016660000022,16384,
Biological,C_elegans_interactomes_2009_WI-2004,1084,1602,60,1,651,1079,encode,0.07288250000001995,16384,80211.0
Biological,C_elegans_interactomes_2009_WI-2004,1084,1602,60,1,651,1079,compress,0.06091833299998939,16384,
Biological,C_elegans_interactomes_2009_WI-2004,1084,1602,60,1,651,1079,linkpred,0.484221290999983,13074432,
Biological,C_elegans_interactomes_2009_WI-2004,1084,1602,60,2,651,1079,coarsen,0.21368895800000587,16384,
Biological,C_elegans_interactomes_2009_WI-2004,1084,1602,60,2,651,1079,encode,0.06443441700000108,3407872,80216.0
Biological,C_elegans_interactomes_2009_WI-2004,1084,1602,60,2,651,1079,compress,0.06090691700001116,16384,
Biological,C_elegans_interactomes_2009_WI-2004,1084,1602,60,2,651,1079,linkpred,0.5006076249999865,10780672,
Biological,C_elegans_interactomes_2009_WI-2004,1084,1602,40,0,434,844,coarsen,0.22288075000000163,16384,
Biological,C_elegans_interactomes_2009_WI-2004,1084,1602,40,0,434,844,encode,0.041750624999991715,16384,42719.0
Biological,C_elegans_interactomes_2009_WI-2004,1084,1602,40,0,434,844,compress,0.033259791999995514,16384,
Biological,C_elegans_interactomes_2009_WI-2004,1084,1602,40,0,434,844,linkpred,0.22396975000000907,163840,
Biological,C_elegans_interactomes_2009_WI-2004,1084,1602,40,1,434,844,coarsen,0.22494966599998634,16384,
Biological,C_elegans_interactomes_2009_WI-2004,1084,1602,40,1,434,844,encode,0.040169625000004316,16384,42724.0
Biological,C_elegans_interactomes_2009_WI-2004,1084,1602,40,1,434,844,compress,0.03335562500001288,16384,
Biological,C_elegans_interactomes_2009_WI-2004,1084,1602,40,1,434,844,linkpred,0.2242649169999993,16384,
Biological,C_elegans_interactomes_2009_WI-2004,1084,1602,40,2,434,844,coarsen,0.2206379170000048,16384,
Biological,C_elegans_interactomes_2009_WI-2004,1084,1602,40,2,434,844,encode,0.03254908299999215,16384,42702.0
Biological,C_elegans_interactomes_2009_WI-2004,1084,1602,40,2,434,844,compress,0.03316704200000231,16384,
Biological,C_elegans_interactomes_2009_WI-2004,1084,1602,40,2,434,844,linkpred,0.22316120900001124,16384,
Biological,C_elegans_interactomes_2009_WI-2004,1084,1602,20,0,217,581,coarsen,0.31548850000001494,16384,
Biological,C_elegans_interactomes_2009_WI-2004,1084,1602,20,0,217,581,encode,0.008550500000012562,16384,12929.0
Biological,C_elegans_interactomes_2009_WI-2004,1084,1602,20,0,217,581,compress,0.010730332999997927,16384,
Biological,C_elegans_interactomes_2009_WI-2004,1084,1602,20,0,217,581,linkpred,0.06593458300000066,16384,
Biological,C_elegans_interactomes_2009_WI-2004,1084,1602,20,1,217,585,coarsen,0.2812283330000014,16384,
Biological,C_elegans_interactomes_2009_WI-2004,1084,1602,20,1,217,585,encode,0.008611084000023084,16384,12942.0
Biological,C_elegans_interactomes_2009_WI-2004,1084,1602,20,1,217,585,compress,0.010864500000025146,16384,
Biological,C_elegans_interactomes_2009_WI-2004,1084,1602,20,1,217,585,linkpred,0.06645279099998902,16384,
Biological,C_elegans_interactomes_2009_WI-2004,1084,1602,20,2,217,576,coarsen,0.3001237919999937,16384,
Biological,C_elegans_interactomes_2009_WI-2004,1084,1602,20,2,217,576,encode,0.009024957999997696,16384,13617.0
Biological,C_elegans_interactomes_2009_WI-2004,1084,1602,20,2,217,576,compress,0.011261458999996421,16384,
Biological,C_elegans_interactomes_2009_WI-2004,1084,1602,20,2,217,576,linkpred,0.06606183299999202,16384,
Biological,Reguly_yeast_interactome_2006_LC-multiple,1213,2556,100,0,1213,2556,coarsen,0.0,0,
Biological,Reguly_yeast_interactome_2006_LC-multiple,1213,2556,100,0,1213,2556,encode,0.1525282919999995,11796480,167634.0
Biological,Reguly_yeast_interactome_2006_LC-multiple,1213,2556,100,0,1213,2556,compress,0.1279174160000025,16384,
Biological,Reguly_yeast_interactome_2006_LC-multiple,1213,2556,100,0,1213,2556,linkpred,1.9789864169999873,232275968,
Biological,Reguly_yeast_interactome_2006_LC-multiple,1213,2556,100,1,1213,2556,coarsen,0.0,0,
Biological,Reguly_yeast_interactome_2006_LC-multiple,1213,2556,100,1,1213,2556,encode,0.14873099999999795,16384,167634.0
Biological,Reguly_yeast_interactome_2006_LC-multiple,1213,2556,100,1,1213,2556,compress,0.12773158400000284,16384,
Biological,Reguly_yeast_interactome_2006_LC-multiple,1213,2556,100,1,1213,2556,linkpred,1.9874585409999952,141574144,
Biological,Reguly_yeast_interactome_2006_LC-multiple,1213,2556,100,2,1213,2556,coarsen,0.0,0,
Biological,Reguly_yeast_interactome_2006_LC-multiple,1213,2556,100,2,1213,2556,encode,0.14948512500001243,16384,167634.0
Biological,Reguly_yeast_interactome_2006_LC-multiple,1213,2556,100,2,1213,2556,compress,0.12811645799999383,16384,
Biological,Reguly_yeast_interactome_2006_LC-multiple,1213,2556,100,2,1213,2556,linkpred,1.9719826669999918,141033472,
Biological,Reguly_yeast_interactome_2006_LC-multiple,1213,2556,80,0,972,1900,coarsen,0.3119672919999914,16384,
Biological,Reguly_yeast_interactome_2006_LC-multiple,1213,2556,80,0,972,1900,encode,0.0945406250000076,16384,103399.0
Biological,Reguly_yeast_interactome_2006_LC-multiple,1213,2556,80,0,972,1900,compress,0.07963341599997875,16384,
Biological,Reguly_yeast_interactome_2006_LC-multiple,1213,2556,80,0,972,1900,linkpred,1.1718889170000182,50003968,
Biological,Reguly_yeast_interactome_2006_LC-multiple,1213,2556,80,1,972,1901,coarsen,0.32793933399997854,16384,
Biological,Reguly_yeast_interactome_2006_LC-multiple,1213,2556,80,1,972,1901,encode,0.09522570799998675,16384,103445.0
Biological,Reguly_yeast_interactome_2006_LC-multiple,1213,2556,80,1,972,1901,compress,0.0799566670000047,16384,
Biological,Reguly_yeast_interactome_2006_LC-multiple,1213,2556,80,1,972,1901,linkpred,1.1852330830000142,76840960,
Biological,Reguly_yeast_interactome_2006_LC-multiple,1213,2556,80,2,972,1900,coarsen,0.3367963340000131,16384,
Biological,Reguly_yeast_interactome_2006_LC-multiple,1213,2556,80,2,972,1900,encode,0.09576795800001037,16384,103525.0
Biological,Reguly_yeast_interactome_2006_LC-multiple,1213,2556,80,2,972,1900,compress,0.08047937500001012,16384,
Biological,Reguly_yeast_interactome_2006_LC-multiple,1213,2556,80,2,972,1900,linkpred,1.1774070840000093,73138176,
Biological,Reguly_yeast_interactome_2006_LC-multiple,1213,2556,60,0,728,1236,coarsen,0.25835445800001366,16384,
Biological,Reguly_yeast_interactome_2006_LC-multiple,1213,2556,60,0,728,1236,encode,0.0601959170000157,16384,62056.0
Biological,Reguly_yeast_interactome_2006_LC-multiple,1213,2556,60,0,728,1236,compress,0.048396959000001516,16384,
Biological,Reguly_yeast_interactome_2006_LC-multiple,1213,2556,60,0,728,1236,linkpred,0.6073337500000093,786432,
Biological,Reguly_yeast_interactome_2006_LC-multiple,1213,2556,60,1,728,1236,coarsen,0.2494378339999912,16384,
Biological,Reguly_yeast_interactome_2006_LC-multiple,1213,2556,60,1,728,1236,encode,0.05641041699999505,4259840,61949.0
Biological,Reguly_yeast_interactome_2006_LC-multiple,1213,2556,60,1,728,1236,compress,0.04830262499999094,16384,
Biological,Reguly_yeast_interactome_2006_LC-multiple,1213,2556,60,1,728,1236,linkpred,0.5989743749999832,19300352,
Biological,Reguly_yeast_interactome_2006_LC-multiple,1213,2556,60,2,728,1239,coarsen,0.26248275000000376,16384,
Biological,Reguly_yeast_interactome_2006_LC-multiple,1213,2556,60,2,728,1239,encode,0.0561586249999948,16384,62202.0
Biological,Reguly_yeast_interactome_2006_LC-multiple,1213,2556,60,2,728,1239,compress,0.04860375000001227,16384,
Biological,Reguly_yeast_interactome_2006_LC-multiple,1213,2556,60,2,728,1239,linkpred,0.6091225419999944,19529728,
Biological,Reguly_yeast_interactome_2006_LC-multiple,1213,2556,40,0,486,880,coarsen,0.1940717500000062,16384,
Biological,Reguly_yeast_interactome_2006_LC-multiple,1213,2556,40,0,486,880,encode,0.03573345799998151,16384,35766.0
Biological,Reguly_yeast_interactome_2006_LC-multiple,1213,2556,40,0,486,880,compress,0.027776375000001963,16384,
Biological,Reguly_yeast_interactome_2006_LC-multiple,1213,2556,40,0,486,880,linkpred,0.2707972909999796,98304,
Biological,Reguly_yeast_interactome_2006_LC-multiple,1213,2556,40,1,486,882,coarsen,0.24515258299999232,16384,
Biological,Reguly_yeast_interactome_2006_LC-multiple,1213,2556,40,1,486,882,encode,0.027340957999996363,16384,34126.0
Biological,Reguly_yeast_interactome_2006_LC-multiple,1213,2556,40,1,486,882,compress,0.02736541600000919,16384,
Biological,Reguly_yeast_interactome_2006_LC-multiple,1213,2556,40,1,486,882,linkpred,0.277434583999991,16384,
Biological,Reguly_yeast_interactome_2006_LC-multiple,1213,2556,40,2,486,883,coarsen,0.2606384999999989,32768,
Biological,Reguly_yeast_interactome_2006_LC-multiple,1213,2556,40,2,486,883,encode,0.027400124999985565,16384,34323.0
Biological,Reguly_yeast_interactome_2006_LC-multiple,1213,2556,40,2,486,883,compress,0.026742000000012922,16384,
Biological,Reguly_yeast_interactome_2006_LC-multiple,1213,2556,40,2,486,883,linkpred,0.26984804199997825,16384,
Biological,Reguly_yeast_interactome_2006_LC-multiple,1213,2556,20,0,243,465,coarsen,0.29983654199998,16384,
Biological,Reguly_yeast_interactome_2006_LC-multiple,1213,2556,20,0,243,465,encode,0.007354875000004313,16384,9916.0
Biological,Reguly_yeast_interactome_2006_LC-multiple,1213,2556,20,0,243,465,compress,0.00812812499998472,16384,
Biological,Reguly_yeast_interactome_2006_LC-multiple,1213,2556,20,0,243,465,linkpred,0.06802387500002283,16384,
Biological,Reguly_yeast_interactome_2006_LC-multiple,1213,2556,20,1,243,461,coarsen,0.272889833000022,32768,
Biological,Reguly_yeast_interactome_2006_LC-multiple,1213,2556,20,1,243,461,encode,0.007781708000010212,16384,10792.0
Biological,Reguly_yeast_interactome_2006_LC-multiple,1213,2556,20,1,243,461,compress,0.008805417000019133,16384,
Biological,Reguly_yeast_interactome_2006_LC-multiple,1213,2556,20,1,243,461,linkpred,0.06835608299999762,16384,
Biological,Reguly_yeast_interactome_2006_LC-multiple,1213,2556,20,2,243,460,coarsen,0.3264377909999894,16384,
Biological,Reguly_yeast_interactome_2006_LC-multiple,1213,2556,20,2,243,460,encode,0.007973082999995995,16384,10762.0
Biological,Reguly_yeast_interactome_2006_LC-multiple,1213,2556,20,2,243,460,compress,0.008746624999986352,16384,
Biological,Reguly_yeast_interactome_2006_LC-multiple,1213,2556,20,2,243,460,linkpred,0.06752579199999786,16384,
Informational,59a5da04549f067e0266d625,1350,4055,100,0,1350,4055,coarsen,0.0,0,
Informational,59a5da04549f067e0266d625,1350,4055,100,0,1350,4055,encode,0.2828703330000053,14598144,389102.0
Informational,59a5da04549f067e0266d625,1350,4055,100,0,1350,4055,compress,0.2938406250000014,16384,
Informational,59a5da04549f067e0266d625,1350,4055,100,0,1350,4055,linkpred,2.6993975419999856,289177600,
Informational,59a5da04549f067e0266d625,1350,4055,100,1,1350,4055,coarsen,0.0,0,
Informational,59a5da04549f067e0266d625,1350,4055,100,1,1350,4055,encode,0.27531754199998204,16384,389102.0
Informational,59a5da04549f067e0266d625,1350,4055,100,1,1350,4055,compress,0.29483512499999165,16384,
Informational,59a5da04549f067e0266d625,1350,4055,100,1,1350,4055,linkpred,2.6998732920000066,188874752,
Informational,59a5da04549f067e0266d625,1350,4055,100,2,1350,4055,coarsen,0.0,0,
Informational,59a5da04549f067e0266d625,1350,4055,100,2,1350,4055,encode,0.27717466699999704,16384,389102.0
Informational,59a5da04549f067e0266d625,1350,4055,100,2,1350,4055,compress,0.29722320799999125,16384,
Informational,59a5da04549f067e0266d625,1350,4055,100,2,1350,4055,linkpred,2.6675684589999946,178126848,
Informational,59a5da04549f067e0266d625,1350,4055,80,0,1081,3259,coarsen,0.3436127909999982,65536,
Informational,59a5da04549f067e0266d625,1350,4055,80,0,1081,3259,encode,0.17410441699999524,16384,239785.0
Informational,59a5da04549f067e0266d625,1350,4055,80,0,1081,3259,compress,0.18290995800001042,16384,
Informational,59a5da04549f067e0266d625,1350,4055,80,0,1081,3259,linkpred,1.7027183749999892,60030976,
Informational,59a5da04549f067e0266d625,1350,4055,80,1,1081,3288,coarsen,0.34613999999999123,49152,
Informational,59a5da04549f067e0266d625,1350,4055,80,1,1081,3288,encode,0.17930829200000176,16384,242919.0
Informational,59a5da04549f067e0266d625,1350,4055,80,1,1081,3288,compress,0.18937029200000666,16384,
Informational,59a5da04549f067e0266d625,1350,4055,80,1,1081,3288,linkpred,1.6985057500000096,66715648,
Informational,59a5da04549f067e0266d625,1350,4055,80,2,1081,3263,coarsen,0.358478582999993,81920,
Informational,59a5da04549f067e0266d625,1350,4055,80,2,1081,3263,encode,0.17514395900002455,16384,239986.0
Informational,59a5da04549f067e0266d625,1350,4055,80,2,1081,3263,compress,0.1837943330000087,16384,
Informational,59a5da04549f067e0266d625,1350,4055,80,2,1081,3263,linkpred,1.7048067919999994,94912512,
Informational,59a5da04549f067e0266d625,1350,4055,60,0,810,2647,coarsen,0.2352151249999963,16384,
Informational,59a5da04549f067e0266d625,1350,4055,60,0,810,2647,encode,0.10845112499998777,16384,145807.0
Informational,59a5da04549f067e0266d625,1350,4055,60,0,810,2647,compress,0.11691733300000351,16384,
Informational,59a5da04549f067e0266d625,1350,4055,60,0,810,2647,linkpred,1.198109417000012,2736128,
Informational,59a5da04549f067e0266d625,1350,4055,60,1,810,2534,coarsen,0.2706774170000017,16384,
Informational,59a5da04549f067e0266d625,1350,4055,60,1,810,2534,encode,0.10076691599999776,16384,138736.0
Informational,59a5da04549f067e0266d625,1350,4055,60,1,810,2534,compress,0.10829104199999051,16384,
Informational,59a5da04549f067e0266d625,1350,4055,60,1,810,2534,linkpred,1.0021812920000173,30916608,
Informational,59a5da04549f067e0266d625,1350,4055,60,2,810,2534,coarsen,0.26017712500001267,16384,
Informational,59a5da04549f067e0266d625,1350,4055,60,2,810,2534,encode,0.10082766699997592,16384,138737.0
Informational,59a5da04549f067e0266d625,1350,4055,60,2,810,2534,compress,0.11021104200000309,16384,
Informational,59a5da04549f067e0266d625,1350,4055,60,2,810,2534,linkpred,1.0244697910000014,29671424,
Informational,59a5da04549f067e0266d625,1350,4055,40,0,540,2044,coarsen,0.29589916700001595,16384,
Informational,59a5da04549f067e0266d625,1350,4055,40,0,540,2044,encode,0.051646500000003925,16384,73653.0
Informational,59a5da04549f067e0266d625,1350,4055,40,0,540,2044,compress,0.059370292000011204,16384,
Informational,59a5da04549f067e0266d625,1350,4055,40,0,540,2044,linkpred,0.506753625000016,5357568,
Informational,59a5da04549f067e0266d625,1350,4055,40,1,540,2023,coarsen,0.3072109590000025,16384,
Informational,59a5da04549f067e0266d625,1350,4055,40,1,540,2023,encode,0.0517330829999878,16384,72340.0
Informational,59a5da04549f067e0266d625,1350,4055,40,1,540,2023,compress,0.05756166700001586,16384,
Informational,59a5da04549f067e0266d625,1350,4055,40,1,540,2023,linkpred,0.5030582500000094,278528,
Informational,59a5da04549f067e0266d625,1350,4055,40,2,540,2076,coarsen,0.24787979100000257,65536,
Informational,59a5da04549f067e0266d625,1350,4055,40,2,540,2076,encode,0.07093812499999785,16384,75421.0
Informational,59a5da04549f067e0266d625,1350,4055,40,2,540,2076,compress,0.06148074999998698,16384,
Informational,59a5da04549f067e0266d625,1350,4055,40,2,540,2076,linkpred,0.5016015420000031,16384,
Informational,59a5da04549f067e0266d625,1350,4055,20,0,270,1093,coarsen,0.35256295799999293,16384,
Informational,59a5da04549f067e0266d625,1350,4055,20,0,270,1093,encode,0.014677291999987574,16384,22229.0
Informational,59a5da04549f067e0266d625,1350,4055,20,0,270,1093,compress,0.01874037500002146,16384,
Informational,59a5da04549f067e0266d625,1350,4055,20,0,270,1093,linkpred,0.13586554200000478,16384,
Informational,59a5da04549f067e0266d625,1350,4055,20,1,270,1085,coarsen,0.3506760829999962,16384,
Informational,59a5da04549f067e0266d625,1350,4055,20,1,270,1085,encode,0.014511957999985725,16384,22523.0
Informational,59a5da04549f067e0266d625,1350,4055,20,1,270,1085,compress,0.018857792000005702,16384,
Informational,59a5da04549f067e0266d625,1350,4055,20,1,270,1085,linkpred,0.1354690420000111,16384,
Informational,59a5da04549f067e0266d625,1350,4055,20,2,270,1060,coarsen,0.3544817499999908,16384,
Informational,59a5da04549f067e0266d625,1350,4055,20,2,270,1060,encode,0.014569957999981398,16384,21997.0
Informational,59a5da04549f067e0266d625,1350,4055,20,2,270,1060,compress,0.018784167000006846,16384,
Informational,59a5da04549f067e0266d625,1350,4055,20,2,270,1060,linkpred,0.13513954199999034,16384,
Transportation,595b15bd549f067e0263b525,1554,3599,100,0,1554,3599,coarsen,0.0,0,
Transportation,595b15bd549f067e0263b525,1554,3599,100,0,1554,3599,encode,0.38888320800000997,16384,561401.0
Transportation,595b15bd549f067e0263b525,1554,3599,100,0,1554,3599,compress,0.4269527909999624,16384,
Transportation,595b15bd549f067e0263b525,1554,3599,100,0,1554,3599,linkpred,3.2199710830000186,342589440,
Transportation,595b15bd549f067e0263b525,1554,3599,100,1,1554,3599,coarsen,0.0,0,
Transportation,595b15bd549f067e0263b525,1554,3599,100,1,1554,3599,encode,0.40449850000004517,16384,561401.0
Transportation,595b15bd549f067e0263b525,1554,3599,100,1,1554,3599,compress,0.42827387500000214,16384,
Transportation,595b15bd549f067e0263b525,1554,3599,100,1,1554,3599,linkpred,3.041415000000029,233832448,
Transportation,595b15bd549f067e0263b525,1554,3599,100,2,1554,3599,coarsen,0.0,0,
Transportation,595b15bd549f067e0263b525,1554,3599,100,2,1554,3599,encode,0.38004620899999964,16384,561401.0
Transportation,595b15bd549f067e0263b525,1554,3599,100,2,1554,3599,compress,0.41881837500000074,16384,
Transportation,595b15bd549f067e0263b525,1554,3599,100,2,1554,3599,linkpred,3.0908158750000325,275136512,
Transportation,595b15bd549f067e0263b525,1554,3599,80,0,1244,3004,coarsen,0.2514993749999803,65536,
Transportation,595b15bd549f067e0263b525,1554,3599,80,0,1244,3004,encode,0.24269745799995235,12402688,341975.0
Transportation,595b15bd549f067e0263b525,1554,3599,80,0,1244,3004,compress,0.25905295799998385,16384,
Transportation,595b15bd549f067e0263b525,1554,3599,80,0,1244,3004,linkpred,2.056676374999995,101416960,
Transportation,595b15bd549f067e0263b525,1554,3599,80,1,1244,3000,coarsen,0.27152212499998996,32768,
Transportation,595b15bd549f067e0263b525,1554,3599,80,1,1244,3000,encode,0.24023249999999052,16384,342139.0
Transportation,595b15bd549f067e0263b525,1554,3599,80,1,1244,3000,compress,0.2580810000000042,16384,
Transportation,595b15bd549f067e0263b525,1554,3599,80,1,1244,3000,linkpred,2.0877562079999734,134905856,
Transportation,595b15bd549f067e0263b525,1554,3599,80,2,1244,3005,coarsen,0.26693449999999075,16384,
Transportation,595b15bd549f067e0263b525,1554,3599,80,2,1244,3005,encode,0.26604170799998883,16384,341973.0
Transportation,595b15bd549f067e0263b525,1554,3599,80,2,1244,3005,compress,0.2572774579999759,16384,
Transportation,595b15bd549f067e0263b525,1554,3599,80,2,1244,3005,linkpred,2.0176484590000427,162021376,
Transportation,595b15bd549f067e0263b525,1554,3599,60,0,933,2457,coarsen,0.3226321659999485,16384,
Transportation,595b15bd549f067e0263b525,1554,3599,60,0,933,2457,encode,0.14334024999999428,16384,199885.0
Transportation,595b15bd549f067e0263b525,1554,3599,60,0,933,2457,compress,0.1508911669999975,16384,
Transportation,595b15bd549f067e0263b525,1554,3599,60,0,933,2457,linkpred,1.1860068339999543,31195136,
Transportation,595b15bd549f067e0263b525,1554,3599,60,1,933,2454,coarsen,0.30301779199999146,16384,
Transportation,595b15bd549f067e0263b525,1554,3599,60,1,933,2454,encode,0.1385976249999885,16384,200181.0
Transportation,595b15bd549f067e0263b525,1554,3599,60,1,933,2454,compress,0.1528737920000367,16384,
Transportation,595b15bd549f067e0263b525,1554,3599,60,1,933,2454,linkpred,1.1754760000000033,23347200,
Transportation,595b15bd549f067e0263b525,1554,3599,60,2,933,2458,coarsen,0.31911054200003264,16384,
Transportation,595b15bd549f067e0263b525,1554,3599,60,2,933,2458,encode,0.13911066699995445,16384,200671.0
Transportation,595b15bd549f067e0263b525,1554,3599,60,2,933,2458,compress,0.1749938340000199,16384,
Transportation,595b15bd549f067e0263b525,1554,3599,60,2,933,2458,linkpred,1.1860508330000243,49741824,
Transportation,595b15bd549f067e0263b525,1554,3599,40,0,622,2015,coarsen,0.32567366699998956,16384,
Transportation,595b15bd549f067e0263b525,1554,3599,40,0,622,2015,encode,0.07159699999999702,16384,106449.0
Transportation,595b15bd549f067e0263b525,1554,3599,40,0,622,2015,compress,0.0837551660000031,16384,
Transportation,595b15bd549f067e0263b525,1554,3599,40,0,622,2015,linkpred,0.5722327919999657,2801664,
Transportation,595b15bd549f067e0263b525,1554,3599,40,1,622,2015,coarsen,0.3375775830000407,16384,
Transportation,595b15bd549f067e0263b525,1554,3599,40,1,622,2015,encode,0.07206850000000031,16384,106449.0
Transportation,595b15bd549f067e0263b525,1554,3599,40,1,622,2015,compress,0.08448408399999607,16384,
Transportation,595b15bd549f067e0263b525,1554,3599,40,1,622,2015,linkpred,0.5745011249999834,147456,
Transportation,595b15bd549f067e0263b525,1554,3599,40,2,622,2015,coarsen,0.31625612499999534,16384,
Transportation,595b15bd549f067e0263b525,1554,3599,40,2,622,2015,encode,0.07209762499996941,16384,106449.0
Transportation,595b15bd549f067e0263b525,1554,3599,40,2,622,2015,compress,0.08335454100000561,16384,
Transportation,595b15bd549f067e0263b525,1554,3599,40,2,622,2015,linkpred,0.597468417000016,16384,
Transportation,595b15bd549f067e0263b525,1554,3599,20,0,311,1266,coarsen,0.39542333299999655,16384,
Transportation,595b15bd549f067e0263b525,1554,3599,20,0,311,1266,encode,0.019453917000021193,16384,29218.0
Transportation,595b15bd549f067e0263b525,1554,3599,20,0,311,1266,compress,0.024208999999984826,16384,
Transportation,595b15bd549f067e0263b525,1554,3599,20,0,311,1266,linkpred,0.17444295800004284,16384,
Transportation,595b15bd549f067e0263b525,1554,3599,20,1,311,1266,coarsen,0.38317991700000675,16384,
Transportation,595b15bd549f067e0263b525,1554,3599,20,1,311,1266,encode,0.018839207999974406,16384,28520.0
Transportation,595b15bd549f067e0263b525,1554,3599,20,1,311,1266,compress,0.023771291999992172,16384,
Transportation,595b15bd549f067e0263b525,1554,3599,20,1,311,1266,linkpred,0.17365412499998456,16384,
Transportation,595b15bd549f067e0263b525,1554,3599,20,2,311,1264,coarsen,0.4358116660000064,16384,
Transportation,595b15bd549f067e0263b525,1554,3599,20,2,311,1264,encode,0.019027416000028552,16384,28567.0
Transportation,595b15bd549f067e0263b525,1554,3599,20,2,311,1264,compress,0.024348250000002736,16384,
Transportation,595b15bd549f067e0263b525,1554,3599,20,2,311,1264,linkpred,0.17457729199998084,16384,
Biological,Yu_yeast_interactomes_2008_Y2H-union,1647,2518,100,0,1647,2518,coarsen,0.0,0,
Biological,Yu_yeast_interactomes_2008_Y2H-union,1647,2518,100,0,1647,2518,encode,0.3443003749999889,21725184,453490.0
Biological,Yu_yeast_interactomes_2008_Y2H-union,1647,2518,100,0,1647,2518,compress,0.3361345000000142,16384,
Biological,Yu_yeast_interactomes_2008_Y2H-union,1647,2518,100,0,1647,2518,linkpred,3.166116417000012,399015936,
Biological,Yu_yeast_interactomes_2008_Y2H-union,1647,2518,100,1,1647,2518,coarsen,0.0,0,
Biological,Yu_yeast_interactomes_2008_Y2H-union,1647,2518,100,1,1647,2518,encode,0.33810770799999545,16384,453490.0
Biological,Yu_yeast_interactomes_2008_Y2H-union,1647,2518,100,1,1647,2518,compress,0.3380122080000092,16384,
Biological,Yu_yeast_interactomes_2008_Y2H-union,1647,2518,100,1,1647,2518,linkpred,3.1831219590000046,269402112,
Biological,Yu_yeast_interactomes_2008_Y2H-union,1647,2518,100,2,1647,2518,coarsen,0.0,0,
Biological,Yu_yeast_interactomes_2008_Y2H-union,1647,2518,100,2,1647,2518,encode,0.33694237499997826,16384,453490.0
Biological,Yu_yeast_interactomes_2008_Y2H-union,1647,2518,100,2,1647,2518,compress,0.3379068749999874,81920,
Biological,Yu_yeast_interactomes_2008_Y2H-union,1647,2518,100,2,1647,2518,linkpred,3.120511792000002,289374208,
Biological,Yu_yeast_interactomes_2008_Y2H-union,1647,2518,80,0,1318,2155,coarsen,0.25510154199997714,65536,
Biological,Yu_yeast_interactomes_2008_Y2H-union,1647,2518,80,0,1318,2155,encode,0.21739616700000397,16384,287351.0
Biological,Yu_yeast_interactomes_2008_Y2H-union,1647,2518,80,0,1318,2155,compress,0.21446120900003507,16384,
Biological,Yu_yeast_interactomes_2008_Y2H-union,1647,2518,80,0,1318,2155,linkpred,2.0345517500000483,148520960,
Biological,Yu_yeast_interactomes_2008_Y2H-union,1647,2518,80,1,1318,2150,coarsen,0.2503183329999956,16384,
Biological,Yu_yeast_interactomes_2008_Y2H-union,1647,2518,80,1,1318,2150,encode,0.2218945839999833,16384,288493.0
Biological,Yu_yeast_interactomes_2008_Y2H-union,1647,2518,80,1,1318,2150,compress,0.21699112499999273,16384,
Biological,Yu_yeast_interactomes_2008_Y2H-union,1647,2518,80,1,1318,2150,linkpred,2.0246194590000073,155222016,
Biological,Yu_yeast_interactomes_2008_Y2H-union,1647,2518,80,2,1318,2154,coarsen,0.28314729100003433,16384,
Biological,Yu_yeast_interactomes_2008_Y2H-union,1647,2518,80,2,1318,2154,encode,0.21979141700001037,16384,288631.0
Biological,Yu_yeast_interactomes_2008_Y2H-union,1647,2518,80,2,1318,2154,compress,0.2170652499999619,16384,
Biological,Yu_yeast_interactomes_2008_Y2H-union,1647,2518,80,2,1318,2154,linkpred,2.0273314159999813,159121408,
Biological,Yu_yeast_interactomes_2008_Y2H-union,1647,2518,60,0,989,1697,coarsen,0.33893829199996617,16384,
Biological,Yu_yeast_interactomes_2008_Y2H-union,1647,2518,60,0,989,1697,encode,0.1363666660000149,16384,173733.0
Biological,Yu_yeast_interactomes_2008_Y2H-union,1647,2518,60,0,989,1697,compress,0.13258954200000517,16384,
Biological,Yu_yeast_interactomes_2008_Y2H-union,1647,2518,60,0,989,1697,linkpred,1.1641587090000485,30031872,
Biological,Yu_yeast_interactomes_2008_Y2H-union,1647,2518,60,1,989,1696,coarsen,0.32671712500001604,16384,
Biological,Yu_yeast_interactomes_2008_Y2H-union,1647,2518,60,1,989,1696,encode,0.1295472080000195,16384,172958.0
Biological,Yu_yeast_interactomes_2008_Y2H-union,1647,2518,60,1,989,1696,compress,0.1321020000000317,16384,
Biological,Yu_yeast_interactomes_2008_Y2H-union,1647,2518,60,1,989,1696,linkpred,1.1433805830000097,39305216,
Biological,Yu_yeast_interactomes_2008_Y2H-union,1647,2518,60,2,989,1697,coarsen,0.33014450000001716,49152,
Biological,Yu_yeast_interactomes_2008_Y2H-union,1647,2518,60,2,989,1697,encode,0.12996366700002682,16384,174136.0
Biological,Yu_yeast_interactomes_2008_Y2H-union,1647,2518,60,2,989,1697,compress,0.1331672090000211,16384,
Biological,Yu_yeast_interactomes_2008_Y2H-union,1647,2518,60,2,989,1697,linkpred,1.1560882079999715,55836672,
Biological,Yu_yeast_interactomes_2008_Y2H-union,1647,2518,40,0,659,1338,coarsen,0.3145256249999875,32768,
Biological,Yu_yeast_interactomes_2008_Y2H-union,1647,2518,40,0,659,1338,encode,0.07047399999999016,16384,99910.0
Biological,Yu_yeast_interactomes_2008_Y2H-union,1647,2518,40,0,659,1338,compress,0.07695695799998248,16384,
Biological,Yu_yeast_interactomes_2008_Y2H-union,1647,2518,40,0,659,1338,linkpred,0.5359585410000136,2670592,
Biological,Yu_yeast_interactomes_2008_Y2H-union,1647,2518,40,1,659,1337,coarsen,0.3463469160000159,16384,
Biological,Yu_yeast_interactomes_2008_Y2H-union,1647,2518,40,1,659,1337,encode,0.06814324999999144,16384,99014.0
Biological,Yu_yeast_interactomes_2008_Y2H-union,1647,2518,40,1,659,1337,compress,0.07563295800002834,16384,
Biological,Yu_yeast_interactomes_2008_Y2H-union,1647,2518,40,1,659,1337,linkpred,0.5529172499999504,622592,
Biological,Yu_yeast_interactomes_2008_Y2H-union,1647,2518,40,2,659,1339,coarsen,0.3692499590000011,32768,
Biological,Yu_yeast_interactomes_2008_Y2H-union,1647,2518,40,2,659,1339,encode,0.06882695799998828,16384,99748.0
Biological,Yu_yeast_interactomes_2008_Y2H-union,1647,2518,40,2,659,1339,compress,0.07619829100002562,16384,
Biological,Yu_yeast_interactomes_2008_Y2H-union,1647,2518,40,2,659,1339,linkpred,0.5323702080000317,5292032,
Biological,Yu_yeast_interactomes_2008_Y2H-union,1647,2518,20,0,330,917,coarsen,0.41487083399999847,16384,
Biological,Yu_yeast_interactomes_2008_Y2H-union,1647,2518,20,0,330,917,encode,0.02020649999997204,16384,31124.0
Biological,Yu_yeast_interactomes_2008_Y2H-union,1647,2518,20,0,330,917,compress,0.024806333000015002,16384,
Biological,Yu_yeast_interactomes_2008_Y2H-union,1647,2518,20,0,330,917,linkpred,0.15663391599997567,16384,
Biological,Yu_yeast_interactomes_2008_Y2H-union,1647,2518,20,1,330,924,coarsen,0.35118724999995266,16384,
Biological,Yu_yeast_interactomes_2008_Y2H-union,1647,2518,20,1,330,924,encode,0.02055729099998871,32768,31948.0
Biological,Yu_yeast_interactomes_2008_Y2H-union,1647,2518,20,1,330,924,compress,0.025210083000047234,16384,
Biological,Yu_yeast_interactomes_2008_Y2H-union,1647,2518,20,1,330,924,linkpred,0.15698879199999283,16384,
Biological,Yu_yeast_interactomes_2008_Y2H-union,1647,2518,20,2,330,917,coarsen,0.4060743750000029,16384,
Biological,Yu_yeast_interactomes_2008_Y2H-union,1647,2518,20,2,330,917,encode,0.0203920409999796,16384,31342.0
Biological,Yu_yeast_interactomes_2008_Y2H-union,1647,2518,20,2,330,917,compress,0.024703624999972362,16384,
Biological,Yu_yeast_interactomes_2008_Y2H-union,1647,2518,20,2,330,917,linkpred,0.15670354200000247,16384,
Technological,Water_Distribution_Network_Wolf-Cordera_Ranch,1786,1992,100,0,1786,1992,coarsen,0.0,0,
Technological,Water_Distribution_Network_Wolf-Cordera_Ranch,1786,1992,100,0,1786,1992,encode,0.2323353340000267,25509888,116441.0
Technological,Water_Distribution_Network_Wolf-Cordera_Ranch,1786,1992,100,0,1786,1992,compress,0.090330750000021,16384,
Technological,Water_Distribution_Network_Wolf-Cordera_Ranch,1786,1992,100,0,1786,1992,linkpred,3.0066618330000097,523550720,
Technological,Water_Distribution_Network_Wolf-Cordera_Ranch,1786,1992,100,1,1786,1992,coarsen,0.0,0,
Technological,Water_Distribution_Network_Wolf-Cordera_Ranch,1786,1992,100,1,1786,1992,encode,0.2178745420000041,16384,116441.0
Technological,Water_Distribution_Network_Wolf-Cordera_Ranch,1786,1992,100,1,1786,1992,compress,0.089319708000005,16384,
Technological,Water_Distribution_Network_Wolf-Cordera_Ranch,1786,1992,100,1,1786,1992,linkpred,3.1047267499999975,339492864,
Technological,Water_Distribution_Network_Wolf-Cordera_Ranch,1786,1992,100,2,1786,1992,coarsen,0.0,0,
Technological,Water_Distribution_Network_Wolf-Cordera_Ranch,1786,1992,100,2,1786,1992,encode,0.2215484580000293,16384,116441.0
Technological,Water_Distribution_Network_Wolf-Cordera_Ranch,1786,1992,100,2,1786,1992,compress,0.11483683299996983,16384,
Technological,Water_Distribution_Network_Wolf-Cordera_Ranch,1786,1992,100,2,1786,1992,linkpred,2.930199625,335855616,
Technological,Water_Distribution_Network_Wolf-Cordera_Ranch,1786,1992,80,0,1429,1635,coarsen,0.2977313749999553,49152,
Technological,Water_Distribution_Network_Wolf-Cordera_Ranch,1786,1992,80,0,1429,1635,encode,0.14177620800001023,16384,74846.0
Technological,Water_Distribution_Network_Wolf-Cordera_Ranch,1786,1992,80,0,1429,1635,compress,0.05856183299999884,16384,
Technological,Water_Distribution_Network_Wolf-Cordera_Ranch,1786,1992,80,0,1429,1635,linkpred,1.8334948330000316,162873344,
Technological,Water_Distribution_Network_Wolf-Cordera_Ranch,1786,1992,80,1,1429,1635,coarsen,0.2786779160000492,16384,
Technological,Water_Distribution_Network_Wolf-Cordera_Ranch,1786,1992,80,1,1429,1635,encode,0.14418562499997734,16367616,74878.0
Technological,Water_Distribution_Network_Wolf-Cordera_Ranch,1786,1992,80,1,1429,1635,compress,0.058932875000039076,16384,
Technological,Water_Distribution_Network_Wolf-Cordera_Ranch,1786,1992,80,1,1429,1635,linkpred,1.8737983749999785,156565504,
Technological,Water_Distribution_Network_Wolf-Cordera_Ranch,1786,1992,80,2,1429,1635,coarsen,0.27765558300001203,16384,
Technological,Water_Distribution_Network_Wolf-Cordera_Ranch,1786,1992,80,2,1429,1635,encode,0.1424323749999985,16384,75404.0
Technological,Water_Distribution_Network_Wolf-Cordera_Ranch,1786,1992,80,2,1429,1635,compress,0.05872833400002264,16384,
Technological,Water_Distribution_Network_Wolf-Cordera_Ranch,1786,1992,80,2,1429,1635,linkpred,1.8641405409999834,233799680,
Technological,Water_Distribution_Network_Wolf-Cordera_Ranch,1786,1992,60,0,1073,1274,coarsen,0.3721698749999973,65536,
Technological,Water_Distribution_Network_Wolf-Cordera_Ranch,1786,1992,60,0,1073,1274,encode,0.08080770899999834,16384,44649.0
Technological,Water_Distribution_Network_Wolf-Cordera_Ranch,1786,1992,60,0,1073,1274,compress,0.035598250000020926,16384,
Technological,Water_Distribution_Network_Wolf-Cordera_Ranch,1786,1992,60,0,1073,1274,linkpred,1.0359700839999846,30392320,
Technological,Water_Distribution_Network_Wolf-Cordera_Ranch,1786,1992,60,1,1073,1274,coarsen,0.3793019170000207,49152,
Technological,Water_Distribution_Network_Wolf-Cordera_Ranch,1786,1992,60,1,1073,1274,encode,0.08214304199998423,9240576,44649.0
Technological,Water_Distribution_Network_Wolf-Cordera_Ranch,1786,1992,60,1,1073,1274,compress,0.03554224999999178,16384,
Technological,Water_Distribution_Network_Wolf-Cordera_Ranch,1786,1992,60,1,1073,1274,linkpred,1.0329871669999875,37208064,
Technological,Water_Distribution_Network_Wolf-Cordera_Ranch,1786,1992,60,2,1073,1274,coarsen,0.3711055840000199,16384,
Technological,Water_Distribution_Network_Wolf-Cordera_Ranch,1786,1992,60,2,1073,1274,encode,0.08190920900000265,16384,44649.0
Technological,Water_Distribution_Network_Wolf-Cordera_Ranch,1786,1992,60,2,1073,1274,compress,0.035765416000003825,16384,
Technological,Water_Distribution_Network_Wolf-Cordera_Ranch,1786,1992,60,2,1073,1274,linkpred,1.099595000000022,82837504,
Technological,Water_Distribution_Network_Wolf-Cordera_Ranch,1786,1992,40,0,716,907,coarsen,0.4341881249999915,65536,
Technological,Water_Distribution_Network_Wolf-Cordera_Ranch,1786,1992,40,0,716,907,encode,0.03944050000001198,32768,25493.0
Technological,Water_Distribution_Network_Wolf-Cordera_Ranch,1786,1992,40,0,716,907,compress,0.020702334000020528,16384,
Technological,Water_Distribution_Network_Wolf-Cordera_Ranch,1786,1992,40,0,716,907,linkpred,0.45795895799994923,3833856,
Technological,Water_Distribution_Network_Wolf-Cordera_Ranch,1786,1992,40,1,716,907,coarsen,0.4565488749999531,65536,
Technological,Water_Distribution_Network_Wolf-Cordera_Ranch,1786,1992,40,1,716,907,encode,0.03832925000000387,16384,25493.0
Technological,Water_Distribution_Network_Wolf-Cordera_Ranch,1786,1992,40,1,716,907,compress,0.020663415999990775,16384,
Technological,Water_Distribution_Network_Wolf-Cordera_Ranch,1786,1992,40,1,716,907,linkpred,0.46517020800001774,16384,
Technological,Water_Distribution_Network_Wolf-Cordera_Ranch,1786,1992,40,2,716,907,coarsen,0.4398008750000031,16384,
Technological,Water_Distribution_Network_Wolf-Cordera_Ranch,1786,1992,40,2,716,907,encode,0.038643833999969956,16384,25493.0
Technological,Water_Distribution_Network_Wolf-Cordera_Ranch,1786,1992,40,2,716,907,compress,0.02093574999997827,16384,
Technological,Water_Distribution_Network_Wolf-Cordera_Ranch,1786,1992,40,2,716,907,linkpred,0.45624908300004563,16384,
Technological,Water_Distribution_Network_Wolf-Cordera_Ranch,1786,1992,20,0,359,508,coarsen,0.4582418329999882,98304,
Technological,Water_Distribution_Network_Wolf-Cordera_Ranch,1786,1992,20,0,359,508,encode,0.010950541999989127,16384,9168.0
Technological,Water_Distribution_Network_Wolf-Cordera_Ranch,1786,1992,20,0,359,508,compress,0.008078000000011798,16384,
Technological,Water_Distribution_Network_Wolf-Cordera_Ranch,1786,1992,20,0,359,508,linkpred,0.12170187500004204,32768,
Technological,Water_Distribution_Network_Wolf-Cordera_Ranch,1786,1992,20,1,359,508,coarsen,0.4412823750000143,49152,
Technological,Water_Distribution_Network_Wolf-Cordera_Ranch,1786,1992,20,1,359,508,encode,0.010750665999978537,16384,9247.0
Technological,Water_Distribution_Network_Wolf-Cordera_Ranch,1786,1992,20,1,359,508,compress,0.007949416999963432,16384,
Technological,Water_Distribution_Network_Wolf-Cordera_Ranch,1786,1992,20,1,359,508,linkpred,0.11895529200000965,16384,
Technological,Water_Distribution_Network_Wolf-Cordera_Ranch,1786,1992,20,2,359,508,coarsen,0.47629004200001646,16384,
Technological,Water_Distribution_Network_Wolf-Cordera_Ranch,1786,1992,20,2,359,508,encode,0.010931999999968411,16384,9168.0
Technological,Water_Distribution_Network_Wolf-Cordera_Ranch,1786,1992,20,2,359,508,compress,0.007715249999989737,16384,
Technological,Water_Distribution_Network_Wolf-Cordera_Ranch,1786,1992,20,2,359,508,linkpred,0.1194352499999809,16384,
Technological,57222854461efe0c7a675a82,2067,4218,100,0,2067,4218,coarsen,0.0,0,
Technological,57222854461efe0c7a675a82,2067,4218,100,0,2067,4218,encode,0.6475323330000151,32915456,920845.0
Technological,57222854461efe0c7a675a82,2067,4218,100,0,2067,4218,compress,0.6938132500000052,16384,
Technological,57222854461efe0c7a675a82,2067,4218,100,0,2067,4218,linkpred,5.611914124999998,649871360,
Technological,57222854461efe0c7a675a82,2067,4218,100,1,2067,4218,coarsen,0.0,0,
Technological,57222854461efe0c7a675a82,2067,4218,100,1,2067,4218,encode,0.6386944999999855,81920,920845.0
Technological,57222854461efe0c7a675a82,2067,4218,100,1,2067,4218,compress,0.6773716250000348,16384,
Technological,57222854461efe0c7a675a82,2067,4218,100,1,2067,4218,linkpred,5.40853012499997,481132544,
Technological,57222854461efe0c7a675a82,2067,4218,100,2,2067,4218,coarsen,0.0,0,
Technological,57222854461efe0c7a675a82,2067,4218,100,2,2067,4218,encode,0.6271538330000226,16384,920845.0
Technological,57222854461efe0c7a675a82,2067,4218,100,2,2067,4218,compress,0.6817295829999921,16384,
Technological,57222854461efe0c7a675a82,2067,4218,100,2,2067,4218,linkpred,5.394475457999988,473858048,
Technological,57222854461efe0c7a675a82,2067,4218,80,0,1654,3549,coarsen,0.4344725830000016,7700480,
Technological,57222854461efe0c7a675a82,2067,4218,80,0,1654,3549,encode,0.39642383299997164,32768,578590.0
Technological,57222854461efe0c7a675a82,2067,4218,80,0,1654,3549,compress,0.43201929200000677,16384,
Technological,57222854461efe0c7a675a82,2067,4218,80,0,1654,3549,linkpred,3.6438320419999854,182190080,
Technological,57222854461efe0c7a675a82,2067,4218,80,1,1654,3550,coarsen,0.4088081670000179,2310144,
Technological,57222854461efe0c7a675a82,2067,4218,80,1,1654,3550,encode,0.39605187500001193,16384,576064.0
Technological,57222854461efe0c7a675a82,2067,4218,80,1,1654,3550,compress,0.43515966699999353,16384,
Technological,57222854461efe0c7a675a82,2067,4218,80,1,1654,3550,linkpred,3.573410875000036,245907456,
Technological,57222854461efe0c7a675a82,2067,4218,80,2,1654,3515,coarsen,0.37104008400001476,2310144,
Technological,57222854461efe0c7a675a82,2067,4218,80,2,1654,3515,encode,0.41200412500000994,16384,565394.0
Technological,57222854461efe0c7a675a82,2067,4218,80,2,1654,3515,compress,0.4195277090000218,16384,
Technological,57222854461efe0c7a675a82,2067,4218,80,2,1654,3515,linkpred,3.6464849580000305,299515904,
Technological,57222854461efe0c7a675a82,2067,4218,60,0,1241,2863,coarsen,0.4553740410000273,2342912,
Technological,57222854461efe0c7a675a82,2067,4218,60,0,1241,2863,encode,0.22135304100004305,65536,316261.0
Technological,57222854461efe0c7a675a82,2067,4218,60,0,1241,2863,compress,0.23510833300002787,16384,
Technological,57222854461efe0c7a675a82,2067,4218,60,0,1241,2863,linkpred,2.1680546669999785,125190144,
Technological,57222854461efe0c7a675a82,2067,4218,60,1,1241,2814,coarsen,0.37885570899999266,4538368,
Technological,57222854461efe0c7a675a82,2067,4218,60,1,1241,2814,encode,0.21861937500000295,12353536,312195.0
Technological,57222854461efe0c7a675a82,2067,4218,60,1,1241,2814,compress,0.2409395829999994,16384,
Technological,57222854461efe0c7a675a82,2067,4218,60,1,1241,2814,linkpred,2.0663360409999996,72712192,
Technological,57222854461efe0c7a675a82,2067,4218,60,2,1241,2866,coarsen,0.4276828339999952,16384,
Technological,57222854461efe0c7a675a82,2067,4218,60,2,1241,2866,encode,0.2226618749999716,16384,316876.0
Technological,57222854461efe0c7a675a82,2067,4218,60,2,1241,2866,compress,0.23718737500001907,16384,
Technological,57222854461efe0c7a675a82,2067,4218,60,2,1241,2866,linkpred,2.1005936669999983,134971392,
Technological,57222854461efe0c7a675a82,2067,4218,40,0,827,2298,coarsen,0.3901382909999711,4538368,
Technological,57222854461efe0c7a675a82,2067,4218,40,0,827,2298,encode,0.1291660829999728,16384,159222.0
Technological,57222854461efe0c7a675a82,2067,4218,40,0,827,2298,compress,0.12142066699999532,16384,
Technological,57222854461efe0c7a675a82,2067,4218,40,0,827,2298,linkpred,1.0026160839999534,5685248,
Technological,57222854461efe0c7a675a82,2067,4218,40,1,827,2299,coarsen,0.3965850419999697,16384,
Technological,57222854461efe0c7a675a82,2067,4218,40,1,827,2299,encode,0.11141445900000235,16384,159450.0
Technological,57222854461efe0c7a675a82,2067,4218,40,1,827,2299,compress,0.12190025000001015,16384,
Technological,57222854461efe0c7a675a82,2067,4218,40,1,827,2299,linkpred,0.9923405420000222,131072,
Technological,57222854461efe0c7a675a82,2067,4218,40,2,827,2361,coarsen,0.39665345800000296,49152,
Technological,57222854461efe0c7a675a82,2067,4218,40,2,827,2361,encode,0.1111634999999751,16384,159924.0
Technological,57222854461efe0c7a675a82,2067,4218,40,2,827,2361,compress,0.12255799999996952,16384,
Technological,57222854461efe0c7a675a82,2067,4218,40,2,827,2361,linkpred,1.0179513749999956,16859136,
Technological,57222854461efe0c7a675a82,2067,4218,20,0,415,1680,coarsen,0.5740075830000251,425984,
Technological,57222854461efe0c7a675a82,2067,4218,20,0,415,1680,encode,0.03767049999999017,16384,60076.0
Technological,57222854461efe0c7a675a82,2067,4218,20,0,415,1680,compress,0.047234500000001844,16384,
Technological,57222854461efe0c7a675a82,2067,4218,20,0,415,1680,linkpred,0.30930470799995646,16384,
Technological,57222854461efe0c7a675a82,2067,4218,20,1,415,1710,coarsen,0.5897362910000084,344064,
Technological,57222854461efe0c7a675a82,2067,4218,20,1,415,1710,encode,0.03743429200000037,16384,59967.0
Technological,57222854461efe0c7a675a82,2067,4218,20,1,415,1710,compress,0.047326790999989043,16384,
Technological,57222854461efe0c7a675a82,2067,4218,20,1,415,1710,linkpred,0.30463220899997623,16384,
Technological,57222854461efe0c7a675a82,2067,4218,20,2,415,1691,coarsen,0.6019614169999841,65536,
Technological,57222854461efe0c7a675a82,2067,4218,20,2,415,1691,encode,0.03802058400003716,16384,60172.0
Technological,57222854461efe0c7a675a82,2067,4218,20,2,415,1691,compress,0.04749504099999058,16384,
Technological,57222854461efe0c7a675a82,2067,4218,20,2,415,1691,linkpred,0.30074145899999394,16384,
Biological,C_elegans_interactomes_2009_WI8,2214,3538,100,0,2214,3538,coarsen,0.0,0,
Biological,C_elegans_interactomes_2009_WI8,2214,3538,100,0,2214,3538,encode,0.6263883750000332,39157760,799629.0
Biological,C_elegans_interactomes_2009_WI8,2214,3538,100,0,2214,3538,compress,0.5888899999999921,16384,
Biological,C_elegans_interactomes_2009_WI8,2214,3538,100,0,2214,3538,linkpred,6.015092833999972,802521088,
Biological,C_elegans_interactomes_2009_WI8,2214,3538,100,1,2214,3538,coarsen,0.0,0,
Biological,C_elegans_interactomes_2009_WI8,2214,3538,100,1,2214,3538,encode,0.6028444169999716,16384,799629.0
Biological,C_elegans_interactomes_2009_WI8,2214,3538,100,1,2214,3538,compress,0.5919883340000069,16384,
Biological,C_elegans_interactomes_2009_WI8,2214,3538,100,1,2214,3538,linkpred,6.001370667000003,498712576,
Biological,C_elegans_interactomes_2009_WI8,2214,3538,100,2,2214,3538,coarsen,0.0,0,
Biological,C_elegans_interactomes_2009_WI8,2214,3538,100,2,2214,3538,encode,0.6003669159999845,16384,799629.0
Biological,C_elegans_interactomes_2009_WI8,2214,3538,100,2,2214,3538,compress,0.5903784160000214,16384,
Biological,C_elegans_interactomes_2009_WI8,2214,3538,100,2,2214,3538,linkpred,6.0752122090000285,558415872,
Biological,C_elegans_interactomes_2009_WI8,2214,3538,80,0,1772,3083,coarsen,0.5012438750000001,32768,
Biological,C_elegans_interactomes_2009_WI8,2214,3538,80,0,1772,3083,encode,0.3889792919999877,16384,503502.0
Biological,C_elegans_interactomes_2009_WI8,2214,3538,80,0,1772,3083,compress,0.37106845800002475,16384,
Biological,C_elegans_interactomes_2009_WI8,2214,3538,80,0,1772,3083,linkpred,3.9294097499999907,336297984,
Biological,C_elegans_interactomes_2009_WI8,2214,3538,80,1,1772,3084,coarsen,0.48451420800000733,16384,
Biological,C_elegans_interactomes_2009_WI8,2214,3538,80,1,1772,3084,encode,0.3890403749999791,16384,501376.0
Biological,C_elegans_interactomes_2009_WI8,2214,3538,80,1,1772,3084,compress,0.3706947090000199,16384,
Biological,C_elegans_interactomes_2009_WI8,2214,3538,80,1,1772,3084,linkpred,3.960847333000004,291094528,
Biological,C_elegans_interactomes_2009_WI8,2214,3538,80,2,1772,3084,coarsen,0.48458870799998977,16384,
Biological,C_elegans_interactomes_2009_WI8,2214,3538,80,2,1772,3084,encode,0.3895950419999963,16384,500308.0
Biological,C_elegans_interactomes_2009_WI8,2214,3538,80,2,1772,3084,compress,0.37377391699999407,16384,
Biological,C_elegans_interactomes_2009_WI8,2214,3538,80,2,1772,3084,linkpred,3.953714665999996,350109696,
Biological,C_elegans_interactomes_2009_WI8,2214,3538,60,0,1329,2541,coarsen,0.3632384590000015,16384,
Biological,C_elegans_interactomes_2009_WI8,2214,3538,60,0,1329,2541,encode,0.2382675839999706,14155776,321683.0
Biological,C_elegans_interactomes_2009_WI8,2214,3538,60,0,1329,2541,compress,0.24311533299999155,16384,
Biological,C_elegans_interactomes_2009_WI8,2214,3538,60,0,1329,2541,linkpred,2.2991230419999624,86147072,
Biological,C_elegans_interactomes_2009_WI8,2214,3538,60,1,1329,2549,coarsen,0.4591432080000004,16384,
Biological,C_elegans_interactomes_2009_WI8,2214,3538,60,1,1329,2549,encode,0.25662474999995766,16384,339839.0
Biological,C_elegans_interactomes_2009_WI8,2214,3538,60,1,1329,2549,compress,0.25763725000001614,16384,
Biological,C_elegans_interactomes_2009_WI8,2214,3538,60,1,1329,2549,linkpred,2.2956966670000156,65470464,
Biological,C_elegans_interactomes_2009_WI8,2214,3538,60,2,1329,2552,coarsen,0.45811987499996576,16384,
Biological,C_elegans_interactomes_2009_WI8,2214,3538,60,2,1329,2552,encode,0.24378270899995869,16384,340987.0
Biological,C_elegans_interactomes_2009_WI8,2214,3538,60,2,1329,2552,compress,0.25585175000003346,16384,
Biological,C_elegans_interactomes_2009_WI8,2214,3538,60,2,1329,2552,linkpred,2.2872034170000006,147603456,
Biological,C_elegans_interactomes_2009_WI8,2214,3538,40,0,886,2074,coarsen,0.47774629100001675,16384,
Biological,C_elegans_interactomes_2009_WI8,2214,3538,40,0,886,2074,encode,0.12490091699999084,16384,178392.0
Biological,C_elegans_interactomes_2009_WI8,2214,3538,40,0,886,2074,compress,0.13668250000000626,16384,
Biological,C_elegans_interactomes_2009_WI8,2214,3538,40,0,886,2074,linkpred,1.1081330840000305,6356992,
Biological,C_elegans_interactomes_2009_WI8,2214,3538,40,1,886,2070,coarsen,0.5022289579999892,16384,
Biological,C_elegans_interactomes_2009_WI8,2214,3538,40,1,886,2070,encode,0.12440745899999683,491520,177803.0
Biological,C_elegans_interactomes_2009_WI8,2214,3538,40,1,886,2070,compress,0.13612708299996257,16384,
Biological,C_elegans_interactomes_2009_WI8,2214,3538,40,1,886,2070,linkpred,1.0874124590000065,22315008,
Biological,C_elegans_interactomes_2009_WI8,2214,3538,40,2,886,2073,coarsen,0.40618062500004726,16384,
Biological,C_elegans_interactomes_2009_WI8,2214,3538,40,2,886,2073,encode,0.12388724999999567,16384,176796.0
Biological,C_elegans_interactomes_2009_WI8,2214,3538,40,2,886,2073,compress,0.13417054199999257,16384,
Biological,C_elegans_interactomes_2009_WI8,2214,3538,40,2,886,2073,linkpred,1.0909345420000136,22020096,
Biological,C_elegans_interactomes_2009_WI8,2214,3538,20,0,444,1484,coarsen,0.6600148750000017,114688,
Biological,C_elegans_interactomes_2009_WI8,2214,3538,20,0,444,1484,encode,0.03796454100000801,16384,58014.0
Biological,C_elegans_interactomes_2009_WI8,2214,3538,20,0,444,1484,compress,0.04580962500000396,16384,
Biological,C_elegans_interactomes_2009_WI8,2214,3538,20,0,444,1484,linkpred,0.32775304199998345,638976,
Biological,C_elegans_interactomes_2009_WI8,2214,3538,20,1,443,1475,coarsen,0.5821328750000134,16384,
Biological,C_elegans_interactomes_2009_WI8,2214,3538,20,1,443,1475,encode,0.03773058299998411,16384,57544.0
Biological,C_elegans_interactomes_2009_WI8,2214,3538,20,1,443,1475,compress,0.04540124999999762,16384,
Biological,C_elegans_interactomes_2009_WI8,2214,3538,20,1,443,1475,linkpred,0.34187020800004575,16384,
Biological,C_elegans_interactomes_2009_WI8,2214,3538,20,2,443,1459,coarsen,0.5409157919999643,16384,
Biological,C_elegans_interactomes_2009_WI8,2214,3538,20,2,443,1459,encode,0.038000000000010914,16384,57379.0
Biological,C_elegans_interactomes_2009_WI8,2214,3538,20,2,443,1459,compress,0.04530449999998609,16384,
Biological,C_elegans_interactomes_2009_WI8,2214,3538,20,2,443,1459,linkpred,0.32076820800000405,16384,
Transportation,595b15bd549f067e0263b522,2266,3041,100,0,2266,3041,coarsen,0.0,0,
Transportation,595b15bd549f067e0263b522,2266,3041,100,0,2266,3041,encode,0.36754150000001573,16384,182525.0
Transportation,595b15bd549f067e0263b522,2266,3041,100,0,2266,3041,compress,0.1421958330000166,16384,
Transportation,595b15bd549f067e0263b522,2266,3041,100,0,2266,3041,linkpred,5.238448750000032,808189952,
Transportation,595b15bd549f067e0263b522,2266,3041,100,1,2266,3041,coarsen,0.0,0,
Transportation,595b15bd549f067e0263b522,2266,3041,100,1,2266,3041,encode,0.3946147499999597,49152,182525.0
Transportation,595b15bd549f067e0263b522,2266,3041,100,1,2266,3041,compress,0.14063537499998802,16384,
Transportation,595b15bd549f067e0263b522,2266,3041,100,1,2266,3041,linkpred,5.164504582999996,548290560,
Transportation,595b15bd549f067e0263b522,2266,3041,100,2,2266,3041,coarsen,0.0,0,
Transportation,595b15bd549f067e0263b522,2266,3041,100,2,2266,3041,encode,0.36374608300002365,16384,182525.0
Transportation,595b15bd549f067e0263b522,2266,3041,100,2,2266,3041,compress,0.1415366249999579,16384,
Transportation,595b15bd549f067e0263b522,2266,3041,100,2,2266,3041,linkpred,5.235424749999993,574717952,
Transportation,595b15bd549f067e0263b522,2266,3041,80,0,1813,2461,coarsen,0.41793758300002537,884736,
Transportation,595b15bd549f067e0263b522,2266,3041,80,0,1813,2461,encode,0.23546212499996955,16384,116227.0
Transportation,595b15bd549f067e0263b522,2266,3041,80,0,1813,2461,compress,0.09073091700003033,16384,
Transportation,595b15bd549f067e0263b522,2266,3041,80,0,1813,2461,linkpred,3.2911973330000137,339542016,
Transportation,595b15bd549f067e0263b522,2266,3041,80,1,1813,2461,coarsen,0.394893833000026,16384,
Transportation,595b15bd549f067e0263b522,2266,3041,80,1,1813,2461,encode,0.2344893339999885,16384,116505.0
Transportation,595b15bd549f067e0263b522,2266,3041,80,1,1813,2461,compress,0.09149066699995956,16384,
Transportation,595b15bd549f067e0263b522,2266,3041,80,1,1813,2461,linkpred,3.3095830839999962,291979264,
Transportation,595b15bd549f067e0263b522,2266,3041,80,2,1813,2462,coarsen,0.34868879100002914,16384,
Transportation,595b15bd549f067e0263b522,2266,3041,80,2,1813,2462,encode,0.233179290999999,16384,116599.0
Transportation,595b15bd549f067e0263b522,2266,3041,80,2,1813,2462,compress,0.09062554199999795,16384,
Transportation,595b15bd549f067e0263b522,2266,3041,80,2,1813,2462,linkpred,3.3145334590000175,365199360,
Transportation,595b15bd549f067e0263b522,2266,3041,60,0,1360,1853,coarsen,0.4453028329999711,98304,
Transportation,595b15bd549f067e0263b522,2266,3041,60,0,1360,1853,encode,0.13031162499999027,14827520,65434.0
Transportation,595b15bd549f067e0263b522,2266,3041,60,0,1360,1853,compress,0.052188333000003695,16384,
Transportation,595b15bd549f067e0263b522,2266,3041,60,0,1360,1853,linkpred,1.827222957999993,103514112,
Transportation,595b15bd549f067e0263b522,2266,3041,60,1,1360,1851,coarsen,0.4084617919999687,16384,
Transportation,595b15bd549f067e0263b522,2266,3041,60,1,1360,1851,encode,0.12995741699995733,14860288,65447.0
Transportation,595b15bd549f067e0263b522,2266,3041,60,1,1360,1851,compress,0.05228758300000891,16384,
Transportation,595b15bd549f067e0263b522,2266,3041,60,1,1360,1851,linkpred,1.840798124999992,95453184,
Transportation,595b15bd549f067e0263b522,2266,3041,60,2,1360,1852,coarsen,0.43649358300001495,16384,
Transportation,595b15bd549f067e0263b522,2266,3041,60,2,1360,1852,encode,0.1301592500000197,16384,65305.0
Transportation,595b15bd549f067e0263b522,2266,3041,60,2,1360,1852,compress,0.05232674999996334,16384,
Transportation,595b15bd549f067e0263b522,2266,3041,60,2,1360,1852,linkpred,1.7921937499999672,151797760,
Transportation,595b15bd549f067e0263b522,2266,3041,40,0,908,1279,coarsen,0.6154549580000435,294912,
Transportation,595b15bd549f067e0263b522,2266,3041,40,0,908,1279,encode,0.0645894589999898,147456,42272.0
Transportation,595b15bd549f067e0263b522,2266,3041,40,0,908,1279,compress,0.03421716700000843,16384,
Transportation,595b15bd549f067e0263b522,2266,3041,40,0,908,1279,linkpred,0.8019527499999981,6799360,
Transportation,595b15bd549f067e0263b522,2266,3041,40,1,907,1279,coarsen,0.4868562089999955,16384,
Transportation,595b15bd549f067e0263b522,2266,3041,40,1,907,1279,encode,0.06422125000000278,6602752,42118.0
Transportation,595b15bd549f067e0263b522,2266,3041,40,1,907,1279,compress,0.034101541999973506,16384,
Transportation,595b15bd549f067e0263b522,2266,3041,40,1,907,1279,linkpred,0.7933941249999634,21250048,
Transportation,595b15bd549f067e0263b522,2266,3041,40,2,907,1276,coarsen,0.556291458999965,16384,
Transportation,595b15bd549f067e0263b522,2266,3041,40,2,907,1276,encode,0.06381562499996107,16384,41945.0
Transportation,595b15bd549f067e0263b522,2266,3041,40,2,907,1276,compress,0.03379079100000126,16384,
Transportation,595b15bd549f067e0263b522,2266,3041,40,2,907,1276,linkpred,0.8121820420000176,21266432,
Transportation,595b15bd549f067e0263b522,2266,3041,20,0,454,693,coarsen,0.5756265409999628,16384,
Transportation,595b15bd549f067e0263b522,2266,3041,20,0,454,693,encode,0.017734041999972305,16384,15468.0
Transportation,595b15bd549f067e0263b522,2266,3041,20,0,454,693,compress,0.012690500000019256,16384,
Transportation,595b15bd549f067e0263b522,2266,3041,20,0,454,693,linkpred,0.2041730000000257,2179072,
Transportation,595b15bd549f067e0263b522,2266,3041,20,1,454,693,coarsen,0.500178749999975,16384,
Transportation,595b15bd549f067e0263b522,2266,3041,20,1,454,693,encode,0.017987666999999874,16384,15472.0
Transportation,595b15bd549f067e0263b522,2266,3041,20,1,454,693,compress,0.012719374999960564,16384,
Transportation,595b15bd549f067e0263b522,2266,3041,20,1,454,693,linkpred,0.20192337500003532,16384,
Transportation,595b15bd549f067e0263b522,2266,3041,20,2,454,696,coarsen,0.49620395900001313,16384,
Transportation,595b15bd549f067e0263b522,2266,3041,20,2,454,696,encode,0.017604458999983308,16384,15428.0
Transportation,595b15bd549f067e0263b522,2266,3041,20,2,454,696,compress,0.012722666999991361,16384,
Transportation,595b15bd549f067e0263b522,2266,3041,20,2,454,696,linkpred,0.20412450000003446,16384,
Informational,5886685ba411221d0e7c677e,2879,3886,100,0,2879,3886,coarsen,0.0,0,
Informational,5886685ba411221d0e7c677e,2879,3886,100,0,2879,3886,encode,0.5415209590000813,65355776,247960.0
Informational,5886685ba411221d0e7c677e,2879,3886,100,0,2879,3886,compress,0.18098512500000652,16384,
Informational,5886685ba411221d0e7c677e,2879,3886,100,0,2879,3886,linkpred,8.846446334000007,1362952192,
Informational,5886685ba411221d0e7c677e,2879,3886,100,1,2879,3886,coarsen,0.0,0,
Informational,5886685ba411221d0e7c677e,2879,3886,100,1,2879,3886,encode,0.5192905840000321,32768,247960.0
Informational,5886685ba411221d0e7c677e,2879,3886,100,1,2879,3886,compress,0.17934712500004935,16384,
Informational,5886685ba411221d0e7c677e,2879,3886,100,1,2879,3886,linkpred,8.905866584000023,1034059776,
Informational,5886685ba411221d0e7c677e,2879,3886,100,2,2879,3886,coarsen,0.0,0,
Informational,5886685ba411221d0e7c677e,2879,3886,100,2,2879,3886,encode,0.5135612089999313,16384,247960.0
Informational,5886685ba411221d0e7c677e,2879,3886,100,2,2879,3886,compress,0.17876762499997767,16384,
Informational,5886685ba411221d0e7c677e,2879,3886,100,2,2879,3886,linkpred,8.840933500000006,947896320,
Informational,5886685ba411221d0e7c677e,2879,3886,80,0,2305,2429,coarsen,0.6497537920000696,5931008,
Informational,5886685ba411221d0e7c677e,2879,3886,80,0,2305,2429,encode,0.3340907919999836,16384,129578.0
Informational,5886685ba411221d0e7c677e,2879,3886,80,0,2305,2429,compress,0.0948817500000132,16384,
Informational,5886685ba411221d0e7c677e,2879,3886,80,0,2305,2429,linkpred,5.067473166000013,558039040,
Informational,5886685ba411221d0e7c677e,2879,3886,80,1,2305,2429,coarsen,0.593278166999994,180224,
Informational,5886685ba411221d0e7c677e,2879,3886,80,1,2305,2429,encode,0.3332535409999764,16384,129578.0
Informational,5886685ba411221d0e7c677e,2879,3886,80,1,2305,2429,compress,0.09428945899992414,16384,
Informational,5886685ba411221d0e7c677e,2879,3886,80,1,2305,2429,linkpred,5.072730833000037,524353536,
Informational,5886685ba411221d0e7c677e,2879,3886,80,2,2305,2429,coarsen,0.6212444159999677,49152,
Informational,5886685ba411221d0e7c677e,2879,3886,80,2,2305,2429,encode,0.3384386249999807,16384,129578.0
Informational,5886685ba411221d0e7c677e,2879,3886,80,2,2305,2429,compress,0.09525633299995206,16384,
Informational,5886685ba411221d0e7c677e,2879,3886,80,2,2305,2429,linkpred,5.302767416999927,619134976,
Informational,5886685ba411221d0e7c677e,2879,3886,60,0,1729,1783,coarsen,1.179079666000007,5406720,
Informational,5886685ba411221d0e7c677e,2879,3886,60,0,1729,1783,encode,0.1837990420000324,16384,70635.0
Informational,5886685ba411221d0e7c677e,2879,3886,60,0,1729,1783,compress,0.051621334000060415,16384,
Informational,5886685ba411221d0e7c677e,2879,3886,60,0,1729,1783,linkpred,2.880903832999934,268812288,
Informational,5886685ba411221d0e7c677e,2879,3886,60,1,1729,1783,coarsen,1.2302624999999807,770048,
Informational,5886685ba411221d0e7c677e,2879,3886,60,1,1729,1783,encode,0.1828531659999726,16384,70635.0
Informational,5886685ba411221d0e7c677e,2879,3886,60,1,1729,1783,compress,0.051745459000017036,16384,
Informational,5886685ba411221d0e7c677e,2879,3886,60,1,1729,1783,linkpred,2.9687382079999907,286801920,
Informational,5886685ba411221d0e7c677e,2879,3886,60,2,1729,1785,coarsen,1.211313333000021,1245184,
Informational,5886685ba411221d0e7c677e,2879,3886,60,2,1729,1785,encode,0.184755917000075,16384,70651.0
Informational,5886685ba411221d0e7c677e,2879,3886,60,2,1729,1785,compress,0.05172904200003359,16384,
Informational,5886685ba411221d0e7c677e,2879,3886,60,2,1729,1785,linkpred,2.9106168749999597,298074112,
Informational,5886685ba411221d0e7c677e,2879,3886,40,0,1152,1211,coarsen,0.5746607920000315,65536,
Informational,5886685ba411221d0e7c677e,2879,3886,40,0,1152,1211,encode,0.08228883300000689,16384,32419.0
Informational,5886685ba411221d0e7c677e,2879,3886,40,0,1152,1211,compress,0.024006457999917075,16384,
Informational,5886685ba411221d0e7c677e,2879,3886,40,0,1152,1211,linkpred,1.2699507080000103,35602432,
Informational,5886685ba411221d0e7c677e,2879,3886,40,1,1152,1209,coarsen,0.5388516250000066,81920,
Informational,5886685ba411221d0e7c677e,2879,3886,40,1,1152,1209,encode,0.08269020799991722,114688,32426.0
Informational,5886685ba411221d0e7c677e,2879,3886,40,1,1152,1209,compress,0.023787625000068147,16384,
Informational,5886685ba411221d0e7c677e,2879,3886,40,1,1152,1209,linkpred,1.2416898339999989,86818816,
Informational,5886685ba411221d0e7c677e,2879,3886,40,2,1152,1210,coarsen,0.5233094999999821,65536,
Informational,5886685ba411221d0e7c677e,2879,3886,40,2,1152,1210,encode,0.08114554100006899,16384,32426.0
Informational,5886685ba411221d0e7c677e,2879,3886,40,2,1152,1210,compress,0.02372341700004199,16384,
Informational,5886685ba411221d0e7c677e,2879,3886,40,2,1152,1210,linkpred,1.2657196669999848,82264064,
Informational,5886685ba411221d0e7c677e,2879,3886,20,0,576,636,coarsen,0.4117992090000371,16384,
Informational,5886685ba411221d0e7c677e,2879,3886,20,0,576,636,encode,0.02405029099998046,16384,13677.0
Informational,5886685ba411221d0e7c677e,2879,3886,20,0,576,636,compress,0.010346749999939675,16384,
Informational,5886685ba411221d0e7c677e,2879,3886,20,0,576,636,linkpred,0.32123954200005755,2981888,
Informational,5886685ba411221d0e7c677e,2879,3886,20,1,576,636,coarsen,0.4990441249999549,1064960,
Informational,5886685ba411221d0e7c677e,2879,3886,20,1,576,636,encode,0.023681333000013183,16384,13690.0
Informational,5886685ba411221d0e7c677e,2879,3886,20,1,576,636,compress,0.010933375000035994,16384,
Informational,5886685ba411221d0e7c677e,2879,3886,20,1,576,636,linkpred,0.3182409590000361,212992,
Informational,5886685ba411221d0e7c677e,2879,3886,20,2,576,636,coarsen,0.4069220830000404,16384,
Informational,5886685ba411221d0e7c677e,2879,3886,20,2,576,636,encode,0.021883541999955014,16384,13690.0
Informational,5886685ba411221d0e7c677e,2879,3886,20,2,576,636,compress,0.01017441700003019,16384,
Informational,5886685ba411221d0e7c677e,2879,3886,20,2,576,636,linkpred,0.30616812499999924,16384,
Biological,Binary_interactomes_various species_2012_H_sapiens_human_binary_lc,3155,5648,100,0,3155,5648,coarsen,0.0,0,
Biological,Binary_interactomes_various species_2012_H_sapiens_human_binary_lc,3155,5648,100,0,3155,5648,encode,1.2396032499999592,79003648,1606075.0
Biological,Binary_interactomes_various species_2012_H_sapiens_human_binary_lc,3155,5648,100,0,3155,5648,compress,1.186552957999993,16384,
Biological,Binary_interactomes_various species_2012_H_sapiens_human_binary_lc,3155,5648,100,0,3155,5648,linkpred,13.5283820840001,1585659904,
Biological,Binary_interactomes_various species_2012_H_sapiens_human_binary_lc,3155,5648,100,1,3155,5648,coarsen,0.0,0,
Biological,Binary_interactomes_various species_2012_H_sapiens_human_binary_lc,3155,5648,100,1,3155,5648,encode,1.226475708999942,81920,1606075.0
Biological,Binary_interactomes_various species_2012_H_sapiens_human_binary_lc,3155,5648,100,1,3155,5648,compress,1.1990315000000464,16384,
Biological,Binary_interactomes_various species_2012_H_sapiens_human_binary_lc,3155,5648,100,1,3155,5648,linkpred,13.249324874999957,1642758144,
Biological,Binary_interactomes_various species_2012_H_sapiens_human_binary_lc,3155,5648,100,2,3155,5648,coarsen,0.0,0,
Biological,Binary_interactomes_various species_2012_H_sapiens_human_binary_lc,3155,5648,100,2,3155,5648,encode,1.2195164170000226,16384,1606075.0
Biological,Binary_interactomes_various species_2012_H_sapiens_human_binary_lc,3155,5648,100,2,3155,5648,compress,1.2174838750000845,81920,
Biological,Binary_interactomes_various species_2012_H_sapiens_human_binary_lc,3155,5648,100,2,3155,5648,linkpred,13.41041974999996,1572208640,
Biological,Binary_interactomes_various species_2012_H_sapiens_human_binary_lc,3155,5648,80,0,2525,4784,coarsen,0.9583169169999337,2129920,
Biological,Binary_interactomes_various species_2012_H_sapiens_human_binary_lc,3155,5648,80,0,2525,4784,encode,0.7806893750000654,16384,986509.0
Biological,Binary_interactomes_various species_2012_H_sapiens_human_binary_lc,3155,5648,80,0,2525,4784,compress,0.742216084000006,16384,
Biological,Binary_interactomes_various species_2012_H_sapiens_human_binary_lc,3155,5648,80,0,2525,4784,linkpred,8.542720667000026,949665792,
Biological,Binary_interactomes_various species_2012_H_sapiens_human_binary_lc,3155,5648,80,1,2525,4758,coarsen,0.7166143340000417,163840,
Biological,Binary_interactomes_various species_2012_H_sapiens_human_binary_lc,3155,5648,80,1,2525,4758,encode,0.7853892919999907,16384,985700.0
Biological,Binary_interactomes_various species_2012_H_sapiens_human_binary_lc,3155,5648,80,1,2525,4758,compress,0.7349982499999896,16384,
Biological,Binary_interactomes_various species_2012_H_sapiens_human_binary_lc,3155,5648,80,1,2525,4758,linkpred,8.518267124999966,871481344,
Biological,Binary_interactomes_various species_2012_H_sapiens_human_binary_lc,3155,5648,80,2,2525,4785,coarsen,0.9172365419999551,32768,
Biological,Binary_interactomes_various species_2012_H_sapiens_human_binary_lc,3155,5648,80,2,2525,4785,encode,0.7798777500000824,16384,988322.0
Biological,Binary_interactomes_various species_2012_H_sapiens_human_binary_lc,3155,5648,80,2,2525,4785,compress,0.739024875000041,16384,
Biological,Binary_interactomes_various species_2012_H_sapiens_human_binary_lc,3155,5648,80,2,2525,4785,linkpred,8.547333458999901,1157169152,
Biological,Binary_interactomes_various species_2012_H_sapiens_human_binary_lc,3155,5648,60,0,1893,3793,coarsen,0.52359920899994,16384,
Biological,Binary_interactomes_various species_2012_H_sapiens_human_binary_lc,3155,5648,60,0,1893,3793,encode,0.4554084999999759,28672000,585296.0
Biological,Binary_interactomes_various species_2012_H_sapiens_human_binary_lc,3155,5648,60,0,1893,3793,compress,0.44406841699992583,16384,
Biological,Binary_interactomes_various species_2012_H_sapiens_human_binary_lc,3155,5648,60,0,1893,3793,linkpred,4.839689582999995,425410560,
Biological,Binary_interactomes_various species_2012_H_sapiens_human_binary_lc,3155,5648,60,1,1893,3786,coarsen,0.6612554580000278,16384,
Biological,Binary_interactomes_various species_2012_H_sapiens_human_binary_lc,3155,5648,60,1,1893,3786,encode,0.45488570800000616,49152,584506.0
Biological,Binary_interactomes_various species_2012_H_sapiens_human_binary_lc,3155,5648,60,1,1893,3786,compress,0.43768754100005935,16384,
Biological,Binary_interactomes_various species_2012_H_sapiens_human_binary_lc,3155,5648,60,1,1893,3786,linkpred,4.79525266600001,525860864,
Biological,Binary_interactomes_various species_2012_H_sapiens_human_binary_lc,3155,5648,60,2,1893,3799,coarsen,0.6999307500000214,32768,
Biological,Binary_interactomes_various species_2012_H_sapiens_human_binary_lc,3155,5648,60,2,1893,3799,encode,0.45793920800008436,28688384,583142.0
Biological,Binary_interactomes_various species_2012_H_sapiens_human_binary_lc,3155,5648,60,2,1893,3799,compress,0.4374848340000881,16384,
Biological,Binary_interactomes_various species_2012_H_sapiens_human_binary_lc,3155,5648,60,2,1893,3799,linkpred,4.834621249999941,453541888,
Biological,Binary_interactomes_various species_2012_H_sapiens_human_binary_lc,3155,5648,40,0,1263,3076,coarsen,0.8738651249999521,245760,
Biological,Binary_interactomes_various species_2012_H_sapiens_human_binary_lc,3155,5648,40,0,1263,3076,encode,0.24711237499991512,114688,343802.0
Biological,Binary_interactomes_various species_2012_H_sapiens_human_binary_lc,3155,5648,40,0,1263,3076,compress,0.2624234580000575,16384,
Biological,Binary_interactomes_various species_2012_H_sapiens_human_binary_lc,3155,5648,40,0,1263,3076,linkpred,2.2712260829999877,36864000,
Biological,Binary_interactomes_various species_2012_H_sapiens_human_binary_lc,3155,5648,40,1,1263,3084,coarsen,0.9269148749999658,212992,
Biological,Binary_interactomes_various species_2012_H_sapiens_human_binary_lc,3155,5648,40,1,1263,3084,encode,0.24680916699992395,16384,345587.0
Biological,Binary_interactomes_various species_2012_H_sapiens_human_binary_lc,3155,5648,40,1,1263,3084,compress,0.2620604580000645,16384,
Biological,Binary_interactomes_various species_2012_H_sapiens_human_binary_lc,3155,5648,40,1,1263,3084,linkpred,2.284987957999988,108986368,
Biological,Binary_interactomes_various species_2012_H_sapiens_human_binary_lc,3155,5648,40,2,1262,3069,coarsen,0.7853635829999348,16384,
Biological,Binary_interactomes_various species_2012_H_sapiens_human_binary_lc,3155,5648,40,2,1262,3069,encode,0.2468380000000252,16384,344344.0
Biological,Binary_interactomes_various species_2012_H_sapiens_human_binary_lc,3155,5648,40,2,1262,3069,compress,0.26242629200010015,16384,
Biological,Binary_interactomes_various species_2012_H_sapiens_human_binary_lc,3155,5648,40,2,1262,3069,linkpred,2.2730175829999553,109232128,
Biological,Binary_interactomes_various species_2012_H_sapiens_human_binary_lc,3155,5648,20,0,631,1991,coarsen,0.7787420419999762,49152,
Biological,Binary_interactomes_various species_2012_H_sapiens_human_binary_lc,3155,5648,20,0,631,1991,encode,0.0702387499999304,32768,101681.0
Biological,Binary_interactomes_various species_2012_H_sapiens_human_binary_lc,3155,5648,20,0,631,1991,compress,0.0803131669999857,16384,
Biological,Binary_interactomes_various species_2012_H_sapiens_human_binary_lc,3155,5648,20,0,631,1991,linkpred,0.6715897919999634,2752512,
Biological,Binary_interactomes_various species_2012_H_sapiens_human_binary_lc,3155,5648,20,1,631,1998,coarsen,0.8507699169999796,32768,
Biological,Binary_interactomes_various species_2012_H_sapiens_human_binary_lc,3155,5648,20,1,631,1998,encode,0.0691565829999945,16384,100198.0
Biological,Binary_interactomes_various species_2012_H_sapiens_human_binary_lc,3155,5648,20,1,631,1998,compress,0.07946495800001685,16384,
Biological,Binary_interactomes_various species_2012_H_sapiens_human_binary_lc,3155,5648,20,1,631,1998,linkpred,0.6447456250000414,180224,
Biological,Binary_interactomes_various species_2012_H_sapiens_human_binary_lc,3155,5648,20,2,631,2001,coarsen,0.7741709169999922,16384,
Biological,Binary_interactomes_various species_2012_H_sapiens_human_binary_lc,3155,5648,20,2,631,2001,encode,0.06885499999998501,16384,100835.0
Biological,Binary_interactomes_various species_2012_H_sapiens_human_binary_lc,3155,5648,20,2,631,2001,compress,0.07930641600000854,16384,
Biological,Binary_interactomes_various species_2012_H_sapiens_human_binary_lc,3155,5648,20,2,631,2001,linkpred,0.6500264160000597,16384,
Transportation,5944a2174ed8f1bb6022a45c,3353,4831,100,0,3353,4831,coarsen,0.0,0,
Transportation,5944a2174ed8f1bb6022a45c,3353,4831,100,0,3353,4831,encode,0.8293894160000264,88555520,443191.0
Transportation,5944a2174ed8f1bb6022a45c,3353,4831,100,0,3353,4831,compress,0.36475354200001675,16384,
Transportation,5944a2174ed8f1bb6022a45c,3353,4831,100,0,3353,4831,linkpred,12.660989374999986,1632026624,
Transportation,5944a2174ed8f1bb6022a45c,3353,4831,100,1,3353,4831,coarsen,0.0,0,
Transportation,5944a2174ed8f1bb6022a45c,3353,4831,100,1,3353,4831,encode,0.8188684579999972,786432,443191.0
Transportation,5944a2174ed8f1bb6022a45c,3353,4831,100,1,3353,4831,compress,0.33942354099997374,16384,
Transportation,5944a2174ed8f1bb6022a45c,3353,4831,100,1,3353,4831,linkpred,13.033017707999988,1254932480,
Transportation,5944a2174ed8f1bb6022a45c,3353,4831,100,2,3353,4831,coarsen,0.0,0,
Transportation,5944a2174ed8f1bb6022a45c,3353,4831,100,2,3353,4831,encode,0.8160220000000891,131072,443191.0
Transportation,5944a2174ed8f1bb6022a45c,3353,4831,100,2,3353,4831,compress,0.3397127499999897,16384,
Transportation,5944a2174ed8f1bb6022a45c,3353,4831,100,2,3353,4831,linkpred,12.589635625000028,1459109888,
Transportation,5944a2174ed8f1bb6022a45c,3353,4831,80,0,2683,4091,coarsen,0.47588900000005196,1867776,
Transportation,5944a2174ed8f1bb6022a45c,3353,4831,80,0,2683,4091,encode,0.5363528750000341,56098816,285027.0
Transportation,5944a2174ed8f1bb6022a45c,3353,4831,80,0,2683,4091,compress,0.22160037499997998,16384,
Transportation,5944a2174ed8f1bb6022a45c,3353,4831,80,0,2683,4091,linkpred,7.861882458000082,832831488,
Transportation,5944a2174ed8f1bb6022a45c,3353,4831,80,1,2683,4091,coarsen,0.4322712919999958,16384,
Transportation,5944a2174ed8f1bb6022a45c,3353,4831,80,1,2683,4091,encode,0.5369372080000403,57098240,285027.0
Transportation,5944a2174ed8f1bb6022a45c,3353,4831,80,1,2683,4091,compress,0.22348799999997482,16384,
Transportation,5944a2174ed8f1bb6022a45c,3353,4831,80,1,2683,4091,linkpred,7.912901624999904,889356288,
Transportation,5944a2174ed8f1bb6022a45c,3353,4831,80,2,2683,4091,coarsen,0.4397273330000644,32768,
Transportation,5944a2174ed8f1bb6022a45c,3353,4831,80,2,2683,4091,encode,0.554918333000046,57507840,285027.0
Transportation,5944a2174ed8f1bb6022a45c,3353,4831,80,2,2683,4091,compress,0.22175258300001133,16384,
Transportation,5944a2174ed8f1bb6022a45c,3353,4831,80,2,2683,4091,linkpred,7.856228708000003,936542208,
Transportation,5944a2174ed8f1bb6022a45c,3353,4831,60,0,2012,3188,coarsen,0.45414191600002596,16384,
Transportation,5944a2174ed8f1bb6022a45c,3353,4831,60,0,2012,3188,encode,0.29707616600001074,16384,163961.0
Transportation,5944a2174ed8f1bb6022a45c,3353,4831,60,0,2012,3188,compress,0.12892362499997034,16384,
Transportation,5944a2174ed8f1bb6022a45c,3353,4831,60,0,2012,3188,linkpred,4.328886207999972,175915008,
Transportation,5944a2174ed8f1bb6022a45c,3353,4831,60,1,2012,3188,coarsen,0.4764431250000598,16384,
Transportation,5944a2174ed8f1bb6022a45c,3353,4831,60,1,2012,3188,encode,0.31102420900003835,32768,163961.0
Transportation,5944a2174ed8f1bb6022a45c,3353,4831,60,1,2012,3188,compress,0.12901029100009964,16384,
Transportation,5944a2174ed8f1bb6022a45c,3353,4831,60,1,2012,3188,linkpred,4.357139500000017,400736256,
Transportation,5944a2174ed8f1bb6022a45c,3353,4831,60,2,2012,3189,coarsen,0.4586514589999524,16384,
Transportation,5944a2174ed8f1bb6022a45c,3353,4831,60,2,2012,3189,encode,0.2941120419999379,16384,163792.0
Transportation,5944a2174ed8f1bb6022a45c,3353,4831,60,2,2012,3189,compress,0.1277951250000342,16384,
Transportation,5944a2174ed8f1bb6022a45c,3353,4831,60,2,2012,3189,linkpred,4.345123791999981,425590784,
Transportation,5944a2174ed8f1bb6022a45c,3353,4831,40,0,1342,2353,coarsen,0.6149525000000722,491520,
Transportation,5944a2174ed8f1bb6022a45c,3353,4831,40,0,1342,2353,encode,0.14752583300003153,16384,106291.0
Transportation,5944a2174ed8f1bb6022a45c,3353,4831,40,0,1342,2353,compress,0.08288612499995907,16384,
Transportation,5944a2174ed8f1bb6022a45c,3353,4831,40,0,1342,2353,linkpred,1.9788941250000107,65961984,
Transportation,5944a2174ed8f1bb6022a45c,3353,4831,40,1,1342,2353,coarsen,0.6658719999999221,16384,
Transportation,5944a2174ed8f1bb6022a45c,3353,4831,40,1,1342,2353,encode,0.14595600000006925,16384,106111.0
Transportation,5944a2174ed8f1bb6022a45c,3353,4831,40,1,1342,2353,compress,0.0860310829999662,16384,
Transportation,5944a2174ed8f1bb6022a45c,3353,4831,40,1,1342,2353,linkpred,2.017743540999959,248217600,
Transportation,5944a2174ed8f1bb6022a45c,3353,4831,40,2,1342,2353,coarsen,0.6081030419999252,49152,
Transportation,5944a2174ed8f1bb6022a45c,3353,4831,40,2,1342,2353,encode,0.14645183400000406,16384,106111.0
Transportation,5944a2174ed8f1bb6022a45c,3353,4831,40,2,1342,2353,compress,0.08298691699997107,16384,
Transportation,5944a2174ed8f1bb6022a45c,3353,4831,40,2,1342,2353,linkpred,1.9769831669999576,126877696,
Transportation,5944a2174ed8f1bb6022a45c,3353,4831,20,0,671,1303,coarsen,0.676339999999982,16384,
Transportation,5944a2174ed8f1bb6022a45c,3353,4831,20,0,671,1303,encode,0.04215866700008064,32768,38025.0
Transportation,5944a2174ed8f1bb6022a45c,3353,4831,20,0,671,1303,compress,0.03115837499990448,16384,
Transportation,5944a2174ed8f1bb6022a45c,3353,4831,20,0,671,1303,linkpred,0.5046398330000557,10436608,
Transportation,5944a2174ed8f1bb6022a45c,3353,4831,20,1,671,1306,coarsen,0.6712080839999999,81920,
Transportation,5944a2174ed8f1bb6022a45c,3353,4831,20,1,671,1306,encode,0.04162058299993987,16384,38485.0
Transportation,5944a2174ed8f1bb6022a45c,3353,4831,20,1,671,1306,compress,0.031090374999962478,16384,
Transportation,5944a2174ed8f1bb6022a45c,3353,4831,20,1,671,1306,linkpred,0.5098213750000014,2392064,
Transportation,5944a2174ed8f1bb6022a45c,3353,4831,20,2,671,1306,coarsen,0.6509827910000467,32768,
Transportation,5944a2174ed8f1bb6022a45c,3353,4831,20,2,671,1306,encode,0.041694208000080835,16384,38485.0
Transportation,5944a2174ed8f1bb6022a45c,3353,4831,20,2,671,1306,compress,0.03095516600001247,16384,
Transportation,5944a2174ed8f1bb6022a45c,3353,4831,20,2,671,1306,linkpred,0.49816662499995346,589824,
